# Generated by Scripts/EnergyBallGimmicks/generate_energy_ball_gimmick_meshes.py
mtllib SM_EnergyBallReceiver.mtl
o SM_EnergyBallReceiver
g SM_EnergyBallReceiver
v -10.000000 73.000000 0.000000
v 1.000000 73.000000 0.000000
v -10.000000 72.375475 9.528412
v 1.000000 72.375475 9.528412
v -10.000000 70.512585 18.893790
v 1.000000 70.512585 18.893790
v -10.000000 67.443206 27.935891
v 1.000000 67.443206 27.935891
v -10.000000 63.219854 36.500000
v 1.000000 63.219854 36.500000
v -10.000000 57.914794 44.439584
v 1.000000 57.914794 44.439584
v -10.000000 51.618795 51.618795
v 1.000000 51.618795 51.618795
v -10.000000 44.439584 57.914794
v 1.000000 44.439584 57.914794
v -10.000000 36.500000 63.219854
v 1.000000 36.500000 63.219854
v -10.000000 27.935891 67.443206
v 1.000000 27.935891 67.443206
v -10.000000 18.893790 70.512585
v 1.000000 18.893790 70.512585
v -10.000000 9.528412 72.375475
v 1.000000 9.528412 72.375475
v -10.000000 0.000000 73.000000
v 1.000000 0.000000 73.000000
v -10.000000 -9.528412 72.375475
v 1.000000 -9.528412 72.375475
v -10.000000 -18.893790 70.512585
v 1.000000 -18.893790 70.512585
v -10.000000 -27.935891 67.443206
v 1.000000 -27.935891 67.443206
v -10.000000 -36.500000 63.219854
v 1.000000 -36.500000 63.219854
v -10.000000 -44.439584 57.914794
v 1.000000 -44.439584 57.914794
v -10.000000 -51.618795 51.618795
v 1.000000 -51.618795 51.618795
v -10.000000 -57.914794 44.439584
v 1.000000 -57.914794 44.439584
v -10.000000 -63.219854 36.500000
v 1.000000 -63.219854 36.500000
v -10.000000 -67.443206 27.935891
v 1.000000 -67.443206 27.935891
v -10.000000 -70.512585 18.893790
v 1.000000 -70.512585 18.893790
v -10.000000 -72.375475 9.528412
v 1.000000 -72.375475 9.528412
v -10.000000 -73.000000 0.000000
v 1.000000 -73.000000 0.000000
v -10.000000 -72.375475 -9.528412
v 1.000000 -72.375475 -9.528412
v -10.000000 -70.512585 -18.893790
v 1.000000 -70.512585 -18.893790
v -10.000000 -67.443206 -27.935891
v 1.000000 -67.443206 -27.935891
v -10.000000 -63.219854 -36.500000
v 1.000000 -63.219854 -36.500000
v -10.000000 -57.914794 -44.439584
v 1.000000 -57.914794 -44.439584
v -10.000000 -51.618795 -51.618795
v 1.000000 -51.618795 -51.618795
v -10.000000 -44.439584 -57.914794
v 1.000000 -44.439584 -57.914794
v -10.000000 -36.500000 -63.219854
v 1.000000 -36.500000 -63.219854
v -10.000000 -27.935891 -67.443206
v 1.000000 -27.935891 -67.443206
v -10.000000 -18.893790 -70.512585
v 1.000000 -18.893790 -70.512585
v -10.000000 -9.528412 -72.375475
v 1.000000 -9.528412 -72.375475
v -10.000000 -0.000000 -73.000000
v 1.000000 -0.000000 -73.000000
v -10.000000 9.528412 -72.375475
v 1.000000 9.528412 -72.375475
v -10.000000 18.893790 -70.512585
v 1.000000 18.893790 -70.512585
v -10.000000 27.935891 -67.443206
v 1.000000 27.935891 -67.443206
v -10.000000 36.500000 -63.219854
v 1.000000 36.500000 -63.219854
v -10.000000 44.439584 -57.914794
v 1.000000 44.439584 -57.914794
v -10.000000 51.618795 -51.618795
v 1.000000 51.618795 -51.618795
v -10.000000 57.914794 -44.439584
v 1.000000 57.914794 -44.439584
v -10.000000 63.219854 -36.500000
v 1.000000 63.219854 -36.500000
v -10.000000 67.443206 -27.935891
v 1.000000 67.443206 -27.935891
v -10.000000 70.512585 -18.893790
v 1.000000 70.512585 -18.893790
v -10.000000 72.375475 -9.528412
v 1.000000 72.375475 -9.528412
v -10.000000 0.000000 0.000000
v 1.000000 0.000000 0.000000
v 3.000000 69.500000 0.000000
v 6.889087 67.889087 0.000000
v 8.500000 64.000000 0.000000
v 6.889087 60.110913 0.000000
v 3.000000 58.500000 0.000000
v -0.889087 60.110913 0.000000
v -2.500000 64.000000 0.000000
v -0.889087 67.889087 0.000000
v 3.000000 68.905418 9.071570
v 6.889087 67.308287 8.861304
v 8.500000 63.452471 8.353676
v 6.889087 59.596656 7.846049
v 3.000000 57.999524 7.635782
v -0.889087 59.596656 7.846049
v -2.500000 63.452471 8.353676
v -0.889087 67.308287 8.861304
v 3.000000 67.131845 17.987924
v 6.889087 65.575823 17.570989
v 8.500000 61.819253 16.564419
v 6.889087 58.062683 15.557849
v 3.000000 56.506661 15.140914
v -0.889087 58.062683 15.557849
v -2.500000 61.819253 16.564419
v -0.889087 65.575823 17.570989
v 3.000000 64.209628 26.596499
v 6.889087 62.721338 25.980029
v 8.500000 59.128290 24.491740
v 6.889087 55.535242 23.003450
v 3.000000 54.046953 22.386981
v -0.889087 55.535242 23.003450
v -2.500000 59.128290 24.491740
v -0.889087 62.721338 25.980029
v 3.000000 60.188766 34.750000
v 6.889087 58.793674 33.944544
v 8.500000 55.425626 32.000000
v 6.889087 52.057577 30.055456
v 3.000000 50.662486 29.250000
v -0.889087 52.057577 30.055456
v -2.500000 55.425626 32.000000
v -0.889087 58.793674 33.944544
v 3.000000 55.138057 42.308919
v 6.889087 53.860034 41.328258
v 8.500000 50.774614 38.960731
v 6.889087 47.689193 36.593205
v 3.000000 46.411170 35.612544
v -0.889087 47.689193 36.593205
v -2.500000 50.774614 38.960731
v -0.889087 53.860034 41.328258
v 3.000000 49.143921 49.143921
v 6.889087 48.004834 48.004834
v 8.500000 45.254834 45.254834
v 6.889087 42.504834 42.504834
v 3.000000 41.365747 41.365747
v -0.889087 42.504834 42.504834
v -2.500000 45.254834 45.254834
v -0.889087 48.004834 48.004834
v 3.000000 42.308919 55.138057
v 6.889087 41.328258 53.860034
v 8.500000 38.960731 50.774614
v 6.889087 36.593205 47.689193
v 3.000000 35.612544 46.411170
v -0.889087 36.593205 47.689193
v -2.500000 38.960731 50.774614
v -0.889087 41.328258 53.860034
v 3.000000 34.750000 60.188766
v 6.889087 33.944544 58.793674
v 8.500000 32.000000 55.425626
v 6.889087 30.055456 52.057577
v 3.000000 29.250000 50.662486
v -0.889087 30.055456 52.057577
v -2.500000 32.000000 55.425626
v -0.889087 33.944544 58.793674
v 3.000000 26.596499 64.209628
v 6.889087 25.980029 62.721338
v 8.500000 24.491740 59.128290
v 6.889087 23.003450 55.535242
v 3.000000 22.386981 54.046953
v -0.889087 23.003450 55.535242
v -2.500000 24.491740 59.128290
v -0.889087 25.980029 62.721338
v 3.000000 17.987924 67.131845
v 6.889087 17.570989 65.575823
v 8.500000 16.564419 61.819253
v 6.889087 15.557849 58.062683
v 3.000000 15.140914 56.506661
v -0.889087 15.557849 58.062683
v -2.500000 16.564419 61.819253
v -0.889087 17.570989 65.575823
v 3.000000 9.071570 68.905418
v 6.889087 8.861304 67.308287
v 8.500000 8.353676 63.452471
v 6.889087 7.846049 59.596656
v 3.000000 7.635782 57.999524
v -0.889087 7.846049 59.596656
v -2.500000 8.353676 63.452471
v -0.889087 8.861304 67.308287
v 3.000000 0.000000 69.500000
v 6.889087 0.000000 67.889087
v 8.500000 0.000000 64.000000
v 6.889087 0.000000 60.110913
v 3.000000 0.000000 58.500000
v -0.889087 0.000000 60.110913
v -2.500000 0.000000 64.000000
v -0.889087 0.000000 67.889087
v 3.000000 -9.071570 68.905418
v 6.889087 -8.861304 67.308287
v 8.500000 -8.353676 63.452471
v 6.889087 -7.846049 59.596656
v 3.000000 -7.635782 57.999524
v -0.889087 -7.846049 59.596656
v -2.500000 -8.353676 63.452471
v -0.889087 -8.861304 67.308287
v 3.000000 -17.987924 67.131845
v 6.889087 -17.570989 65.575823
v 8.500000 -16.564419 61.819253
v 6.889087 -15.557849 58.062683
v 3.000000 -15.140914 56.506661
v -0.889087 -15.557849 58.062683
v -2.500000 -16.564419 61.819253
v -0.889087 -17.570989 65.575823
v 3.000000 -26.596499 64.209628
v 6.889087 -25.980029 62.721338
v 8.500000 -24.491740 59.128290
v 6.889087 -23.003450 55.535242
v 3.000000 -22.386981 54.046953
v -0.889087 -23.003450 55.535242
v -2.500000 -24.491740 59.128290
v -0.889087 -25.980029 62.721338
v 3.000000 -34.750000 60.188766
v 6.889087 -33.944544 58.793674
v 8.500000 -32.000000 55.425626
v 6.889087 -30.055456 52.057577
v 3.000000 -29.250000 50.662486
v -0.889087 -30.055456 52.057577
v -2.500000 -32.000000 55.425626
v -0.889087 -33.944544 58.793674
v 3.000000 -42.308919 55.138057
v 6.889087 -41.328258 53.860034
v 8.500000 -38.960731 50.774614
v 6.889087 -36.593205 47.689193
v 3.000000 -35.612544 46.411170
v -0.889087 -36.593205 47.689193
v -2.500000 -38.960731 50.774614
v -0.889087 -41.328258 53.860034
v 3.000000 -49.143921 49.143921
v 6.889087 -48.004834 48.004834
v 8.500000 -45.254834 45.254834
v 6.889087 -42.504834 42.504834
v 3.000000 -41.365747 41.365747
v -0.889087 -42.504834 42.504834
v -2.500000 -45.254834 45.254834
v -0.889087 -48.004834 48.004834
v 3.000000 -55.138057 42.308919
v 6.889087 -53.860034 41.328258
v 8.500000 -50.774614 38.960731
v 6.889087 -47.689193 36.593205
v 3.000000 -46.411170 35.612544
v -0.889087 -47.689193 36.593205
v -2.500000 -50.774614 38.960731
v -0.889087 -53.860034 41.328258
v 3.000000 -60.188766 34.750000
v 6.889087 -58.793674 33.944544
v 8.500000 -55.425626 32.000000
v 6.889087 -52.057577 30.055456
v 3.000000 -50.662486 29.250000
v -0.889087 -52.057577 30.055456
v -2.500000 -55.425626 32.000000
v -0.889087 -58.793674 33.944544
v 3.000000 -64.209628 26.596499
v 6.889087 -62.721338 25.980029
v 8.500000 -59.128290 24.491740
v 6.889087 -55.535242 23.003450
v 3.000000 -54.046953 22.386981
v -0.889087 -55.535242 23.003450
v -2.500000 -59.128290 24.491740
v -0.889087 -62.721338 25.980029
v 3.000000 -67.131845 17.987924
v 6.889087 -65.575823 17.570989
v 8.500000 -61.819253 16.564419
v 6.889087 -58.062683 15.557849
v 3.000000 -56.506661 15.140914
v -0.889087 -58.062683 15.557849
v -2.500000 -61.819253 16.564419
v -0.889087 -65.575823 17.570989
v 3.000000 -68.905418 9.071570
v 6.889087 -67.308287 8.861304
v 8.500000 -63.452471 8.353676
v 6.889087 -59.596656 7.846049
v 3.000000 -57.999524 7.635782
v -0.889087 -59.596656 7.846049
v -2.500000 -63.452471 8.353676
v -0.889087 -67.308287 8.861304
v 3.000000 -69.500000 0.000000
v 6.889087 -67.889087 0.000000
v 8.500000 -64.000000 0.000000
v 6.889087 -60.110913 0.000000
v 3.000000 -58.500000 0.000000
v -0.889087 -60.110913 0.000000
v -2.500000 -64.000000 0.000000
v -0.889087 -67.889087 0.000000
v 3.000000 -68.905418 -9.071570
v 6.889087 -67.308287 -8.861304
v 8.500000 -63.452471 -8.353676
v 6.889087 -59.596656 -7.846049
v 3.000000 -57.999524 -7.635782
v -0.889087 -59.596656 -7.846049
v -2.500000 -63.452471 -8.353676
v -0.889087 -67.308287 -8.861304
v 3.000000 -67.131845 -17.987924
v 6.889087 -65.575823 -17.570989
v 8.500000 -61.819253 -16.564419
v 6.889087 -58.062683 -15.557849
v 3.000000 -56.506661 -15.140914
v -0.889087 -58.062683 -15.557849
v -2.500000 -61.819253 -16.564419
v -0.889087 -65.575823 -17.570989
v 3.000000 -64.209628 -26.596499
v 6.889087 -62.721338 -25.980029
v 8.500000 -59.128290 -24.491740
v 6.889087 -55.535242 -23.003450
v 3.000000 -54.046953 -22.386981
v -0.889087 -55.535242 -23.003450
v -2.500000 -59.128290 -24.491740
v -0.889087 -62.721338 -25.980029
v 3.000000 -60.188766 -34.750000
v 6.889087 -58.793674 -33.944544
v 8.500000 -55.425626 -32.000000
v 6.889087 -52.057577 -30.055456
v 3.000000 -50.662486 -29.250000
v -0.889087 -52.057577 -30.055456
v -2.500000 -55.425626 -32.000000
v -0.889087 -58.793674 -33.944544
v 3.000000 -55.138057 -42.308919
v 6.889087 -53.860034 -41.328258
v 8.500000 -50.774614 -38.960731
v 6.889087 -47.689193 -36.593205
v 3.000000 -46.411170 -35.612544
v -0.889087 -47.689193 -36.593205
v -2.500000 -50.774614 -38.960731
v -0.889087 -53.860034 -41.328258
v 3.000000 -49.143921 -49.143921
v 6.889087 -48.004834 -48.004834
v 8.500000 -45.254834 -45.254834
v 6.889087 -42.504834 -42.504834
v 3.000000 -41.365747 -41.365747
v -0.889087 -42.504834 -42.504834
v -2.500000 -45.254834 -45.254834
v -0.889087 -48.004834 -48.004834
v 3.000000 -42.308919 -55.138057
v 6.889087 -41.328258 -53.860034
v 8.500000 -38.960731 -50.774614
v 6.889087 -36.593205 -47.689193
v 3.000000 -35.612544 -46.411170
v -0.889087 -36.593205 -47.689193
v -2.500000 -38.960731 -50.774614
v -0.889087 -41.328258 -53.860034
v 3.000000 -34.750000 -60.188766
v 6.889087 -33.944544 -58.793674
v 8.500000 -32.000000 -55.425626
v 6.889087 -30.055456 -52.057577
v 3.000000 -29.250000 -50.662486
v -0.889087 -30.055456 -52.057577
v -2.500000 -32.000000 -55.425626
v -0.889087 -33.944544 -58.793674
v 3.000000 -26.596499 -64.209628
v 6.889087 -25.980029 -62.721338
v 8.500000 -24.491740 -59.128290
v 6.889087 -23.003450 -55.535242
v 3.000000 -22.386981 -54.046953
v -0.889087 -23.003450 -55.535242
v -2.500000 -24.491740 -59.128290
v -0.889087 -25.980029 -62.721338
v 3.000000 -17.987924 -67.131845
v 6.889087 -17.570989 -65.575823
v 8.500000 -16.564419 -61.819253
v 6.889087 -15.557849 -58.062683
v 3.000000 -15.140914 -56.506661
v -0.889087 -15.557849 -58.062683
v -2.500000 -16.564419 -61.819253
v -0.889087 -17.570989 -65.575823
v 3.000000 -9.071570 -68.905418
v 6.889087 -8.861304 -67.308287
v 8.500000 -8.353676 -63.452471
v 6.889087 -7.846049 -59.596656
v 3.000000 -7.635782 -57.999524
v -0.889087 -7.846049 -59.596656
v -2.500000 -8.353676 -63.452471
v -0.889087 -8.861304 -67.308287
v 3.000000 -0.000000 -69.500000
v 6.889087 -0.000000 -67.889087
v 8.500000 -0.000000 -64.000000
v 6.889087 -0.000000 -60.110913
v 3.000000 -0.000000 -58.500000
v -0.889087 -0.000000 -60.110913
v -2.500000 -0.000000 -64.000000
v -0.889087 -0.000000 -67.889087
v 3.000000 9.071570 -68.905418
v 6.889087 8.861304 -67.308287
v 8.500000 8.353676 -63.452471
v 6.889087 7.846049 -59.596656
v 3.000000 7.635782 -57.999524
v -0.889087 7.846049 -59.596656
v -2.500000 8.353676 -63.452471
v -0.889087 8.861304 -67.308287
v 3.000000 17.987924 -67.131845
v 6.889087 17.570989 -65.575823
v 8.500000 16.564419 -61.819253
v 6.889087 15.557849 -58.062683
v 3.000000 15.140914 -56.506661
v -0.889087 15.557849 -58.062683
v -2.500000 16.564419 -61.819253
v -0.889087 17.570989 -65.575823
v 3.000000 26.596499 -64.209628
v 6.889087 25.980029 -62.721338
v 8.500000 24.491740 -59.128290
v 6.889087 23.003450 -55.535242
v 3.000000 22.386981 -54.046953
v -0.889087 23.003450 -55.535242
v -2.500000 24.491740 -59.128290
v -0.889087 25.980029 -62.721338
v 3.000000 34.750000 -60.188766
v 6.889087 33.944544 -58.793674
v 8.500000 32.000000 -55.425626
v 6.889087 30.055456 -52.057577
v 3.000000 29.250000 -50.662486
v -0.889087 30.055456 -52.057577
v -2.500000 32.000000 -55.425626
v -0.889087 33.944544 -58.793674
v 3.000000 42.308919 -55.138057
v 6.889087 41.328258 -53.860034
v 8.500000 38.960731 -50.774614
v 6.889087 36.593205 -47.689193
v 3.000000 35.612544 -46.411170
v -0.889087 36.593205 -47.689193
v -2.500000 38.960731 -50.774614
v -0.889087 41.328258 -53.860034
v 3.000000 49.143921 -49.143921
v 6.889087 48.004834 -48.004834
v 8.500000 45.254834 -45.254834
v 6.889087 42.504834 -42.504834
v 3.000000 41.365747 -41.365747
v -0.889087 42.504834 -42.504834
v -2.500000 45.254834 -45.254834
v -0.889087 48.004834 -48.004834
v 3.000000 55.138057 -42.308919
v 6.889087 53.860034 -41.328258
v 8.500000 50.774614 -38.960731
v 6.889087 47.689193 -36.593205
v 3.000000 46.411170 -35.612544
v -0.889087 47.689193 -36.593205
v -2.500000 50.774614 -38.960731
v -0.889087 53.860034 -41.328258
v 3.000000 60.188766 -34.750000
v 6.889087 58.793674 -33.944544
v 8.500000 55.425626 -32.000000
v 6.889087 52.057577 -30.055456
v 3.000000 50.662486 -29.250000
v -0.889087 52.057577 -30.055456
v -2.500000 55.425626 -32.000000
v -0.889087 58.793674 -33.944544
v 3.000000 64.209628 -26.596499
v 6.889087 62.721338 -25.980029
v 8.500000 59.128290 -24.491740
v 6.889087 55.535242 -23.003450
v 3.000000 54.046953 -22.386981
v -0.889087 55.535242 -23.003450
v -2.500000 59.128290 -24.491740
v -0.889087 62.721338 -25.980029
v 3.000000 67.131845 -17.987924
v 6.889087 65.575823 -17.570989
v 8.500000 61.819253 -16.564419
v 6.889087 58.062683 -15.557849
v 3.000000 56.506661 -15.140914
v -0.889087 58.062683 -15.557849
v -2.500000 61.819253 -16.564419
v -0.889087 65.575823 -17.570989
v 3.000000 68.905418 -9.071570
v 6.889087 67.308287 -8.861304
v 8.500000 63.452471 -8.353676
v 6.889087 59.596656 -7.846049
v 3.000000 57.999524 -7.635782
v -0.889087 59.596656 -7.846049
v -2.500000 63.452471 -8.353676
v -0.889087 67.308287 -8.861304
v -6.483464 11.113483 0.000000
v -6.483464 10.976658 1.738532
v -6.483464 10.569551 3.434255
v -6.483464 9.902186 5.045416
v -6.483464 8.990997 6.532342
v -6.483464 7.858419 7.858419
v -6.483464 6.532342 8.990997
v -6.483464 5.045416 9.902186
v -6.483464 3.434255 10.569551
v -6.483464 1.738532 10.976658
v -6.483464 0.000000 11.113483
v -6.483464 -1.738532 10.976658
v -6.483464 -3.434255 10.569551
v -6.483464 -5.045416 9.902186
v -6.483464 -6.532342 8.990997
v -6.483464 -7.858419 7.858419
v -6.483464 -8.990997 6.532342
v -6.483464 -9.902186 5.045416
v -6.483464 -10.569551 3.434255
v -6.483464 -10.976658 1.738532
v -6.483464 -11.113483 0.000000
v -6.483464 -10.976658 -1.738532
v -6.483464 -10.569551 -3.434255
v -6.483464 -9.902186 -5.045416
v -6.483464 -8.990997 -6.532342
v -6.483464 -7.858419 -7.858419
v -6.483464 -6.532342 -8.990997
v -6.483464 -5.045416 -9.902186
v -6.483464 -3.434255 -10.569551
v -6.483464 -1.738532 -10.976658
v -6.483464 -0.000000 -11.113483
v -6.483464 1.738532 -10.976658
v -6.483464 3.434255 -10.569551
v -6.483464 5.045416 -9.902186
v -6.483464 6.532342 -8.990997
v -6.483464 7.858419 -7.858419
v -6.483464 8.990997 -6.532342
v -6.483464 9.902186 -5.045416
v -6.483464 10.569551 -3.434255
v -6.483464 10.976658 -1.738532
v -4.949549 21.889289 0.000000
v -4.949549 21.619796 3.424239
v -4.949549 20.817951 6.764162
v -4.949549 19.503499 9.937529
v -4.949549 17.708807 12.866201
v -4.949549 15.478065 15.478065
v -4.949549 12.866201 17.708807
v -4.949549 9.937529 19.503499
v -4.949549 6.764162 20.817951
v -4.949549 3.424239 21.619796
v -4.949549 0.000000 21.889289
v -4.949549 -3.424239 21.619796
v -4.949549 -6.764162 20.817951
v -4.949549 -9.937529 19.503499
v -4.949549 -12.866201 17.708807
v -4.949549 -15.478065 15.478065
v -4.949549 -17.708807 12.866201
v -4.949549 -19.503499 9.937529
v -4.949549 -20.817951 6.764162
v -4.949549 -21.619796 3.424239
v -4.949549 -21.889289 0.000000
v -4.949549 -21.619796 -3.424239
v -4.949549 -20.817951 -6.764162
v -4.949549 -19.503499 -9.937529
v -4.949549 -17.708807 -12.866201
v -4.949549 -15.478065 -15.478065
v -4.949549 -12.866201 -17.708807
v -4.949549 -9.937529 -19.503499
v -4.949549 -6.764162 -20.817951
v -4.949549 -3.424239 -21.619796
v -4.949549 -0.000000 -21.889289
v -4.949549 3.424239 -21.619796
v -4.949549 6.764162 -20.817951
v -4.949549 9.937529 -19.503499
v -4.949549 12.866201 -17.708807
v -4.949549 15.478065 -15.478065
v -4.949549 17.708807 -12.866201
v -4.949549 19.503499 -9.937529
v -4.949549 20.817951 -6.764162
v -4.949549 21.619796 -3.424239
v -2.444864 32.000000 0.000000
v -2.444864 31.606027 5.005903
v -2.444864 30.433809 9.888544
v -2.444864 28.512209 14.527696
v -2.444864 25.888544 18.809128
v -2.444864 22.627417 22.627417
v -2.444864 18.809128 25.888544
v -2.444864 14.527696 28.512209
v -2.444864 9.888544 30.433809
v -2.444864 5.005903 31.606027
v -2.444864 0.000000 32.000000
v -2.444864 -5.005903 31.606027
v -2.444864 -9.888544 30.433809
v -2.444864 -14.527696 28.512209
v -2.444864 -18.809128 25.888544
v -2.444864 -22.627417 22.627417
v -2.444864 -25.888544 18.809128
v -2.444864 -28.512209 14.527696
v -2.444864 -30.433809 9.888544
v -2.444864 -31.606027 5.005903
v -2.444864 -32.000000 0.000000
v -2.444864 -31.606027 -5.005903
v -2.444864 -30.433809 -9.888544
v -2.444864 -28.512209 -14.527696
v -2.444864 -25.888544 -18.809128
v -2.444864 -22.627417 -22.627417
v -2.444864 -18.809128 -25.888544
v -2.444864 -14.527696 -28.512209
v -2.444864 -9.888544 -30.433809
v -2.444864 -5.005903 -31.606027
v -2.444864 -0.000000 -32.000000
v -2.444864 5.005903 -31.606027
v -2.444864 9.888544 -30.433809
v -2.444864 14.527696 -28.512209
v -2.444864 18.809128 -25.888544
v -2.444864 22.627417 -22.627417
v -2.444864 25.888544 -18.809128
v -2.444864 28.512209 -14.527696
v -2.444864 30.433809 -9.888544
v -2.444864 31.606027 -5.005903
v 0.954489 41.138407 0.000000
v 0.954489 40.631925 6.435465
v 0.954489 39.124950 12.712467
v 0.954489 36.654589 18.676446
v 0.954489 33.281670 24.180549
v 0.954489 29.089247 29.089247
v 0.954489 24.180549 33.281670
v 0.954489 18.676446 36.654589
v 0.954489 12.712467 39.124950
v 0.954489 6.435465 40.631925
v 0.954489 0.000000 41.138407
v 0.954489 -6.435465 40.631925
v 0.954489 -12.712467 39.124950
v 0.954489 -18.676446 36.654589
v 0.954489 -24.180549 33.281670
v 0.954489 -29.089247 29.089247
v 0.954489 -33.281670 24.180549
v 0.954489 -36.654589 18.676446
v 0.954489 -39.124950 12.712467
v 0.954489 -40.631925 6.435465
v 0.954489 -41.138407 0.000000
v 0.954489 -40.631925 -6.435465
v 0.954489 -39.124950 -12.712467
v 0.954489 -36.654589 -18.676446
v 0.954489 -33.281670 -24.180549
v 0.954489 -29.089247 -29.089247
v 0.954489 -24.180549 -33.281670
v 0.954489 -18.676446 -36.654589
v 0.954489 -12.712467 -39.124950
v 0.954489 -6.435465 -40.631925
v 0.954489 -0.000000 -41.138407
v 0.954489 6.435465 -40.631925
v 0.954489 12.712467 -39.124950
v 0.954489 18.676446 -36.654589
v 0.954489 24.180549 -33.281670
v 0.954489 29.089247 -29.089247
v 0.954489 33.281670 -24.180549
v 0.954489 36.654589 -18.676446
v 0.954489 39.124950 -12.712467
v 0.954489 40.631925 -6.435465
v 5.145221 49.026844 0.000000
v 5.145221 48.423243 7.669488
v 5.145221 46.627300 15.150128
v 5.145221 43.683238 22.257722
v 5.145221 39.663550 28.817256
v 5.145221 34.667214 34.667214
v 5.145221 28.817256 39.663550
v 5.145221 22.257722 43.683238
v 5.145221 15.150128 46.627300
v 5.145221 7.669488 48.423243
v 5.145221 0.000000 49.026844
v 5.145221 -7.669488 48.423243
v 5.145221 -15.150128 46.627300
v 5.145221 -22.257722 43.683238
v 5.145221 -28.817256 39.663550
v 5.145221 -34.667214 34.667214
v 5.145221 -39.663550 28.817256
v 5.145221 -43.683238 22.257722
v 5.145221 -46.627300 15.150128
v 5.145221 -48.423243 7.669488
v 5.145221 -49.026844 0.000000
v 5.145221 -48.423243 -7.669488
v 5.145221 -46.627300 -15.150128
v 5.145221 -43.683238 -22.257722
v 5.145221 -39.663550 -28.817256
v 5.145221 -34.667214 -34.667214
v 5.145221 -28.817256 -39.663550
v 5.145221 -22.257722 -43.683238
v 5.145221 -15.150128 -46.627300
v 5.145221 -7.669488 -48.423243
v 5.145221 -0.000000 -49.026844
v 5.145221 7.669488 -48.423243
v 5.145221 15.150128 -46.627300
v 5.145221 22.257722 -43.683238
v 5.145221 28.817256 -39.663550
v 5.145221 34.667214 -34.667214
v 5.145221 39.663550 -28.817256
v 5.145221 43.683238 -22.257722
v 5.145221 46.627300 -15.150128
v 5.145221 48.423243 -7.669488
v 10.000000 55.425626 0.000000
v 10.000000 54.743244 8.670478
v 10.000000 52.712903 17.127460
v 10.000000 49.384594 25.162708
v 10.000000 44.840273 32.578365
v 10.000000 39.191836 39.191836
v 10.000000 32.578365 44.840273
v 10.000000 25.162708 49.384594
v 10.000000 17.127460 52.712903
v 10.000000 8.670478 54.743244
v 10.000000 0.000000 55.425626
v 10.000000 -8.670478 54.743244
v 10.000000 -17.127460 52.712903
v 10.000000 -25.162708 49.384594
v 10.000000 -32.578365 44.840273
v 10.000000 -39.191836 39.191836
v 10.000000 -44.840273 32.578365
v 10.000000 -49.384594 25.162708
v 10.000000 -52.712903 17.127460
v 10.000000 -54.743244 8.670478
v 10.000000 -55.425626 0.000000
v 10.000000 -54.743244 -8.670478
v 10.000000 -52.712903 -17.127460
v 10.000000 -49.384594 -25.162708
v 10.000000 -44.840273 -32.578365
v 10.000000 -39.191836 -39.191836
v 10.000000 -32.578365 -44.840273
v 10.000000 -25.162708 -49.384594
v 10.000000 -17.127460 -52.712903
v 10.000000 -8.670478 -54.743244
v 10.000000 -0.000000 -55.425626
v 10.000000 8.670478 -54.743244
v 10.000000 17.127460 -52.712903
v 10.000000 25.162708 -49.384594
v 10.000000 32.578365 -44.840273
v 10.000000 39.191836 -39.191836
v 10.000000 44.840273 -32.578365
v 10.000000 49.384594 -25.162708
v 10.000000 52.712903 -17.127460
v 10.000000 54.743244 -8.670478
v 15.371315 60.140328 0.000000
v 15.371315 59.399900 9.408020
v 15.371315 57.196851 18.584383
v 15.371315 53.585424 27.303137
v 15.371315 48.654547 35.349598
v 15.371315 42.525634 42.525634
v 15.371315 35.349598 48.654547
v 15.371315 27.303137 53.585424
v 15.371315 18.584383 57.196851
v 15.371315 9.408020 59.399900
v 15.371315 0.000000 60.140328
v 15.371315 -9.408020 59.399900
v 15.371315 -18.584383 57.196851
v 15.371315 -27.303137 53.585424
v 15.371315 -35.349598 48.654547
v 15.371315 -42.525634 42.525634
v 15.371315 -48.654547 35.349598
v 15.371315 -53.585424 27.303137
v 15.371315 -57.196851 18.584383
v 15.371315 -59.399900 9.408020
v 15.371315 -60.140328 0.000000
v 15.371315 -59.399900 -9.408020
v 15.371315 -57.196851 -18.584383
v 15.371315 -53.585424 -27.303137
v 15.371315 -48.654547 -35.349598
v 15.371315 -42.525634 -42.525634
v 15.371315 -35.349598 -48.654547
v 15.371315 -27.303137 -53.585424
v 15.371315 -18.584383 -57.196851
v 15.371315 -9.408020 -59.399900
v 15.371315 -0.000000 -60.140328
v 15.371315 9.408020 -59.399900
v 15.371315 18.584383 -57.196851
v 15.371315 27.303137 -53.585424
v 15.371315 35.349598 -48.654547
v 15.371315 42.525634 -42.525634
v 15.371315 48.654547 -35.349598
v 15.371315 53.585424 -27.303137
v 15.371315 57.196851 -18.584383
v 15.371315 59.399900 -9.408020
v 21.095962 63.027696 0.000000
v 21.095962 62.251721 9.859704
v 21.095962 59.942901 19.476629
v 21.095962 56.158089 28.613975
v 21.095962 50.990477 37.046750
v 21.095962 44.567311 44.567311
v 21.095962 37.046750 50.990477
v 21.095962 28.613975 56.158089
v 21.095962 19.476629 59.942901
v 21.095962 9.859704 62.251721
v 21.095962 0.000000 63.027696
v 21.095962 -9.859704 62.251721
v 21.095962 -19.476629 59.942901
v 21.095962 -28.613975 56.158089
v 21.095962 -37.046750 50.990477
v 21.095962 -44.567311 44.567311
v 21.095962 -50.990477 37.046750
v 21.095962 -56.158089 28.613975
v 21.095962 -59.942901 19.476629
v 21.095962 -62.251721 9.859704
v 21.095962 -63.027696 0.000000
v 21.095962 -62.251721 -9.859704
v 21.095962 -59.942901 -19.476629
v 21.095962 -56.158089 -28.613975
v 21.095962 -50.990477 -37.046750
v 21.095962 -44.567311 -44.567311
v 21.095962 -37.046750 -50.990477
v 21.095962 -28.613975 -56.158089
v 21.095962 -19.476629 -59.942901
v 21.095962 -9.859704 -62.251721
v 21.095962 -0.000000 -63.027696
v 21.095962 9.859704 -62.251721
v 21.095962 19.476629 -59.942901
v 21.095962 28.613975 -56.158089
v 21.095962 37.046750 -50.990477
v 21.095962 44.567311 -44.567311
v 21.095962 50.990477 -37.046750
v 21.095962 56.158089 -28.613975
v 21.095962 59.942901 -19.476629
v 21.095962 62.251721 -9.859704
v 27.000000 64.000000 0.000000
v 27.000000 63.212054 10.011806
v 27.000000 60.867617 19.777088
v 27.000000 57.024418 29.055392
v 27.000000 51.777088 37.618256
v 27.000000 45.254834 45.254834
v 27.000000 37.618256 51.777088
v 27.000000 29.055392 57.024418
v 27.000000 19.777088 60.867617
v 27.000000 10.011806 63.212054
v 27.000000 0.000000 64.000000
v 27.000000 -10.011806 63.212054
v 27.000000 -19.777088 60.867617
v 27.000000 -29.055392 57.024418
v 27.000000 -37.618256 51.777088
v 27.000000 -45.254834 45.254834
v 27.000000 -51.777088 37.618256
v 27.000000 -57.024418 29.055392
v 27.000000 -60.867617 19.777088
v 27.000000 -63.212054 10.011806
v 27.000000 -64.000000 0.000000
v 27.000000 -63.212054 -10.011806
v 27.000000 -60.867617 -19.777088
v 27.000000 -57.024418 -29.055392
v 27.000000 -51.777088 -37.618256
v 27.000000 -45.254834 -45.254834
v 27.000000 -37.618256 -51.777088
v 27.000000 -29.055392 -57.024418
v 27.000000 -19.777088 -60.867617
v 27.000000 -10.011806 -63.212054
v 27.000000 -0.000000 -64.000000
v 27.000000 10.011806 -63.212054
v 27.000000 19.777088 -60.867617
v 27.000000 29.055392 -57.024418
v 27.000000 37.618256 -51.777088
v 27.000000 45.254834 -45.254834
v 27.000000 51.777088 -37.618256
v 27.000000 57.024418 -29.055392
v 27.000000 60.867617 -19.777088
v 27.000000 63.212054 -10.011806
v 32.904038 63.027696 0.000000
v 32.904038 62.251721 9.859704
v 32.904038 59.942901 19.476629
v 32.904038 56.158089 28.613975
v 32.904038 50.990477 37.046750
v 32.904038 44.567311 44.567311
v 32.904038 37.046750 50.990477
v 32.904038 28.613975 56.158089
v 32.904038 19.476629 59.942901
v 32.904038 9.859704 62.251721
v 32.904038 0.000000 63.027696
v 32.904038 -9.859704 62.251721
v 32.904038 -19.476629 59.942901
v 32.904038 -28.613975 56.158089
v 32.904038 -37.046750 50.990477
v 32.904038 -44.567311 44.567311
v 32.904038 -50.990477 37.046750
v 32.904038 -56.158089 28.613975
v 32.904038 -59.942901 19.476629
v 32.904038 -62.251721 9.859704
v 32.904038 -63.027696 0.000000
v 32.904038 -62.251721 -9.859704
v 32.904038 -59.942901 -19.476629
v 32.904038 -56.158089 -28.613975
v 32.904038 -50.990477 -37.046750
v 32.904038 -44.567311 -44.567311
v 32.904038 -37.046750 -50.990477
v 32.904038 -28.613975 -56.158089
v 32.904038 -19.476629 -59.942901
v 32.904038 -9.859704 -62.251721
v 32.904038 -0.000000 -63.027696
v 32.904038 9.859704 -62.251721
v 32.904038 19.476629 -59.942901
v 32.904038 28.613975 -56.158089
v 32.904038 37.046750 -50.990477
v 32.904038 44.567311 -44.567311
v 32.904038 50.990477 -37.046750
v 32.904038 56.158089 -28.613975
v 32.904038 59.942901 -19.476629
v 32.904038 62.251721 -9.859704
v 38.628685 60.140328 0.000000
v 38.628685 59.399900 9.408020
v 38.628685 57.196851 18.584383
v 38.628685 53.585424 27.303137
v 38.628685 48.654547 35.349598
v 38.628685 42.525634 42.525634
v 38.628685 35.349598 48.654547
v 38.628685 27.303137 53.585424
v 38.628685 18.584383 57.196851
v 38.628685 9.408020 59.399900
v 38.628685 0.000000 60.140328
v 38.628685 -9.408020 59.399900
v 38.628685 -18.584383 57.196851
v 38.628685 -27.303137 53.585424
v 38.628685 -35.349598 48.654547
v 38.628685 -42.525634 42.525634
v 38.628685 -48.654547 35.349598
v 38.628685 -53.585424 27.303137
v 38.628685 -57.196851 18.584383
v 38.628685 -59.399900 9.408020
v 38.628685 -60.140328 0.000000
v 38.628685 -59.399900 -9.408020
v 38.628685 -57.196851 -18.584383
v 38.628685 -53.585424 -27.303137
v 38.628685 -48.654547 -35.349598
v 38.628685 -42.525634 -42.525634
v 38.628685 -35.349598 -48.654547
v 38.628685 -27.303137 -53.585424
v 38.628685 -18.584383 -57.196851
v 38.628685 -9.408020 -59.399900
v 38.628685 -0.000000 -60.140328
v 38.628685 9.408020 -59.399900
v 38.628685 18.584383 -57.196851
v 38.628685 27.303137 -53.585424
v 38.628685 35.349598 -48.654547
v 38.628685 42.525634 -42.525634
v 38.628685 48.654547 -35.349598
v 38.628685 53.585424 -27.303137
v 38.628685 57.196851 -18.584383
v 38.628685 59.399900 -9.408020
v 44.000000 55.425626 0.000000
v 44.000000 54.743244 8.670478
v 44.000000 52.712903 17.127460
v 44.000000 49.384594 25.162708
v 44.000000 44.840273 32.578365
v 44.000000 39.191836 39.191836
v 44.000000 32.578365 44.840273
v 44.000000 25.162708 49.384594
v 44.000000 17.127460 52.712903
v 44.000000 8.670478 54.743244
v 44.000000 0.000000 55.425626
v 44.000000 -8.670478 54.743244
v 44.000000 -17.127460 52.712903
v 44.000000 -25.162708 49.384594
v 44.000000 -32.578365 44.840273
v 44.000000 -39.191836 39.191836
v 44.000000 -44.840273 32.578365
v 44.000000 -49.384594 25.162708
v 44.000000 -52.712903 17.127460
v 44.000000 -54.743244 8.670478
v 44.000000 -55.425626 0.000000
v 44.000000 -54.743244 -8.670478
v 44.000000 -52.712903 -17.127460
v 44.000000 -49.384594 -25.162708
v 44.000000 -44.840273 -32.578365
v 44.000000 -39.191836 -39.191836
v 44.000000 -32.578365 -44.840273
v 44.000000 -25.162708 -49.384594
v 44.000000 -17.127460 -52.712903
v 44.000000 -8.670478 -54.743244
v 44.000000 -0.000000 -55.425626
v 44.000000 8.670478 -54.743244
v 44.000000 17.127460 -52.712903
v 44.000000 25.162708 -49.384594
v 44.000000 32.578365 -44.840273
v 44.000000 39.191836 -39.191836
v 44.000000 44.840273 -32.578365
v 44.000000 49.384594 -25.162708
v 44.000000 52.712903 -17.127460
v 44.000000 54.743244 -8.670478
v 48.854779 49.026844 0.000000
v 48.854779 48.423243 7.669488
v 48.854779 46.627300 15.150128
v 48.854779 43.683238 22.257722
v 48.854779 39.663550 28.817256
v 48.854779 34.667214 34.667214
v 48.854779 28.817256 39.663550
v 48.854779 22.257722 43.683238
v 48.854779 15.150128 46.627300
v 48.854779 7.669488 48.423243
v 48.854779 0.000000 49.026844
v 48.854779 -7.669488 48.423243
v 48.854779 -15.150128 46.627300
v 48.854779 -22.257722 43.683238
v 48.854779 -28.817256 39.663550
v 48.854779 -34.667214 34.667214
v 48.854779 -39.663550 28.817256
v 48.854779 -43.683238 22.257722
v 48.854779 -46.627300 15.150128
v 48.854779 -48.423243 7.669488
v 48.854779 -49.026844 0.000000
v 48.854779 -48.423243 -7.669488
v 48.854779 -46.627300 -15.150128
v 48.854779 -43.683238 -22.257722
v 48.854779 -39.663550 -28.817256
v 48.854779 -34.667214 -34.667214
v 48.854779 -28.817256 -39.663550
v 48.854779 -22.257722 -43.683238
v 48.854779 -15.150128 -46.627300
v 48.854779 -7.669488 -48.423243
v 48.854779 -0.000000 -49.026844
v 48.854779 7.669488 -48.423243
v 48.854779 15.150128 -46.627300
v 48.854779 22.257722 -43.683238
v 48.854779 28.817256 -39.663550
v 48.854779 34.667214 -34.667214
v 48.854779 39.663550 -28.817256
v 48.854779 43.683238 -22.257722
v 48.854779 46.627300 -15.150128
v 48.854779 48.423243 -7.669488
v 53.045511 41.138407 0.000000
v 53.045511 40.631925 6.435465
v 53.045511 39.124950 12.712467
v 53.045511 36.654589 18.676446
v 53.045511 33.281670 24.180549
v 53.045511 29.089247 29.089247
v 53.045511 24.180549 33.281670
v 53.045511 18.676446 36.654589
v 53.045511 12.712467 39.124950
v 53.045511 6.435465 40.631925
v 53.045511 0.000000 41.138407
v 53.045511 -6.435465 40.631925
v 53.045511 -12.712467 39.124950
v 53.045511 -18.676446 36.654589
v 53.045511 -24.180549 33.281670
v 53.045511 -29.089247 29.089247
v 53.045511 -33.281670 24.180549
v 53.045511 -36.654589 18.676446
v 53.045511 -39.124950 12.712467
v 53.045511 -40.631925 6.435465
v 53.045511 -41.138407 0.000000
v 53.045511 -40.631925 -6.435465
v 53.045511 -39.124950 -12.712467
v 53.045511 -36.654589 -18.676446
v 53.045511 -33.281670 -24.180549
v 53.045511 -29.089247 -29.089247
v 53.045511 -24.180549 -33.281670
v 53.045511 -18.676446 -36.654589
v 53.045511 -12.712467 -39.124950
v 53.045511 -6.435465 -40.631925
v 53.045511 -0.000000 -41.138407
v 53.045511 6.435465 -40.631925
v 53.045511 12.712467 -39.124950
v 53.045511 18.676446 -36.654589
v 53.045511 24.180549 -33.281670
v 53.045511 29.089247 -29.089247
v 53.045511 33.281670 -24.180549
v 53.045511 36.654589 -18.676446
v 53.045511 39.124950 -12.712467
v 53.045511 40.631925 -6.435465
v 56.444864 32.000000 0.000000
v 56.444864 31.606027 5.005903
v 56.444864 30.433809 9.888544
v 56.444864 28.512209 14.527696
v 56.444864 25.888544 18.809128
v 56.444864 22.627417 22.627417
v 56.444864 18.809128 25.888544
v 56.444864 14.527696 28.512209
v 56.444864 9.888544 30.433809
v 56.444864 5.005903 31.606027
v 56.444864 0.000000 32.000000
v 56.444864 -5.005903 31.606027
v 56.444864 -9.888544 30.433809
v 56.444864 -14.527696 28.512209
v 56.444864 -18.809128 25.888544
v 56.444864 -22.627417 22.627417
v 56.444864 -25.888544 18.809128
v 56.444864 -28.512209 14.527696
v 56.444864 -30.433809 9.888544
v 56.444864 -31.606027 5.005903
v 56.444864 -32.000000 0.000000
v 56.444864 -31.606027 -5.005903
v 56.444864 -30.433809 -9.888544
v 56.444864 -28.512209 -14.527696
v 56.444864 -25.888544 -18.809128
v 56.444864 -22.627417 -22.627417
v 56.444864 -18.809128 -25.888544
v 56.444864 -14.527696 -28.512209
v 56.444864 -9.888544 -30.433809
v 56.444864 -5.005903 -31.606027
v 56.444864 -0.000000 -32.000000
v 56.444864 5.005903 -31.606027
v 56.444864 9.888544 -30.433809
v 56.444864 14.527696 -28.512209
v 56.444864 18.809128 -25.888544
v 56.444864 22.627417 -22.627417
v 56.444864 25.888544 -18.809128
v 56.444864 28.512209 -14.527696
v 56.444864 30.433809 -9.888544
v 56.444864 31.606027 -5.005903
v 58.949549 21.889289 0.000000
v 58.949549 21.619796 3.424239
v 58.949549 20.817951 6.764162
v 58.949549 19.503499 9.937529
v 58.949549 17.708807 12.866201
v 58.949549 15.478065 15.478065
v 58.949549 12.866201 17.708807
v 58.949549 9.937529 19.503499
v 58.949549 6.764162 20.817951
v 58.949549 3.424239 21.619796
v 58.949549 0.000000 21.889289
v 58.949549 -3.424239 21.619796
v 58.949549 -6.764162 20.817951
v 58.949549 -9.937529 19.503499
v 58.949549 -12.866201 17.708807
v 58.949549 -15.478065 15.478065
v 58.949549 -17.708807 12.866201
v 58.949549 -19.503499 9.937529
v 58.949549 -20.817951 6.764162
v 58.949549 -21.619796 3.424239
v 58.949549 -21.889289 0.000000
v 58.949549 -21.619796 -3.424239
v 58.949549 -20.817951 -6.764162
v 58.949549 -19.503499 -9.937529
v 58.949549 -17.708807 -12.866201
v 58.949549 -15.478065 -15.478065
v 58.949549 -12.866201 -17.708807
v 58.949549 -9.937529 -19.503499
v 58.949549 -6.764162 -20.817951
v 58.949549 -3.424239 -21.619796
v 58.949549 -0.000000 -21.889289
v 58.949549 3.424239 -21.619796
v 58.949549 6.764162 -20.817951
v 58.949549 9.937529 -19.503499
v 58.949549 12.866201 -17.708807
v 58.949549 15.478065 -15.478065
v 58.949549 17.708807 -12.866201
v 58.949549 19.503499 -9.937529
v 58.949549 20.817951 -6.764162
v 58.949549 21.619796 -3.424239
v 60.483464 11.113483 0.000000
v 60.483464 10.976658 1.738532
v 60.483464 10.569551 3.434255
v 60.483464 9.902186 5.045416
v 60.483464 8.990997 6.532342
v 60.483464 7.858419 7.858419
v 60.483464 6.532342 8.990997
v 60.483464 5.045416 9.902186
v 60.483464 3.434255 10.569551
v 60.483464 1.738532 10.976658
v 60.483464 0.000000 11.113483
v 60.483464 -1.738532 10.976658
v 60.483464 -3.434255 10.569551
v 60.483464 -5.045416 9.902186
v 60.483464 -6.532342 8.990997
v 60.483464 -7.858419 7.858419
v 60.483464 -8.990997 6.532342
v 60.483464 -9.902186 5.045416
v 60.483464 -10.569551 3.434255
v 60.483464 -10.976658 1.738532
v 60.483464 -11.113483 0.000000
v 60.483464 -10.976658 -1.738532
v 60.483464 -10.569551 -3.434255
v 60.483464 -9.902186 -5.045416
v 60.483464 -8.990997 -6.532342
v 60.483464 -7.858419 -7.858419
v 60.483464 -6.532342 -8.990997
v 60.483464 -5.045416 -9.902186
v 60.483464 -3.434255 -10.569551
v 60.483464 -1.738532 -10.976658
v 60.483464 -0.000000 -11.113483
v 60.483464 1.738532 -10.976658
v 60.483464 3.434255 -10.569551
v 60.483464 5.045416 -9.902186
v 60.483464 6.532342 -8.990997
v 60.483464 7.858419 -7.858419
v 60.483464 8.990997 -6.532342
v 60.483464 9.902186 -5.045416
v 60.483464 10.569551 -3.434255
v 60.483464 10.976658 -1.738532
v -7.000000 0.000000 0.000000
v 61.000000 0.000000 0.000000
v -4.000000 53.907671 10.964170
v 58.000000 53.907671 10.964170
v 58.000000 66.841984 16.321738
v -4.000000 66.841984 16.321738
v -4.000000 45.871319 30.365640
v 58.000000 45.871319 30.365640
v 58.000000 58.805632 35.723208
v -4.000000 58.805632 35.723208
v -4.000000 30.365640 45.871319
v 58.000000 30.365640 45.871319
v 58.000000 35.723208 58.805632
v -4.000000 35.723208 58.805632
v -4.000000 10.964170 53.907671
v 58.000000 10.964170 53.907671
v 58.000000 16.321738 66.841984
v -4.000000 16.321738 66.841984
v -4.000000 -10.964170 53.907671
v 58.000000 -10.964170 53.907671
v 58.000000 -16.321738 66.841984
v -4.000000 -16.321738 66.841984
v -4.000000 -30.365640 45.871319
v 58.000000 -30.365640 45.871319
v 58.000000 -35.723208 58.805632
v -4.000000 -35.723208 58.805632
v -4.000000 -45.871319 30.365640
v 58.000000 -45.871319 30.365640
v 58.000000 -58.805632 35.723208
v -4.000000 -58.805632 35.723208
v -4.000000 -53.907671 10.964170
v 58.000000 -53.907671 10.964170
v 58.000000 -66.841984 16.321738
v -4.000000 -66.841984 16.321738
v -4.000000 -53.907671 -10.964170
v 58.000000 -53.907671 -10.964170
v 58.000000 -66.841984 -16.321738
v -4.000000 -66.841984 -16.321738
v -4.000000 -45.871319 -30.365640
v 58.000000 -45.871319 -30.365640
v 58.000000 -58.805632 -35.723208
v -4.000000 -58.805632 -35.723208
v -4.000000 -30.365640 -45.871319
v 58.000000 -30.365640 -45.871319
v 58.000000 -35.723208 -58.805632
v -4.000000 -35.723208 -58.805632
v -4.000000 -10.964170 -53.907671
v 58.000000 -10.964170 -53.907671
v 58.000000 -16.321738 -66.841984
v -4.000000 -16.321738 -66.841984
v -4.000000 10.964170 -53.907671
v 58.000000 10.964170 -53.907671
v 58.000000 16.321738 -66.841984
v -4.000000 16.321738 -66.841984
v -4.000000 30.365640 -45.871319
v 58.000000 30.365640 -45.871319
v 58.000000 35.723208 -58.805632
v -4.000000 35.723208 -58.805632
v -4.000000 45.871319 -30.365640
v 58.000000 45.871319 -30.365640
v 58.000000 58.805632 -35.723208
v -4.000000 58.805632 -35.723208
v -4.000000 53.907671 -10.964170
v 58.000000 53.907671 -10.964170
v 58.000000 66.841984 -16.321738
v -4.000000 66.841984 -16.321738
v 43.000000 40.478589 8.107643
v 67.000000 40.478589 8.107643
v 67.000000 50.641263 12.317161
v 43.000000 50.641263 12.317161
v 43.000000 34.355654 22.889715
v 67.000000 34.355654 22.889715
v 67.000000 44.518328 27.099233
v 43.000000 44.518328 27.099233
v 43.000000 22.889715 34.355654
v 67.000000 22.889715 34.355654
v 67.000000 27.099233 44.518328
v 43.000000 27.099233 44.518328
v 43.000000 8.107643 40.478589
v 67.000000 8.107643 40.478589
v 67.000000 12.317161 50.641263
v 43.000000 12.317161 50.641263
v 43.000000 -8.107643 40.478589
v 67.000000 -8.107643 40.478589
v 67.000000 -12.317161 50.641263
v 43.000000 -12.317161 50.641263
v 43.000000 -22.889715 34.355654
v 67.000000 -22.889715 34.355654
v 67.000000 -27.099233 44.518328
v 43.000000 -27.099233 44.518328
v 43.000000 -34.355654 22.889715
v 67.000000 -34.355654 22.889715
v 67.000000 -44.518328 27.099233
v 43.000000 -44.518328 27.099233
v 43.000000 -40.478589 8.107643
v 67.000000 -40.478589 8.107643
v 67.000000 -50.641263 12.317161
v 43.000000 -50.641263 12.317161
v 43.000000 -40.478589 -8.107643
v 67.000000 -40.478589 -8.107643
v 67.000000 -50.641263 -12.317161
v 43.000000 -50.641263 -12.317161
v 43.000000 -34.355654 -22.889715
v 67.000000 -34.355654 -22.889715
v 67.000000 -44.518328 -27.099233
v 43.000000 -44.518328 -27.099233
v 43.000000 -22.889715 -34.355654
v 67.000000 -22.889715 -34.355654
v 67.000000 -27.099233 -44.518328
v 43.000000 -27.099233 -44.518328
v 43.000000 -8.107643 -40.478589
v 67.000000 -8.107643 -40.478589
v 67.000000 -12.317161 -50.641263
v 43.000000 -12.317161 -50.641263
v 43.000000 8.107643 -40.478589
v 67.000000 8.107643 -40.478589
v 67.000000 12.317161 -50.641263
v 43.000000 12.317161 -50.641263
v 43.000000 22.889715 -34.355654
v 67.000000 22.889715 -34.355654
v 67.000000 27.099233 -44.518328
v 43.000000 27.099233 -44.518328
v 43.000000 34.355654 -22.889715
v 67.000000 34.355654 -22.889715
v 67.000000 44.518328 -27.099233
v 43.000000 44.518328 -27.099233
v 43.000000 40.478589 -8.107643
v 67.000000 40.478589 -8.107643
v 67.000000 50.641263 -12.317161
v 43.000000 50.641263 -12.317161
v 10.000000 41.528152 13.413151
v 58.000000 41.528152 13.413151
v 58.000000 46.147549 15.326568
v 10.000000 46.147549 15.326568
v 10.000000 38.849368 19.880308
v 58.000000 38.849368 19.880308
v 58.000000 43.468765 21.793725
v 10.000000 43.468765 21.793725
v 10.000000 19.880308 38.849368
v 58.000000 19.880308 38.849368
v 58.000000 21.793725 43.468765
v 10.000000 21.793725 43.468765
v 10.000000 13.413151 41.528152
v 58.000000 13.413151 41.528152
v 58.000000 15.326568 46.147549
v 10.000000 15.326568 46.147549
v 10.000000 -13.413151 41.528152
v 58.000000 -13.413151 41.528152
v 58.000000 -15.326568 46.147549
v 10.000000 -15.326568 46.147549
v 10.000000 -19.880308 38.849368
v 58.000000 -19.880308 38.849368
v 58.000000 -21.793725 43.468765
v 10.000000 -21.793725 43.468765
v 10.000000 -38.849368 19.880308
v 58.000000 -38.849368 19.880308
v 58.000000 -43.468765 21.793725
v 10.000000 -43.468765 21.793725
v 10.000000 -41.528152 13.413151
v 58.000000 -41.528152 13.413151
v 58.000000 -46.147549 15.326568
v 10.000000 -46.147549 15.326568
v 10.000000 -41.528152 -13.413151
v 58.000000 -41.528152 -13.413151
v 58.000000 -46.147549 -15.326568
v 10.000000 -46.147549 -15.326568
v 10.000000 -38.849368 -19.880308
v 58.000000 -38.849368 -19.880308
v 58.000000 -43.468765 -21.793725
v 10.000000 -43.468765 -21.793725
v 10.000000 -19.880308 -38.849368
v 58.000000 -19.880308 -38.849368
v 58.000000 -21.793725 -43.468765
v 10.000000 -21.793725 -43.468765
v 10.000000 -13.413151 -41.528152
v 58.000000 -13.413151 -41.528152
v 58.000000 -15.326568 -46.147549
v 10.000000 -15.326568 -46.147549
v 10.000000 13.413151 -41.528152
v 58.000000 13.413151 -41.528152
v 58.000000 15.326568 -46.147549
v 10.000000 15.326568 -46.147549
v 10.000000 19.880308 -38.849368
v 58.000000 19.880308 -38.849368
v 58.000000 21.793725 -43.468765
v 10.000000 21.793725 -43.468765
v 10.000000 38.849368 -19.880308
v 58.000000 38.849368 -19.880308
v 58.000000 43.468765 -21.793725
v 10.000000 43.468765 -21.793725
v 10.000000 41.528152 -13.413151
v 58.000000 41.528152 -13.413151
v 58.000000 46.147549 -15.326568
v 10.000000 46.147549 -15.326568
v 18.000000 49.000000 0.000000
v 52.000000 31.000000 0.000000
v 18.000000 48.580798 6.395783
v 52.000000 30.734791 4.046312
v 18.000000 47.330365 12.682133
v 52.000000 29.943701 8.023390
v 18.000000 45.270097 18.751488
v 52.000000 28.640266 11.863186
v 18.000000 42.435245 24.500000
v 52.000000 26.846788 15.500000
v 18.000000 38.874314 29.829310
v 52.000000 24.593954 18.871604
v 18.000000 34.648232 34.648232
v 52.000000 21.920310 21.920310
v 18.000000 29.829310 38.874314
v 52.000000 18.871604 24.593954
v 18.000000 24.500000 42.435245
v 52.000000 15.500000 26.846788
v 18.000000 18.751488 45.270097
v 52.000000 11.863186 28.640266
v 18.000000 12.682133 47.330365
v 52.000000 8.023390 29.943701
v 18.000000 6.395783 48.580798
v 52.000000 4.046312 30.734791
v 18.000000 0.000000 49.000000
v 52.000000 0.000000 31.000000
v 18.000000 -6.395783 48.580798
v 52.000000 -4.046312 30.734791
v 18.000000 -12.682133 47.330365
v 52.000000 -8.023390 29.943701
v 18.000000 -18.751488 45.270097
v 52.000000 -11.863186 28.640266
v 18.000000 -24.500000 42.435245
v 52.000000 -15.500000 26.846788
v 18.000000 -29.829310 38.874314
v 52.000000 -18.871604 24.593954
v 18.000000 -34.648232 34.648232
v 52.000000 -21.920310 21.920310
v 18.000000 -38.874314 29.829310
v 52.000000 -24.593954 18.871604
v 18.000000 -42.435245 24.500000
v 52.000000 -26.846788 15.500000
v 18.000000 -45.270097 18.751488
v 52.000000 -28.640266 11.863186
v 18.000000 -47.330365 12.682133
v 52.000000 -29.943701 8.023390
v 18.000000 -48.580798 6.395783
v 52.000000 -30.734791 4.046312
v 18.000000 -49.000000 0.000000
v 52.000000 -31.000000 0.000000
v 18.000000 -48.580798 -6.395783
v 52.000000 -30.734791 -4.046312
v 18.000000 -47.330365 -12.682133
v 52.000000 -29.943701 -8.023390
v 18.000000 -45.270097 -18.751488
v 52.000000 -28.640266 -11.863186
v 18.000000 -42.435245 -24.500000
v 52.000000 -26.846788 -15.500000
v 18.000000 -38.874314 -29.829310
v 52.000000 -24.593954 -18.871604
v 18.000000 -34.648232 -34.648232
v 52.000000 -21.920310 -21.920310
v 18.000000 -29.829310 -38.874314
v 52.000000 -18.871604 -24.593954
v 18.000000 -24.500000 -42.435245
v 52.000000 -15.500000 -26.846788
v 18.000000 -18.751488 -45.270097
v 52.000000 -11.863186 -28.640266
v 18.000000 -12.682133 -47.330365
v 52.000000 -8.023390 -29.943701
v 18.000000 -6.395783 -48.580798
v 52.000000 -4.046312 -30.734791
v 18.000000 -0.000000 -49.000000
v 52.000000 -0.000000 -31.000000
v 18.000000 6.395783 -48.580798
v 52.000000 4.046312 -30.734791
v 18.000000 12.682133 -47.330365
v 52.000000 8.023390 -29.943701
v 18.000000 18.751488 -45.270097
v 52.000000 11.863186 -28.640266
v 18.000000 24.500000 -42.435245
v 52.000000 15.500000 -26.846788
v 18.000000 29.829310 -38.874314
v 52.000000 18.871604 -24.593954
v 18.000000 34.648232 -34.648232
v 52.000000 21.920310 -21.920310
v 18.000000 38.874314 -29.829310
v 52.000000 24.593954 -18.871604
v 18.000000 42.435245 -24.500000
v 52.000000 26.846788 -15.500000
v 18.000000 45.270097 -18.751488
v 52.000000 28.640266 -11.863186
v 18.000000 47.330365 -12.682133
v 52.000000 29.943701 -8.023390
v 18.000000 48.580798 -6.395783
v 52.000000 30.734791 -4.046312
v 18.000000 0.000000 0.000000
v 52.000000 0.000000 0.000000
v 49.000000 39.000000 0.000000
v 51.828427 37.828427 0.000000
v 53.000000 35.000000 0.000000
v 51.828427 32.171573 0.000000
v 49.000000 31.000000 0.000000
v 46.171573 32.171573 0.000000
v 45.000000 35.000000 0.000000
v 46.171573 37.828427 0.000000
v 49.000000 38.666350 5.090521
v 51.828427 37.504800 4.937601
v 53.000000 34.700570 4.568417
v 51.828427 31.896341 4.199233
v 49.000000 30.734791 4.046312
v 46.171573 31.896341 4.199233
v 45.000000 34.700570 4.568417
v 46.171573 37.504800 4.937601
v 49.000000 37.671107 10.093943
v 51.828427 36.539455 9.790717
v 53.000000 33.807404 9.058667
v 51.828427 31.075353 8.326616
v 49.000000 29.943701 8.023390
v 46.171573 31.075353 8.326616
v 45.000000 33.807404 9.058667
v 46.171573 36.539455 9.790717
v 49.000000 36.031302 14.924654
v 51.828427 34.948910 14.476312
v 53.000000 32.335784 13.393920
v 51.828427 29.722658 12.311528
v 49.000000 28.640266 11.863186
v 46.171573 29.722658 12.311528
v 45.000000 32.335784 13.393920
v 46.171573 34.948910 14.476312
v 49.000000 33.774991 19.500000
v 51.828427 32.760379 18.914214
v 53.000000 30.310889 17.500000
v 51.828427 27.861399 16.085786
v 49.000000 26.846788 15.500000
v 46.171573 27.861399 16.085786
v 45.000000 30.310889 17.500000
v 46.171573 32.760379 18.914214
v 49.000000 30.940780 23.741696
v 51.828427 30.011309 23.028487
v 53.000000 27.767367 21.306650
v 51.828427 25.523425 19.584813
v 49.000000 24.593954 18.871604
v 46.171573 25.523425 19.584813
v 45.000000 27.767367 21.306650
v 46.171573 30.011309 23.028487
v 49.000000 27.577164 27.577164
v 51.828427 26.748737 26.748737
v 53.000000 24.748737 24.748737
v 51.828427 22.748737 22.748737
v 49.000000 21.920310 21.920310
v 46.171573 22.748737 22.748737
v 45.000000 24.748737 24.748737
v 46.171573 26.748737 26.748737
v 49.000000 23.741696 30.940780
v 51.828427 23.028487 30.011309
v 53.000000 21.306650 27.767367
v 51.828427 19.584813 25.523425
v 49.000000 18.871604 24.593954
v 46.171573 19.584813 25.523425
v 45.000000 21.306650 27.767367
v 46.171573 23.028487 30.011309
v 49.000000 19.500000 33.774991
v 51.828427 18.914214 32.760379
v 53.000000 17.500000 30.310889
v 51.828427 16.085786 27.861399
v 49.000000 15.500000 26.846788
v 46.171573 16.085786 27.861399
v 45.000000 17.500000 30.310889
v 46.171573 18.914214 32.760379
v 49.000000 14.924654 36.031302
v 51.828427 14.476312 34.948910
v 53.000000 13.393920 32.335784
v 51.828427 12.311528 29.722658
v 49.000000 11.863186 28.640266
v 46.171573 12.311528 29.722658
v 45.000000 13.393920 32.335784
v 46.171573 14.476312 34.948910
v 49.000000 10.093943 37.671107
v 51.828427 9.790717 36.539455
v 53.000000 9.058667 33.807404
v 51.828427 8.326616 31.075353
v 49.000000 8.023390 29.943701
v 46.171573 8.326616 31.075353
v 45.000000 9.058667 33.807404
v 46.171573 9.790717 36.539455
v 49.000000 5.090521 38.666350
v 51.828427 4.937601 37.504800
v 53.000000 4.568417 34.700570
v 51.828427 4.199233 31.896341
v 49.000000 4.046312 30.734791
v 46.171573 4.199233 31.896341
v 45.000000 4.568417 34.700570
v 46.171573 4.937601 37.504800
v 49.000000 0.000000 39.000000
v 51.828427 0.000000 37.828427
v 53.000000 0.000000 35.000000
v 51.828427 0.000000 32.171573
v 49.000000 0.000000 31.000000
v 46.171573 0.000000 32.171573
v 45.000000 0.000000 35.000000
v 46.171573 0.000000 37.828427
v 49.000000 -5.090521 38.666350
v 51.828427 -4.937601 37.504800
v 53.000000 -4.568417 34.700570
v 51.828427 -4.199233 31.896341
v 49.000000 -4.046312 30.734791
v 46.171573 -4.199233 31.896341
v 45.000000 -4.568417 34.700570
v 46.171573 -4.937601 37.504800
v 49.000000 -10.093943 37.671107
v 51.828427 -9.790717 36.539455
v 53.000000 -9.058667 33.807404
v 51.828427 -8.326616 31.075353
v 49.000000 -8.023390 29.943701
v 46.171573 -8.326616 31.075353
v 45.000000 -9.058667 33.807404
v 46.171573 -9.790717 36.539455
v 49.000000 -14.924654 36.031302
v 51.828427 -14.476312 34.948910
v 53.000000 -13.393920 32.335784
v 51.828427 -12.311528 29.722658
v 49.000000 -11.863186 28.640266
v 46.171573 -12.311528 29.722658
v 45.000000 -13.393920 32.335784
v 46.171573 -14.476312 34.948910
v 49.000000 -19.500000 33.774991
v 51.828427 -18.914214 32.760379
v 53.000000 -17.500000 30.310889
v 51.828427 -16.085786 27.861399
v 49.000000 -15.500000 26.846788
v 46.171573 -16.085786 27.861399
v 45.000000 -17.500000 30.310889
v 46.171573 -18.914214 32.760379
v 49.000000 -23.741696 30.940780
v 51.828427 -23.028487 30.011309
v 53.000000 -21.306650 27.767367
v 51.828427 -19.584813 25.523425
v 49.000000 -18.871604 24.593954
v 46.171573 -19.584813 25.523425
v 45.000000 -21.306650 27.767367
v 46.171573 -23.028487 30.011309
v 49.000000 -27.577164 27.577164
v 51.828427 -26.748737 26.748737
v 53.000000 -24.748737 24.748737
v 51.828427 -22.748737 22.748737
v 49.000000 -21.920310 21.920310
v 46.171573 -22.748737 22.748737
v 45.000000 -24.748737 24.748737
v 46.171573 -26.748737 26.748737
v 49.000000 -30.940780 23.741696
v 51.828427 -30.011309 23.028487
v 53.000000 -27.767367 21.306650
v 51.828427 -25.523425 19.584813
v 49.000000 -24.593954 18.871604
v 46.171573 -25.523425 19.584813
v 45.000000 -27.767367 21.306650
v 46.171573 -30.011309 23.028487
v 49.000000 -33.774991 19.500000
v 51.828427 -32.760379 18.914214
v 53.000000 -30.310889 17.500000
v 51.828427 -27.861399 16.085786
v 49.000000 -26.846788 15.500000
v 46.171573 -27.861399 16.085786
v 45.000000 -30.310889 17.500000
v 46.171573 -32.760379 18.914214
v 49.000000 -36.031302 14.924654
v 51.828427 -34.948910 14.476312
v 53.000000 -32.335784 13.393920
v 51.828427 -29.722658 12.311528
v 49.000000 -28.640266 11.863186
v 46.171573 -29.722658 12.311528
v 45.000000 -32.335784 13.393920
v 46.171573 -34.948910 14.476312
v 49.000000 -37.671107 10.093943
v 51.828427 -36.539455 9.790717
v 53.000000 -33.807404 9.058667
v 51.828427 -31.075353 8.326616
v 49.000000 -29.943701 8.023390
v 46.171573 -31.075353 8.326616
v 45.000000 -33.807404 9.058667
v 46.171573 -36.539455 9.790717
v 49.000000 -38.666350 5.090521
v 51.828427 -37.504800 4.937601
v 53.000000 -34.700570 4.568417
v 51.828427 -31.896341 4.199233
v 49.000000 -30.734791 4.046312
v 46.171573 -31.896341 4.199233
v 45.000000 -34.700570 4.568417
v 46.171573 -37.504800 4.937601
v 49.000000 -39.000000 0.000000
v 51.828427 -37.828427 0.000000
v 53.000000 -35.000000 0.000000
v 51.828427 -32.171573 0.000000
v 49.000000 -31.000000 0.000000
v 46.171573 -32.171573 0.000000
v 45.000000 -35.000000 0.000000
v 46.171573 -37.828427 0.000000
v 49.000000 -38.666350 -5.090521
v 51.828427 -37.504800 -4.937601
v 53.000000 -34.700570 -4.568417
v 51.828427 -31.896341 -4.199233
v 49.000000 -30.734791 -4.046312
v 46.171573 -31.896341 -4.199233
v 45.000000 -34.700570 -4.568417
v 46.171573 -37.504800 -4.937601
v 49.000000 -37.671107 -10.093943
v 51.828427 -36.539455 -9.790717
v 53.000000 -33.807404 -9.058667
v 51.828427 -31.075353 -8.326616
v 49.000000 -29.943701 -8.023390
v 46.171573 -31.075353 -8.326616
v 45.000000 -33.807404 -9.058667
v 46.171573 -36.539455 -9.790717
v 49.000000 -36.031302 -14.924654
v 51.828427 -34.948910 -14.476312
v 53.000000 -32.335784 -13.393920
v 51.828427 -29.722658 -12.311528
v 49.000000 -28.640266 -11.863186
v 46.171573 -29.722658 -12.311528
v 45.000000 -32.335784 -13.393920
v 46.171573 -34.948910 -14.476312
v 49.000000 -33.774991 -19.500000
v 51.828427 -32.760379 -18.914214
v 53.000000 -30.310889 -17.500000
v 51.828427 -27.861399 -16.085786
v 49.000000 -26.846788 -15.500000
v 46.171573 -27.861399 -16.085786
v 45.000000 -30.310889 -17.500000
v 46.171573 -32.760379 -18.914214
v 49.000000 -30.940780 -23.741696
v 51.828427 -30.011309 -23.028487
v 53.000000 -27.767367 -21.306650
v 51.828427 -25.523425 -19.584813
v 49.000000 -24.593954 -18.871604
v 46.171573 -25.523425 -19.584813
v 45.000000 -27.767367 -21.306650
v 46.171573 -30.011309 -23.028487
v 49.000000 -27.577164 -27.577164
v 51.828427 -26.748737 -26.748737
v 53.000000 -24.748737 -24.748737
v 51.828427 -22.748737 -22.748737
v 49.000000 -21.920310 -21.920310
v 46.171573 -22.748737 -22.748737
v 45.000000 -24.748737 -24.748737
v 46.171573 -26.748737 -26.748737
v 49.000000 -23.741696 -30.940780
v 51.828427 -23.028487 -30.011309
v 53.000000 -21.306650 -27.767367
v 51.828427 -19.584813 -25.523425
v 49.000000 -18.871604 -24.593954
v 46.171573 -19.584813 -25.523425
v 45.000000 -21.306650 -27.767367
v 46.171573 -23.028487 -30.011309
v 49.000000 -19.500000 -33.774991
v 51.828427 -18.914214 -32.760379
v 53.000000 -17.500000 -30.310889
v 51.828427 -16.085786 -27.861399
v 49.000000 -15.500000 -26.846788
v 46.171573 -16.085786 -27.861399
v 45.000000 -17.500000 -30.310889
v 46.171573 -18.914214 -32.760379
v 49.000000 -14.924654 -36.031302
v 51.828427 -14.476312 -34.948910
v 53.000000 -13.393920 -32.335784
v 51.828427 -12.311528 -29.722658
v 49.000000 -11.863186 -28.640266
v 46.171573 -12.311528 -29.722658
v 45.000000 -13.393920 -32.335784
v 46.171573 -14.476312 -34.948910
v 49.000000 -10.093943 -37.671107
v 51.828427 -9.790717 -36.539455
v 53.000000 -9.058667 -33.807404
v 51.828427 -8.326616 -31.075353
v 49.000000 -8.023390 -29.943701
v 46.171573 -8.326616 -31.075353
v 45.000000 -9.058667 -33.807404
v 46.171573 -9.790717 -36.539455
v 49.000000 -5.090521 -38.666350
v 51.828427 -4.937601 -37.504800
v 53.000000 -4.568417 -34.700570
v 51.828427 -4.199233 -31.896341
v 49.000000 -4.046312 -30.734791
v 46.171573 -4.199233 -31.896341
v 45.000000 -4.568417 -34.700570
v 46.171573 -4.937601 -37.504800
v 49.000000 -0.000000 -39.000000
v 51.828427 -0.000000 -37.828427
v 53.000000 -0.000000 -35.000000
v 51.828427 -0.000000 -32.171573
v 49.000000 -0.000000 -31.000000
v 46.171573 -0.000000 -32.171573
v 45.000000 -0.000000 -35.000000
v 46.171573 -0.000000 -37.828427
v 49.000000 5.090521 -38.666350
v 51.828427 4.937601 -37.504800
v 53.000000 4.568417 -34.700570
v 51.828427 4.199233 -31.896341
v 49.000000 4.046312 -30.734791
v 46.171573 4.199233 -31.896341
v 45.000000 4.568417 -34.700570
v 46.171573 4.937601 -37.504800
v 49.000000 10.093943 -37.671107
v 51.828427 9.790717 -36.539455
v 53.000000 9.058667 -33.807404
v 51.828427 8.326616 -31.075353
v 49.000000 8.023390 -29.943701
v 46.171573 8.326616 -31.075353
v 45.000000 9.058667 -33.807404
v 46.171573 9.790717 -36.539455
v 49.000000 14.924654 -36.031302
v 51.828427 14.476312 -34.948910
v 53.000000 13.393920 -32.335784
v 51.828427 12.311528 -29.722658
v 49.000000 11.863186 -28.640266
v 46.171573 12.311528 -29.722658
v 45.000000 13.393920 -32.335784
v 46.171573 14.476312 -34.948910
v 49.000000 19.500000 -33.774991
v 51.828427 18.914214 -32.760379
v 53.000000 17.500000 -30.310889
v 51.828427 16.085786 -27.861399
v 49.000000 15.500000 -26.846788
v 46.171573 16.085786 -27.861399
v 45.000000 17.500000 -30.310889
v 46.171573 18.914214 -32.760379
v 49.000000 23.741696 -30.940780
v 51.828427 23.028487 -30.011309
v 53.000000 21.306650 -27.767367
v 51.828427 19.584813 -25.523425
v 49.000000 18.871604 -24.593954
v 46.171573 19.584813 -25.523425
v 45.000000 21.306650 -27.767367
v 46.171573 23.028487 -30.011309
v 49.000000 27.577164 -27.577164
v 51.828427 26.748737 -26.748737
v 53.000000 24.748737 -24.748737
v 51.828427 22.748737 -22.748737
v 49.000000 21.920310 -21.920310
v 46.171573 22.748737 -22.748737
v 45.000000 24.748737 -24.748737
v 46.171573 26.748737 -26.748737
v 49.000000 30.940780 -23.741696
v 51.828427 30.011309 -23.028487
v 53.000000 27.767367 -21.306650
v 51.828427 25.523425 -19.584813
v 49.000000 24.593954 -18.871604
v 46.171573 25.523425 -19.584813
v 45.000000 27.767367 -21.306650
v 46.171573 30.011309 -23.028487
v 49.000000 33.774991 -19.500000
v 51.828427 32.760379 -18.914214
v 53.000000 30.310889 -17.500000
v 51.828427 27.861399 -16.085786
v 49.000000 26.846788 -15.500000
v 46.171573 27.861399 -16.085786
v 45.000000 30.310889 -17.500000
v 46.171573 32.760379 -18.914214
v 49.000000 36.031302 -14.924654
v 51.828427 34.948910 -14.476312
v 53.000000 32.335784 -13.393920
v 51.828427 29.722658 -12.311528
v 49.000000 28.640266 -11.863186
v 46.171573 29.722658 -12.311528
v 45.000000 32.335784 -13.393920
v 46.171573 34.948910 -14.476312
v 49.000000 37.671107 -10.093943
v 51.828427 36.539455 -9.790717
v 53.000000 33.807404 -9.058667
v 51.828427 31.075353 -8.326616
v 49.000000 29.943701 -8.023390
v 46.171573 31.075353 -8.326616
v 45.000000 33.807404 -9.058667
v 46.171573 36.539455 -9.790717
v 49.000000 38.666350 -5.090521
v 51.828427 37.504800 -4.937601
v 53.000000 34.700570 -4.568417
v 51.828427 31.896341 -4.199233
v 49.000000 30.734791 -4.046312
v 46.171573 31.896341 -4.199233
v 45.000000 34.700570 -4.568417
v 46.171573 37.504800 -4.937601
v 59.000000 33.000000 0.000000
v 61.828427 31.828427 0.000000
v 63.000000 29.000000 0.000000
v 61.828427 26.171573 0.000000
v 59.000000 25.000000 0.000000
v 56.171573 26.171573 0.000000
v 55.000000 29.000000 0.000000
v 56.171573 31.828427 0.000000
v 59.000000 32.593715 5.162337
v 61.828427 31.436566 4.979063
v 63.000000 28.642962 4.536599
v 61.828427 25.849357 4.094136
v 59.000000 24.692209 3.910862
v 56.171573 25.849357 4.094136
v 55.000000 28.642962 4.536599
v 56.171573 31.436566 4.979063
v 59.000000 31.384865 10.197561
v 61.828427 30.270633 9.835525
v 63.000000 27.580639 8.961493
v 61.828427 24.890645 8.087461
v 59.000000 23.776413 7.725425
v 56.171573 24.890645 8.087461
v 55.000000 27.580639 8.961493
v 56.171573 30.270633 9.835525
v 59.000000 29.403215 14.981686
v 61.828427 28.359336 14.449804
v 63.000000 25.839189 13.165724
v 61.828427 23.319042 11.881645
v 59.000000 22.275163 11.349762
v 56.171573 23.319042 11.881645
v 55.000000 25.839189 13.165724
v 56.171573 28.359336 14.449804
v 59.000000 26.697561 19.396913
v 61.828427 25.749738 18.708280
v 63.000000 23.461493 17.045772
v 61.828427 21.173247 15.383265
v 59.000000 20.225425 14.694631
v 56.171573 21.173247 15.383265
v 55.000000 23.461493 17.045772
v 56.171573 25.749738 18.708280
v 59.000000 23.334524 23.334524
v 61.828427 22.506097 22.506097
v 63.000000 20.506097 20.506097
v 61.828427 18.506097 18.506097
v 59.000000 17.677670 17.677670
v 56.171573 18.506097 18.506097
v 55.000000 20.506097 20.506097
v 56.171573 22.506097 22.506097
v 59.000000 19.396913 26.697561
v 61.828427 18.708280 25.749738
v 63.000000 17.045772 23.461493
v 61.828427 15.383265 21.173247
v 59.000000 14.694631 20.225425
v 56.171573 15.383265 21.173247
v 55.000000 17.045772 23.461493
v 56.171573 18.708280 25.749738
v 59.000000 14.981686 29.403215
v 61.828427 14.449804 28.359336
v 63.000000 13.165724 25.839189
v 61.828427 11.881645 23.319042
v 59.000000 11.349762 22.275163
v 56.171573 11.881645 23.319042
v 55.000000 13.165724 25.839189
v 56.171573 14.449804 28.359336
v 59.000000 10.197561 31.384865
v 61.828427 9.835525 30.270633
v 63.000000 8.961493 27.580639
v 61.828427 8.087461 24.890645
v 59.000000 7.725425 23.776413
v 56.171573 8.087461 24.890645
v 55.000000 8.961493 27.580639
v 56.171573 9.835525 30.270633
v 59.000000 5.162337 32.593715
v 61.828427 4.979063 31.436566
v 63.000000 4.536599 28.642962
v 61.828427 4.094136 25.849357
v 59.000000 3.910862 24.692209
v 56.171573 4.094136 25.849357
v 55.000000 4.536599 28.642962
v 56.171573 4.979063 31.436566
v 59.000000 0.000000 33.000000
v 61.828427 0.000000 31.828427
v 63.000000 0.000000 29.000000
v 61.828427 0.000000 26.171573
v 59.000000 0.000000 25.000000
v 56.171573 0.000000 26.171573
v 55.000000 0.000000 29.000000
v 56.171573 0.000000 31.828427
v 59.000000 -5.162337 32.593715
v 61.828427 -4.979063 31.436566
v 63.000000 -4.536599 28.642962
v 61.828427 -4.094136 25.849357
v 59.000000 -3.910862 24.692209
v 56.171573 -4.094136 25.849357
v 55.000000 -4.536599 28.642962
v 56.171573 -4.979063 31.436566
v 59.000000 -10.197561 31.384865
v 61.828427 -9.835525 30.270633
v 63.000000 -8.961493 27.580639
v 61.828427 -8.087461 24.890645
v 59.000000 -7.725425 23.776413
v 56.171573 -8.087461 24.890645
v 55.000000 -8.961493 27.580639
v 56.171573 -9.835525 30.270633
v 59.000000 -14.981686 29.403215
v 61.828427 -14.449804 28.359336
v 63.000000 -13.165724 25.839189
v 61.828427 -11.881645 23.319042
v 59.000000 -11.349762 22.275163
v 56.171573 -11.881645 23.319042
v 55.000000 -13.165724 25.839189
v 56.171573 -14.449804 28.359336
v 59.000000 -19.396913 26.697561
v 61.828427 -18.708280 25.749738
v 63.000000 -17.045772 23.461493
v 61.828427 -15.383265 21.173247
v 59.000000 -14.694631 20.225425
v 56.171573 -15.383265 21.173247
v 55.000000 -17.045772 23.461493
v 56.171573 -18.708280 25.749738
v 59.000000 -23.334524 23.334524
v 61.828427 -22.506097 22.506097
v 63.000000 -20.506097 20.506097
v 61.828427 -18.506097 18.506097
v 59.000000 -17.677670 17.677670
v 56.171573 -18.506097 18.506097
v 55.000000 -20.506097 20.506097
v 56.171573 -22.506097 22.506097
v 59.000000 -26.697561 19.396913
v 61.828427 -25.749738 18.708280
v 63.000000 -23.461493 17.045772
v 61.828427 -21.173247 15.383265
v 59.000000 -20.225425 14.694631
v 56.171573 -21.173247 15.383265
v 55.000000 -23.461493 17.045772
v 56.171573 -25.749738 18.708280
v 59.000000 -29.403215 14.981686
v 61.828427 -28.359336 14.449804
v 63.000000 -25.839189 13.165724
v 61.828427 -23.319042 11.881645
v 59.000000 -22.275163 11.349762
v 56.171573 -23.319042 11.881645
v 55.000000 -25.839189 13.165724
v 56.171573 -28.359336 14.449804
v 59.000000 -31.384865 10.197561
v 61.828427 -30.270633 9.835525
v 63.000000 -27.580639 8.961493
v 61.828427 -24.890645 8.087461
v 59.000000 -23.776413 7.725425
v 56.171573 -24.890645 8.087461
v 55.000000 -27.580639 8.961493
v 56.171573 -30.270633 9.835525
v 59.000000 -32.593715 5.162337
v 61.828427 -31.436566 4.979063
v 63.000000 -28.642962 4.536599
v 61.828427 -25.849357 4.094136
v 59.000000 -24.692209 3.910862
v 56.171573 -25.849357 4.094136
v 55.000000 -28.642962 4.536599
v 56.171573 -31.436566 4.979063
v 59.000000 -33.000000 0.000000
v 61.828427 -31.828427 0.000000
v 63.000000 -29.000000 0.000000
v 61.828427 -26.171573 0.000000
v 59.000000 -25.000000 0.000000
v 56.171573 -26.171573 0.000000
v 55.000000 -29.000000 0.000000
v 56.171573 -31.828427 0.000000
v 59.000000 -32.593715 -5.162337
v 61.828427 -31.436566 -4.979063
v 63.000000 -28.642962 -4.536599
v 61.828427 -25.849357 -4.094136
v 59.000000 -24.692209 -3.910862
v 56.171573 -25.849357 -4.094136
v 55.000000 -28.642962 -4.536599
v 56.171573 -31.436566 -4.979063
v 59.000000 -31.384865 -10.197561
v 61.828427 -30.270633 -9.835525
v 63.000000 -27.580639 -8.961493
v 61.828427 -24.890645 -8.087461
v 59.000000 -23.776413 -7.725425
v 56.171573 -24.890645 -8.087461
v 55.000000 -27.580639 -8.961493
v 56.171573 -30.270633 -9.835525
v 59.000000 -29.403215 -14.981686
v 61.828427 -28.359336 -14.449804
v 63.000000 -25.839189 -13.165724
v 61.828427 -23.319042 -11.881645
v 59.000000 -22.275163 -11.349762
v 56.171573 -23.319042 -11.881645
v 55.000000 -25.839189 -13.165724
v 56.171573 -28.359336 -14.449804
v 59.000000 -26.697561 -19.396913
v 61.828427 -25.749738 -18.708280
v 63.000000 -23.461493 -17.045772
v 61.828427 -21.173247 -15.383265
v 59.000000 -20.225425 -14.694631
v 56.171573 -21.173247 -15.383265
v 55.000000 -23.461493 -17.045772
v 56.171573 -25.749738 -18.708280
v 59.000000 -23.334524 -23.334524
v 61.828427 -22.506097 -22.506097
v 63.000000 -20.506097 -20.506097
v 61.828427 -18.506097 -18.506097
v 59.000000 -17.677670 -17.677670
v 56.171573 -18.506097 -18.506097
v 55.000000 -20.506097 -20.506097
v 56.171573 -22.506097 -22.506097
v 59.000000 -19.396913 -26.697561
v 61.828427 -18.708280 -25.749738
v 63.000000 -17.045772 -23.461493
v 61.828427 -15.383265 -21.173247
v 59.000000 -14.694631 -20.225425
v 56.171573 -15.383265 -21.173247
v 55.000000 -17.045772 -23.461493
v 56.171573 -18.708280 -25.749738
v 59.000000 -14.981686 -29.403215
v 61.828427 -14.449804 -28.359336
v 63.000000 -13.165724 -25.839189
v 61.828427 -11.881645 -23.319042
v 59.000000 -11.349762 -22.275163
v 56.171573 -11.881645 -23.319042
v 55.000000 -13.165724 -25.839189
v 56.171573 -14.449804 -28.359336
v 59.000000 -10.197561 -31.384865
v 61.828427 -9.835525 -30.270633
v 63.000000 -8.961493 -27.580639
v 61.828427 -8.087461 -24.890645
v 59.000000 -7.725425 -23.776413
v 56.171573 -8.087461 -24.890645
v 55.000000 -8.961493 -27.580639
v 56.171573 -9.835525 -30.270633
v 59.000000 -5.162337 -32.593715
v 61.828427 -4.979063 -31.436566
v 63.000000 -4.536599 -28.642962
v 61.828427 -4.094136 -25.849357
v 59.000000 -3.910862 -24.692209
v 56.171573 -4.094136 -25.849357
v 55.000000 -4.536599 -28.642962
v 56.171573 -4.979063 -31.436566
v 59.000000 -0.000000 -33.000000
v 61.828427 -0.000000 -31.828427
v 63.000000 -0.000000 -29.000000
v 61.828427 -0.000000 -26.171573
v 59.000000 -0.000000 -25.000000
v 56.171573 -0.000000 -26.171573
v 55.000000 -0.000000 -29.000000
v 56.171573 -0.000000 -31.828427
v 59.000000 5.162337 -32.593715
v 61.828427 4.979063 -31.436566
v 63.000000 4.536599 -28.642962
v 61.828427 4.094136 -25.849357
v 59.000000 3.910862 -24.692209
v 56.171573 4.094136 -25.849357
v 55.000000 4.536599 -28.642962
v 56.171573 4.979063 -31.436566
v 59.000000 10.197561 -31.384865
v 61.828427 9.835525 -30.270633
v 63.000000 8.961493 -27.580639
v 61.828427 8.087461 -24.890645
v 59.000000 7.725425 -23.776413
v 56.171573 8.087461 -24.890645
v 55.000000 8.961493 -27.580639
v 56.171573 9.835525 -30.270633
v 59.000000 14.981686 -29.403215
v 61.828427 14.449804 -28.359336
v 63.000000 13.165724 -25.839189
v 61.828427 11.881645 -23.319042
v 59.000000 11.349762 -22.275163
v 56.171573 11.881645 -23.319042
v 55.000000 13.165724 -25.839189
v 56.171573 14.449804 -28.359336
v 59.000000 19.396913 -26.697561
v 61.828427 18.708280 -25.749738
v 63.000000 17.045772 -23.461493
v 61.828427 15.383265 -21.173247
v 59.000000 14.694631 -20.225425
v 56.171573 15.383265 -21.173247
v 55.000000 17.045772 -23.461493
v 56.171573 18.708280 -25.749738
v 59.000000 23.334524 -23.334524
v 61.828427 22.506097 -22.506097
v 63.000000 20.506097 -20.506097
v 61.828427 18.506097 -18.506097
v 59.000000 17.677670 -17.677670
v 56.171573 18.506097 -18.506097
v 55.000000 20.506097 -20.506097
v 56.171573 22.506097 -22.506097
v 59.000000 26.697561 -19.396913
v 61.828427 25.749738 -18.708280
v 63.000000 23.461493 -17.045772
v 61.828427 21.173247 -15.383265
v 59.000000 20.225425 -14.694631
v 56.171573 21.173247 -15.383265
v 55.000000 23.461493 -17.045772
v 56.171573 25.749738 -18.708280
v 59.000000 29.403215 -14.981686
v 61.828427 28.359336 -14.449804
v 63.000000 25.839189 -13.165724
v 61.828427 23.319042 -11.881645
v 59.000000 22.275163 -11.349762
v 56.171573 23.319042 -11.881645
v 55.000000 25.839189 -13.165724
v 56.171573 28.359336 -14.449804
v 59.000000 31.384865 -10.197561
v 61.828427 30.270633 -9.835525
v 63.000000 27.580639 -8.961493
v 61.828427 24.890645 -8.087461
v 59.000000 23.776413 -7.725425
v 56.171573 24.890645 -8.087461
v 55.000000 27.580639 -8.961493
v 56.171573 30.270633 -9.835525
v 59.000000 32.593715 -5.162337
v 61.828427 31.436566 -4.979063
v 63.000000 28.642962 -4.536599
v 61.828427 25.849357 -4.094136
v 59.000000 24.692209 -3.910862
v 56.171573 25.849357 -4.094136
v 55.000000 28.642962 -4.536599
v 56.171573 31.436566 -4.979063
v 53.000000 26.000000 0.000000
v 65.000000 20.000000 0.000000
v 53.000000 25.679897 4.067296
v 65.000000 19.753767 3.128689
v 53.000000 24.727469 8.034442
v 65.000000 19.021130 6.180340
v 53.000000 23.166170 11.803753
v 65.000000 17.820130 9.079810
v 53.000000 21.034442 15.282417
v 65.000000 16.180340 11.755705
v 53.000000 18.384776 18.384776
v 65.000000 14.142136 14.142136
v 53.000000 15.282417 21.034442
v 65.000000 11.755705 16.180340
v 53.000000 11.803753 23.166170
v 65.000000 9.079810 17.820130
v 53.000000 8.034442 24.727469
v 65.000000 6.180340 19.021130
v 53.000000 4.067296 25.679897
v 65.000000 3.128689 19.753767
v 53.000000 0.000000 26.000000
v 65.000000 0.000000 20.000000
v 53.000000 -4.067296 25.679897
v 65.000000 -3.128689 19.753767
v 53.000000 -8.034442 24.727469
v 65.000000 -6.180340 19.021130
v 53.000000 -11.803753 23.166170
v 65.000000 -9.079810 17.820130
v 53.000000 -15.282417 21.034442
v 65.000000 -11.755705 16.180340
v 53.000000 -18.384776 18.384776
v 65.000000 -14.142136 14.142136
v 53.000000 -21.034442 15.282417
v 65.000000 -16.180340 11.755705
v 53.000000 -23.166170 11.803753
v 65.000000 -17.820130 9.079810
v 53.000000 -24.727469 8.034442
v 65.000000 -19.021130 6.180340
v 53.000000 -25.679897 4.067296
v 65.000000 -19.753767 3.128689
v 53.000000 -26.000000 0.000000
v 65.000000 -20.000000 0.000000
v 53.000000 -25.679897 -4.067296
v 65.000000 -19.753767 -3.128689
v 53.000000 -24.727469 -8.034442
v 65.000000 -19.021130 -6.180340
v 53.000000 -23.166170 -11.803753
v 65.000000 -17.820130 -9.079810
v 53.000000 -21.034442 -15.282417
v 65.000000 -16.180340 -11.755705
v 53.000000 -18.384776 -18.384776
v 65.000000 -14.142136 -14.142136
v 53.000000 -15.282417 -21.034442
v 65.000000 -11.755705 -16.180340
v 53.000000 -11.803753 -23.166170
v 65.000000 -9.079810 -17.820130
v 53.000000 -8.034442 -24.727469
v 65.000000 -6.180340 -19.021130
v 53.000000 -4.067296 -25.679897
v 65.000000 -3.128689 -19.753767
v 53.000000 -0.000000 -26.000000
v 65.000000 -0.000000 -20.000000
v 53.000000 4.067296 -25.679897
v 65.000000 3.128689 -19.753767
v 53.000000 8.034442 -24.727469
v 65.000000 6.180340 -19.021130
v 53.000000 11.803753 -23.166170
v 65.000000 9.079810 -17.820130
v 53.000000 15.282417 -21.034442
v 65.000000 11.755705 -16.180340
v 53.000000 18.384776 -18.384776
v 65.000000 14.142136 -14.142136
v 53.000000 21.034442 -15.282417
v 65.000000 16.180340 -11.755705
v 53.000000 23.166170 -11.803753
v 65.000000 17.820130 -9.079810
v 53.000000 24.727469 -8.034442
v 65.000000 19.021130 -6.180340
v 53.000000 25.679897 -4.067296
v 65.000000 19.753767 -3.128689
v 53.000000 0.000000 0.000000
v 65.000000 0.000000 0.000000
v 60.175505 4.227898 0.000000
v 60.175505 4.146660 0.824822
v 60.175505 3.906068 1.617946
v 60.175505 3.515368 2.348894
v 60.175505 2.989575 2.989575
v 60.175505 2.348894 3.515368
v 60.175505 1.617946 3.906068
v 60.175505 0.824822 4.146660
v 60.175505 0.000000 4.227898
v 60.175505 -0.824822 4.146660
v 60.175505 -1.617946 3.906068
v 60.175505 -2.348894 3.515368
v 60.175505 -2.989575 2.989575
v 60.175505 -3.515368 2.348894
v 60.175505 -3.906068 1.617946
v 60.175505 -4.146660 0.824822
v 60.175505 -4.227898 0.000000
v 60.175505 -4.146660 -0.824822
v 60.175505 -3.906068 -1.617946
v 60.175505 -3.515368 -2.348894
v 60.175505 -2.989575 -2.989575
v 60.175505 -2.348894 -3.515368
v 60.175505 -1.617946 -3.906068
v 60.175505 -0.824822 -4.146660
v 60.175505 -0.000000 -4.227898
v 60.175505 0.824822 -4.146660
v 60.175505 1.617946 -3.906068
v 60.175505 2.348894 -3.515368
v 60.175505 2.989575 -2.989575
v 60.175505 3.515368 -2.348894
v 60.175505 3.906068 -1.617946
v 60.175505 4.146660 -0.824822
v 60.693218 8.243791 0.000000
v 60.693218 8.085389 1.608284
v 60.693218 7.616270 3.154762
v 60.693218 6.854462 4.580005
v 60.693218 5.829241 5.829241
v 60.693218 4.580005 6.854462
v 60.693218 3.154762 7.616270
v 60.693218 1.608284 8.085389
v 60.693218 0.000000 8.243791
v 60.693218 -1.608284 8.085389
v 60.693218 -3.154762 7.616270
v 60.693218 -4.580005 6.854462
v 60.693218 -5.829241 5.829241
v 60.693218 -6.854462 4.580005
v 60.693218 -7.616270 3.154762
v 60.693218 -8.085389 1.608284
v 60.693218 -8.243791 0.000000
v 60.693218 -8.085389 -1.608284
v 60.693218 -7.616270 -3.154762
v 60.693218 -6.854462 -4.580005
v 60.693218 -5.829241 -5.829241
v 60.693218 -4.580005 -6.854462
v 60.693218 -3.154762 -7.616270
v 60.693218 -1.608284 -8.085389
v 60.693218 -0.000000 -8.243791
v 60.693218 1.608284 -8.085389
v 60.693218 3.154762 -7.616270
v 60.693218 4.580005 -6.854462
v 60.693218 5.829241 -5.829241
v 60.693218 6.854462 -4.580005
v 60.693218 7.616270 -3.154762
v 60.693218 8.085389 -1.608284
v 61.527180 11.846306 0.000000
v 61.527180 11.618683 2.311100
v 61.527180 10.944560 4.533385
v 61.527180 9.849844 6.581455
v 61.527180 8.376603 8.376603
v 61.527180 6.581455 9.849844
v 61.527180 4.533385 10.944560
v 61.527180 2.311100 11.618683
v 61.527180 0.000000 11.846306
v 61.527180 -2.311100 11.618683
v 61.527180 -4.533385 10.944560
v 61.527180 -6.581455 9.849844
v 61.527180 -8.376603 8.376603
v 61.527180 -9.849844 6.581455
v 61.527180 -10.944560 4.533385
v 61.527180 -11.618683 2.311100
v 61.527180 -11.846306 0.000000
v 61.527180 -11.618683 -2.311100
v 61.527180 -10.944560 -4.533385
v 61.527180 -9.849844 -6.581455
v 61.527180 -8.376603 -8.376603
v 61.527180 -6.581455 -9.849844
v 61.527180 -4.533385 -10.944560
v 61.527180 -2.311100 -11.618683
v 61.527180 -0.000000 -11.846306
v 61.527180 2.311100 -11.618683
v 61.527180 4.533385 -10.944560
v 61.527180 6.581455 -9.849844
v 61.527180 8.376603 -8.376603
v 61.527180 9.849844 -6.581455
v 61.527180 10.944560 -4.533385
v 61.527180 11.618683 -2.311100
v 62.635571 14.854798 0.000000
v 62.635571 14.569367 2.898027
v 62.635571 13.724044 5.684685
v 62.635571 12.351313 8.252884
v 62.635571 10.503929 10.503929
v 62.635571 8.252884 12.351313
v 62.635571 5.684685 13.724044
v 62.635571 2.898027 14.569367
v 62.635571 0.000000 14.854798
v 62.635571 -2.898027 14.569367
v 62.635571 -5.684685 13.724044
v 62.635571 -8.252884 12.351313
v 62.635571 -10.503929 10.503929
v 62.635571 -12.351313 8.252884
v 62.635571 -13.724044 5.684685
v 62.635571 -14.569367 2.898027
v 62.635571 -14.854798 0.000000
v 62.635571 -14.569367 -2.898027
v 62.635571 -13.724044 -5.684685
v 62.635571 -12.351313 -8.252884
v 62.635571 -10.503929 -10.503929
v 62.635571 -8.252884 -12.351313
v 62.635571 -5.684685 -13.724044
v 62.635571 -2.898027 -14.569367
v 62.635571 -0.000000 -14.854798
v 62.635571 2.898027 -14.569367
v 62.635571 5.684685 -13.724044
v 62.635571 8.252884 -12.351313
v 62.635571 10.503929 -10.503929
v 62.635571 12.351313 -8.252884
v 62.635571 13.724044 -5.684685
v 62.635571 14.569367 -2.898027
v 63.962814 17.118408 0.000000
v 63.962814 16.789483 3.339636
v 63.962814 15.815347 6.550931
v 63.962814 14.233436 9.510478
v 63.962814 12.104543 12.104543
v 63.962814 9.510478 14.233436
v 63.962814 6.550931 15.815347
v 63.962814 3.339636 16.789483
v 63.962814 0.000000 17.118408
v 63.962814 -3.339636 16.789483
v 63.962814 -6.550931 15.815347
v 63.962814 -9.510478 14.233436
v 63.962814 -12.104543 12.104543
v 63.962814 -14.233436 9.510478
v 63.962814 -15.815347 6.550931
v 63.962814 -16.789483 3.339636
v 63.962814 -17.118408 0.000000
v 63.962814 -16.789483 -3.339636
v 63.962814 -15.815347 -6.550931
v 63.962814 -14.233436 -9.510478
v 63.962814 -12.104543 -12.104543
v 63.962814 -9.510478 -14.233436
v 63.962814 -6.550931 -15.815347
v 63.962814 -3.339636 -16.789483
v 63.962814 -0.000000 -17.118408
v 63.962814 3.339636 -16.789483
v 63.962814 6.550931 -15.815347
v 63.962814 9.510478 -14.233436
v 63.962814 12.104543 -12.104543
v 63.962814 14.233436 -9.510478
v 63.962814 15.815347 -6.550931
v 63.962814 16.789483 -3.339636
v 65.442353 18.523630 0.000000
v 65.442353 18.167704 3.613781
v 65.442353 17.113603 7.088686
v 65.442353 15.401836 10.291178
v 65.442353 13.098185 13.098185
v 65.442353 10.291178 15.401836
v 65.442353 7.088686 17.113603
v 65.442353 3.613781 18.167704
v 65.442353 0.000000 18.523630
v 65.442353 -3.613781 18.167704
v 65.442353 -7.088686 17.113603
v 65.442353 -10.291178 15.401836
v 65.442353 -13.098185 13.098185
v 65.442353 -15.401836 10.291178
v 65.442353 -17.113603 7.088686
v 65.442353 -18.167704 3.613781
v 65.442353 -18.523630 0.000000
v 65.442353 -18.167704 -3.613781
v 65.442353 -17.113603 -7.088686
v 65.442353 -15.401836 -10.291178
v 65.442353 -13.098185 -13.098185
v 65.442353 -10.291178 -15.401836
v 65.442353 -7.088686 -17.113603
v 65.442353 -3.613781 -18.167704
v 65.442353 -0.000000 -18.523630
v 65.442353 3.613781 -18.167704
v 65.442353 7.088686 -17.113603
v 65.442353 10.291178 -15.401836
v 65.442353 13.098185 -13.098185
v 65.442353 15.401836 -10.291178
v 65.442353 17.113603 -7.088686
v 65.442353 18.167704 -3.613781
v 67.000000 19.000000 0.000000
v 67.000000 18.634920 3.706716
v 67.000000 17.553711 7.270985
v 67.000000 15.797923 10.555834
v 67.000000 13.435029 13.435029
v 67.000000 10.555834 15.797923
v 67.000000 7.270985 17.553711
v 67.000000 3.706716 18.634920
v 67.000000 0.000000 19.000000
v 67.000000 -3.706716 18.634920
v 67.000000 -7.270985 17.553711
v 67.000000 -10.555834 15.797923
v 67.000000 -13.435029 13.435029
v 67.000000 -15.797923 10.555834
v 67.000000 -17.553711 7.270985
v 67.000000 -18.634920 3.706716
v 67.000000 -19.000000 0.000000
v 67.000000 -18.634920 -3.706716
v 67.000000 -17.553711 -7.270985
v 67.000000 -15.797923 -10.555834
v 67.000000 -13.435029 -13.435029
v 67.000000 -10.555834 -15.797923
v 67.000000 -7.270985 -17.553711
v 67.000000 -3.706716 -18.634920
v 67.000000 -0.000000 -19.000000
v 67.000000 3.706716 -18.634920
v 67.000000 7.270985 -17.553711
v 67.000000 10.555834 -15.797923
v 67.000000 13.435029 -13.435029
v 67.000000 15.797923 -10.555834
v 67.000000 17.553711 -7.270985
v 67.000000 18.634920 -3.706716
v 68.557647 18.523630 0.000000
v 68.557647 18.167704 3.613781
v 68.557647 17.113603 7.088686
v 68.557647 15.401836 10.291178
v 68.557647 13.098185 13.098185
v 68.557647 10.291178 15.401836
v 68.557647 7.088686 17.113603
v 68.557647 3.613781 18.167704
v 68.557647 0.000000 18.523630
v 68.557647 -3.613781 18.167704
v 68.557647 -7.088686 17.113603
v 68.557647 -10.291178 15.401836
v 68.557647 -13.098185 13.098185
v 68.557647 -15.401836 10.291178
v 68.557647 -17.113603 7.088686
v 68.557647 -18.167704 3.613781
v 68.557647 -18.523630 0.000000
v 68.557647 -18.167704 -3.613781
v 68.557647 -17.113603 -7.088686
v 68.557647 -15.401836 -10.291178
v 68.557647 -13.098185 -13.098185
v 68.557647 -10.291178 -15.401836
v 68.557647 -7.088686 -17.113603
v 68.557647 -3.613781 -18.167704
v 68.557647 -0.000000 -18.523630
v 68.557647 3.613781 -18.167704
v 68.557647 7.088686 -17.113603
v 68.557647 10.291178 -15.401836
v 68.557647 13.098185 -13.098185
v 68.557647 15.401836 -10.291178
v 68.557647 17.113603 -7.088686
v 68.557647 18.167704 -3.613781
v 70.037186 17.118408 0.000000
v 70.037186 16.789483 3.339636
v 70.037186 15.815347 6.550931
v 70.037186 14.233436 9.510478
v 70.037186 12.104543 12.104543
v 70.037186 9.510478 14.233436
v 70.037186 6.550931 15.815347
v 70.037186 3.339636 16.789483
v 70.037186 0.000000 17.118408
v 70.037186 -3.339636 16.789483
v 70.037186 -6.550931 15.815347
v 70.037186 -9.510478 14.233436
v 70.037186 -12.104543 12.104543
v 70.037186 -14.233436 9.510478
v 70.037186 -15.815347 6.550931
v 70.037186 -16.789483 3.339636
v 70.037186 -17.118408 0.000000
v 70.037186 -16.789483 -3.339636
v 70.037186 -15.815347 -6.550931
v 70.037186 -14.233436 -9.510478
v 70.037186 -12.104543 -12.104543
v 70.037186 -9.510478 -14.233436
v 70.037186 -6.550931 -15.815347
v 70.037186 -3.339636 -16.789483
v 70.037186 -0.000000 -17.118408
v 70.037186 3.339636 -16.789483
v 70.037186 6.550931 -15.815347
v 70.037186 9.510478 -14.233436
v 70.037186 12.104543 -12.104543
v 70.037186 14.233436 -9.510478
v 70.037186 15.815347 -6.550931
v 70.037186 16.789483 -3.339636
v 71.364429 14.854798 0.000000
v 71.364429 14.569367 2.898027
v 71.364429 13.724044 5.684685
v 71.364429 12.351313 8.252884
v 71.364429 10.503929 10.503929
v 71.364429 8.252884 12.351313
v 71.364429 5.684685 13.724044
v 71.364429 2.898027 14.569367
v 71.364429 0.000000 14.854798
v 71.364429 -2.898027 14.569367
v 71.364429 -5.684685 13.724044
v 71.364429 -8.252884 12.351313
v 71.364429 -10.503929 10.503929
v 71.364429 -12.351313 8.252884
v 71.364429 -13.724044 5.684685
v 71.364429 -14.569367 2.898027
v 71.364429 -14.854798 0.000000
v 71.364429 -14.569367 -2.898027
v 71.364429 -13.724044 -5.684685
v 71.364429 -12.351313 -8.252884
v 71.364429 -10.503929 -10.503929
v 71.364429 -8.252884 -12.351313
v 71.364429 -5.684685 -13.724044
v 71.364429 -2.898027 -14.569367
v 71.364429 -0.000000 -14.854798
v 71.364429 2.898027 -14.569367
v 71.364429 5.684685 -13.724044
v 71.364429 8.252884 -12.351313
v 71.364429 10.503929 -10.503929
v 71.364429 12.351313 -8.252884
v 71.364429 13.724044 -5.684685
v 71.364429 14.569367 -2.898027
v 72.472820 11.846306 0.000000
v 72.472820 11.618683 2.311100
v 72.472820 10.944560 4.533385
v 72.472820 9.849844 6.581455
v 72.472820 8.376603 8.376603
v 72.472820 6.581455 9.849844
v 72.472820 4.533385 10.944560
v 72.472820 2.311100 11.618683
v 72.472820 0.000000 11.846306
v 72.472820 -2.311100 11.618683
v 72.472820 -4.533385 10.944560
v 72.472820 -6.581455 9.849844
v 72.472820 -8.376603 8.376603
v 72.472820 -9.849844 6.581455
v 72.472820 -10.944560 4.533385
v 72.472820 -11.618683 2.311100
v 72.472820 -11.846306 0.000000
v 72.472820 -11.618683 -2.311100
v 72.472820 -10.944560 -4.533385
v 72.472820 -9.849844 -6.581455
v 72.472820 -8.376603 -8.376603
v 72.472820 -6.581455 -9.849844
v 72.472820 -4.533385 -10.944560
v 72.472820 -2.311100 -11.618683
v 72.472820 -0.000000 -11.846306
v 72.472820 2.311100 -11.618683
v 72.472820 4.533385 -10.944560
v 72.472820 6.581455 -9.849844
v 72.472820 8.376603 -8.376603
v 72.472820 9.849844 -6.581455
v 72.472820 10.944560 -4.533385
v 72.472820 11.618683 -2.311100
v 73.306782 8.243791 0.000000
v 73.306782 8.085389 1.608284
v 73.306782 7.616270 3.154762
v 73.306782 6.854462 4.580005
v 73.306782 5.829241 5.829241
v 73.306782 4.580005 6.854462
v 73.306782 3.154762 7.616270
v 73.306782 1.608284 8.085389
v 73.306782 0.000000 8.243791
v 73.306782 -1.608284 8.085389
v 73.306782 -3.154762 7.616270
v 73.306782 -4.580005 6.854462
v 73.306782 -5.829241 5.829241
v 73.306782 -6.854462 4.580005
v 73.306782 -7.616270 3.154762
v 73.306782 -8.085389 1.608284
v 73.306782 -8.243791 0.000000
v 73.306782 -8.085389 -1.608284
v 73.306782 -7.616270 -3.154762
v 73.306782 -6.854462 -4.580005
v 73.306782 -5.829241 -5.829241
v 73.306782 -4.580005 -6.854462
v 73.306782 -3.154762 -7.616270
v 73.306782 -1.608284 -8.085389
v 73.306782 -0.000000 -8.243791
v 73.306782 1.608284 -8.085389
v 73.306782 3.154762 -7.616270
v 73.306782 4.580005 -6.854462
v 73.306782 5.829241 -5.829241
v 73.306782 6.854462 -4.580005
v 73.306782 7.616270 -3.154762
v 73.306782 8.085389 -1.608284
v 73.824495 4.227898 0.000000
v 73.824495 4.146660 0.824822
v 73.824495 3.906068 1.617946
v 73.824495 3.515368 2.348894
v 73.824495 2.989575 2.989575
v 73.824495 2.348894 3.515368
v 73.824495 1.617946 3.906068
v 73.824495 0.824822 4.146660
v 73.824495 0.000000 4.227898
v 73.824495 -0.824822 4.146660
v 73.824495 -1.617946 3.906068
v 73.824495 -2.348894 3.515368
v 73.824495 -2.989575 2.989575
v 73.824495 -3.515368 2.348894
v 73.824495 -3.906068 1.617946
v 73.824495 -4.146660 0.824822
v 73.824495 -4.227898 0.000000
v 73.824495 -4.146660 -0.824822
v 73.824495 -3.906068 -1.617946
v 73.824495 -3.515368 -2.348894
v 73.824495 -2.989575 -2.989575
v 73.824495 -2.348894 -3.515368
v 73.824495 -1.617946 -3.906068
v 73.824495 -0.824822 -4.146660
v 73.824495 -0.000000 -4.227898
v 73.824495 0.824822 -4.146660
v 73.824495 1.617946 -3.906068
v 73.824495 2.348894 -3.515368
v 73.824495 2.989575 -2.989575
v 73.824495 3.515368 -2.348894
v 73.824495 3.906068 -1.617946
v 73.824495 4.146660 -0.824822
v 60.000000 0.000000 0.000000
v 74.000000 0.000000 0.000000
vt 0.000000 0.000000
vt 1.000000 0.000000
vt 0.000000 1.000000
vt 0.000000 0.000000
vt 1.000000 0.000000
vt 0.000000 1.000000
vt 0.000000 0.000000
vt 1.000000 0.000000
vt 0.000000 1.000000
vt 0.000000 0.000000
vt 1.000000 0.000000
vt 0.000000 1.000000
vt 0.000000 0.000000
vt 1.000000 0.000000
vt 0.000000 1.000000
vt 0.000000 0.000000
vt 1.000000 0.000000
vt 0.000000 1.000000
vt 0.000000 0.000000
vt 1.000000 0.000000
vt 0.000000 1.000000
vt 0.000000 0.000000
vt 1.000000 0.000000
vt 0.000000 1.000000
vt 0.000000 0.000000
vt 1.000000 0.000000
vt 0.000000 1.000000
vt 0.000000 0.000000
vt 1.000000 0.000000
vt 0.000000 1.000000
vt 0.000000 0.000000
vt 1.000000 0.000000
vt 0.000000 1.000000
vt 0.000000 0.000000
vt 1.000000 0.000000
vt 0.000000 1.000000
vt 0.000000 0.000000
vt 1.000000 0.000000
vt 0.000000 1.000000
vt 0.000000 0.000000
vt 1.000000 0.000000
vt 0.000000 1.000000
vt 0.000000 0.000000
vt 1.000000 0.000000
vt 0.000000 1.000000
vt 0.000000 0.000000
vt 1.000000 0.000000
vt 0.000000 1.000000
vt 0.000000 0.000000
vt 1.000000 0.000000
vt 0.000000 1.000000
vt 0.000000 0.000000
vt 1.000000 0.000000
vt 0.000000 1.000000
vt 0.000000 0.000000
vt 1.000000 0.000000
vt 0.000000 1.000000
vt 0.000000 0.000000
vt 1.000000 0.000000
vt 0.000000 1.000000
vt 0.000000 0.000000
vt 1.000000 0.000000
vt 0.000000 1.000000
vt 0.000000 0.000000
vt 1.000000 0.000000
vt 0.000000 1.000000
vt 0.000000 0.000000
vt 1.000000 0.000000
vt 0.000000 1.000000
vt 0.000000 0.000000
vt 1.000000 0.000000
vt 0.000000 1.000000
vt 0.000000 0.000000
vt 1.000000 0.000000
vt 0.000000 1.000000
vt 0.000000 0.000000
vt 1.000000 0.000000
vt 0.000000 1.000000
vt 0.000000 0.000000
vt 1.000000 0.000000
vt 0.000000 1.000000
vt 0.000000 0.000000
vt 1.000000 0.000000
vt 0.000000 1.000000
vt 0.000000 0.000000
vt 1.000000 0.000000
vt 0.000000 1.000000
vt 0.000000 0.000000
vt 1.000000 0.000000
vt 0.000000 1.000000
vt 0.000000 0.000000
vt 1.000000 0.000000
vt 0.000000 1.000000
vt 0.000000 0.000000
vt 1.000000 0.000000
vt 0.000000 1.000000
vt 0.000000 0.000000
vt 1.000000 0.000000
vt 0.000000 1.000000
vt 0.000000 0.000000
vt 1.000000 0.000000
vt 0.000000 1.000000
vt 0.000000 0.000000
vt 1.000000 0.000000
vt 0.000000 1.000000
vt 0.000000 0.000000
vt 1.000000 0.000000
vt 0.000000 1.000000
vt 0.000000 0.000000
vt 1.000000 0.000000
vt 0.000000 1.000000
vt 0.000000 0.000000
vt 1.000000 0.000000
vt 0.000000 1.000000
vt 0.000000 0.000000
vt 1.000000 0.000000
vt 0.000000 1.000000
vt 0.000000 0.000000
vt 1.000000 0.000000
vt 0.000000 1.000000
vt 0.000000 0.000000
vt 1.000000 0.000000
vt 0.000000 1.000000
vt 0.000000 0.000000
vt 1.000000 0.000000
vt 0.000000 1.000000
vt 0.000000 0.000000
vt 1.000000 0.000000
vt 0.000000 1.000000
vt 0.000000 0.000000
vt 1.000000 0.000000
vt 0.000000 1.000000
vt 0.000000 0.000000
vt 1.000000 0.000000
vt 0.000000 1.000000
vt 0.000000 0.000000
vt 1.000000 0.000000
vt 0.000000 1.000000
vt 0.000000 0.000000
vt 1.000000 0.000000
vt 0.000000 1.000000
vt 0.000000 0.000000
vt 1.000000 0.000000
vt 0.000000 1.000000
vt 0.000000 0.000000
vt 1.000000 0.000000
vt 0.000000 1.000000
vt 0.000000 0.000000
vt 1.000000 0.000000
vt 0.000000 1.000000
vt 0.000000 0.000000
vt 1.000000 0.000000
vt 0.000000 1.000000
vt 0.000000 0.000000
vt 1.000000 0.000000
vt 0.000000 1.000000
vt 0.000000 0.000000
vt 1.000000 0.000000
vt 0.000000 1.000000
vt 0.000000 0.000000
vt 1.000000 0.000000
vt 0.000000 1.000000
vt 0.000000 0.000000
vt 1.000000 0.000000
vt 0.000000 1.000000
vt 0.000000 0.000000
vt 1.000000 0.000000
vt 0.000000 1.000000
vt 0.000000 0.000000
vt 1.000000 0.000000
vt 0.000000 1.000000
vt 0.000000 0.000000
vt 1.000000 0.000000
vt 0.000000 1.000000
vt 0.000000 0.000000
vt 1.000000 0.000000
vt 0.000000 1.000000
vt 0.000000 0.000000
vt 1.000000 0.000000
vt 0.000000 1.000000
vt 0.000000 0.000000
vt 1.000000 0.000000
vt 0.000000 1.000000
vt 0.000000 0.000000
vt 1.000000 0.000000
vt 0.000000 1.000000
vt 0.000000 0.000000
vt 1.000000 0.000000
vt 0.000000 1.000000
vt 0.000000 0.000000
vt 1.000000 0.000000
vt 0.000000 1.000000
vt 0.000000 0.000000
vt 1.000000 0.000000
vt 0.000000 1.000000
vt 0.000000 0.000000
vt 1.000000 0.000000
vt 0.000000 1.000000
vt 0.000000 0.000000
vt 1.000000 0.000000
vt 0.000000 1.000000
vt 0.000000 0.000000
vt 1.000000 0.000000
vt 0.000000 1.000000
vt 0.000000 0.000000
vt 1.000000 0.000000
vt 0.000000 1.000000
vt 0.000000 0.000000
vt 1.000000 0.000000
vt 0.000000 1.000000
vt 0.000000 0.000000
vt 1.000000 0.000000
vt 0.000000 1.000000
vt 0.000000 0.000000
vt 1.000000 0.000000
vt 0.000000 1.000000
vt 0.000000 0.000000
vt 1.000000 0.000000
vt 0.000000 1.000000
vt 0.000000 0.000000
vt 1.000000 0.000000
vt 0.000000 1.000000
vt 0.000000 0.000000
vt 1.000000 0.000000
vt 0.000000 1.000000
vt 0.000000 0.000000
vt 1.000000 0.000000
vt 0.000000 1.000000
vt 0.000000 0.000000
vt 1.000000 0.000000
vt 0.000000 1.000000
vt 0.000000 0.000000
vt 1.000000 0.000000
vt 0.000000 1.000000
vt 0.000000 0.000000
vt 1.000000 0.000000
vt 0.000000 1.000000
vt 0.000000 0.000000
vt 1.000000 0.000000
vt 0.000000 1.000000
vt 0.000000 0.000000
vt 1.000000 0.000000
vt 0.000000 1.000000
vt 0.000000 0.000000
vt 1.000000 0.000000
vt 0.000000 1.000000
vt 0.000000 0.000000
vt 1.000000 0.000000
vt 0.000000 1.000000
vt 0.000000 0.000000
vt 1.000000 0.000000
vt 0.000000 1.000000
vt 0.000000 0.000000
vt 1.000000 0.000000
vt 0.000000 1.000000
vt 0.000000 0.000000
vt 1.000000 0.000000
vt 0.000000 1.000000
vt 0.000000 0.000000
vt 1.000000 0.000000
vt 0.000000 1.000000
vt 0.000000 0.000000
vt 1.000000 0.000000
vt 0.000000 1.000000
vt 0.000000 0.000000
vt 1.000000 0.000000
vt 0.000000 1.000000
vt 0.000000 0.000000
vt 1.000000 0.000000
vt 0.000000 1.000000
vt 0.000000 0.000000
vt 1.000000 0.000000
vt 0.000000 1.000000
vt 0.000000 0.000000
vt 1.000000 0.000000
vt 0.000000 1.000000
vt 0.000000 0.000000
vt 1.000000 0.000000
vt 0.000000 1.000000
vt 0.000000 0.000000
vt 1.000000 0.000000
vt 0.000000 1.000000
vt 0.000000 0.000000
vt 1.000000 0.000000
vt 0.000000 1.000000
vt 0.000000 0.000000
vt 1.000000 0.000000
vt 0.000000 1.000000
vt 0.000000 0.000000
vt 1.000000 0.000000
vt 0.000000 1.000000
vt 0.000000 0.000000
vt 1.000000 0.000000
vt 0.000000 1.000000
vt 0.000000 0.000000
vt 1.000000 0.000000
vt 0.000000 1.000000
vt 0.000000 0.000000
vt 1.000000 0.000000
vt 0.000000 1.000000
vt 0.000000 0.000000
vt 1.000000 0.000000
vt 0.000000 1.000000
vt 0.000000 0.000000
vt 1.000000 0.000000
vt 0.000000 1.000000
vt 0.000000 0.000000
vt 1.000000 0.000000
vt 0.000000 1.000000
vt 0.000000 0.000000
vt 1.000000 0.000000
vt 0.000000 1.000000
vt 0.000000 0.000000
vt 1.000000 0.000000
vt 0.000000 1.000000
vt 0.000000 0.000000
vt 1.000000 0.000000
vt 0.000000 1.000000
vt 0.000000 0.000000
vt 1.000000 0.000000
vt 0.000000 1.000000
vt 0.000000 0.000000
vt 1.000000 0.000000
vt 0.000000 1.000000
vt 0.000000 0.000000
vt 1.000000 0.000000
vt 0.000000 1.000000
vt 0.000000 0.000000
vt 1.000000 0.000000
vt 0.000000 1.000000
vt 0.000000 0.000000
vt 1.000000 0.000000
vt 0.000000 1.000000
vt 0.000000 0.000000
vt 1.000000 0.000000
vt 0.000000 1.000000
vt 0.000000 0.000000
vt 1.000000 0.000000
vt 0.000000 1.000000
vt 0.000000 0.000000
vt 1.000000 0.000000
vt 0.000000 1.000000
vt 0.000000 0.000000
vt 1.000000 0.000000
vt 0.000000 1.000000
vt 0.000000 0.000000
vt 1.000000 0.000000
vt 0.000000 1.000000
vt 0.000000 0.000000
vt 1.000000 0.000000
vt 0.000000 1.000000
vt 0.000000 0.000000
vt 1.000000 0.000000
vt 0.000000 1.000000
vt 0.000000 0.000000
vt 1.000000 0.000000
vt 0.000000 1.000000
vt 0.000000 0.000000
vt 1.000000 0.000000
vt 0.000000 1.000000
vt 0.000000 0.000000
vt 1.000000 0.000000
vt 0.000000 1.000000
vt 0.000000 0.000000
vt 1.000000 0.000000
vt 0.000000 1.000000
vt 0.000000 0.000000
vt 1.000000 0.000000
vt 0.000000 1.000000
vt 0.000000 0.000000
vt 1.000000 0.000000
vt 0.000000 1.000000
vt 0.000000 0.000000
vt 1.000000 0.000000
vt 0.000000 1.000000
vt 0.000000 0.000000
vt 1.000000 0.000000
vt 0.000000 1.000000
vt 0.000000 0.000000
vt 1.000000 0.000000
vt 0.000000 1.000000
vt 0.000000 0.000000
vt 1.000000 0.000000
vt 0.000000 1.000000
vt 0.000000 0.000000
vt 1.000000 0.000000
vt 0.000000 1.000000
vt 0.000000 0.000000
vt 1.000000 0.000000
vt 0.000000 1.000000
vt 0.000000 0.000000
vt 1.000000 0.000000
vt 0.000000 1.000000
vt 0.000000 0.000000
vt 1.000000 0.000000
vt 0.000000 1.000000
vt 0.000000 0.000000
vt 1.000000 0.000000
vt 0.000000 1.000000
vt 0.000000 0.000000
vt 1.000000 0.000000
vt 0.000000 1.000000
vt 0.000000 0.000000
vt 1.000000 0.000000
vt 0.000000 1.000000
vt 0.000000 0.000000
vt 1.000000 0.000000
vt 0.000000 1.000000
vt 0.000000 0.000000
vt 1.000000 0.000000
vt 0.000000 1.000000
vt 0.000000 0.000000
vt 1.000000 0.000000
vt 0.000000 1.000000
vt 0.000000 0.000000
vt 1.000000 0.000000
vt 0.000000 1.000000
vt 0.000000 0.000000
vt 1.000000 0.000000
vt 0.000000 1.000000
vt 0.000000 0.000000
vt 1.000000 0.000000
vt 0.000000 1.000000
vt 0.000000 0.000000
vt 1.000000 0.000000
vt 0.000000 1.000000
vt 0.000000 0.000000
vt 1.000000 0.000000
vt 0.000000 1.000000
vt 0.000000 0.000000
vt 1.000000 0.000000
vt 0.000000 1.000000
vt 0.000000 0.000000
vt 1.000000 0.000000
vt 0.000000 1.000000
vt 0.000000 0.000000
vt 1.000000 0.000000
vt 0.000000 1.000000
vt 0.000000 0.000000
vt 1.000000 0.000000
vt 0.000000 1.000000
vt 0.000000 0.000000
vt 1.000000 0.000000
vt 0.000000 1.000000
vt 0.000000 0.000000
vt 1.000000 0.000000
vt 0.000000 1.000000
vt 0.000000 0.000000
vt 1.000000 0.000000
vt 0.000000 1.000000
vt 0.000000 0.000000
vt 1.000000 0.000000
vt 0.000000 1.000000
vt 0.000000 0.000000
vt 1.000000 0.000000
vt 0.000000 1.000000
vt 0.000000 0.000000
vt 1.000000 0.000000
vt 0.000000 1.000000
vt 0.000000 0.000000
vt 1.000000 0.000000
vt 0.000000 1.000000
vt 0.000000 0.000000
vt 1.000000 0.000000
vt 0.000000 1.000000
vt 0.000000 0.000000
vt 1.000000 0.000000
vt 0.000000 1.000000
vt 0.000000 0.000000
vt 1.000000 0.000000
vt 0.000000 1.000000
vt 0.000000 0.000000
vt 1.000000 0.000000
vt 0.000000 1.000000
vt 0.000000 0.000000
vt 1.000000 0.000000
vt 0.000000 1.000000
vt 0.000000 0.000000
vt 1.000000 0.000000
vt 0.000000 1.000000
vt 0.000000 0.000000
vt 1.000000 0.000000
vt 0.000000 1.000000
vt 0.000000 0.000000
vt 1.000000 0.000000
vt 0.000000 1.000000
vt 0.000000 0.000000
vt 1.000000 0.000000
vt 0.000000 1.000000
vt 0.000000 0.000000
vt 1.000000 0.000000
vt 0.000000 1.000000
vt 0.000000 0.000000
vt 1.000000 0.000000
vt 0.000000 1.000000
vt 0.000000 0.000000
vt 1.000000 0.000000
vt 0.000000 1.000000
vt 0.000000 0.000000
vt 1.000000 0.000000
vt 0.000000 1.000000
vt 0.000000 0.000000
vt 1.000000 0.000000
vt 0.000000 1.000000
vt 0.000000 0.000000
vt 1.000000 0.000000
vt 0.000000 1.000000
vt 0.000000 0.000000
vt 1.000000 0.000000
vt 0.000000 1.000000
vt 0.000000 0.000000
vt 1.000000 0.000000
vt 0.000000 1.000000
vt 0.000000 0.000000
vt 1.000000 0.000000
vt 0.000000 1.000000
vt 0.000000 0.000000
vt 1.000000 0.000000
vt 0.000000 1.000000
vt 0.000000 0.000000
vt 1.000000 0.000000
vt 0.000000 1.000000
vt 0.000000 0.000000
vt 1.000000 0.000000
vt 0.000000 1.000000
vt 0.000000 0.000000
vt 1.000000 0.000000
vt 0.000000 1.000000
vt 0.000000 0.000000
vt 1.000000 0.000000
vt 0.000000 1.000000
vt 0.000000 0.000000
vt 1.000000 0.000000
vt 0.000000 1.000000
vt 0.000000 0.000000
vt 1.000000 0.000000
vt 0.000000 1.000000
vt 0.000000 0.000000
vt 1.000000 0.000000
vt 0.000000 1.000000
vt 0.000000 0.000000
vt 1.000000 0.000000
vt 0.000000 1.000000
vt 0.000000 0.000000
vt 1.000000 0.000000
vt 0.000000 1.000000
vt 0.000000 0.000000
vt 1.000000 0.000000
vt 0.000000 1.000000
vt 0.000000 0.000000
vt 1.000000 0.000000
vt 0.000000 1.000000
vt 0.000000 0.000000
vt 1.000000 0.000000
vt 0.000000 1.000000
vt 0.000000 0.000000
vt 1.000000 0.000000
vt 0.000000 1.000000
vt 0.000000 0.000000
vt 1.000000 0.000000
vt 0.000000 1.000000
vt 0.000000 0.000000
vt 1.000000 0.000000
vt 0.000000 1.000000
vt 0.000000 0.000000
vt 1.000000 0.000000
vt 0.000000 1.000000
vt 0.000000 0.000000
vt 1.000000 0.000000
vt 0.000000 1.000000
vt 0.000000 0.000000
vt 1.000000 0.000000
vt 0.000000 1.000000
vt 0.000000 0.000000
vt 1.000000 0.000000
vt 0.000000 1.000000
vt 0.000000 0.000000
vt 1.000000 0.000000
vt 0.000000 1.000000
vt 0.000000 0.000000
vt 1.000000 0.000000
vt 0.000000 1.000000
vt 0.000000 0.000000
vt 1.000000 0.000000
vt 0.000000 1.000000
vt 0.000000 0.000000
vt 1.000000 0.000000
vt 0.000000 1.000000
vt 0.000000 0.000000
vt 1.000000 0.000000
vt 0.000000 1.000000
vt 0.000000 0.000000
vt 1.000000 0.000000
vt 0.000000 1.000000
vt 0.000000 0.000000
vt 1.000000 0.000000
vt 0.000000 1.000000
vt 0.000000 0.000000
vt 1.000000 0.000000
vt 0.000000 1.000000
vt 0.000000 0.000000
vt 1.000000 0.000000
vt 0.000000 1.000000
vt 0.000000 0.000000
vt 1.000000 0.000000
vt 0.000000 1.000000
vt 0.000000 0.000000
vt 1.000000 0.000000
vt 0.000000 1.000000
vt 0.000000 0.000000
vt 1.000000 0.000000
vt 0.000000 1.000000
vt 0.000000 0.000000
vt 1.000000 0.000000
vt 0.000000 1.000000
vt 0.000000 0.000000
vt 1.000000 0.000000
vt 0.000000 1.000000
vt 0.000000 0.000000
vt 1.000000 0.000000
vt 0.000000 1.000000
vt 0.000000 0.000000
vt 1.000000 0.000000
vt 0.000000 1.000000
vt 0.000000 0.000000
vt 1.000000 0.000000
vt 0.000000 1.000000
vt 0.000000 0.000000
vt 1.000000 0.000000
vt 0.000000 1.000000
vt 0.000000 0.000000
vt 1.000000 0.000000
vt 0.000000 1.000000
vt 0.000000 0.000000
vt 1.000000 0.000000
vt 0.000000 1.000000
vt 0.000000 0.000000
vt 1.000000 0.000000
vt 0.000000 1.000000
vt 0.000000 0.000000
vt 1.000000 0.000000
vt 0.000000 1.000000
vt 0.000000 0.000000
vt 1.000000 0.000000
vt 0.000000 1.000000
vt 0.000000 0.000000
vt 1.000000 0.000000
vt 0.000000 1.000000
vt 0.000000 0.000000
vt 1.000000 0.000000
vt 0.000000 1.000000
vt 0.000000 0.000000
vt 1.000000 0.000000
vt 0.000000 1.000000
vt 0.000000 0.000000
vt 1.000000 0.000000
vt 0.000000 1.000000
vt 0.000000 0.000000
vt 1.000000 0.000000
vt 0.000000 1.000000
vt 0.000000 0.000000
vt 1.000000 0.000000
vt 0.000000 1.000000
vt 0.000000 0.000000
vt 1.000000 0.000000
vt 0.000000 1.000000
vt 0.000000 0.000000
vt 1.000000 0.000000
vt 0.000000 1.000000
vt 0.000000 0.000000
vt 1.000000 0.000000
vt 0.000000 1.000000
vt 0.000000 0.000000
vt 1.000000 0.000000
vt 0.000000 1.000000
vt 0.000000 0.000000
vt 1.000000 0.000000
vt 0.000000 1.000000
vt 0.000000 0.000000
vt 1.000000 0.000000
vt 0.000000 1.000000
vt 0.000000 0.000000
vt 1.000000 0.000000
vt 0.000000 1.000000
vt 0.000000 0.000000
vt 1.000000 0.000000
vt 0.000000 1.000000
vt 0.000000 0.000000
vt 1.000000 0.000000
vt 0.000000 1.000000
vt 0.000000 0.000000
vt 1.000000 0.000000
vt 0.000000 1.000000
vt 0.000000 0.000000
vt 1.000000 0.000000
vt 0.000000 1.000000
vt 0.000000 0.000000
vt 1.000000 0.000000
vt 0.000000 1.000000
vt 0.000000 0.000000
vt 1.000000 0.000000
vt 0.000000 1.000000
vt 0.000000 0.000000
vt 1.000000 0.000000
vt 0.000000 1.000000
vt 0.000000 0.000000
vt 1.000000 0.000000
vt 0.000000 1.000000
vt 0.000000 0.000000
vt 1.000000 0.000000
vt 0.000000 1.000000
vt 0.000000 0.000000
vt 1.000000 0.000000
vt 0.000000 1.000000
vt 0.000000 0.000000
vt 1.000000 0.000000
vt 0.000000 1.000000
vt 0.000000 0.000000
vt 1.000000 0.000000
vt 0.000000 1.000000
vt 0.000000 0.000000
vt 1.000000 0.000000
vt 0.000000 1.000000
vt 0.000000 0.000000
vt 1.000000 0.000000
vt 0.000000 1.000000
vt 0.000000 0.000000
vt 1.000000 0.000000
vt 0.000000 1.000000
vt 0.000000 0.000000
vt 1.000000 0.000000
vt 0.000000 1.000000
vt 0.000000 0.000000
vt 1.000000 0.000000
vt 0.000000 1.000000
vt 0.000000 0.000000
vt 1.000000 0.000000
vt 0.000000 1.000000
vt 0.000000 0.000000
vt 1.000000 0.000000
vt 0.000000 1.000000
vt 0.000000 0.000000
vt 1.000000 0.000000
vt 0.000000 1.000000
vt 0.000000 0.000000
vt 1.000000 0.000000
vt 0.000000 1.000000
vt 0.000000 0.000000
vt 1.000000 0.000000
vt 0.000000 1.000000
vt 0.000000 0.000000
vt 1.000000 0.000000
vt 0.000000 1.000000
vt 0.000000 0.000000
vt 1.000000 0.000000
vt 0.000000 1.000000
vt 0.000000 0.000000
vt 1.000000 0.000000
vt 0.000000 1.000000
vt 0.000000 0.000000
vt 1.000000 0.000000
vt 0.000000 1.000000
vt 0.000000 0.000000
vt 1.000000 0.000000
vt 0.000000 1.000000
vt 0.000000 0.000000
vt 1.000000 0.000000
vt 0.000000 1.000000
vt 0.000000 0.000000
vt 1.000000 0.000000
vt 0.000000 1.000000
vt 0.000000 0.000000
vt 1.000000 0.000000
vt 0.000000 1.000000
vt 0.000000 0.000000
vt 1.000000 0.000000
vt 0.000000 1.000000
vt 0.000000 0.000000
vt 1.000000 0.000000
vt 0.000000 1.000000
vt 0.000000 0.000000
vt 1.000000 0.000000
vt 0.000000 1.000000
vt 0.000000 0.000000
vt 1.000000 0.000000
vt 0.000000 1.000000
vt 0.000000 0.000000
vt 1.000000 0.000000
vt 0.000000 1.000000
vt 0.000000 0.000000
vt 1.000000 0.000000
vt 0.000000 1.000000
vt 0.000000 0.000000
vt 1.000000 0.000000
vt 0.000000 1.000000
vt 0.000000 0.000000
vt 1.000000 0.000000
vt 0.000000 1.000000
vt 0.000000 0.000000
vt 1.000000 0.000000
vt 0.000000 1.000000
vt 0.000000 0.000000
vt 1.000000 0.000000
vt 0.000000 1.000000
vt 0.000000 0.000000
vt 1.000000 0.000000
vt 0.000000 1.000000
vt 0.000000 0.000000
vt 1.000000 0.000000
vt 0.000000 1.000000
vt 0.000000 0.000000
vt 1.000000 0.000000
vt 0.000000 1.000000
vt 0.000000 0.000000
vt 1.000000 0.000000
vt 0.000000 1.000000
vt 0.000000 0.000000
vt 1.000000 0.000000
vt 0.000000 1.000000
vt 0.000000 0.000000
vt 1.000000 0.000000
vt 0.000000 1.000000
vt 0.000000 0.000000
vt 1.000000 0.000000
vt 0.000000 1.000000
vt 0.000000 0.000000
vt 1.000000 0.000000
vt 0.000000 1.000000
vt 0.000000 0.000000
vt 1.000000 0.000000
vt 0.000000 1.000000
vt 0.000000 0.000000
vt 1.000000 0.000000
vt 0.000000 1.000000
vt 0.000000 0.000000
vt 1.000000 0.000000
vt 0.000000 1.000000
vt 0.000000 0.000000
vt 1.000000 0.000000
vt 0.000000 1.000000
vt 0.000000 0.000000
vt 1.000000 0.000000
vt 0.000000 1.000000
vt 0.000000 0.000000
vt 1.000000 0.000000
vt 0.000000 1.000000
vt 0.000000 0.000000
vt 1.000000 0.000000
vt 0.000000 1.000000
vt 0.000000 0.000000
vt 1.000000 0.000000
vt 0.000000 1.000000
vt 0.000000 0.000000
vt 1.000000 0.000000
vt 0.000000 1.000000
vt 0.000000 0.000000
vt 1.000000 0.000000
vt 0.000000 1.000000
vt 0.000000 0.000000
vt 1.000000 0.000000
vt 0.000000 1.000000
vt 0.000000 0.000000
vt 1.000000 0.000000
vt 0.000000 1.000000
vt 0.000000 0.000000
vt 1.000000 0.000000
vt 0.000000 1.000000
vt 0.000000 0.000000
vt 1.000000 0.000000
vt 0.000000 1.000000
vt 0.000000 0.000000
vt 1.000000 0.000000
vt 0.000000 1.000000
vt 0.000000 0.000000
vt 1.000000 0.000000
vt 0.000000 1.000000
vt 0.000000 0.000000
vt 1.000000 0.000000
vt 0.000000 1.000000
vt 0.000000 0.000000
vt 1.000000 0.000000
vt 0.000000 1.000000
vt 0.000000 0.000000
vt 1.000000 0.000000
vt 0.000000 1.000000
vt 0.000000 0.000000
vt 1.000000 0.000000
vt 0.000000 1.000000
vt 0.000000 0.000000
vt 1.000000 0.000000
vt 0.000000 1.000000
vt 0.000000 0.000000
vt 1.000000 0.000000
vt 0.000000 1.000000
vt 0.000000 0.000000
vt 1.000000 0.000000
vt 0.000000 1.000000
vt 0.000000 0.000000
vt 1.000000 0.000000
vt 0.000000 1.000000
vt 0.000000 0.000000
vt 1.000000 0.000000
vt 0.000000 1.000000
vt 0.000000 0.000000
vt 1.000000 0.000000
vt 0.000000 1.000000
vt 0.000000 0.000000
vt 1.000000 0.000000
vt 0.000000 1.000000
vt 0.000000 0.000000
vt 1.000000 0.000000
vt 0.000000 1.000000
vt 0.000000 0.000000
vt 1.000000 0.000000
vt 0.000000 1.000000
vt 0.000000 0.000000
vt 1.000000 0.000000
vt 0.000000 1.000000
vt 0.000000 0.000000
vt 1.000000 0.000000
vt 0.000000 1.000000
vt 0.000000 0.000000
vt 1.000000 0.000000
vt 0.000000 1.000000
vt 0.000000 0.000000
vt 1.000000 0.000000
vt 0.000000 1.000000
vt 0.000000 0.000000
vt 1.000000 0.000000
vt 0.000000 1.000000
vt 0.000000 0.000000
vt 1.000000 0.000000
vt 0.000000 1.000000
vt 0.000000 0.000000
vt 1.000000 0.000000
vt 0.000000 1.000000
vt 0.000000 0.000000
vt 1.000000 0.000000
vt 0.000000 1.000000
vt 0.000000 0.000000
vt 1.000000 0.000000
vt 0.000000 1.000000
vt 0.000000 0.000000
vt 1.000000 0.000000
vt 0.000000 1.000000
vt 0.000000 0.000000
vt 1.000000 0.000000
vt 0.000000 1.000000
vt 0.000000 0.000000
vt 1.000000 0.000000
vt 0.000000 1.000000
vt 0.000000 0.000000
vt 1.000000 0.000000
vt 0.000000 1.000000
vt 0.000000 0.000000
vt 1.000000 0.000000
vt 0.000000 1.000000
vt 0.000000 0.000000
vt 1.000000 0.000000
vt 0.000000 1.000000
vt 0.000000 0.000000
vt 1.000000 0.000000
vt 0.000000 1.000000
vt 0.000000 0.000000
vt 1.000000 0.000000
vt 0.000000 1.000000
vt 0.000000 0.000000
vt 1.000000 0.000000
vt 0.000000 1.000000
vt 0.000000 0.000000
vt 1.000000 0.000000
vt 0.000000 1.000000
vt 0.000000 0.000000
vt 1.000000 0.000000
vt 0.000000 1.000000
vt 0.000000 0.000000
vt 1.000000 0.000000
vt 0.000000 1.000000
vt 0.000000 0.000000
vt 1.000000 0.000000
vt 0.000000 1.000000
vt 0.000000 0.000000
vt 1.000000 0.000000
vt 0.000000 1.000000
vt 0.000000 0.000000
vt 1.000000 0.000000
vt 0.000000 1.000000
vt 0.000000 0.000000
vt 1.000000 0.000000
vt 0.000000 1.000000
vt 0.000000 0.000000
vt 1.000000 0.000000
vt 0.000000 1.000000
vt 0.000000 0.000000
vt 1.000000 0.000000
vt 0.000000 1.000000
vt 0.000000 0.000000
vt 1.000000 0.000000
vt 0.000000 1.000000
vt 0.000000 0.000000
vt 1.000000 0.000000
vt 0.000000 1.000000
vt 0.000000 0.000000
vt 1.000000 0.000000
vt 0.000000 1.000000
vt 0.000000 0.000000
vt 1.000000 0.000000
vt 0.000000 1.000000
vt 0.000000 0.000000
vt 1.000000 0.000000
vt 0.000000 1.000000
vt 0.000000 0.000000
vt 1.000000 0.000000
vt 0.000000 1.000000
vt 0.000000 0.000000
vt 1.000000 0.000000
vt 0.000000 1.000000
vt 0.000000 0.000000
vt 1.000000 0.000000
vt 0.000000 1.000000
vt 0.000000 0.000000
vt 1.000000 0.000000
vt 0.000000 1.000000
vt 0.000000 0.000000
vt 1.000000 0.000000
vt 0.000000 1.000000
vt 0.000000 0.000000
vt 1.000000 0.000000
vt 0.000000 1.000000
vt 0.000000 0.000000
vt 1.000000 0.000000
vt 0.000000 1.000000
vt 0.000000 0.000000
vt 1.000000 0.000000
vt 0.000000 1.000000
vt 0.000000 0.000000
vt 1.000000 0.000000
vt 0.000000 1.000000
vt 0.000000 0.000000
vt 1.000000 0.000000
vt 0.000000 1.000000
vt 0.000000 0.000000
vt 1.000000 0.000000
vt 0.000000 1.000000
vt 0.000000 0.000000
vt 1.000000 0.000000
vt 0.000000 1.000000
vt 0.000000 0.000000
vt 1.000000 0.000000
vt 0.000000 1.000000
vt 0.000000 0.000000
vt 1.000000 0.000000
vt 0.000000 1.000000
vt 0.000000 0.000000
vt 1.000000 0.000000
vt 0.000000 1.000000
vt 0.000000 0.000000
vt 1.000000 0.000000
vt 0.000000 1.000000
vt 0.000000 0.000000
vt 1.000000 0.000000
vt 0.000000 1.000000
vt 0.000000 0.000000
vt 1.000000 0.000000
vt 0.000000 1.000000
vt 0.000000 0.000000
vt 1.000000 0.000000
vt 0.000000 1.000000
vt 0.000000 0.000000
vt 1.000000 0.000000
vt 0.000000 1.000000
vt 0.000000 0.000000
vt 1.000000 0.000000
vt 0.000000 1.000000
vt 0.000000 0.000000
vt 1.000000 0.000000
vt 0.000000 1.000000
vt 0.000000 0.000000
vt 1.000000 0.000000
vt 0.000000 1.000000
vt 0.000000 0.000000
vt 1.000000 0.000000
vt 0.000000 1.000000
vt 0.000000 0.000000
vt 1.000000 0.000000
vt 0.000000 1.000000
vt 0.000000 0.000000
vt 1.000000 0.000000
vt 0.000000 1.000000
vt 0.000000 0.000000
vt 1.000000 0.000000
vt 0.000000 1.000000
vt 0.000000 0.000000
vt 1.000000 0.000000
vt 0.000000 1.000000
vt 0.000000 0.000000
vt 1.000000 0.000000
vt 0.000000 1.000000
vt 0.000000 0.000000
vt 1.000000 0.000000
vt 0.000000 1.000000
vt 0.000000 0.000000
vt 1.000000 0.000000
vt 0.000000 1.000000
vt 0.000000 0.000000
vt 1.000000 0.000000
vt 0.000000 1.000000
vt 0.000000 0.000000
vt 1.000000 0.000000
vt 0.000000 1.000000
vt 0.000000 0.000000
vt 1.000000 0.000000
vt 0.000000 1.000000
vt 0.000000 0.000000
vt 1.000000 0.000000
vt 0.000000 1.000000
vt 0.000000 0.000000
vt 1.000000 0.000000
vt 0.000000 1.000000
vt 0.000000 0.000000
vt 1.000000 0.000000
vt 0.000000 1.000000
vt 0.000000 0.000000
vt 1.000000 0.000000
vt 0.000000 1.000000
vt 0.000000 0.000000
vt 1.000000 0.000000
vt 0.000000 1.000000
vt 0.000000 0.000000
vt 1.000000 0.000000
vt 0.000000 1.000000
vt 0.000000 0.000000
vt 1.000000 0.000000
vt 0.000000 1.000000
vt 0.000000 0.000000
vt 1.000000 0.000000
vt 0.000000 1.000000
vt 0.000000 0.000000
vt 1.000000 0.000000
vt 0.000000 1.000000
vt 0.000000 0.000000
vt 1.000000 0.000000
vt 0.000000 1.000000
vt 0.000000 0.000000
vt 1.000000 0.000000
vt 0.000000 1.000000
vt 0.000000 0.000000
vt 1.000000 0.000000
vt 0.000000 1.000000
vt 0.000000 0.000000
vt 1.000000 0.000000
vt 0.000000 1.000000
vt 0.000000 0.000000
vt 1.000000 0.000000
vt 0.000000 1.000000
vt 0.000000 0.000000
vt 1.000000 0.000000
vt 0.000000 1.000000
vt 0.000000 0.000000
vt 1.000000 0.000000
vt 0.000000 1.000000
vt 0.000000 0.000000
vt 1.000000 0.000000
vt 0.000000 1.000000
vt 0.000000 0.000000
vt 1.000000 0.000000
vt 0.000000 1.000000
vt 0.000000 0.000000
vt 1.000000 0.000000
vt 0.000000 1.000000
vt 0.000000 0.000000
vt 1.000000 0.000000
vt 0.000000 1.000000
vt 0.000000 0.000000
vt 1.000000 0.000000
vt 0.000000 1.000000
vt 0.000000 0.000000
vt 1.000000 0.000000
vt 0.000000 1.000000
vt 0.000000 0.000000
vt 1.000000 0.000000
vt 0.000000 1.000000
vt 0.000000 0.000000
vt 1.000000 0.000000
vt 0.000000 1.000000
vt 0.000000 0.000000
vt 1.000000 0.000000
vt 0.000000 1.000000
vt 0.000000 0.000000
vt 1.000000 0.000000
vt 0.000000 1.000000
vt 0.000000 0.000000
vt 1.000000 0.000000
vt 0.000000 1.000000
vt 0.000000 0.000000
vt 1.000000 0.000000
vt 0.000000 1.000000
vt 0.000000 0.000000
vt 1.000000 0.000000
vt 0.000000 1.000000
vt 0.000000 0.000000
vt 1.000000 0.000000
vt 0.000000 1.000000
vt 0.000000 0.000000
vt 1.000000 0.000000
vt 0.000000 1.000000
vt 0.000000 0.000000
vt 1.000000 0.000000
vt 0.000000 1.000000
vt 0.000000 0.000000
vt 1.000000 0.000000
vt 0.000000 1.000000
vt 0.000000 0.000000
vt 1.000000 0.000000
vt 0.000000 1.000000
vt 0.000000 0.000000
vt 1.000000 0.000000
vt 0.000000 1.000000
vt 0.000000 0.000000
vt 1.000000 0.000000
vt 0.000000 1.000000
vt 0.000000 0.000000
vt 1.000000 0.000000
vt 0.000000 1.000000
vt 0.000000 0.000000
vt 1.000000 0.000000
vt 0.000000 1.000000
vt 0.000000 0.000000
vt 1.000000 0.000000
vt 0.000000 1.000000
vt 0.000000 0.000000
vt 1.000000 0.000000
vt 0.000000 1.000000
vt 0.000000 0.000000
vt 1.000000 0.000000
vt 0.000000 1.000000
vt 0.000000 0.000000
vt 1.000000 0.000000
vt 0.000000 1.000000
vt 0.000000 0.000000
vt 1.000000 0.000000
vt 0.000000 1.000000
vt 0.000000 0.000000
vt 1.000000 0.000000
vt 0.000000 1.000000
vt 0.000000 0.000000
vt 1.000000 0.000000
vt 0.000000 1.000000
vt 0.000000 0.000000
vt 1.000000 0.000000
vt 0.000000 1.000000
vt 0.000000 0.000000
vt 1.000000 0.000000
vt 0.000000 1.000000
vt 0.000000 0.000000
vt 1.000000 0.000000
vt 0.000000 1.000000
vt 0.000000 0.000000
vt 1.000000 0.000000
vt 0.000000 1.000000
vt 0.000000 0.000000
vt 1.000000 0.000000
vt 0.000000 1.000000
vt 0.000000 0.000000
vt 1.000000 0.000000
vt 0.000000 1.000000
vt 0.000000 0.000000
vt 1.000000 0.000000
vt 0.000000 1.000000
vt 0.000000 0.000000
vt 1.000000 0.000000
vt 0.000000 1.000000
vt 0.000000 0.000000
vt 1.000000 0.000000
vt 0.000000 1.000000
vt 0.000000 0.000000
vt 1.000000 0.000000
vt 0.000000 1.000000
vt 0.000000 0.000000
vt 1.000000 0.000000
vt 0.000000 1.000000
vt 0.000000 0.000000
vt 1.000000 0.000000
vt 0.000000 1.000000
vt 0.000000 0.000000
vt 1.000000 0.000000
vt 0.000000 1.000000
vt 0.000000 0.000000
vt 1.000000 0.000000
vt 0.000000 1.000000
vt 0.000000 0.000000
vt 1.000000 0.000000
vt 0.000000 1.000000
vt 0.000000 0.000000
vt 1.000000 0.000000
vt 0.000000 1.000000
vt 0.000000 0.000000
vt 1.000000 0.000000
vt 0.000000 1.000000
vt 0.000000 0.000000
vt 1.000000 0.000000
vt 0.000000 1.000000
vt 0.000000 0.000000
vt 1.000000 0.000000
vt 0.000000 1.000000
vt 0.000000 0.000000
vt 1.000000 0.000000
vt 0.000000 1.000000
vt 0.000000 0.000000
vt 1.000000 0.000000
vt 0.000000 1.000000
vt 0.000000 0.000000
vt 1.000000 0.000000
vt 0.000000 1.000000
vt 0.000000 0.000000
vt 1.000000 0.000000
vt 0.000000 1.000000
vt 0.000000 0.000000
vt 1.000000 0.000000
vt 0.000000 1.000000
vt 0.000000 0.000000
vt 1.000000 0.000000
vt 0.000000 1.000000
vt 0.000000 0.000000
vt 1.000000 0.000000
vt 0.000000 1.000000
vt 0.000000 0.000000
vt 1.000000 0.000000
vt 0.000000 1.000000
vt 0.000000 0.000000
vt 1.000000 0.000000
vt 0.000000 1.000000
vt 0.000000 0.000000
vt 1.000000 0.000000
vt 0.000000 1.000000
vt 0.000000 0.000000
vt 1.000000 0.000000
vt 0.000000 1.000000
vt 0.000000 0.000000
vt 1.000000 0.000000
vt 0.000000 1.000000
vt 0.000000 0.000000
vt 1.000000 0.000000
vt 0.000000 1.000000
vt 0.000000 0.000000
vt 1.000000 0.000000
vt 0.000000 1.000000
vt 0.000000 0.000000
vt 1.000000 0.000000
vt 0.000000 1.000000
vt 0.000000 0.000000
vt 1.000000 0.000000
vt 0.000000 1.000000
vt 0.000000 0.000000
vt 1.000000 0.000000
vt 0.000000 1.000000
vt 0.000000 0.000000
vt 1.000000 0.000000
vt 0.000000 1.000000
vt 0.000000 0.000000
vt 1.000000 0.000000
vt 0.000000 1.000000
vt 0.000000 0.000000
vt 1.000000 0.000000
vt 0.000000 1.000000
vt 0.000000 0.000000
vt 1.000000 0.000000
vt 0.000000 1.000000
vt 0.000000 0.000000
vt 1.000000 0.000000
vt 0.000000 1.000000
vt 0.000000 0.000000
vt 1.000000 0.000000
vt 0.000000 1.000000
vt 0.000000 0.000000
vt 1.000000 0.000000
vt 0.000000 1.000000
vt 0.000000 0.000000
vt 1.000000 0.000000
vt 0.000000 1.000000
vt 0.000000 0.000000
vt 1.000000 0.000000
vt 0.000000 1.000000
vt 0.000000 0.000000
vt 1.000000 0.000000
vt 0.000000 1.000000
vt 0.000000 0.000000
vt 1.000000 0.000000
vt 0.000000 1.000000
vt 0.000000 0.000000
vt 1.000000 0.000000
vt 0.000000 1.000000
vt 0.000000 0.000000
vt 1.000000 0.000000
vt 0.000000 1.000000
vt 0.000000 0.000000
vt 1.000000 0.000000
vt 0.000000 1.000000
vt 0.000000 0.000000
vt 1.000000 0.000000
vt 0.000000 1.000000
vt 0.000000 0.000000
vt 1.000000 0.000000
vt 0.000000 1.000000
vt 0.000000 0.000000
vt 1.000000 0.000000
vt 0.000000 1.000000
vt 0.000000 0.000000
vt 1.000000 0.000000
vt 0.000000 1.000000
vt 0.000000 0.000000
vt 1.000000 0.000000
vt 0.000000 1.000000
vt 0.000000 0.000000
vt 1.000000 0.000000
vt 0.000000 1.000000
vt 0.000000 0.000000
vt 1.000000 0.000000
vt 0.000000 1.000000
vt 0.000000 0.000000
vt 1.000000 0.000000
vt 0.000000 1.000000
vt 0.000000 0.000000
vt 1.000000 0.000000
vt 0.000000 1.000000
vt 0.000000 0.000000
vt 1.000000 0.000000
vt 0.000000 1.000000
vt 0.000000 0.000000
vt 1.000000 0.000000
vt 0.000000 1.000000
vt 0.000000 0.000000
vt 1.000000 0.000000
vt 0.000000 1.000000
vt 0.000000 0.000000
vt 1.000000 0.000000
vt 0.000000 1.000000
vt 0.000000 0.000000
vt 1.000000 0.000000
vt 0.000000 1.000000
vt 0.000000 0.000000
vt 1.000000 0.000000
vt 0.000000 1.000000
vt 0.000000 0.000000
vt 1.000000 0.000000
vt 0.000000 1.000000
vt 0.000000 0.000000
vt 1.000000 0.000000
vt 0.000000 1.000000
vt 0.000000 0.000000
vt 1.000000 0.000000
vt 0.000000 1.000000
vt 0.000000 0.000000
vt 1.000000 0.000000
vt 0.000000 1.000000
vt 0.000000 0.000000
vt 1.000000 0.000000
vt 0.000000 1.000000
vt 0.000000 0.000000
vt 1.000000 0.000000
vt 0.000000 1.000000
vt 0.000000 0.000000
vt 1.000000 0.000000
vt 0.000000 1.000000
vt 0.000000 0.000000
vt 1.000000 0.000000
vt 0.000000 1.000000
vt 0.000000 0.000000
vt 1.000000 0.000000
vt 0.000000 1.000000
vt 0.000000 0.000000
vt 1.000000 0.000000
vt 0.000000 1.000000
vt 0.000000 0.000000
vt 1.000000 0.000000
vt 0.000000 1.000000
vt 0.000000 0.000000
vt 1.000000 0.000000
vt 0.000000 1.000000
vt 0.000000 0.000000
vt 1.000000 0.000000
vt 0.000000 1.000000
vt 0.000000 0.000000
vt 1.000000 0.000000
vt 0.000000 1.000000
vt 0.000000 0.000000
vt 1.000000 0.000000
vt 0.000000 1.000000
vt 0.000000 0.000000
vt 1.000000 0.000000
vt 0.000000 1.000000
vt 0.000000 0.000000
vt 1.000000 0.000000
vt 0.000000 1.000000
vt 0.000000 0.000000
vt 1.000000 0.000000
vt 0.000000 1.000000
vt 0.000000 0.000000
vt 1.000000 0.000000
vt 0.000000 1.000000
vt 0.000000 0.000000
vt 1.000000 0.000000
vt 0.000000 1.000000
vt 0.000000 0.000000
vt 1.000000 0.000000
vt 0.000000 1.000000
vt 0.000000 0.000000
vt 1.000000 0.000000
vt 0.000000 1.000000
vt 0.000000 0.000000
vt 1.000000 0.000000
vt 0.000000 1.000000
vt 0.000000 0.000000
vt 1.000000 0.000000
vt 0.000000 1.000000
vt 0.000000 0.000000
vt 1.000000 0.000000
vt 0.000000 1.000000
vt 0.000000 0.000000
vt 1.000000 0.000000
vt 0.000000 1.000000
vt 0.000000 0.000000
vt 1.000000 0.000000
vt 0.000000 1.000000
vt 0.000000 0.000000
vt 1.000000 0.000000
vt 0.000000 1.000000
vt 0.000000 0.000000
vt 1.000000 0.000000
vt 0.000000 1.000000
vt 0.000000 0.000000
vt 1.000000 0.000000
vt 0.000000 1.000000
vt 0.000000 0.000000
vt 1.000000 0.000000
vt 0.000000 1.000000
vt 0.000000 0.000000
vt 1.000000 0.000000
vt 0.000000 1.000000
vt 0.000000 0.000000
vt 1.000000 0.000000
vt 0.000000 1.000000
vt 0.000000 0.000000
vt 1.000000 0.000000
vt 0.000000 1.000000
vt 0.000000 0.000000
vt 1.000000 0.000000
vt 0.000000 1.000000
vt 0.000000 0.000000
vt 1.000000 0.000000
vt 0.000000 1.000000
vt 0.000000 0.000000
vt 1.000000 0.000000
vt 0.000000 1.000000
vt 0.000000 0.000000
vt 1.000000 0.000000
vt 0.000000 1.000000
vt 0.000000 0.000000
vt 1.000000 0.000000
vt 0.000000 1.000000
vt 0.000000 0.000000
vt 1.000000 0.000000
vt 0.000000 1.000000
vt 0.000000 0.000000
vt 1.000000 0.000000
vt 0.000000 1.000000
vt 0.000000 0.000000
vt 1.000000 0.000000
vt 0.000000 1.000000
vt 0.000000 0.000000
vt 1.000000 0.000000
vt 0.000000 1.000000
vt 0.000000 0.000000
vt 1.000000 0.000000
vt 0.000000 1.000000
vt 0.000000 0.000000
vt 1.000000 0.000000
vt 0.000000 1.000000
vt 0.000000 0.000000
vt 1.000000 0.000000
vt 0.000000 1.000000
vt 0.000000 0.000000
vt 1.000000 0.000000
vt 0.000000 1.000000
vt 0.000000 0.000000
vt 1.000000 0.000000
vt 0.000000 1.000000
vt 0.000000 0.000000
vt 1.000000 0.000000
vt 0.000000 1.000000
vt 0.000000 0.000000
vt 1.000000 0.000000
vt 0.000000 1.000000
vt 0.000000 0.000000
vt 1.000000 0.000000
vt 0.000000 1.000000
vt 0.000000 0.000000
vt 1.000000 0.000000
vt 0.000000 1.000000
vt 0.000000 0.000000
vt 1.000000 0.000000
vt 0.000000 1.000000
vt 0.000000 0.000000
vt 1.000000 0.000000
vt 0.000000 1.000000
vt 0.000000 0.000000
vt 1.000000 0.000000
vt 0.000000 1.000000
vt 0.000000 0.000000
vt 1.000000 0.000000
vt 0.000000 1.000000
vt 0.000000 0.000000
vt 1.000000 0.000000
vt 0.000000 1.000000
vt 0.000000 0.000000
vt 1.000000 0.000000
vt 0.000000 1.000000
vt 0.000000 0.000000
vt 1.000000 0.000000
vt 0.000000 1.000000
vt 0.000000 0.000000
vt 1.000000 0.000000
vt 0.000000 1.000000
vt 0.000000 0.000000
vt 1.000000 0.000000
vt 0.000000 1.000000
vt 0.000000 0.000000
vt 1.000000 0.000000
vt 0.000000 1.000000
vt 0.000000 0.000000
vt 1.000000 0.000000
vt 0.000000 1.000000
vt 0.000000 0.000000
vt 1.000000 0.000000
vt 0.000000 1.000000
vt 0.000000 0.000000
vt 1.000000 0.000000
vt 0.000000 1.000000
vt 0.000000 0.000000
vt 1.000000 0.000000
vt 0.000000 1.000000
vt 0.000000 0.000000
vt 1.000000 0.000000
vt 0.000000 1.000000
vt 0.000000 0.000000
vt 1.000000 0.000000
vt 0.000000 1.000000
vt 0.000000 0.000000
vt 1.000000 0.000000
vt 0.000000 1.000000
vt 0.000000 0.000000
vt 1.000000 0.000000
vt 0.000000 1.000000
vt 0.000000 0.000000
vt 1.000000 0.000000
vt 0.000000 1.000000
vt 0.000000 0.000000
vt 1.000000 0.000000
vt 0.000000 1.000000
vt 0.000000 0.000000
vt 1.000000 0.000000
vt 0.000000 1.000000
vt 0.000000 0.000000
vt 1.000000 0.000000
vt 0.000000 1.000000
vt 0.000000 0.000000
vt 1.000000 0.000000
vt 0.000000 1.000000
vt 0.000000 0.000000
vt 1.000000 0.000000
vt 0.000000 1.000000
vt 0.000000 0.000000
vt 1.000000 0.000000
vt 0.000000 1.000000
vt 0.000000 0.000000
vt 1.000000 0.000000
vt 0.000000 1.000000
vt 0.000000 0.000000
vt 1.000000 0.000000
vt 0.000000 1.000000
vt 0.000000 0.000000
vt 1.000000 0.000000
vt 0.000000 1.000000
vt 0.000000 0.000000
vt 1.000000 0.000000
vt 0.000000 1.000000
vt 0.000000 0.000000
vt 1.000000 0.000000
vt 0.000000 1.000000
vt 0.000000 0.000000
vt 1.000000 0.000000
vt 0.000000 1.000000
vt 0.000000 0.000000
vt 1.000000 0.000000
vt 0.000000 1.000000
vt 0.000000 0.000000
vt 1.000000 0.000000
vt 0.000000 1.000000
vt 0.000000 0.000000
vt 1.000000 0.000000
vt 0.000000 1.000000
vt 0.000000 0.000000
vt 1.000000 0.000000
vt 0.000000 1.000000
vt 0.000000 0.000000
vt 1.000000 0.000000
vt 0.000000 1.000000
vt 0.000000 0.000000
vt 1.000000 0.000000
vt 0.000000 1.000000
vt 0.000000 0.000000
vt 1.000000 0.000000
vt 0.000000 1.000000
vt 0.000000 0.000000
vt 1.000000 0.000000
vt 0.000000 1.000000
vt 0.000000 0.000000
vt 1.000000 0.000000
vt 0.000000 1.000000
vt 0.000000 0.000000
vt 1.000000 0.000000
vt 0.000000 1.000000
vt 0.000000 0.000000
vt 1.000000 0.000000
vt 0.000000 1.000000
vt 0.000000 0.000000
vt 1.000000 0.000000
vt 0.000000 1.000000
vt 0.000000 0.000000
vt 1.000000 0.000000
vt 0.000000 1.000000
vt 0.000000 0.000000
vt 1.000000 0.000000
vt 0.000000 1.000000
vt 0.000000 0.000000
vt 1.000000 0.000000
vt 0.000000 1.000000
vt 0.000000 0.000000
vt 1.000000 0.000000
vt 0.000000 1.000000
vt 0.000000 0.000000
vt 1.000000 0.000000
vt 0.000000 1.000000
vt 0.000000 0.000000
vt 1.000000 0.000000
vt 0.000000 1.000000
vt 0.000000 0.000000
vt 1.000000 0.000000
vt 0.000000 1.000000
vt 0.000000 0.000000
vt 1.000000 0.000000
vt 0.000000 1.000000
vt 0.000000 0.000000
vt 1.000000 0.000000
vt 0.000000 1.000000
vt 0.000000 0.000000
vt 1.000000 0.000000
vt 0.000000 1.000000
vt 0.000000 0.000000
vt 1.000000 0.000000
vt 0.000000 1.000000
vt 0.000000 0.000000
vt 1.000000 0.000000
vt 0.000000 1.000000
vt 0.000000 0.000000
vt 1.000000 0.000000
vt 0.000000 1.000000
vt 0.000000 0.000000
vt 1.000000 0.000000
vt 0.000000 1.000000
vt 0.000000 0.000000
vt 1.000000 0.000000
vt 0.000000 1.000000
vt 0.000000 0.000000
vt 1.000000 0.000000
vt 0.000000 1.000000
vt 0.000000 0.000000
vt 1.000000 0.000000
vt 0.000000 1.000000
vt 0.000000 0.000000
vt 1.000000 0.000000
vt 0.000000 1.000000
vt 0.000000 0.000000
vt 1.000000 0.000000
vt 0.000000 1.000000
vt 0.000000 0.000000
vt 1.000000 0.000000
vt 0.000000 1.000000
vt 0.000000 0.000000
vt 1.000000 0.000000
vt 0.000000 1.000000
vt 0.000000 0.000000
vt 1.000000 0.000000
vt 0.000000 1.000000
vt 0.000000 0.000000
vt 1.000000 0.000000
vt 0.000000 1.000000
vt 0.000000 0.000000
vt 1.000000 0.000000
vt 0.000000 1.000000
vt 0.000000 0.000000
vt 1.000000 0.000000
vt 0.000000 1.000000
vt 0.000000 0.000000
vt 1.000000 0.000000
vt 0.000000 1.000000
vt 0.000000 0.000000
vt 1.000000 0.000000
vt 0.000000 1.000000
vt 0.000000 0.000000
vt 1.000000 0.000000
vt 0.000000 1.000000
vt 0.000000 0.000000
vt 1.000000 0.000000
vt 0.000000 1.000000
vt 0.000000 0.000000
vt 1.000000 0.000000
vt 0.000000 1.000000
vt 0.000000 0.000000
vt 1.000000 0.000000
vt 0.000000 1.000000
vt 0.000000 0.000000
vt 1.000000 0.000000
vt 0.000000 1.000000
vt 0.000000 0.000000
vt 1.000000 0.000000
vt 0.000000 1.000000
vt 0.000000 0.000000
vt 1.000000 0.000000
vt 0.000000 1.000000
vt 0.000000 0.000000
vt 1.000000 0.000000
vt 0.000000 1.000000
vt 0.000000 0.000000
vt 1.000000 0.000000
vt 0.000000 1.000000
vt 0.000000 0.000000
vt 1.000000 0.000000
vt 0.000000 1.000000
vt 0.000000 0.000000
vt 1.000000 0.000000
vt 0.000000 1.000000
vt 0.000000 0.000000
vt 1.000000 0.000000
vt 0.000000 1.000000
vt 0.000000 0.000000
vt 1.000000 0.000000
vt 0.000000 1.000000
vt 0.000000 0.000000
vt 1.000000 0.000000
vt 0.000000 1.000000
vt 0.000000 0.000000
vt 1.000000 0.000000
vt 0.000000 1.000000
vt 0.000000 0.000000
vt 1.000000 0.000000
vt 0.000000 1.000000
vt 0.000000 0.000000
vt 1.000000 0.000000
vt 0.000000 1.000000
vt 0.000000 0.000000
vt 1.000000 0.000000
vt 0.000000 1.000000
vt 0.000000 0.000000
vt 1.000000 0.000000
vt 0.000000 1.000000
vt 0.000000 0.000000
vt 1.000000 0.000000
vt 0.000000 1.000000
vt 0.000000 0.000000
vt 1.000000 0.000000
vt 0.000000 1.000000
vt 0.000000 0.000000
vt 1.000000 0.000000
vt 0.000000 1.000000
vt 0.000000 0.000000
vt 1.000000 0.000000
vt 0.000000 1.000000
vt 0.000000 0.000000
vt 1.000000 0.000000
vt 0.000000 1.000000
vt 0.000000 0.000000
vt 1.000000 0.000000
vt 0.000000 1.000000
vt 0.000000 0.000000
vt 1.000000 0.000000
vt 0.000000 1.000000
vt 0.000000 0.000000
vt 1.000000 0.000000
vt 0.000000 1.000000
vt 0.000000 0.000000
vt 1.000000 0.000000
vt 0.000000 1.000000
vt 0.000000 0.000000
vt 1.000000 0.000000
vt 0.000000 1.000000
vt 0.000000 0.000000
vt 1.000000 0.000000
vt 0.000000 1.000000
vt 0.000000 0.000000
vt 1.000000 0.000000
vt 0.000000 1.000000
vt 0.000000 0.000000
vt 1.000000 0.000000
vt 0.000000 1.000000
vt 0.000000 0.000000
vt 1.000000 0.000000
vt 0.000000 1.000000
vt 0.000000 0.000000
vt 1.000000 0.000000
vt 0.000000 1.000000
vt 0.000000 0.000000
vt 1.000000 0.000000
vt 0.000000 1.000000
vt 0.000000 0.000000
vt 1.000000 0.000000
vt 0.000000 1.000000
vt 0.000000 0.000000
vt 1.000000 0.000000
vt 0.000000 1.000000
vt 0.000000 0.000000
vt 1.000000 0.000000
vt 0.000000 1.000000
vt 0.000000 0.000000
vt 1.000000 0.000000
vt 0.000000 1.000000
vt 0.000000 0.000000
vt 1.000000 0.000000
vt 0.000000 1.000000
vt 0.000000 0.000000
vt 1.000000 0.000000
vt 0.000000 1.000000
vt 0.000000 0.000000
vt 1.000000 0.000000
vt 0.000000 1.000000
vt 0.000000 0.000000
vt 1.000000 0.000000
vt 0.000000 1.000000
vt 0.000000 0.000000
vt 1.000000 0.000000
vt 0.000000 1.000000
vt 0.000000 0.000000
vt 1.000000 0.000000
vt 0.000000 1.000000
vt 0.000000 0.000000
vt 1.000000 0.000000
vt 0.000000 1.000000
vt 0.000000 0.000000
vt 1.000000 0.000000
vt 0.000000 1.000000
vt 0.000000 0.000000
vt 1.000000 0.000000
vt 0.000000 1.000000
vt 0.000000 0.000000
vt 1.000000 0.000000
vt 0.000000 1.000000
vt 0.000000 0.000000
vt 1.000000 0.000000
vt 0.000000 1.000000
vt 0.000000 0.000000
vt 1.000000 0.000000
vt 0.000000 1.000000
vt 0.000000 0.000000
vt 1.000000 0.000000
vt 0.000000 1.000000
vt 0.000000 0.000000
vt 1.000000 0.000000
vt 0.000000 1.000000
vt 0.000000 0.000000
vt 1.000000 0.000000
vt 0.000000 1.000000
vt 0.000000 0.000000
vt 1.000000 0.000000
vt 0.000000 1.000000
vt 0.000000 0.000000
vt 1.000000 0.000000
vt 0.000000 1.000000
vt 0.000000 0.000000
vt 1.000000 0.000000
vt 0.000000 1.000000
vt 0.000000 0.000000
vt 1.000000 0.000000
vt 0.000000 1.000000
vt 0.000000 0.000000
vt 1.000000 0.000000
vt 0.000000 1.000000
vt 0.000000 0.000000
vt 1.000000 0.000000
vt 0.000000 1.000000
vt 0.000000 0.000000
vt 1.000000 0.000000
vt 0.000000 1.000000
vt 0.000000 0.000000
vt 1.000000 0.000000
vt 0.000000 1.000000
vt 0.000000 0.000000
vt 1.000000 0.000000
vt 0.000000 1.000000
vt 0.000000 0.000000
vt 1.000000 0.000000
vt 0.000000 1.000000
vt 0.000000 0.000000
vt 1.000000 0.000000
vt 0.000000 1.000000
vt 0.000000 0.000000
vt 1.000000 0.000000
vt 0.000000 1.000000
vt 0.000000 0.000000
vt 1.000000 0.000000
vt 0.000000 1.000000
vt 0.000000 0.000000
vt 1.000000 0.000000
vt 0.000000 1.000000
vt 0.000000 0.000000
vt 1.000000 0.000000
vt 0.000000 1.000000
vt 0.000000 0.000000
vt 1.000000 0.000000
vt 0.000000 1.000000
vt 0.000000 0.000000
vt 1.000000 0.000000
vt 0.000000 1.000000
vt 0.000000 0.000000
vt 1.000000 0.000000
vt 0.000000 1.000000
vt 0.000000 0.000000
vt 1.000000 0.000000
vt 0.000000 1.000000
vt 0.000000 0.000000
vt 1.000000 0.000000
vt 0.000000 1.000000
vt 0.000000 0.000000
vt 1.000000 0.000000
vt 0.000000 1.000000
vt 0.000000 0.000000
vt 1.000000 0.000000
vt 0.000000 1.000000
vt 0.000000 0.000000
vt 1.000000 0.000000
vt 0.000000 1.000000
vt 0.000000 0.000000
vt 1.000000 0.000000
vt 0.000000 1.000000
vt 0.000000 0.000000
vt 1.000000 0.000000
vt 0.000000 1.000000
vt 0.000000 0.000000
vt 1.000000 0.000000
vt 0.000000 1.000000
vt 0.000000 0.000000
vt 1.000000 0.000000
vt 0.000000 1.000000
vt 0.000000 0.000000
vt 1.000000 0.000000
vt 0.000000 1.000000
vt 0.000000 0.000000
vt 1.000000 0.000000
vt 0.000000 1.000000
vt 0.000000 0.000000
vt 1.000000 0.000000
vt 0.000000 1.000000
vt 0.000000 0.000000
vt 1.000000 0.000000
vt 0.000000 1.000000
vt 0.000000 0.000000
vt 1.000000 0.000000
vt 0.000000 1.000000
vt 0.000000 0.000000
vt 1.000000 0.000000
vt 0.000000 1.000000
vt 0.000000 0.000000
vt 1.000000 0.000000
vt 0.000000 1.000000
vt 0.000000 0.000000
vt 1.000000 0.000000
vt 0.000000 1.000000
vt 0.000000 0.000000
vt 1.000000 0.000000
vt 0.000000 1.000000
vt 0.000000 0.000000
vt 1.000000 0.000000
vt 0.000000 1.000000
vt 0.000000 0.000000
vt 1.000000 0.000000
vt 0.000000 1.000000
vt 0.000000 0.000000
vt 1.000000 0.000000
vt 0.000000 1.000000
vt 0.000000 0.000000
vt 1.000000 0.000000
vt 0.000000 1.000000
vt 0.000000 0.000000
vt 1.000000 0.000000
vt 0.000000 1.000000
vt 0.000000 0.000000
vt 1.000000 0.000000
vt 0.000000 1.000000
vt 0.000000 0.000000
vt 1.000000 0.000000
vt 0.000000 1.000000
vt 0.000000 0.000000
vt 1.000000 0.000000
vt 0.000000 1.000000
vt 0.000000 0.000000
vt 1.000000 0.000000
vt 0.000000 1.000000
vt 0.000000 0.000000
vt 1.000000 0.000000
vt 0.000000 1.000000
vt 0.000000 0.000000
vt 1.000000 0.000000
vt 0.000000 1.000000
vt 0.000000 0.000000
vt 1.000000 0.000000
vt 0.000000 1.000000
vt 0.000000 0.000000
vt 1.000000 0.000000
vt 0.000000 1.000000
vt 0.000000 0.000000
vt 1.000000 0.000000
vt 0.000000 1.000000
vt 0.000000 0.000000
vt 1.000000 0.000000
vt 0.000000 1.000000
vt 0.000000 0.000000
vt 1.000000 0.000000
vt 0.000000 1.000000
vt 0.000000 0.000000
vt 1.000000 0.000000
vt 0.000000 1.000000
vt 0.000000 0.000000
vt 1.000000 0.000000
vt 0.000000 1.000000
vt 0.000000 0.000000
vt 1.000000 0.000000
vt 0.000000 1.000000
vt 0.000000 0.000000
vt 1.000000 0.000000
vt 0.000000 1.000000
vt 0.000000 0.000000
vt 1.000000 0.000000
vt 0.000000 1.000000
vt 0.000000 0.000000
vt 1.000000 0.000000
vt 0.000000 1.000000
vt 0.000000 0.000000
vt 1.000000 0.000000
vt 0.000000 1.000000
vt 0.000000 0.000000
vt 1.000000 0.000000
vt 0.000000 1.000000
vt 0.000000 0.000000
vt 1.000000 0.000000
vt 0.000000 1.000000
vt 0.000000 0.000000
vt 1.000000 0.000000
vt 0.000000 1.000000
vt 0.000000 0.000000
vt 1.000000 0.000000
vt 0.000000 1.000000
vt 0.000000 0.000000
vt 1.000000 0.000000
vt 0.000000 1.000000
vt 0.000000 0.000000
vt 1.000000 0.000000
vt 0.000000 1.000000
vt 0.000000 0.000000
vt 1.000000 0.000000
vt 0.000000 1.000000
vt 0.000000 0.000000
vt 1.000000 0.000000
vt 0.000000 1.000000
vt 0.000000 0.000000
vt 1.000000 0.000000
vt 0.000000 1.000000
vt 0.000000 0.000000
vt 1.000000 0.000000
vt 0.000000 1.000000
vt 0.000000 0.000000
vt 1.000000 0.000000
vt 0.000000 1.000000
vt 0.000000 0.000000
vt 1.000000 0.000000
vt 0.000000 1.000000
vt 0.000000 0.000000
vt 1.000000 0.000000
vt 0.000000 1.000000
vt 0.000000 0.000000
vt 1.000000 0.000000
vt 0.000000 1.000000
vt 0.000000 0.000000
vt 1.000000 0.000000
vt 0.000000 1.000000
vt 0.000000 0.000000
vt 1.000000 0.000000
vt 0.000000 1.000000
vt 0.000000 0.000000
vt 1.000000 0.000000
vt 0.000000 1.000000
vt 0.000000 0.000000
vt 1.000000 0.000000
vt 0.000000 1.000000
vt 0.000000 0.000000
vt 1.000000 0.000000
vt 0.000000 1.000000
vt 0.000000 0.000000
vt 1.000000 0.000000
vt 0.000000 1.000000
vt 0.000000 0.000000
vt 1.000000 0.000000
vt 0.000000 1.000000
vt 0.000000 0.000000
vt 1.000000 0.000000
vt 0.000000 1.000000
vt 0.000000 0.000000
vt 1.000000 0.000000
vt 0.000000 1.000000
vt 0.000000 0.000000
vt 1.000000 0.000000
vt 0.000000 1.000000
vt 0.000000 0.000000
vt 1.000000 0.000000
vt 0.000000 1.000000
vt 0.000000 0.000000
vt 1.000000 0.000000
vt 0.000000 1.000000
vt 0.000000 0.000000
vt 1.000000 0.000000
vt 0.000000 1.000000
vt 0.000000 0.000000
vt 1.000000 0.000000
vt 0.000000 1.000000
vt 0.000000 0.000000
vt 1.000000 0.000000
vt 0.000000 1.000000
vt 0.000000 0.000000
vt 1.000000 0.000000
vt 0.000000 1.000000
vt 0.000000 0.000000
vt 1.000000 0.000000
vt 0.000000 1.000000
vt 0.000000 0.000000
vt 1.000000 0.000000
vt 0.000000 1.000000
vt 0.000000 0.000000
vt 1.000000 0.000000
vt 0.000000 1.000000
vt 0.000000 0.000000
vt 1.000000 0.000000
vt 0.000000 1.000000
vt 0.000000 0.000000
vt 1.000000 0.000000
vt 0.000000 1.000000
vt 0.000000 0.000000
vt 1.000000 0.000000
vt 0.000000 1.000000
vt 0.000000 0.000000
vt 1.000000 0.000000
vt 0.000000 1.000000
vt 0.000000 0.000000
vt 1.000000 0.000000
vt 0.000000 1.000000
vt 0.000000 0.000000
vt 1.000000 0.000000
vt 0.000000 1.000000
vt 0.000000 0.000000
vt 1.000000 0.000000
vt 0.000000 1.000000
vt 0.000000 0.000000
vt 1.000000 0.000000
vt 0.000000 1.000000
vt 0.000000 0.000000
vt 1.000000 0.000000
vt 0.000000 1.000000
vt 0.000000 0.000000
vt 1.000000 0.000000
vt 0.000000 1.000000
vt 0.000000 0.000000
vt 1.000000 0.000000
vt 0.000000 1.000000
vt 0.000000 0.000000
vt 1.000000 0.000000
vt 0.000000 1.000000
vt 0.000000 0.000000
vt 1.000000 0.000000
vt 0.000000 1.000000
vt 0.000000 0.000000
vt 1.000000 0.000000
vt 0.000000 1.000000
vt 0.000000 0.000000
vt 1.000000 0.000000
vt 0.000000 1.000000
vt 0.000000 0.000000
vt 1.000000 0.000000
vt 0.000000 1.000000
vt 0.000000 0.000000
vt 1.000000 0.000000
vt 0.000000 1.000000
vt 0.000000 0.000000
vt 1.000000 0.000000
vt 0.000000 1.000000
vt 0.000000 0.000000
vt 1.000000 0.000000
vt 0.000000 1.000000
vt 0.000000 0.000000
vt 1.000000 0.000000
vt 0.000000 1.000000
vt 0.000000 0.000000
vt 1.000000 0.000000
vt 0.000000 1.000000
vt 0.000000 0.000000
vt 1.000000 0.000000
vt 0.000000 1.000000
vt 0.000000 0.000000
vt 1.000000 0.000000
vt 0.000000 1.000000
vt 0.000000 0.000000
vt 1.000000 0.000000
vt 0.000000 1.000000
vt 0.000000 0.000000
vt 1.000000 0.000000
vt 0.000000 1.000000
vt 0.000000 0.000000
vt 1.000000 0.000000
vt 0.000000 1.000000
vt 0.000000 0.000000
vt 1.000000 0.000000
vt 0.000000 1.000000
vt 0.000000 0.000000
vt 1.000000 0.000000
vt 0.000000 1.000000
vt 0.000000 0.000000
vt 1.000000 0.000000
vt 0.000000 1.000000
vt 0.000000 0.000000
vt 1.000000 0.000000
vt 0.000000 1.000000
vt 0.000000 0.000000
vt 1.000000 0.000000
vt 0.000000 1.000000
vt 0.000000 0.000000
vt 1.000000 0.000000
vt 0.000000 1.000000
vt 0.000000 0.000000
vt 1.000000 0.000000
vt 0.000000 1.000000
vt 0.000000 0.000000
vt 1.000000 0.000000
vt 0.000000 1.000000
vt 0.000000 0.000000
vt 1.000000 0.000000
vt 0.000000 1.000000
vt 0.000000 0.000000
vt 1.000000 0.000000
vt 0.000000 1.000000
vt 0.000000 0.000000
vt 1.000000 0.000000
vt 0.000000 1.000000
vt 0.000000 0.000000
vt 1.000000 0.000000
vt 0.000000 1.000000
vt 0.000000 0.000000
vt 1.000000 0.000000
vt 0.000000 1.000000
vt 0.000000 0.000000
vt 1.000000 0.000000
vt 0.000000 1.000000
vt 0.000000 0.000000
vt 1.000000 0.000000
vt 0.000000 1.000000
vt 0.000000 0.000000
vt 1.000000 0.000000
vt 0.000000 1.000000
vt 0.000000 0.000000
vt 1.000000 0.000000
vt 0.000000 1.000000
vt 0.000000 0.000000
vt 1.000000 0.000000
vt 0.000000 1.000000
vt 0.000000 0.000000
vt 1.000000 0.000000
vt 0.000000 1.000000
vt 0.000000 0.000000
vt 1.000000 0.000000
vt 0.000000 1.000000
vt 0.000000 0.000000
vt 1.000000 0.000000
vt 0.000000 1.000000
vt 0.000000 0.000000
vt 1.000000 0.000000
vt 0.000000 1.000000
vt 0.000000 0.000000
vt 1.000000 0.000000
vt 0.000000 1.000000
vt 0.000000 0.000000
vt 1.000000 0.000000
vt 0.000000 1.000000
vt 0.000000 0.000000
vt 1.000000 0.000000
vt 0.000000 1.000000
vt 0.000000 0.000000
vt 1.000000 0.000000
vt 0.000000 1.000000
vt 0.000000 0.000000
vt 1.000000 0.000000
vt 0.000000 1.000000
vt 0.000000 0.000000
vt 1.000000 0.000000
vt 0.000000 1.000000
vt 0.000000 0.000000
vt 1.000000 0.000000
vt 0.000000 1.000000
vt 0.000000 0.000000
vt 1.000000 0.000000
vt 0.000000 1.000000
vt 0.000000 0.000000
vt 1.000000 0.000000
vt 0.000000 1.000000
vt 0.000000 0.000000
vt 1.000000 0.000000
vt 0.000000 1.000000
vt 0.000000 0.000000
vt 1.000000 0.000000
vt 0.000000 1.000000
vt 0.000000 0.000000
vt 1.000000 0.000000
vt 0.000000 1.000000
vt 0.000000 0.000000
vt 1.000000 0.000000
vt 0.000000 1.000000
vt 0.000000 0.000000
vt 1.000000 0.000000
vt 0.000000 1.000000
vt 0.000000 0.000000
vt 1.000000 0.000000
vt 0.000000 1.000000
vt 0.000000 0.000000
vt 1.000000 0.000000
vt 0.000000 1.000000
vt 0.000000 0.000000
vt 1.000000 0.000000
vt 0.000000 1.000000
vt 0.000000 0.000000
vt 1.000000 0.000000
vt 0.000000 1.000000
vt 0.000000 0.000000
vt 1.000000 0.000000
vt 0.000000 1.000000
vt 0.000000 0.000000
vt 1.000000 0.000000
vt 0.000000 1.000000
vt 0.000000 0.000000
vt 1.000000 0.000000
vt 0.000000 1.000000
vt 0.000000 0.000000
vt 1.000000 0.000000
vt 0.000000 1.000000
vt 0.000000 0.000000
vt 1.000000 0.000000
vt 0.000000 1.000000
vt 0.000000 0.000000
vt 1.000000 0.000000
vt 0.000000 1.000000
vt 0.000000 0.000000
vt 1.000000 0.000000
vt 0.000000 1.000000
vt 0.000000 0.000000
vt 1.000000 0.000000
vt 0.000000 1.000000
vt 0.000000 0.000000
vt 1.000000 0.000000
vt 0.000000 1.000000
vt 0.000000 0.000000
vt 1.000000 0.000000
vt 0.000000 1.000000
vt 0.000000 0.000000
vt 1.000000 0.000000
vt 0.000000 1.000000
vt 0.000000 0.000000
vt 1.000000 0.000000
vt 0.000000 1.000000
vt 0.000000 0.000000
vt 1.000000 0.000000
vt 0.000000 1.000000
vt 0.000000 0.000000
vt 1.000000 0.000000
vt 0.000000 1.000000
vt 0.000000 0.000000
vt 1.000000 0.000000
vt 0.000000 1.000000
vt 0.000000 0.000000
vt 1.000000 0.000000
vt 0.000000 1.000000
vt 0.000000 0.000000
vt 1.000000 0.000000
vt 0.000000 1.000000
vt 0.000000 0.000000
vt 1.000000 0.000000
vt 0.000000 1.000000
vt 0.000000 0.000000
vt 1.000000 0.000000
vt 0.000000 1.000000
vt 0.000000 0.000000
vt 1.000000 0.000000
vt 0.000000 1.000000
vt 0.000000 0.000000
vt 1.000000 0.000000
vt 0.000000 1.000000
vt 0.000000 0.000000
vt 1.000000 0.000000
vt 0.000000 1.000000
vt 0.000000 0.000000
vt 1.000000 0.000000
vt 0.000000 1.000000
vt 0.000000 0.000000
vt 1.000000 0.000000
vt 0.000000 1.000000
vt 0.000000 0.000000
vt 1.000000 0.000000
vt 0.000000 1.000000
vt 0.000000 0.000000
vt 1.000000 0.000000
vt 0.000000 1.000000
vt 0.000000 0.000000
vt 1.000000 0.000000
vt 0.000000 1.000000
vt 0.000000 0.000000
vt 1.000000 0.000000
vt 0.000000 1.000000
vt 0.000000 0.000000
vt 1.000000 0.000000
vt 0.000000 1.000000
vt 0.000000 0.000000
vt 1.000000 0.000000
vt 0.000000 1.000000
vt 0.000000 0.000000
vt 1.000000 0.000000
vt 0.000000 1.000000
vt 0.000000 0.000000
vt 1.000000 0.000000
vt 0.000000 1.000000
vt 0.000000 0.000000
vt 1.000000 0.000000
vt 0.000000 1.000000
vt 0.000000 0.000000
vt 1.000000 0.000000
vt 0.000000 1.000000
vt 0.000000 0.000000
vt 1.000000 0.000000
vt 0.000000 1.000000
vt 0.000000 0.000000
vt 1.000000 0.000000
vt 0.000000 1.000000
vt 0.000000 0.000000
vt 1.000000 0.000000
vt 0.000000 1.000000
vt 0.000000 0.000000
vt 1.000000 0.000000
vt 0.000000 1.000000
vt 0.000000 0.000000
vt 1.000000 0.000000
vt 0.000000 1.000000
vt 0.000000 0.000000
vt 1.000000 0.000000
vt 0.000000 1.000000
vt 0.000000 0.000000
vt 1.000000 0.000000
vt 0.000000 1.000000
vt 0.000000 0.000000
vt 1.000000 0.000000
vt 0.000000 1.000000
vt 0.000000 0.000000
vt 1.000000 0.000000
vt 0.000000 1.000000
vt 0.000000 0.000000
vt 1.000000 0.000000
vt 0.000000 1.000000
vt 0.000000 0.000000
vt 1.000000 0.000000
vt 0.000000 1.000000
vt 0.000000 0.000000
vt 1.000000 0.000000
vt 0.000000 1.000000
vt 0.000000 0.000000
vt 1.000000 0.000000
vt 0.000000 1.000000
vt 0.000000 0.000000
vt 1.000000 0.000000
vt 0.000000 1.000000
vt 0.000000 0.000000
vt 1.000000 0.000000
vt 0.000000 1.000000
vt 0.000000 0.000000
vt 1.000000 0.000000
vt 0.000000 1.000000
vt 0.000000 0.000000
vt 1.000000 0.000000
vt 0.000000 1.000000
vt 0.000000 0.000000
vt 1.000000 0.000000
vt 0.000000 1.000000
vt 0.000000 0.000000
vt 1.000000 0.000000
vt 0.000000 1.000000
vt 0.000000 0.000000
vt 1.000000 0.000000
vt 0.000000 1.000000
vt 0.000000 0.000000
vt 1.000000 0.000000
vt 0.000000 1.000000
vt 0.000000 0.000000
vt 1.000000 0.000000
vt 0.000000 1.000000
vt 0.000000 0.000000
vt 1.000000 0.000000
vt 0.000000 1.000000
vt 0.000000 0.000000
vt 1.000000 0.000000
vt 0.000000 1.000000
vt 0.000000 0.000000
vt 1.000000 0.000000
vt 0.000000 1.000000
vt 0.000000 0.000000
vt 1.000000 0.000000
vt 0.000000 1.000000
vt 0.000000 0.000000
vt 1.000000 0.000000
vt 0.000000 1.000000
vt 0.000000 0.000000
vt 1.000000 0.000000
vt 0.000000 1.000000
vt 0.000000 0.000000
vt 1.000000 0.000000
vt 0.000000 1.000000
vt 0.000000 0.000000
vt 1.000000 0.000000
vt 0.000000 1.000000
vt 0.000000 0.000000
vt 1.000000 0.000000
vt 0.000000 1.000000
vt 0.000000 0.000000
vt 1.000000 0.000000
vt 0.000000 1.000000
vt 0.000000 0.000000
vt 1.000000 0.000000
vt 0.000000 1.000000
vt 0.000000 0.000000
vt 1.000000 0.000000
vt 0.000000 1.000000
vt 0.000000 0.000000
vt 1.000000 0.000000
vt 0.000000 1.000000
vt 0.000000 0.000000
vt 1.000000 0.000000
vt 0.000000 1.000000
vt 0.000000 0.000000
vt 1.000000 0.000000
vt 0.000000 1.000000
vt 0.000000 0.000000
vt 1.000000 0.000000
vt 0.000000 1.000000
vt 0.000000 0.000000
vt 1.000000 0.000000
vt 0.000000 1.000000
vt 0.000000 0.000000
vt 1.000000 0.000000
vt 0.000000 1.000000
vt 0.000000 0.000000
vt 1.000000 0.000000
vt 0.000000 1.000000
vt 0.000000 0.000000
vt 1.000000 0.000000
vt 0.000000 1.000000
vt 0.000000 0.000000
vt 1.000000 0.000000
vt 0.000000 1.000000
vt 0.000000 0.000000
vt 1.000000 0.000000
vt 0.000000 1.000000
vt 0.000000 0.000000
vt 1.000000 0.000000
vt 0.000000 1.000000
vt 0.000000 0.000000
vt 1.000000 0.000000
vt 0.000000 1.000000
vt 0.000000 0.000000
vt 1.000000 0.000000
vt 0.000000 1.000000
vt 0.000000 0.000000
vt 1.000000 0.000000
vt 0.000000 1.000000
vt 0.000000 0.000000
vt 1.000000 0.000000
vt 0.000000 1.000000
vt 0.000000 0.000000
vt 1.000000 0.000000
vt 0.000000 1.000000
vt 0.000000 0.000000
vt 1.000000 0.000000
vt 0.000000 1.000000
vt 0.000000 0.000000
vt 1.000000 0.000000
vt 0.000000 1.000000
vt 0.000000 0.000000
vt 1.000000 0.000000
vt 0.000000 1.000000
vt 0.000000 0.000000
vt 1.000000 0.000000
vt 0.000000 1.000000
vt 0.000000 0.000000
vt 1.000000 0.000000
vt 0.000000 1.000000
vt 0.000000 0.000000
vt 1.000000 0.000000
vt 0.000000 1.000000
vt 0.000000 0.000000
vt 1.000000 0.000000
vt 0.000000 1.000000
vt 0.000000 0.000000
vt 1.000000 0.000000
vt 0.000000 1.000000
vt 0.000000 0.000000
vt 1.000000 0.000000
vt 0.000000 1.000000
vt 0.000000 0.000000
vt 1.000000 0.000000
vt 0.000000 1.000000
vt 0.000000 0.000000
vt 1.000000 0.000000
vt 0.000000 1.000000
vt 0.000000 0.000000
vt 1.000000 0.000000
vt 0.000000 1.000000
vt 0.000000 0.000000
vt 1.000000 0.000000
vt 0.000000 1.000000
vt 0.000000 0.000000
vt 1.000000 0.000000
vt 0.000000 1.000000
vt 0.000000 0.000000
vt 1.000000 0.000000
vt 0.000000 1.000000
vt 0.000000 0.000000
vt 1.000000 0.000000
vt 0.000000 1.000000
vt 0.000000 0.000000
vt 1.000000 0.000000
vt 0.000000 1.000000
vt 0.000000 0.000000
vt 1.000000 0.000000
vt 0.000000 1.000000
vt 0.000000 0.000000
vt 1.000000 0.000000
vt 0.000000 1.000000
vt 0.000000 0.000000
vt 1.000000 0.000000
vt 0.000000 1.000000
vt 0.000000 0.000000
vt 1.000000 0.000000
vt 0.000000 1.000000
vt 0.000000 0.000000
vt 1.000000 0.000000
vt 0.000000 1.000000
vt 0.000000 0.000000
vt 1.000000 0.000000
vt 0.000000 1.000000
vt 0.000000 0.000000
vt 1.000000 0.000000
vt 0.000000 1.000000
vt 0.000000 0.000000
vt 1.000000 0.000000
vt 0.000000 1.000000
vt 0.000000 0.000000
vt 1.000000 0.000000
vt 0.000000 1.000000
vt 0.000000 0.000000
vt 1.000000 0.000000
vt 0.000000 1.000000
vt 0.000000 0.000000
vt 1.000000 0.000000
vt 0.000000 1.000000
vt 0.000000 0.000000
vt 1.000000 0.000000
vt 0.000000 1.000000
vt 0.000000 0.000000
vt 1.000000 0.000000
vt 0.000000 1.000000
vt 0.000000 0.000000
vt 1.000000 0.000000
vt 0.000000 1.000000
vt 0.000000 0.000000
vt 1.000000 0.000000
vt 0.000000 1.000000
vt 0.000000 0.000000
vt 1.000000 0.000000
vt 0.000000 1.000000
vt 0.000000 0.000000
vt 1.000000 0.000000
vt 0.000000 1.000000
vt 0.000000 0.000000
vt 1.000000 0.000000
vt 0.000000 1.000000
vt 0.000000 0.000000
vt 1.000000 0.000000
vt 0.000000 1.000000
vt 0.000000 0.000000
vt 1.000000 0.000000
vt 0.000000 1.000000
vt 0.000000 0.000000
vt 1.000000 0.000000
vt 0.000000 1.000000
vt 0.000000 0.000000
vt 1.000000 0.000000
vt 0.000000 1.000000
vt 0.000000 0.000000
vt 1.000000 0.000000
vt 0.000000 1.000000
vt 0.000000 0.000000
vt 1.000000 0.000000
vt 0.000000 1.000000
vt 0.000000 0.000000
vt 1.000000 0.000000
vt 0.000000 1.000000
vt 0.000000 0.000000
vt 1.000000 0.000000
vt 0.000000 1.000000
vt 0.000000 0.000000
vt 1.000000 0.000000
vt 0.000000 1.000000
vt 0.000000 0.000000
vt 1.000000 0.000000
vt 0.000000 1.000000
vt 0.000000 0.000000
vt 1.000000 0.000000
vt 0.000000 1.000000
vt 0.000000 0.000000
vt 1.000000 0.000000
vt 0.000000 1.000000
vt 0.000000 0.000000
vt 1.000000 0.000000
vt 0.000000 1.000000
vt 0.000000 0.000000
vt 1.000000 0.000000
vt 0.000000 1.000000
vt 0.000000 0.000000
vt 1.000000 0.000000
vt 0.000000 1.000000
vt 0.000000 0.000000
vt 1.000000 0.000000
vt 0.000000 1.000000
vt 0.000000 0.000000
vt 1.000000 0.000000
vt 0.000000 1.000000
vt 0.000000 0.000000
vt 1.000000 0.000000
vt 0.000000 1.000000
vt 0.000000 0.000000
vt 1.000000 0.000000
vt 0.000000 1.000000
vt 0.000000 0.000000
vt 1.000000 0.000000
vt 0.000000 1.000000
vt 0.000000 0.000000
vt 1.000000 0.000000
vt 0.000000 1.000000
vt 0.000000 0.000000
vt 1.000000 0.000000
vt 0.000000 1.000000
vt 0.000000 0.000000
vt 1.000000 0.000000
vt 0.000000 1.000000
vt 0.000000 0.000000
vt 1.000000 0.000000
vt 0.000000 1.000000
vt 0.000000 0.000000
vt 1.000000 0.000000
vt 0.000000 1.000000
vt 0.000000 0.000000
vt 1.000000 0.000000
vt 0.000000 1.000000
vt 0.000000 0.000000
vt 1.000000 0.000000
vt 0.000000 1.000000
vt 0.000000 0.000000
vt 1.000000 0.000000
vt 0.000000 1.000000
vt 0.000000 0.000000
vt 1.000000 0.000000
vt 0.000000 1.000000
vt 0.000000 0.000000
vt 1.000000 0.000000
vt 0.000000 1.000000
vt 0.000000 0.000000
vt 1.000000 0.000000
vt 0.000000 1.000000
vt 0.000000 0.000000
vt 1.000000 0.000000
vt 0.000000 1.000000
vt 0.000000 0.000000
vt 1.000000 0.000000
vt 0.000000 1.000000
vt 0.000000 0.000000
vt 1.000000 0.000000
vt 0.000000 1.000000
vt 0.000000 0.000000
vt 1.000000 0.000000
vt 0.000000 1.000000
vt 0.000000 0.000000
vt 1.000000 0.000000
vt 0.000000 1.000000
vt 0.000000 0.000000
vt 1.000000 0.000000
vt 0.000000 1.000000
vt 0.000000 0.000000
vt 1.000000 0.000000
vt 0.000000 1.000000
vt 0.000000 0.000000
vt 1.000000 0.000000
vt 0.000000 1.000000
vt 0.000000 0.000000
vt 1.000000 0.000000
vt 0.000000 1.000000
vt 0.000000 0.000000
vt 1.000000 0.000000
vt 0.000000 1.000000
vt 0.000000 0.000000
vt 1.000000 0.000000
vt 0.000000 1.000000
vt 0.000000 0.000000
vt 1.000000 0.000000
vt 0.000000 1.000000
vt 0.000000 0.000000
vt 1.000000 0.000000
vt 0.000000 1.000000
vt 0.000000 0.000000
vt 1.000000 0.000000
vt 0.000000 1.000000
vt 0.000000 0.000000
vt 1.000000 0.000000
vt 0.000000 1.000000
vt 0.000000 0.000000
vt 1.000000 0.000000
vt 0.000000 1.000000
vt 0.000000 0.000000
vt 1.000000 0.000000
vt 0.000000 1.000000
vt 0.000000 0.000000
vt 1.000000 0.000000
vt 0.000000 1.000000
vt 0.000000 0.000000
vt 1.000000 0.000000
vt 0.000000 1.000000
vt 0.000000 0.000000
vt 1.000000 0.000000
vt 0.000000 1.000000
vt 0.000000 0.000000
vt 1.000000 0.000000
vt 0.000000 1.000000
vt 0.000000 0.000000
vt 1.000000 0.000000
vt 0.000000 1.000000
vt 0.000000 0.000000
vt 1.000000 0.000000
vt 0.000000 1.000000
vt 0.000000 0.000000
vt 1.000000 0.000000
vt 0.000000 1.000000
vt 0.000000 0.000000
vt 1.000000 0.000000
vt 0.000000 1.000000
vt 0.000000 0.000000
vt 1.000000 0.000000
vt 0.000000 1.000000
vt 0.000000 0.000000
vt 1.000000 0.000000
vt 0.000000 1.000000
vt 0.000000 0.000000
vt 1.000000 0.000000
vt 0.000000 1.000000
vt 0.000000 0.000000
vt 1.000000 0.000000
vt 0.000000 1.000000
vt 0.000000 0.000000
vt 1.000000 0.000000
vt 0.000000 1.000000
vt 0.000000 0.000000
vt 1.000000 0.000000
vt 0.000000 1.000000
vt 0.000000 0.000000
vt 1.000000 0.000000
vt 0.000000 1.000000
vt 0.000000 0.000000
vt 1.000000 0.000000
vt 0.000000 1.000000
vt 0.000000 0.000000
vt 1.000000 0.000000
vt 0.000000 1.000000
vt 0.000000 0.000000
vt 1.000000 0.000000
vt 0.000000 1.000000
vt 0.000000 0.000000
vt 1.000000 0.000000
vt 0.000000 1.000000
vt 0.000000 0.000000
vt 1.000000 0.000000
vt 0.000000 1.000000
vt 0.000000 0.000000
vt 1.000000 0.000000
vt 0.000000 1.000000
vt 0.000000 0.000000
vt 1.000000 0.000000
vt 0.000000 1.000000
vt 0.000000 0.000000
vt 1.000000 0.000000
vt 0.000000 1.000000
vt 0.000000 0.000000
vt 1.000000 0.000000
vt 0.000000 1.000000
vt 0.000000 0.000000
vt 1.000000 0.000000
vt 0.000000 1.000000
vt 0.000000 0.000000
vt 1.000000 0.000000
vt 0.000000 1.000000
vt 0.000000 0.000000
vt 1.000000 0.000000
vt 0.000000 1.000000
vt 0.000000 0.000000
vt 1.000000 0.000000
vt 0.000000 1.000000
vt 0.000000 0.000000
vt 1.000000 0.000000
vt 0.000000 1.000000
vt 0.000000 0.000000
vt 1.000000 0.000000
vt 0.000000 1.000000
vt 0.000000 0.000000
vt 1.000000 0.000000
vt 0.000000 1.000000
vt 0.000000 0.000000
vt 1.000000 0.000000
vt 0.000000 1.000000
vt 0.000000 0.000000
vt 1.000000 0.000000
vt 0.000000 1.000000
vt 0.000000 0.000000
vt 1.000000 0.000000
vt 0.000000 1.000000
vt 0.000000 0.000000
vt 1.000000 0.000000
vt 0.000000 1.000000
vt 0.000000 0.000000
vt 1.000000 0.000000
vt 0.000000 1.000000
vt 0.000000 0.000000
vt 1.000000 0.000000
vt 0.000000 1.000000
vt 0.000000 0.000000
vt 1.000000 0.000000
vt 0.000000 1.000000
vt 0.000000 0.000000
vt 1.000000 0.000000
vt 0.000000 1.000000
vt 0.000000 0.000000
vt 1.000000 0.000000
vt 0.000000 1.000000
vt 0.000000 0.000000
vt 1.000000 0.000000
vt 0.000000 1.000000
vt 0.000000 0.000000
vt 1.000000 0.000000
vt 0.000000 1.000000
vt 0.000000 0.000000
vt 1.000000 0.000000
vt 0.000000 1.000000
vt 0.000000 0.000000
vt 1.000000 0.000000
vt 0.000000 1.000000
vt 0.000000 0.000000
vt 1.000000 0.000000
vt 0.000000 1.000000
vt 0.000000 0.000000
vt 1.000000 0.000000
vt 0.000000 1.000000
vt 0.000000 0.000000
vt 1.000000 0.000000
vt 0.000000 1.000000
vt 0.000000 0.000000
vt 1.000000 0.000000
vt 0.000000 1.000000
vt 0.000000 0.000000
vt 1.000000 0.000000
vt 0.000000 1.000000
vt 0.000000 0.000000
vt 1.000000 0.000000
vt 0.000000 1.000000
vt 0.000000 0.000000
vt 1.000000 0.000000
vt 0.000000 1.000000
vt 0.000000 0.000000
vt 1.000000 0.000000
vt 0.000000 1.000000
vt 0.000000 0.000000
vt 1.000000 0.000000
vt 0.000000 1.000000
vt 0.000000 0.000000
vt 1.000000 0.000000
vt 0.000000 1.000000
vt 0.000000 0.000000
vt 1.000000 0.000000
vt 0.000000 1.000000
vt 0.000000 0.000000
vt 1.000000 0.000000
vt 0.000000 1.000000
vt 0.000000 0.000000
vt 1.000000 0.000000
vt 0.000000 1.000000
vt 0.000000 0.000000
vt 1.000000 0.000000
vt 0.000000 1.000000
vt 0.000000 0.000000
vt 1.000000 0.000000
vt 0.000000 1.000000
vt 0.000000 0.000000
vt 1.000000 0.000000
vt 0.000000 1.000000
vt 0.000000 0.000000
vt 1.000000 0.000000
vt 0.000000 1.000000
vt 0.000000 0.000000
vt 1.000000 0.000000
vt 0.000000 1.000000
vt 0.000000 0.000000
vt 1.000000 0.000000
vt 0.000000 1.000000
vt 0.000000 0.000000
vt 1.000000 0.000000
vt 0.000000 1.000000
vt 0.000000 0.000000
vt 1.000000 0.000000
vt 0.000000 1.000000
vt 0.000000 0.000000
vt 1.000000 0.000000
vt 0.000000 1.000000
vt 0.000000 0.000000
vt 1.000000 0.000000
vt 0.000000 1.000000
vt 0.000000 0.000000
vt 1.000000 0.000000
vt 0.000000 1.000000
vt 0.000000 0.000000
vt 1.000000 0.000000
vt 0.000000 1.000000
vt 0.000000 0.000000
vt 1.000000 0.000000
vt 0.000000 1.000000
vt 0.000000 0.000000
vt 1.000000 0.000000
vt 0.000000 1.000000
vt 0.000000 0.000000
vt 1.000000 0.000000
vt 0.000000 1.000000
vt 0.000000 0.000000
vt 1.000000 0.000000
vt 0.000000 1.000000
vt 0.000000 0.000000
vt 1.000000 0.000000
vt 0.000000 1.000000
vt 0.000000 0.000000
vt 1.000000 0.000000
vt 0.000000 1.000000
vt 0.000000 0.000000
vt 1.000000 0.000000
vt 0.000000 1.000000
vt 0.000000 0.000000
vt 1.000000 0.000000
vt 0.000000 1.000000
vt 0.000000 0.000000
vt 1.000000 0.000000
vt 0.000000 1.000000
vt 0.000000 0.000000
vt 1.000000 0.000000
vt 0.000000 1.000000
vt 0.000000 0.000000
vt 1.000000 0.000000
vt 0.000000 1.000000
vt 0.000000 0.000000
vt 1.000000 0.000000
vt 0.000000 1.000000
vt 0.000000 0.000000
vt 1.000000 0.000000
vt 0.000000 1.000000
vt 0.000000 0.000000
vt 1.000000 0.000000
vt 0.000000 1.000000
vt 0.000000 0.000000
vt 1.000000 0.000000
vt 0.000000 1.000000
vt 0.000000 0.000000
vt 1.000000 0.000000
vt 0.000000 1.000000
vt 0.000000 0.000000
vt 1.000000 0.000000
vt 0.000000 1.000000
vt 0.000000 0.000000
vt 1.000000 0.000000
vt 0.000000 1.000000
vt 0.000000 0.000000
vt 1.000000 0.000000
vt 0.000000 1.000000
vt 0.000000 0.000000
vt 1.000000 0.000000
vt 0.000000 1.000000
vt 0.000000 0.000000
vt 1.000000 0.000000
vt 0.000000 1.000000
vt 0.000000 0.000000
vt 1.000000 0.000000
vt 0.000000 1.000000
vt 0.000000 0.000000
vt 1.000000 0.000000
vt 0.000000 1.000000
vt 0.000000 0.000000
vt 1.000000 0.000000
vt 0.000000 1.000000
vt 0.000000 0.000000
vt 1.000000 0.000000
vt 0.000000 1.000000
vt 0.000000 0.000000
vt 1.000000 0.000000
vt 0.000000 1.000000
vt 0.000000 0.000000
vt 1.000000 0.000000
vt 0.000000 1.000000
vt 0.000000 0.000000
vt 1.000000 0.000000
vt 0.000000 1.000000
vt 0.000000 0.000000
vt 1.000000 0.000000
vt 0.000000 1.000000
vt 0.000000 0.000000
vt 1.000000 0.000000
vt 0.000000 1.000000
vt 0.000000 0.000000
vt 1.000000 0.000000
vt 0.000000 1.000000
vt 0.000000 0.000000
vt 1.000000 0.000000
vt 0.000000 1.000000
vt 0.000000 0.000000
vt 1.000000 0.000000
vt 0.000000 1.000000
vt 0.000000 0.000000
vt 1.000000 0.000000
vt 0.000000 1.000000
vt 0.000000 0.000000
vt 1.000000 0.000000
vt 0.000000 1.000000
vt 0.000000 0.000000
vt 1.000000 0.000000
vt 0.000000 1.000000
vt 0.000000 0.000000
vt 1.000000 0.000000
vt 0.000000 1.000000
vt 0.000000 0.000000
vt 1.000000 0.000000
vt 0.000000 1.000000
vt 0.000000 0.000000
vt 1.000000 0.000000
vt 0.000000 1.000000
vt 0.000000 0.000000
vt 1.000000 0.000000
vt 0.000000 1.000000
vt 0.000000 0.000000
vt 1.000000 0.000000
vt 0.000000 1.000000
vt 0.000000 0.000000
vt 1.000000 0.000000
vt 0.000000 1.000000
vt 0.000000 0.000000
vt 1.000000 0.000000
vt 0.000000 1.000000
vt 0.000000 0.000000
vt 1.000000 0.000000
vt 0.000000 1.000000
vt 0.000000 0.000000
vt 1.000000 0.000000
vt 0.000000 1.000000
vt 0.000000 0.000000
vt 1.000000 0.000000
vt 0.000000 1.000000
vt 0.000000 0.000000
vt 1.000000 0.000000
vt 0.000000 1.000000
vt 0.000000 0.000000
vt 1.000000 0.000000
vt 0.000000 1.000000
vt 0.000000 0.000000
vt 1.000000 0.000000
vt 0.000000 1.000000
vt 0.000000 0.000000
vt 1.000000 0.000000
vt 0.000000 1.000000
vt 0.000000 0.000000
vt 1.000000 0.000000
vt 0.000000 1.000000
vt 0.000000 0.000000
vt 1.000000 0.000000
vt 0.000000 1.000000
vt 0.000000 0.000000
vt 1.000000 0.000000
vt 0.000000 1.000000
vt 0.000000 0.000000
vt 1.000000 0.000000
vt 0.000000 1.000000
vt 0.000000 0.000000
vt 1.000000 0.000000
vt 0.000000 1.000000
vt 0.000000 0.000000
vt 1.000000 0.000000
vt 0.000000 1.000000
vt 0.000000 0.000000
vt 1.000000 0.000000
vt 0.000000 1.000000
vt 0.000000 0.000000
vt 1.000000 0.000000
vt 0.000000 1.000000
vt 0.000000 0.000000
vt 1.000000 0.000000
vt 0.000000 1.000000
vt 0.000000 0.000000
vt 1.000000 0.000000
vt 0.000000 1.000000
vt 0.000000 0.000000
vt 1.000000 0.000000
vt 0.000000 1.000000
vt 0.000000 0.000000
vt 1.000000 0.000000
vt 0.000000 1.000000
vt 0.000000 0.000000
vt 1.000000 0.000000
vt 0.000000 1.000000
vt 0.000000 0.000000
vt 1.000000 0.000000
vt 0.000000 1.000000
vt 0.000000 0.000000
vt 1.000000 0.000000
vt 0.000000 1.000000
vt 0.000000 0.000000
vt 1.000000 0.000000
vt 0.000000 1.000000
vt 0.000000 0.000000
vt 1.000000 0.000000
vt 0.000000 1.000000
vt 0.000000 0.000000
vt 1.000000 0.000000
vt 0.000000 1.000000
vt 0.000000 0.000000
vt 1.000000 0.000000
vt 0.000000 1.000000
vt 0.000000 0.000000
vt 1.000000 0.000000
vt 0.000000 1.000000
vt 0.000000 0.000000
vt 1.000000 0.000000
vt 0.000000 1.000000
vt 0.000000 0.000000
vt 1.000000 0.000000
vt 0.000000 1.000000
vt 0.000000 0.000000
vt 1.000000 0.000000
vt 0.000000 1.000000
vt 0.000000 0.000000
vt 1.000000 0.000000
vt 0.000000 1.000000
vt 0.000000 0.000000
vt 1.000000 0.000000
vt 0.000000 1.000000
vt 0.000000 0.000000
vt 1.000000 0.000000
vt 0.000000 1.000000
vt 0.000000 0.000000
vt 1.000000 0.000000
vt 0.000000 1.000000
vt 0.000000 0.000000
vt 1.000000 0.000000
vt 0.000000 1.000000
vt 0.000000 0.000000
vt 1.000000 0.000000
vt 0.000000 1.000000
vt 0.000000 0.000000
vt 1.000000 0.000000
vt 0.000000 1.000000
vt 0.000000 0.000000
vt 1.000000 0.000000
vt 0.000000 1.000000
vt 0.000000 0.000000
vt 1.000000 0.000000
vt 0.000000 1.000000
vt 0.000000 0.000000
vt 1.000000 0.000000
vt 0.000000 1.000000
vt 0.000000 0.000000
vt 1.000000 0.000000
vt 0.000000 1.000000
vt 0.000000 0.000000
vt 1.000000 0.000000
vt 0.000000 1.000000
vt 0.000000 0.000000
vt 1.000000 0.000000
vt 0.000000 1.000000
vt 0.000000 0.000000
vt 1.000000 0.000000
vt 0.000000 1.000000
vt 0.000000 0.000000
vt 1.000000 0.000000
vt 0.000000 1.000000
vt 0.000000 0.000000
vt 1.000000 0.000000
vt 0.000000 1.000000
vt 0.000000 0.000000
vt 1.000000 0.000000
vt 0.000000 1.000000
vt 0.000000 0.000000
vt 1.000000 0.000000
vt 0.000000 1.000000
vt 0.000000 0.000000
vt 1.000000 0.000000
vt 0.000000 1.000000
vt 0.000000 0.000000
vt 1.000000 0.000000
vt 0.000000 1.000000
vt 0.000000 0.000000
vt 1.000000 0.000000
vt 0.000000 1.000000
vt 0.000000 0.000000
vt 1.000000 0.000000
vt 0.000000 1.000000
vt 0.000000 0.000000
vt 1.000000 0.000000
vt 0.000000 1.000000
vt 0.000000 0.000000
vt 1.000000 0.000000
vt 0.000000 1.000000
vt 0.000000 0.000000
vt 1.000000 0.000000
vt 0.000000 1.000000
vt 0.000000 0.000000
vt 1.000000 0.000000
vt 0.000000 1.000000
vt 0.000000 0.000000
vt 1.000000 0.000000
vt 0.000000 1.000000
vt 0.000000 0.000000
vt 1.000000 0.000000
vt 0.000000 1.000000
vt 0.000000 0.000000
vt 1.000000 0.000000
vt 0.000000 1.000000
vt 0.000000 0.000000
vt 1.000000 0.000000
vt 0.000000 1.000000
vt 0.000000 0.000000
vt 1.000000 0.000000
vt 0.000000 1.000000
vt 0.000000 0.000000
vt 1.000000 0.000000
vt 0.000000 1.000000
vt 0.000000 0.000000
vt 1.000000 0.000000
vt 0.000000 1.000000
vt 0.000000 0.000000
vt 1.000000 0.000000
vt 0.000000 1.000000
vt 0.000000 0.000000
vt 1.000000 0.000000
vt 0.000000 1.000000
vt 0.000000 0.000000
vt 1.000000 0.000000
vt 0.000000 1.000000
vt 0.000000 0.000000
vt 1.000000 0.000000
vt 0.000000 1.000000
vt 0.000000 0.000000
vt 1.000000 0.000000
vt 0.000000 1.000000
vt 0.000000 0.000000
vt 1.000000 0.000000
vt 0.000000 1.000000
vt 0.000000 0.000000
vt 1.000000 0.000000
vt 0.000000 1.000000
vt 0.000000 0.000000
vt 1.000000 0.000000
vt 0.000000 1.000000
vt 0.000000 0.000000
vt 1.000000 0.000000
vt 0.000000 1.000000
vt 0.000000 0.000000
vt 1.000000 0.000000
vt 0.000000 1.000000
vt 0.000000 0.000000
vt 1.000000 0.000000
vt 0.000000 1.000000
vt 0.000000 0.000000
vt 1.000000 0.000000
vt 0.000000 1.000000
vt 0.000000 0.000000
vt 1.000000 0.000000
vt 0.000000 1.000000
vt 0.000000 0.000000
vt 1.000000 0.000000
vt 0.000000 1.000000
vt 0.000000 0.000000
vt 1.000000 0.000000
vt 0.000000 1.000000
vt 0.000000 0.000000
vt 1.000000 0.000000
vt 0.000000 1.000000
vt 0.000000 0.000000
vt 1.000000 0.000000
vt 0.000000 1.000000
vt 0.000000 0.000000
vt 1.000000 0.000000
vt 0.000000 1.000000
vt 0.000000 0.000000
vt 1.000000 0.000000
vt 0.000000 1.000000
vt 0.000000 0.000000
vt 1.000000 0.000000
vt 0.000000 1.000000
vt 0.000000 0.000000
vt 1.000000 0.000000
vt 0.000000 1.000000
vt 0.000000 0.000000
vt 1.000000 0.000000
vt 0.000000 1.000000
vt 0.000000 0.000000
vt 1.000000 0.000000
vt 0.000000 1.000000
vt 0.000000 0.000000
vt 1.000000 0.000000
vt 0.000000 1.000000
vt 0.000000 0.000000
vt 1.000000 0.000000
vt 0.000000 1.000000
vt 0.000000 0.000000
vt 1.000000 0.000000
vt 0.000000 1.000000
vt 0.000000 0.000000
vt 1.000000 0.000000
vt 0.000000 1.000000
vt 0.000000 0.000000
vt 1.000000 0.000000
vt 0.000000 1.000000
vt 0.000000 0.000000
vt 1.000000 0.000000
vt 0.000000 1.000000
vt 0.000000 0.000000
vt 1.000000 0.000000
vt 0.000000 1.000000
vt 0.000000 0.000000
vt 1.000000 0.000000
vt 0.000000 1.000000
vt 0.000000 0.000000
vt 1.000000 0.000000
vt 0.000000 1.000000
vt 0.000000 0.000000
vt 1.000000 0.000000
vt 0.000000 1.000000
vt 0.000000 0.000000
vt 1.000000 0.000000
vt 0.000000 1.000000
vt 0.000000 0.000000
vt 1.000000 0.000000
vt 0.000000 1.000000
vt 0.000000 0.000000
vt 1.000000 0.000000
vt 0.000000 1.000000
vt 0.000000 0.000000
vt 1.000000 0.000000
vt 0.000000 1.000000
vt 0.000000 0.000000
vt 1.000000 0.000000
vt 0.000000 1.000000
vt 0.000000 0.000000
vt 1.000000 0.000000
vt 0.000000 1.000000
vt 0.000000 0.000000
vt 1.000000 0.000000
vt 0.000000 1.000000
vt 0.000000 0.000000
vt 1.000000 0.000000
vt 0.000000 1.000000
vt 0.000000 0.000000
vt 1.000000 0.000000
vt 0.000000 1.000000
vt 0.000000 0.000000
vt 1.000000 0.000000
vt 0.000000 1.000000
vt 0.000000 0.000000
vt 1.000000 0.000000
vt 0.000000 1.000000
vt 0.000000 0.000000
vt 1.000000 0.000000
vt 0.000000 1.000000
vt 0.000000 0.000000
vt 1.000000 0.000000
vt 0.000000 1.000000
vt 0.000000 0.000000
vt 1.000000 0.000000
vt 0.000000 1.000000
vt 0.000000 0.000000
vt 1.000000 0.000000
vt 0.000000 1.000000
vt 0.000000 0.000000
vt 1.000000 0.000000
vt 0.000000 1.000000
vt 0.000000 0.000000
vt 1.000000 0.000000
vt 0.000000 1.000000
vt 0.000000 0.000000
vt 1.000000 0.000000
vt 0.000000 1.000000
vt 0.000000 0.000000
vt 1.000000 0.000000
vt 0.000000 1.000000
vt 0.000000 0.000000
vt 1.000000 0.000000
vt 0.000000 1.000000
vt 0.000000 0.000000
vt 1.000000 0.000000
vt 0.000000 1.000000
vt 0.000000 0.000000
vt 1.000000 0.000000
vt 0.000000 1.000000
vt 0.000000 0.000000
vt 1.000000 0.000000
vt 0.000000 1.000000
vt 0.000000 0.000000
vt 1.000000 0.000000
vt 0.000000 1.000000
vt 0.000000 0.000000
vt 1.000000 0.000000
vt 0.000000 1.000000
vt 0.000000 0.000000
vt 1.000000 0.000000
vt 0.000000 1.000000
vt 0.000000 0.000000
vt 1.000000 0.000000
vt 0.000000 1.000000
vt 0.000000 0.000000
vt 1.000000 0.000000
vt 0.000000 1.000000
vt 0.000000 0.000000
vt 1.000000 0.000000
vt 0.000000 1.000000
vt 0.000000 0.000000
vt 1.000000 0.000000
vt 0.000000 1.000000
vt 0.000000 0.000000
vt 1.000000 0.000000
vt 0.000000 1.000000
vt 0.000000 0.000000
vt 1.000000 0.000000
vt 0.000000 1.000000
vt 0.000000 0.000000
vt 1.000000 0.000000
vt 0.000000 1.000000
vt 0.000000 0.000000
vt 1.000000 0.000000
vt 0.000000 1.000000
vt 0.000000 0.000000
vt 1.000000 0.000000
vt 0.000000 1.000000
vt 0.000000 0.000000
vt 1.000000 0.000000
vt 0.000000 1.000000
vt 0.000000 0.000000
vt 1.000000 0.000000
vt 0.000000 1.000000
vt 0.000000 0.000000
vt 1.000000 0.000000
vt 0.000000 1.000000
vt 0.000000 0.000000
vt 1.000000 0.000000
vt 0.000000 1.000000
vt 0.000000 0.000000
vt 1.000000 0.000000
vt 0.000000 1.000000
vt 0.000000 0.000000
vt 1.000000 0.000000
vt 0.000000 1.000000
vt 0.000000 0.000000
vt 1.000000 0.000000
vt 0.000000 1.000000
vt 0.000000 0.000000
vt 1.000000 0.000000
vt 0.000000 1.000000
vt 0.000000 0.000000
vt 1.000000 0.000000
vt 0.000000 1.000000
vt 0.000000 0.000000
vt 1.000000 0.000000
vt 0.000000 1.000000
vt 0.000000 0.000000
vt 1.000000 0.000000
vt 0.000000 1.000000
vt 0.000000 0.000000
vt 1.000000 0.000000
vt 0.000000 1.000000
vt 0.000000 0.000000
vt 1.000000 0.000000
vt 0.000000 1.000000
vt 0.000000 0.000000
vt 1.000000 0.000000
vt 0.000000 1.000000
vt 0.000000 0.000000
vt 1.000000 0.000000
vt 0.000000 1.000000
vt 0.000000 0.000000
vt 1.000000 0.000000
vt 0.000000 1.000000
vt 0.000000 0.000000
vt 1.000000 0.000000
vt 0.000000 1.000000
vt 0.000000 0.000000
vt 1.000000 0.000000
vt 0.000000 1.000000
vt 0.000000 0.000000
vt 1.000000 0.000000
vt 0.000000 1.000000
vt 0.000000 0.000000
vt 1.000000 0.000000
vt 0.000000 1.000000
vt 0.000000 0.000000
vt 1.000000 0.000000
vt 0.000000 1.000000
vt 0.000000 0.000000
vt 1.000000 0.000000
vt 0.000000 1.000000
vt 0.000000 0.000000
vt 1.000000 0.000000
vt 0.000000 1.000000
vt 0.000000 0.000000
vt 1.000000 0.000000
vt 0.000000 1.000000
vt 0.000000 0.000000
vt 1.000000 0.000000
vt 0.000000 1.000000
vt 0.000000 0.000000
vt 1.000000 0.000000
vt 0.000000 1.000000
vt 0.000000 0.000000
vt 1.000000 0.000000
vt 0.000000 1.000000
vt 0.000000 0.000000
vt 1.000000 0.000000
vt 0.000000 1.000000
vt 0.000000 0.000000
vt 1.000000 0.000000
vt 0.000000 1.000000
vt 0.000000 0.000000
vt 1.000000 0.000000
vt 0.000000 1.000000
vt 0.000000 0.000000
vt 1.000000 0.000000
vt 0.000000 1.000000
vt 0.000000 0.000000
vt 1.000000 0.000000
vt 0.000000 1.000000
vt 0.000000 0.000000
vt 1.000000 0.000000
vt 0.000000 1.000000
vt 0.000000 0.000000
vt 1.000000 0.000000
vt 0.000000 1.000000
vt 0.000000 0.000000
vt 1.000000 0.000000
vt 0.000000 1.000000
vt 0.000000 0.000000
vt 1.000000 0.000000
vt 0.000000 1.000000
vt 0.000000 0.000000
vt 1.000000 0.000000
vt 0.000000 1.000000
vt 0.000000 0.000000
vt 1.000000 0.000000
vt 0.000000 1.000000
vt 0.000000 0.000000
vt 1.000000 0.000000
vt 0.000000 1.000000
vt 0.000000 0.000000
vt 1.000000 0.000000
vt 0.000000 1.000000
vt 0.000000 0.000000
vt 1.000000 0.000000
vt 0.000000 1.000000
vt 0.000000 0.000000
vt 1.000000 0.000000
vt 0.000000 1.000000
vt 0.000000 0.000000
vt 1.000000 0.000000
vt 0.000000 1.000000
vt 0.000000 0.000000
vt 1.000000 0.000000
vt 0.000000 1.000000
vt 0.000000 0.000000
vt 1.000000 0.000000
vt 0.000000 1.000000
vt 0.000000 0.000000
vt 1.000000 0.000000
vt 0.000000 1.000000
vt 0.000000 0.000000
vt 1.000000 0.000000
vt 0.000000 1.000000
vt 0.000000 0.000000
vt 1.000000 0.000000
vt 0.000000 1.000000
vt 0.000000 0.000000
vt 1.000000 0.000000
vt 0.000000 1.000000
vt 0.000000 0.000000
vt 1.000000 0.000000
vt 0.000000 1.000000
vt 0.000000 0.000000
vt 1.000000 0.000000
vt 0.000000 1.000000
vt 0.000000 0.000000
vt 1.000000 0.000000
vt 0.000000 1.000000
vt 0.000000 0.000000
vt 1.000000 0.000000
vt 0.000000 1.000000
vt 0.000000 0.000000
vt 1.000000 0.000000
vt 0.000000 1.000000
vt 0.000000 0.000000
vt 1.000000 0.000000
vt 0.000000 1.000000
vt 0.000000 0.000000
vt 1.000000 0.000000
vt 0.000000 1.000000
vt 0.000000 0.000000
vt 1.000000 0.000000
vt 0.000000 1.000000
vt 0.000000 0.000000
vt 1.000000 0.000000
vt 0.000000 1.000000
vt 0.000000 0.000000
vt 1.000000 0.000000
vt 0.000000 1.000000
vt 0.000000 0.000000
vt 1.000000 0.000000
vt 0.000000 1.000000
vt 0.000000 0.000000
vt 1.000000 0.000000
vt 0.000000 1.000000
vt 0.000000 0.000000
vt 1.000000 0.000000
vt 0.000000 1.000000
vt 0.000000 0.000000
vt 1.000000 0.000000
vt 0.000000 1.000000
vt 0.000000 0.000000
vt 1.000000 0.000000
vt 0.000000 1.000000
vt 0.000000 0.000000
vt 1.000000 0.000000
vt 0.000000 1.000000
vt 0.000000 0.000000
vt 1.000000 0.000000
vt 0.000000 1.000000
vt 0.000000 0.000000
vt 1.000000 0.000000
vt 0.000000 1.000000
vt 0.000000 0.000000
vt 1.000000 0.000000
vt 0.000000 1.000000
vt 0.000000 0.000000
vt 1.000000 0.000000
vt 0.000000 1.000000
vt 0.000000 0.000000
vt 1.000000 0.000000
vt 0.000000 1.000000
vt 0.000000 0.000000
vt 1.000000 0.000000
vt 0.000000 1.000000
vt 0.000000 0.000000
vt 1.000000 0.000000
vt 0.000000 1.000000
vt 0.000000 0.000000
vt 1.000000 0.000000
vt 0.000000 1.000000
vt 0.000000 0.000000
vt 1.000000 0.000000
vt 0.000000 1.000000
vt 0.000000 0.000000
vt 1.000000 0.000000
vt 0.000000 1.000000
vt 0.000000 0.000000
vt 1.000000 0.000000
vt 0.000000 1.000000
vt 0.000000 0.000000
vt 1.000000 0.000000
vt 0.000000 1.000000
vt 0.000000 0.000000
vt 1.000000 0.000000
vt 0.000000 1.000000
vt 0.000000 0.000000
vt 1.000000 0.000000
vt 0.000000 1.000000
vt 0.000000 0.000000
vt 1.000000 0.000000
vt 0.000000 1.000000
vt 0.000000 0.000000
vt 1.000000 0.000000
vt 0.000000 1.000000
vt 0.000000 0.000000
vt 1.000000 0.000000
vt 0.000000 1.000000
vt 0.000000 0.000000
vt 1.000000 0.000000
vt 0.000000 1.000000
vt 0.000000 0.000000
vt 1.000000 0.000000
vt 0.000000 1.000000
vt 0.000000 0.000000
vt 1.000000 0.000000
vt 0.000000 1.000000
vt 0.000000 0.000000
vt 1.000000 0.000000
vt 0.000000 1.000000
vt 0.000000 0.000000
vt 1.000000 0.000000
vt 0.000000 1.000000
vt 0.000000 0.000000
vt 1.000000 0.000000
vt 0.000000 1.000000
vt 0.000000 0.000000
vt 1.000000 0.000000
vt 0.000000 1.000000
vt 0.000000 0.000000
vt 1.000000 0.000000
vt 0.000000 1.000000
vt 0.000000 0.000000
vt 1.000000 0.000000
vt 0.000000 1.000000
vt 0.000000 0.000000
vt 1.000000 0.000000
vt 0.000000 1.000000
vt 0.000000 0.000000
vt 1.000000 0.000000
vt 0.000000 1.000000
vt 0.000000 0.000000
vt 1.000000 0.000000
vt 0.000000 1.000000
vt 0.000000 0.000000
vt 1.000000 0.000000
vt 0.000000 1.000000
vt 0.000000 0.000000
vt 1.000000 0.000000
vt 0.000000 1.000000
vt 0.000000 0.000000
vt 1.000000 0.000000
vt 0.000000 1.000000
vt 0.000000 0.000000
vt 1.000000 0.000000
vt 0.000000 1.000000
vt 0.000000 0.000000
vt 1.000000 0.000000
vt 0.000000 1.000000
vt 0.000000 0.000000
vt 1.000000 0.000000
vt 0.000000 1.000000
vt 0.000000 0.000000
vt 1.000000 0.000000
vt 0.000000 1.000000
vt 0.000000 0.000000
vt 1.000000 0.000000
vt 0.000000 1.000000
vt 0.000000 0.000000
vt 1.000000 0.000000
vt 0.000000 1.000000
vt 0.000000 0.000000
vt 1.000000 0.000000
vt 0.000000 1.000000
vt 0.000000 0.000000
vt 1.000000 0.000000
vt 0.000000 1.000000
vt 0.000000 0.000000
vt 1.000000 0.000000
vt 0.000000 1.000000
vt 0.000000 0.000000
vt 1.000000 0.000000
vt 0.000000 1.000000
vt 0.000000 0.000000
vt 1.000000 0.000000
vt 0.000000 1.000000
vt 0.000000 0.000000
vt 1.000000 0.000000
vt 0.000000 1.000000
vt 0.000000 0.000000
vt 1.000000 0.000000
vt 0.000000 1.000000
vt 0.000000 0.000000
vt 1.000000 0.000000
vt 0.000000 1.000000
vt 0.000000 0.000000
vt 1.000000 0.000000
vt 0.000000 1.000000
vt 0.000000 0.000000
vt 1.000000 0.000000
vt 0.000000 1.000000
vt 0.000000 0.000000
vt 1.000000 0.000000
vt 0.000000 1.000000
vt 0.000000 0.000000
vt 1.000000 0.000000
vt 0.000000 1.000000
vt 0.000000 0.000000
vt 1.000000 0.000000
vt 0.000000 1.000000
vt 0.000000 0.000000
vt 1.000000 0.000000
vt 0.000000 1.000000
vt 0.000000 0.000000
vt 1.000000 0.000000
vt 0.000000 1.000000
vt 0.000000 0.000000
vt 1.000000 0.000000
vt 0.000000 1.000000
vt 0.000000 0.000000
vt 1.000000 0.000000
vt 0.000000 1.000000
vt 0.000000 0.000000
vt 1.000000 0.000000
vt 0.000000 1.000000
vt 0.000000 0.000000
vt 1.000000 0.000000
vt 0.000000 1.000000
vt 0.000000 0.000000
vt 1.000000 0.000000
vt 0.000000 1.000000
vt 0.000000 0.000000
vt 1.000000 0.000000
vt 0.000000 1.000000
vt 0.000000 0.000000
vt 1.000000 0.000000
vt 0.000000 1.000000
vt 0.000000 0.000000
vt 1.000000 0.000000
vt 0.000000 1.000000
vt 0.000000 0.000000
vt 1.000000 0.000000
vt 0.000000 1.000000
vt 0.000000 0.000000
vt 1.000000 0.000000
vt 0.000000 1.000000
vt 0.000000 0.000000
vt 1.000000 0.000000
vt 0.000000 1.000000
vt 0.000000 0.000000
vt 1.000000 0.000000
vt 0.000000 1.000000
vt 0.000000 0.000000
vt 1.000000 0.000000
vt 0.000000 1.000000
vt 0.000000 0.000000
vt 1.000000 0.000000
vt 0.000000 1.000000
vt 0.000000 0.000000
vt 1.000000 0.000000
vt 0.000000 1.000000
vt 0.000000 0.000000
vt 1.000000 0.000000
vt 0.000000 1.000000
vt 0.000000 0.000000
vt 1.000000 0.000000
vt 0.000000 1.000000
vt 0.000000 0.000000
vt 1.000000 0.000000
vt 0.000000 1.000000
vt 0.000000 0.000000
vt 1.000000 0.000000
vt 0.000000 1.000000
vt 0.000000 0.000000
vt 1.000000 0.000000
vt 0.000000 1.000000
vt 0.000000 0.000000
vt 1.000000 0.000000
vt 0.000000 1.000000
vt 0.000000 0.000000
vt 1.000000 0.000000
vt 0.000000 1.000000
vt 0.000000 0.000000
vt 1.000000 0.000000
vt 0.000000 1.000000
vt 0.000000 0.000000
vt 1.000000 0.000000
vt 0.000000 1.000000
vt 0.000000 0.000000
vt 1.000000 0.000000
vt 0.000000 1.000000
vt 0.000000 0.000000
vt 1.000000 0.000000
vt 0.000000 1.000000
vt 0.000000 0.000000
vt 1.000000 0.000000
vt 0.000000 1.000000
vt 0.000000 0.000000
vt 1.000000 0.000000
vt 0.000000 1.000000
vt 0.000000 0.000000
vt 1.000000 0.000000
vt 0.000000 1.000000
vt 0.000000 0.000000
vt 1.000000 0.000000
vt 0.000000 1.000000
vt 0.000000 0.000000
vt 1.000000 0.000000
vt 0.000000 1.000000
vt 0.000000 0.000000
vt 1.000000 0.000000
vt 0.000000 1.000000
vt 0.000000 0.000000
vt 1.000000 0.000000
vt 0.000000 1.000000
vt 0.000000 0.000000
vt 1.000000 0.000000
vt 0.000000 1.000000
vt 0.000000 0.000000
vt 1.000000 0.000000
vt 0.000000 1.000000
vt 0.000000 0.000000
vt 1.000000 0.000000
vt 0.000000 1.000000
vt 0.000000 0.000000
vt 1.000000 0.000000
vt 0.000000 1.000000
vt 0.000000 0.000000
vt 1.000000 0.000000
vt 0.000000 1.000000
vt 0.000000 0.000000
vt 1.000000 0.000000
vt 0.000000 1.000000
vt 0.000000 0.000000
vt 1.000000 0.000000
vt 0.000000 1.000000
vt 0.000000 0.000000
vt 1.000000 0.000000
vt 0.000000 1.000000
vt 0.000000 0.000000
vt 1.000000 0.000000
vt 0.000000 1.000000
vt 0.000000 0.000000
vt 1.000000 0.000000
vt 0.000000 1.000000
vt 0.000000 0.000000
vt 1.000000 0.000000
vt 0.000000 1.000000
vt 0.000000 0.000000
vt 1.000000 0.000000
vt 0.000000 1.000000
vt 0.000000 0.000000
vt 1.000000 0.000000
vt 0.000000 1.000000
vt 0.000000 0.000000
vt 1.000000 0.000000
vt 0.000000 1.000000
vt 0.000000 0.000000
vt 1.000000 0.000000
vt 0.000000 1.000000
vt 0.000000 0.000000
vt 1.000000 0.000000
vt 0.000000 1.000000
vt 0.000000 0.000000
vt 1.000000 0.000000
vt 0.000000 1.000000
vt 0.000000 0.000000
vt 1.000000 0.000000
vt 0.000000 1.000000
vt 0.000000 0.000000
vt 1.000000 0.000000
vt 0.000000 1.000000
vt 0.000000 0.000000
vt 1.000000 0.000000
vt 0.000000 1.000000
vt 0.000000 0.000000
vt 1.000000 0.000000
vt 0.000000 1.000000
vt 0.000000 0.000000
vt 1.000000 0.000000
vt 0.000000 1.000000
vt 0.000000 0.000000
vt 1.000000 0.000000
vt 0.000000 1.000000
vt 0.000000 0.000000
vt 1.000000 0.000000
vt 0.000000 1.000000
vt 0.000000 0.000000
vt 1.000000 0.000000
vt 0.000000 1.000000
vt 0.000000 0.000000
vt 1.000000 0.000000
vt 0.000000 1.000000
vt 0.000000 0.000000
vt 1.000000 0.000000
vt 0.000000 1.000000
vt 0.000000 0.000000
vt 1.000000 0.000000
vt 0.000000 1.000000
vt 0.000000 0.000000
vt 1.000000 0.000000
vt 0.000000 1.000000
vt 0.000000 0.000000
vt 1.000000 0.000000
vt 0.000000 1.000000
vt 0.000000 0.000000
vt 1.000000 0.000000
vt 0.000000 1.000000
vt 0.000000 0.000000
vt 1.000000 0.000000
vt 0.000000 1.000000
vt 0.000000 0.000000
vt 1.000000 0.000000
vt 0.000000 1.000000
vt 0.000000 0.000000
vt 1.000000 0.000000
vt 0.000000 1.000000
vt 0.000000 0.000000
vt 1.000000 0.000000
vt 0.000000 1.000000
vt 0.000000 0.000000
vt 1.000000 0.000000
vt 0.000000 1.000000
vt 0.000000 0.000000
vt 1.000000 0.000000
vt 0.000000 1.000000
vt 0.000000 0.000000
vt 1.000000 0.000000
vt 0.000000 1.000000
vt 0.000000 0.000000
vt 1.000000 0.000000
vt 0.000000 1.000000
vt 0.000000 0.000000
vt 1.000000 0.000000
vt 0.000000 1.000000
vt 0.000000 0.000000
vt 1.000000 0.000000
vt 0.000000 1.000000
vt 0.000000 0.000000
vt 1.000000 0.000000
vt 0.000000 1.000000
vt 0.000000 0.000000
vt 1.000000 0.000000
vt 0.000000 1.000000
vt 0.000000 0.000000
vt 1.000000 0.000000
vt 0.000000 1.000000
vt 0.000000 0.000000
vt 1.000000 0.000000
vt 0.000000 1.000000
vt 0.000000 0.000000
vt 1.000000 0.000000
vt 0.000000 1.000000
vt 0.000000 0.000000
vt 1.000000 0.000000
vt 0.000000 1.000000
vt 0.000000 0.000000
vt 1.000000 0.000000
vt 0.000000 1.000000
vt 0.000000 0.000000
vt 1.000000 0.000000
vt 0.000000 1.000000
vt 0.000000 0.000000
vt 1.000000 0.000000
vt 0.000000 1.000000
vt 0.000000 0.000000
vt 1.000000 0.000000
vt 0.000000 1.000000
vt 0.000000 0.000000
vt 1.000000 0.000000
vt 0.000000 1.000000
vt 0.000000 0.000000
vt 1.000000 0.000000
vt 0.000000 1.000000
vt 0.000000 0.000000
vt 1.000000 0.000000
vt 0.000000 1.000000
vt 0.000000 0.000000
vt 1.000000 0.000000
vt 0.000000 1.000000
vt 0.000000 0.000000
vt 1.000000 0.000000
vt 0.000000 1.000000
vt 0.000000 0.000000
vt 1.000000 0.000000
vt 0.000000 1.000000
vt 0.000000 0.000000
vt 1.000000 0.000000
vt 0.000000 1.000000
vt 0.000000 0.000000
vt 1.000000 0.000000
vt 0.000000 1.000000
vt 0.000000 0.000000
vt 1.000000 0.000000
vt 0.000000 1.000000
vt 0.000000 0.000000
vt 1.000000 0.000000
vt 0.000000 1.000000
vt 0.000000 0.000000
vt 1.000000 0.000000
vt 0.000000 1.000000
vt 0.000000 0.000000
vt 1.000000 0.000000
vt 0.000000 1.000000
vt 0.000000 0.000000
vt 1.000000 0.000000
vt 0.000000 1.000000
vt 0.000000 0.000000
vt 1.000000 0.000000
vt 0.000000 1.000000
vt 0.000000 0.000000
vt 1.000000 0.000000
vt 0.000000 1.000000
vt 0.000000 0.000000
vt 1.000000 0.000000
vt 0.000000 1.000000
vt 0.000000 0.000000
vt 1.000000 0.000000
vt 0.000000 1.000000
vt 0.000000 0.000000
vt 1.000000 0.000000
vt 0.000000 1.000000
vt 0.000000 0.000000
vt 1.000000 0.000000
vt 0.000000 1.000000
vt 0.000000 0.000000
vt 1.000000 0.000000
vt 0.000000 1.000000
vt 0.000000 0.000000
vt 1.000000 0.000000
vt 0.000000 1.000000
vt 0.000000 0.000000
vt 1.000000 0.000000
vt 0.000000 1.000000
vt 0.000000 0.000000
vt 1.000000 0.000000
vt 0.000000 1.000000
vt 0.000000 0.000000
vt 1.000000 0.000000
vt 0.000000 1.000000
vt 0.000000 0.000000
vt 1.000000 0.000000
vt 0.000000 1.000000
vt 0.000000 0.000000
vt 1.000000 0.000000
vt 0.000000 1.000000
vt 0.000000 0.000000
vt 1.000000 0.000000
vt 0.000000 1.000000
vt 0.000000 0.000000
vt 1.000000 0.000000
vt 0.000000 1.000000
vt 0.000000 0.000000
vt 1.000000 0.000000
vt 0.000000 1.000000
vt 0.000000 0.000000
vt 1.000000 0.000000
vt 0.000000 1.000000
vt 0.000000 0.000000
vt 1.000000 0.000000
vt 0.000000 1.000000
vt 0.000000 0.000000
vt 1.000000 0.000000
vt 0.000000 1.000000
vt 0.000000 0.000000
vt 1.000000 0.000000
vt 0.000000 1.000000
vt 0.000000 0.000000
vt 1.000000 0.000000
vt 0.000000 1.000000
vt 0.000000 0.000000
vt 1.000000 0.000000
vt 0.000000 1.000000
vt 0.000000 0.000000
vt 1.000000 0.000000
vt 0.000000 1.000000
vt 0.000000 0.000000
vt 1.000000 0.000000
vt 0.000000 1.000000
vt 0.000000 0.000000
vt 1.000000 0.000000
vt 0.000000 1.000000
vt 0.000000 0.000000
vt 1.000000 0.000000
vt 0.000000 1.000000
vt 0.000000 0.000000
vt 1.000000 0.000000
vt 0.000000 1.000000
vt 0.000000 0.000000
vt 1.000000 0.000000
vt 0.000000 1.000000
vt 0.000000 0.000000
vt 1.000000 0.000000
vt 0.000000 1.000000
vt 0.000000 0.000000
vt 1.000000 0.000000
vt 0.000000 1.000000
vt 0.000000 0.000000
vt 1.000000 0.000000
vt 0.000000 1.000000
vt 0.000000 0.000000
vt 1.000000 0.000000
vt 0.000000 1.000000
vt 0.000000 0.000000
vt 1.000000 0.000000
vt 0.000000 1.000000
vt 0.000000 0.000000
vt 1.000000 0.000000
vt 0.000000 1.000000
vt 0.000000 0.000000
vt 1.000000 0.000000
vt 0.000000 1.000000
vt 0.000000 0.000000
vt 1.000000 0.000000
vt 0.000000 1.000000
vt 0.000000 0.000000
vt 1.000000 0.000000
vt 0.000000 1.000000
vt 0.000000 0.000000
vt 1.000000 0.000000
vt 0.000000 1.000000
vt 0.000000 0.000000
vt 1.000000 0.000000
vt 0.000000 1.000000
vt 0.000000 0.000000
vt 1.000000 0.000000
vt 0.000000 1.000000
vt 0.000000 0.000000
vt 1.000000 0.000000
vt 0.000000 1.000000
vt 0.000000 0.000000
vt 1.000000 0.000000
vt 0.000000 1.000000
vt 0.000000 0.000000
vt 1.000000 0.000000
vt 0.000000 1.000000
vt 0.000000 0.000000
vt 1.000000 0.000000
vt 0.000000 1.000000
vt 0.000000 0.000000
vt 1.000000 0.000000
vt 0.000000 1.000000
vt 0.000000 0.000000
vt 1.000000 0.000000
vt 0.000000 1.000000
vt 0.000000 0.000000
vt 1.000000 0.000000
vt 0.000000 1.000000
vt 0.000000 0.000000
vt 1.000000 0.000000
vt 0.000000 1.000000
vt 0.000000 0.000000
vt 1.000000 0.000000
vt 0.000000 1.000000
vt 0.000000 0.000000
vt 1.000000 0.000000
vt 0.000000 1.000000
vt 0.000000 0.000000
vt 1.000000 0.000000
vt 0.000000 1.000000
vt 0.000000 0.000000
vt 1.000000 0.000000
vt 0.000000 1.000000
vt 0.000000 0.000000
vt 1.000000 0.000000
vt 0.000000 1.000000
vt 0.000000 0.000000
vt 1.000000 0.000000
vt 0.000000 1.000000
vt 0.000000 0.000000
vt 1.000000 0.000000
vt 0.000000 1.000000
vt 0.000000 0.000000
vt 1.000000 0.000000
vt 0.000000 1.000000
vt 0.000000 0.000000
vt 1.000000 0.000000
vt 0.000000 1.000000
vt 0.000000 0.000000
vt 1.000000 0.000000
vt 0.000000 1.000000
vt 0.000000 0.000000
vt 1.000000 0.000000
vt 0.000000 1.000000
vt 0.000000 0.000000
vt 1.000000 0.000000
vt 0.000000 1.000000
vt 0.000000 0.000000
vt 1.000000 0.000000
vt 0.000000 1.000000
vt 0.000000 0.000000
vt 1.000000 0.000000
vt 0.000000 1.000000
vt 0.000000 0.000000
vt 1.000000 0.000000
vt 0.000000 1.000000
vt 0.000000 0.000000
vt 1.000000 0.000000
vt 0.000000 1.000000
vt 0.000000 0.000000
vt 1.000000 0.000000
vt 0.000000 1.000000
vt 0.000000 0.000000
vt 1.000000 0.000000
vt 0.000000 1.000000
vt 0.000000 0.000000
vt 1.000000 0.000000
vt 0.000000 1.000000
vt 0.000000 0.000000
vt 1.000000 0.000000
vt 0.000000 1.000000
vt 0.000000 0.000000
vt 1.000000 0.000000
vt 0.000000 1.000000
vt 0.000000 0.000000
vt 1.000000 0.000000
vt 0.000000 1.000000
vt 0.000000 0.000000
vt 1.000000 0.000000
vt 0.000000 1.000000
vt 0.000000 0.000000
vt 1.000000 0.000000
vt 0.000000 1.000000
vt 0.000000 0.000000
vt 1.000000 0.000000
vt 0.000000 1.000000
vt 0.000000 0.000000
vt 1.000000 0.000000
vt 0.000000 1.000000
vt 0.000000 0.000000
vt 1.000000 0.000000
vt 0.000000 1.000000
vt 0.000000 0.000000
vt 1.000000 0.000000
vt 0.000000 1.000000
vt 0.000000 0.000000
vt 1.000000 0.000000
vt 0.000000 1.000000
vt 0.000000 0.000000
vt 1.000000 0.000000
vt 0.000000 1.000000
vt 0.000000 0.000000
vt 1.000000 0.000000
vt 0.000000 1.000000
vt 0.000000 0.000000
vt 1.000000 0.000000
vt 0.000000 1.000000
vt 0.000000 0.000000
vt 1.000000 0.000000
vt 0.000000 1.000000
vt 0.000000 0.000000
vt 1.000000 0.000000
vt 0.000000 1.000000
vt 0.000000 0.000000
vt 1.000000 0.000000
vt 0.000000 1.000000
vt 0.000000 0.000000
vt 1.000000 0.000000
vt 0.000000 1.000000
vt 0.000000 0.000000
vt 1.000000 0.000000
vt 0.000000 1.000000
vt 0.000000 0.000000
vt 1.000000 0.000000
vt 0.000000 1.000000
vt 0.000000 0.000000
vt 1.000000 0.000000
vt 0.000000 1.000000
vt 0.000000 0.000000
vt 1.000000 0.000000
vt 0.000000 1.000000
vt 0.000000 0.000000
vt 1.000000 0.000000
vt 0.000000 1.000000
vt 0.000000 0.000000
vt 1.000000 0.000000
vt 0.000000 1.000000
vt 0.000000 0.000000
vt 1.000000 0.000000
vt 0.000000 1.000000
vt 0.000000 0.000000
vt 1.000000 0.000000
vt 0.000000 1.000000
vt 0.000000 0.000000
vt 1.000000 0.000000
vt 0.000000 1.000000
vt 0.000000 0.000000
vt 1.000000 0.000000
vt 0.000000 1.000000
vt 0.000000 0.000000
vt 1.000000 0.000000
vt 0.000000 1.000000
vt 0.000000 0.000000
vt 1.000000 0.000000
vt 0.000000 1.000000
vt 0.000000 0.000000
vt 1.000000 0.000000
vt 0.000000 1.000000
vt 0.000000 0.000000
vt 1.000000 0.000000
vt 0.000000 1.000000
vt 0.000000 0.000000
vt 1.000000 0.000000
vt 0.000000 1.000000
vt 0.000000 0.000000
vt 1.000000 0.000000
vt 0.000000 1.000000
vt 0.000000 0.000000
vt 1.000000 0.000000
vt 0.000000 1.000000
vt 0.000000 0.000000
vt 1.000000 0.000000
vt 0.000000 1.000000
vt 0.000000 0.000000
vt 1.000000 0.000000
vt 0.000000 1.000000
vt 0.000000 0.000000
vt 1.000000 0.000000
vt 0.000000 1.000000
vt 0.000000 0.000000
vt 1.000000 0.000000
vt 0.000000 1.000000
vt 0.000000 0.000000
vt 1.000000 0.000000
vt 0.000000 1.000000
vt 0.000000 0.000000
vt 1.000000 0.000000
vt 0.000000 1.000000
vt 0.000000 0.000000
vt 1.000000 0.000000
vt 0.000000 1.000000
vt 0.000000 0.000000
vt 1.000000 0.000000
vt 0.000000 1.000000
vt 0.000000 0.000000
vt 1.000000 0.000000
vt 0.000000 1.000000
vt 0.000000 0.000000
vt 1.000000 0.000000
vt 0.000000 1.000000
vt 0.000000 0.000000
vt 1.000000 0.000000
vt 0.000000 1.000000
vt 0.000000 0.000000
vt 1.000000 0.000000
vt 0.000000 1.000000
vt 0.000000 0.000000
vt 1.000000 0.000000
vt 0.000000 1.000000
vt 0.000000 0.000000
vt 1.000000 0.000000
vt 0.000000 1.000000
vt 0.000000 0.000000
vt 1.000000 0.000000
vt 0.000000 1.000000
vt 0.000000 0.000000
vt 1.000000 0.000000
vt 0.000000 1.000000
vt 0.000000 0.000000
vt 1.000000 0.000000
vt 0.000000 1.000000
vt 0.000000 0.000000
vt 1.000000 0.000000
vt 0.000000 1.000000
vt 0.000000 0.000000
vt 1.000000 0.000000
vt 0.000000 1.000000
vt 0.000000 0.000000
vt 1.000000 0.000000
vt 0.000000 1.000000
vt 0.000000 0.000000
vt 1.000000 0.000000
vt 0.000000 1.000000
vt 0.000000 0.000000
vt 1.000000 0.000000
vt 0.000000 1.000000
vt 0.000000 0.000000
vt 1.000000 0.000000
vt 0.000000 1.000000
vt 0.000000 0.000000
vt 1.000000 0.000000
vt 0.000000 1.000000
vt 0.000000 0.000000
vt 1.000000 0.000000
vt 0.000000 1.000000
vt 0.000000 0.000000
vt 1.000000 0.000000
vt 0.000000 1.000000
vt 0.000000 0.000000
vt 1.000000 0.000000
vt 0.000000 1.000000
vt 0.000000 0.000000
vt 1.000000 0.000000
vt 0.000000 1.000000
vt 0.000000 0.000000
vt 1.000000 0.000000
vt 0.000000 1.000000
vt 0.000000 0.000000
vt 1.000000 0.000000
vt 0.000000 1.000000
vt 0.000000 0.000000
vt 1.000000 0.000000
vt 0.000000 1.000000
vt 0.000000 0.000000
vt 1.000000 0.000000
vt 0.000000 1.000000
vt 0.000000 0.000000
vt 1.000000 0.000000
vt 0.000000 1.000000
vt 0.000000 0.000000
vt 1.000000 0.000000
vt 0.000000 1.000000
vt 0.000000 0.000000
vt 1.000000 0.000000
vt 0.000000 1.000000
vt 0.000000 0.000000
vt 1.000000 0.000000
vt 0.000000 1.000000
vt 0.000000 0.000000
vt 1.000000 0.000000
vt 0.000000 1.000000
vt 0.000000 0.000000
vt 1.000000 0.000000
vt 0.000000 1.000000
vt 0.000000 0.000000
vt 1.000000 0.000000
vt 0.000000 1.000000
vt 0.000000 0.000000
vt 1.000000 0.000000
vt 0.000000 1.000000
vt 0.000000 0.000000
vt 1.000000 0.000000
vt 0.000000 1.000000
vt 0.000000 0.000000
vt 1.000000 0.000000
vt 0.000000 1.000000
vt 0.000000 0.000000
vt 1.000000 0.000000
vt 0.000000 1.000000
vt 0.000000 0.000000
vt 1.000000 0.000000
vt 0.000000 1.000000
vt 0.000000 0.000000
vt 1.000000 0.000000
vt 0.000000 1.000000
vt 0.000000 0.000000
vt 1.000000 0.000000
vt 0.000000 1.000000
vt 0.000000 0.000000
vt 1.000000 0.000000
vt 0.000000 1.000000
vt 0.000000 0.000000
vt 1.000000 0.000000
vt 0.000000 1.000000
vt 0.000000 0.000000
vt 1.000000 0.000000
vt 0.000000 1.000000
vt 0.000000 0.000000
vt 1.000000 0.000000
vt 0.000000 1.000000
vt 0.000000 0.000000
vt 1.000000 0.000000
vt 0.000000 1.000000
vt 0.000000 0.000000
vt 1.000000 0.000000
vt 0.000000 1.000000
vt 0.000000 0.000000
vt 1.000000 0.000000
vt 0.000000 1.000000
vt 0.000000 0.000000
vt 1.000000 0.000000
vt 0.000000 1.000000
vt 0.000000 0.000000
vt 1.000000 0.000000
vt 0.000000 1.000000
vt 0.000000 0.000000
vt 1.000000 0.000000
vt 0.000000 1.000000
vt 0.000000 0.000000
vt 1.000000 0.000000
vt 0.000000 1.000000
vt 0.000000 0.000000
vt 1.000000 0.000000
vt 0.000000 1.000000
vt 0.000000 0.000000
vt 1.000000 0.000000
vt 0.000000 1.000000
vt 0.000000 0.000000
vt 1.000000 0.000000
vt 0.000000 1.000000
vt 0.000000 0.000000
vt 1.000000 0.000000
vt 0.000000 1.000000
vt 0.000000 0.000000
vt 1.000000 0.000000
vt 0.000000 1.000000
vt 0.000000 0.000000
vt 1.000000 0.000000
vt 0.000000 1.000000
vt 0.000000 0.000000
vt 1.000000 0.000000
vt 0.000000 1.000000
vt 0.000000 0.000000
vt 1.000000 0.000000
vt 0.000000 1.000000
vt 0.000000 0.000000
vt 1.000000 0.000000
vt 0.000000 1.000000
vt 0.000000 0.000000
vt 1.000000 0.000000
vt 0.000000 1.000000
vt 0.000000 0.000000
vt 1.000000 0.000000
vt 0.000000 1.000000
vt 0.000000 0.000000
vt 1.000000 0.000000
vt 0.000000 1.000000
vt 0.000000 0.000000
vt 1.000000 0.000000
vt 0.000000 1.000000
vt 0.000000 0.000000
vt 1.000000 0.000000
vt 0.000000 1.000000
vt 0.000000 0.000000
vt 1.000000 0.000000
vt 0.000000 1.000000
vt 0.000000 0.000000
vt 1.000000 0.000000
vt 0.000000 1.000000
vt 0.000000 0.000000
vt 1.000000 0.000000
vt 0.000000 1.000000
vt 0.000000 0.000000
vt 1.000000 0.000000
vt 0.000000 1.000000
vt 0.000000 0.000000
vt 1.000000 0.000000
vt 0.000000 1.000000
vt 0.000000 0.000000
vt 1.000000 0.000000
vt 0.000000 1.000000
vt 0.000000 0.000000
vt 1.000000 0.000000
vt 0.000000 1.000000
vt 0.000000 0.000000
vt 1.000000 0.000000
vt 0.000000 1.000000
vt 0.000000 0.000000
vt 1.000000 0.000000
vt 0.000000 1.000000
vt 0.000000 0.000000
vt 1.000000 0.000000
vt 0.000000 1.000000
vt 0.000000 0.000000
vt 1.000000 0.000000
vt 0.000000 1.000000
vt 0.000000 0.000000
vt 1.000000 0.000000
vt 0.000000 1.000000
vt 0.000000 0.000000
vt 1.000000 0.000000
vt 0.000000 1.000000
vt 0.000000 0.000000
vt 1.000000 0.000000
vt 0.000000 1.000000
vt 0.000000 0.000000
vt 1.000000 0.000000
vt 0.000000 1.000000
vt 0.000000 0.000000
vt 1.000000 0.000000
vt 0.000000 1.000000
vt 0.000000 0.000000
vt 1.000000 0.000000
vt 0.000000 1.000000
vt 0.000000 0.000000
vt 1.000000 0.000000
vt 0.000000 1.000000
vt 0.000000 0.000000
vt 1.000000 0.000000
vt 0.000000 1.000000
vt 0.000000 0.000000
vt 1.000000 0.000000
vt 0.000000 1.000000
vt 0.000000 0.000000
vt 1.000000 0.000000
vt 0.000000 1.000000
vt 0.000000 0.000000
vt 1.000000 0.000000
vt 0.000000 1.000000
vt 0.000000 0.000000
vt 1.000000 0.000000
vt 0.000000 1.000000
vt 0.000000 0.000000
vt 1.000000 0.000000
vt 0.000000 1.000000
vt 0.000000 0.000000
vt 1.000000 0.000000
vt 0.000000 1.000000
vt 0.000000 0.000000
vt 1.000000 0.000000
vt 0.000000 1.000000
vt 0.000000 0.000000
vt 1.000000 0.000000
vt 0.000000 1.000000
vt 0.000000 0.000000
vt 1.000000 0.000000
vt 0.000000 1.000000
vt 0.000000 0.000000
vt 1.000000 0.000000
vt 0.000000 1.000000
vt 0.000000 0.000000
vt 1.000000 0.000000
vt 0.000000 1.000000
vt 0.000000 0.000000
vt 1.000000 0.000000
vt 0.000000 1.000000
vt 0.000000 0.000000
vt 1.000000 0.000000
vt 0.000000 1.000000
vt 0.000000 0.000000
vt 1.000000 0.000000
vt 0.000000 1.000000
vt 0.000000 0.000000
vt 1.000000 0.000000
vt 0.000000 1.000000
vt 0.000000 0.000000
vt 1.000000 0.000000
vt 0.000000 1.000000
vt 0.000000 0.000000
vt 1.000000 0.000000
vt 0.000000 1.000000
vt 0.000000 0.000000
vt 1.000000 0.000000
vt 0.000000 1.000000
vt 0.000000 0.000000
vt 1.000000 0.000000
vt 0.000000 1.000000
vt 0.000000 0.000000
vt 1.000000 0.000000
vt 0.000000 1.000000
vt 0.000000 0.000000
vt 1.000000 0.000000
vt 0.000000 1.000000
vt 0.000000 0.000000
vt 1.000000 0.000000
vt 0.000000 1.000000
vt 0.000000 0.000000
vt 1.000000 0.000000
vt 0.000000 1.000000
vt 0.000000 0.000000
vt 1.000000 0.000000
vt 0.000000 1.000000
vt 0.000000 0.000000
vt 1.000000 0.000000
vt 0.000000 1.000000
vt 0.000000 0.000000
vt 1.000000 0.000000
vt 0.000000 1.000000
vt 0.000000 0.000000
vt 1.000000 0.000000
vt 0.000000 1.000000
vt 0.000000 0.000000
vt 1.000000 0.000000
vt 0.000000 1.000000
vt 0.000000 0.000000
vt 1.000000 0.000000
vt 0.000000 1.000000
vt 0.000000 0.000000
vt 1.000000 0.000000
vt 0.000000 1.000000
vt 0.000000 0.000000
vt 1.000000 0.000000
vt 0.000000 1.000000
vt 0.000000 0.000000
vt 1.000000 0.000000
vt 0.000000 1.000000
vt 0.000000 0.000000
vt 1.000000 0.000000
vt 0.000000 1.000000
vt 0.000000 0.000000
vt 1.000000 0.000000
vt 0.000000 1.000000
vt 0.000000 0.000000
vt 1.000000 0.000000
vt 0.000000 1.000000
vt 0.000000 0.000000
vt 1.000000 0.000000
vt 0.000000 1.000000
vt 0.000000 0.000000
vt 1.000000 0.000000
vt 0.000000 1.000000
vt 0.000000 0.000000
vt 1.000000 0.000000
vt 0.000000 1.000000
vt 0.000000 0.000000
vt 1.000000 0.000000
vt 0.000000 1.000000
vt 0.000000 0.000000
vt 1.000000 0.000000
vt 0.000000 1.000000
vt 0.000000 0.000000
vt 1.000000 0.000000
vt 0.000000 1.000000
vt 0.000000 0.000000
vt 1.000000 0.000000
vt 0.000000 1.000000
vt 0.000000 0.000000
vt 1.000000 0.000000
vt 0.000000 1.000000
vt 0.000000 0.000000
vt 1.000000 0.000000
vt 0.000000 1.000000
vt 0.000000 0.000000
vt 1.000000 0.000000
vt 0.000000 1.000000
vt 0.000000 0.000000
vt 1.000000 0.000000
vt 0.000000 1.000000
vt 0.000000 0.000000
vt 1.000000 0.000000
vt 0.000000 1.000000
vt 0.000000 0.000000
vt 1.000000 0.000000
vt 0.000000 1.000000
vt 0.000000 0.000000
vt 1.000000 0.000000
vt 0.000000 1.000000
vt 0.000000 0.000000
vt 1.000000 0.000000
vt 0.000000 1.000000
vt 0.000000 0.000000
vt 1.000000 0.000000
vt 0.000000 1.000000
vt 0.000000 0.000000
vt 1.000000 0.000000
vt 0.000000 1.000000
vt 0.000000 0.000000
vt 1.000000 0.000000
vt 0.000000 1.000000
vt 0.000000 0.000000
vt 1.000000 0.000000
vt 0.000000 1.000000
vt 0.000000 0.000000
vt 1.000000 0.000000
vt 0.000000 1.000000
vt 0.000000 0.000000
vt 1.000000 0.000000
vt 0.000000 1.000000
vt 0.000000 0.000000
vt 1.000000 0.000000
vt 0.000000 1.000000
vt 0.000000 0.000000
vt 1.000000 0.000000
vt 0.000000 1.000000
vt 0.000000 0.000000
vt 1.000000 0.000000
vt 0.000000 1.000000
vt 0.000000 0.000000
vt 1.000000 0.000000
vt 0.000000 1.000000
vt 0.000000 0.000000
vt 1.000000 0.000000
vt 0.000000 1.000000
vt 0.000000 0.000000
vt 1.000000 0.000000
vt 0.000000 1.000000
vt 0.000000 0.000000
vt 1.000000 0.000000
vt 0.000000 1.000000
vt 0.000000 0.000000
vt 1.000000 0.000000
vt 0.000000 1.000000
vt 0.000000 0.000000
vt 1.000000 0.000000
vt 0.000000 1.000000
vt 0.000000 0.000000
vt 1.000000 0.000000
vt 0.000000 1.000000
vt 0.000000 0.000000
vt 1.000000 0.000000
vt 0.000000 1.000000
vt 0.000000 0.000000
vt 1.000000 0.000000
vt 0.000000 1.000000
vt 0.000000 0.000000
vt 1.000000 0.000000
vt 0.000000 1.000000
vt 0.000000 0.000000
vt 1.000000 0.000000
vt 0.000000 1.000000
vt 0.000000 0.000000
vt 1.000000 0.000000
vt 0.000000 1.000000
vt 0.000000 0.000000
vt 1.000000 0.000000
vt 0.000000 1.000000
vt 0.000000 0.000000
vt 1.000000 0.000000
vt 0.000000 1.000000
vt 0.000000 0.000000
vt 1.000000 0.000000
vt 0.000000 1.000000
vt 0.000000 0.000000
vt 1.000000 0.000000
vt 0.000000 1.000000
vt 0.000000 0.000000
vt 1.000000 0.000000
vt 0.000000 1.000000
vt 0.000000 0.000000
vt 1.000000 0.000000
vt 0.000000 1.000000
vt 0.000000 0.000000
vt 1.000000 0.000000
vt 0.000000 1.000000
vt 0.000000 0.000000
vt 1.000000 0.000000
vt 0.000000 1.000000
vt 0.000000 0.000000
vt 1.000000 0.000000
vt 0.000000 1.000000
vt 0.000000 0.000000
vt 1.000000 0.000000
vt 0.000000 1.000000
vt 0.000000 0.000000
vt 1.000000 0.000000
vt 0.000000 1.000000
vt 0.000000 0.000000
vt 1.000000 0.000000
vt 0.000000 1.000000
vt 0.000000 0.000000
vt 1.000000 0.000000
vt 0.000000 1.000000
vt 0.000000 0.000000
vt 1.000000 0.000000
vt 0.000000 1.000000
vt 0.000000 0.000000
vt 1.000000 0.000000
vt 0.000000 1.000000
vt 0.000000 0.000000
vt 1.000000 0.000000
vt 0.000000 1.000000
vt 0.000000 0.000000
vt 1.000000 0.000000
vt 0.000000 1.000000
vt 0.000000 0.000000
vt 1.000000 0.000000
vt 0.000000 1.000000
vt 0.000000 0.000000
vt 1.000000 0.000000
vt 0.000000 1.000000
vt 0.000000 0.000000
vt 1.000000 0.000000
vt 0.000000 1.000000
vt 0.000000 0.000000
vt 1.000000 0.000000
vt 0.000000 1.000000
vt 0.000000 0.000000
vt 1.000000 0.000000
vt 0.000000 1.000000
vt 0.000000 0.000000
vt 1.000000 0.000000
vt 0.000000 1.000000
vt 0.000000 0.000000
vt 1.000000 0.000000
vt 0.000000 1.000000
vt 0.000000 0.000000
vt 1.000000 0.000000
vt 0.000000 1.000000
vt 0.000000 0.000000
vt 1.000000 0.000000
vt 0.000000 1.000000
vt 0.000000 0.000000
vt 1.000000 0.000000
vt 0.000000 1.000000
vt 0.000000 0.000000
vt 1.000000 0.000000
vt 0.000000 1.000000
vt 0.000000 0.000000
vt 1.000000 0.000000
vt 0.000000 1.000000
vt 0.000000 0.000000
vt 1.000000 0.000000
vt 0.000000 1.000000
vt 0.000000 0.000000
vt 1.000000 0.000000
vt 0.000000 1.000000
vt 0.000000 0.000000
vt 1.000000 0.000000
vt 0.000000 1.000000
vt 0.000000 0.000000
vt 1.000000 0.000000
vt 0.000000 1.000000
vt 0.000000 0.000000
vt 1.000000 0.000000
vt 0.000000 1.000000
vt 0.000000 0.000000
vt 1.000000 0.000000
vt 0.000000 1.000000
vt 0.000000 0.000000
vt 1.000000 0.000000
vt 0.000000 1.000000
vt 0.000000 0.000000
vt 1.000000 0.000000
vt 0.000000 1.000000
vt 0.000000 0.000000
vt 1.000000 0.000000
vt 0.000000 1.000000
vt 0.000000 0.000000
vt 1.000000 0.000000
vt 0.000000 1.000000
vt 0.000000 0.000000
vt 1.000000 0.000000
vt 0.000000 1.000000
vt 0.000000 0.000000
vt 1.000000 0.000000
vt 0.000000 1.000000
vt 0.000000 0.000000
vt 1.000000 0.000000
vt 0.000000 1.000000
vt 0.000000 0.000000
vt 1.000000 0.000000
vt 0.000000 1.000000
vt 0.000000 0.000000
vt 1.000000 0.000000
vt 0.000000 1.000000
vt 0.000000 0.000000
vt 1.000000 0.000000
vt 0.000000 1.000000
vt 0.000000 0.000000
vt 1.000000 0.000000
vt 0.000000 1.000000
vt 0.000000 0.000000
vt 1.000000 0.000000
vt 0.000000 1.000000
vt 0.000000 0.000000
vt 1.000000 0.000000
vt 0.000000 1.000000
vt 0.000000 0.000000
vt 1.000000 0.000000
vt 0.000000 1.000000
vt 0.000000 0.000000
vt 1.000000 0.000000
vt 0.000000 1.000000
vt 0.000000 0.000000
vt 1.000000 0.000000
vt 0.000000 1.000000
vt 0.000000 0.000000
vt 1.000000 0.000000
vt 0.000000 1.000000
vt 0.000000 0.000000
vt 1.000000 0.000000
vt 0.000000 1.000000
vt 0.000000 0.000000
vt 1.000000 0.000000
vt 0.000000 1.000000
vt 0.000000 0.000000
vt 1.000000 0.000000
vt 0.000000 1.000000
vt 0.000000 0.000000
vt 1.000000 0.000000
vt 0.000000 1.000000
vt 0.000000 0.000000
vt 1.000000 0.000000
vt 0.000000 1.000000
vt 0.000000 0.000000
vt 1.000000 0.000000
vt 0.000000 1.000000
vt 0.000000 0.000000
vt 1.000000 0.000000
vt 0.000000 1.000000
vt 0.000000 0.000000
vt 1.000000 0.000000
vt 0.000000 1.000000
vt 0.000000 0.000000
vt 1.000000 0.000000
vt 0.000000 1.000000
vt 0.000000 0.000000
vt 1.000000 0.000000
vt 0.000000 1.000000
vt 0.000000 0.000000
vt 1.000000 0.000000
vt 0.000000 1.000000
vt 0.000000 0.000000
vt 1.000000 0.000000
vt 0.000000 1.000000
vt 0.000000 0.000000
vt 1.000000 0.000000
vt 0.000000 1.000000
vt 0.000000 0.000000
vt 1.000000 0.000000
vt 0.000000 1.000000
vt 0.000000 0.000000
vt 1.000000 0.000000
vt 0.000000 1.000000
vt 0.000000 0.000000
vt 1.000000 0.000000
vt 0.000000 1.000000
vt 0.000000 0.000000
vt 1.000000 0.000000
vt 0.000000 1.000000
vt 0.000000 0.000000
vt 1.000000 0.000000
vt 0.000000 1.000000
vt 0.000000 0.000000
vt 1.000000 0.000000
vt 0.000000 1.000000
vt 0.000000 0.000000
vt 1.000000 0.000000
vt 0.000000 1.000000
vt 0.000000 0.000000
vt 1.000000 0.000000
vt 0.000000 1.000000
vt 0.000000 0.000000
vt 1.000000 0.000000
vt 0.000000 1.000000
vt 0.000000 0.000000
vt 1.000000 0.000000
vt 0.000000 1.000000
vt 0.000000 0.000000
vt 1.000000 0.000000
vt 0.000000 1.000000
vt 0.000000 0.000000
vt 1.000000 0.000000
vt 0.000000 1.000000
vt 0.000000 0.000000
vt 1.000000 0.000000
vt 0.000000 1.000000
vt 0.000000 0.000000
vt 1.000000 0.000000
vt 0.000000 1.000000
vt 0.000000 0.000000
vt 1.000000 0.000000
vt 0.000000 1.000000
vt 0.000000 0.000000
vt 1.000000 0.000000
vt 0.000000 1.000000
vt 0.000000 0.000000
vt 1.000000 0.000000
vt 0.000000 1.000000
vt 0.000000 0.000000
vt 1.000000 0.000000
vt 0.000000 1.000000
vt 0.000000 0.000000
vt 1.000000 0.000000
vt 0.000000 1.000000
vt 0.000000 0.000000
vt 1.000000 0.000000
vt 0.000000 1.000000
vt 0.000000 0.000000
vt 1.000000 0.000000
vt 0.000000 1.000000
vt 0.000000 0.000000
vt 1.000000 0.000000
vt 0.000000 1.000000
vt 0.000000 0.000000
vt 1.000000 0.000000
vt 0.000000 1.000000
vt 0.000000 0.000000
vt 1.000000 0.000000
vt 0.000000 1.000000
vt 0.000000 0.000000
vt 1.000000 0.000000
vt 0.000000 1.000000
vt 0.000000 0.000000
vt 1.000000 0.000000
vt 0.000000 1.000000
vt 0.000000 0.000000
vt 1.000000 0.000000
vt 0.000000 1.000000
vt 0.000000 0.000000
vt 1.000000 0.000000
vt 0.000000 1.000000
vt 0.000000 0.000000
vt 1.000000 0.000000
vt 0.000000 1.000000
vt 0.000000 0.000000
vt 1.000000 0.000000
vt 0.000000 1.000000
vt 0.000000 0.000000
vt 1.000000 0.000000
vt 0.000000 1.000000
vt 0.000000 0.000000
vt 1.000000 0.000000
vt 0.000000 1.000000
vt 0.000000 0.000000
vt 1.000000 0.000000
vt 0.000000 1.000000
vt 0.000000 0.000000
vt 1.000000 0.000000
vt 0.000000 1.000000
vt 0.000000 0.000000
vt 1.000000 0.000000
vt 0.000000 1.000000
vt 0.000000 0.000000
vt 1.000000 0.000000
vt 0.000000 1.000000
vt 0.000000 0.000000
vt 1.000000 0.000000
vt 0.000000 1.000000
vt 0.000000 0.000000
vt 1.000000 0.000000
vt 0.000000 1.000000
vt 0.000000 0.000000
vt 1.000000 0.000000
vt 0.000000 1.000000
vt 0.000000 0.000000
vt 1.000000 0.000000
vt 0.000000 1.000000
vt 0.000000 0.000000
vt 1.000000 0.000000
vt 0.000000 1.000000
vt 0.000000 0.000000
vt 1.000000 0.000000
vt 0.000000 1.000000
vt 0.000000 0.000000
vt 1.000000 0.000000
vt 0.000000 1.000000
vt 0.000000 0.000000
vt 1.000000 0.000000
vt 0.000000 1.000000
vt 0.000000 0.000000
vt 1.000000 0.000000
vt 0.000000 1.000000
vt 0.000000 0.000000
vt 1.000000 0.000000
vt 0.000000 1.000000
vt 0.000000 0.000000
vt 1.000000 0.000000
vt 0.000000 1.000000
vt 0.000000 0.000000
vt 1.000000 0.000000
vt 0.000000 1.000000
vt 0.000000 0.000000
vt 1.000000 0.000000
vt 0.000000 1.000000
vt 0.000000 0.000000
vt 1.000000 0.000000
vt 0.000000 1.000000
vt 0.000000 0.000000
vt 1.000000 0.000000
vt 0.000000 1.000000
vt 0.000000 0.000000
vt 1.000000 0.000000
vt 0.000000 1.000000
vt 0.000000 0.000000
vt 1.000000 0.000000
vt 0.000000 1.000000
vt 0.000000 0.000000
vt 1.000000 0.000000
vt 0.000000 1.000000
vt 0.000000 0.000000
vt 1.000000 0.000000
vt 0.000000 1.000000
vt 0.000000 0.000000
vt 1.000000 0.000000
vt 0.000000 1.000000
vt 0.000000 0.000000
vt 1.000000 0.000000
vt 0.000000 1.000000
vt 0.000000 0.000000
vt 1.000000 0.000000
vt 0.000000 1.000000
vt 0.000000 0.000000
vt 1.000000 0.000000
vt 0.000000 1.000000
vt 0.000000 0.000000
vt 1.000000 0.000000
vt 0.000000 1.000000
vt 0.000000 0.000000
vt 1.000000 0.000000
vt 0.000000 1.000000
vt 0.000000 0.000000
vt 1.000000 0.000000
vt 0.000000 1.000000
vt 0.000000 0.000000
vt 1.000000 0.000000
vt 0.000000 1.000000
vt 0.000000 0.000000
vt 1.000000 0.000000
vt 0.000000 1.000000
vt 0.000000 0.000000
vt 1.000000 0.000000
vt 0.000000 1.000000
vt 0.000000 0.000000
vt 1.000000 0.000000
vt 0.000000 1.000000
vt 0.000000 0.000000
vt 1.000000 0.000000
vt 0.000000 1.000000
vt 0.000000 0.000000
vt 1.000000 0.000000
vt 0.000000 1.000000
vt 0.000000 0.000000
vt 1.000000 0.000000
vt 0.000000 1.000000
vt 0.000000 0.000000
vt 1.000000 0.000000
vt 0.000000 1.000000
vt 0.000000 0.000000
vt 1.000000 0.000000
vt 0.000000 1.000000
vt 0.000000 0.000000
vt 1.000000 0.000000
vt 0.000000 1.000000
vt 0.000000 0.000000
vt 1.000000 0.000000
vt 0.000000 1.000000
vt 0.000000 0.000000
vt 1.000000 0.000000
vt 0.000000 1.000000
vt 0.000000 0.000000
vt 1.000000 0.000000
vt 0.000000 1.000000
vt 0.000000 0.000000
vt 1.000000 0.000000
vt 0.000000 1.000000
vt 0.000000 0.000000
vt 1.000000 0.000000
vt 0.000000 1.000000
vt 0.000000 0.000000
vt 1.000000 0.000000
vt 0.000000 1.000000
vt 0.000000 0.000000
vt 1.000000 0.000000
vt 0.000000 1.000000
vt 0.000000 0.000000
vt 1.000000 0.000000
vt 0.000000 1.000000
vt 0.000000 0.000000
vt 1.000000 0.000000
vt 0.000000 1.000000
vt 0.000000 0.000000
vt 1.000000 0.000000
vt 0.000000 1.000000
vt 0.000000 0.000000
vt 1.000000 0.000000
vt 0.000000 1.000000
vt 0.000000 0.000000
vt 1.000000 0.000000
vt 0.000000 1.000000
vt 0.000000 0.000000
vt 1.000000 0.000000
vt 0.000000 1.000000
vt 0.000000 0.000000
vt 1.000000 0.000000
vt 0.000000 1.000000
vt 0.000000 0.000000
vt 1.000000 0.000000
vt 0.000000 1.000000
vt 0.000000 0.000000
vt 1.000000 0.000000
vt 0.000000 1.000000
vt 0.000000 0.000000
vt 1.000000 0.000000
vt 0.000000 1.000000
vt 0.000000 0.000000
vt 1.000000 0.000000
vt 0.000000 1.000000
vt 0.000000 0.000000
vt 1.000000 0.000000
vt 0.000000 1.000000
vt 0.000000 0.000000
vt 1.000000 0.000000
vt 0.000000 1.000000
vt 0.000000 0.000000
vt 1.000000 0.000000
vt 0.000000 1.000000
vt 0.000000 0.000000
vt 1.000000 0.000000
vt 0.000000 1.000000
vt 0.000000 0.000000
vt 1.000000 0.000000
vt 0.000000 1.000000
vt 0.000000 0.000000
vt 1.000000 0.000000
vt 0.000000 1.000000
vt 0.000000 0.000000
vt 1.000000 0.000000
vt 0.000000 1.000000
vt 0.000000 0.000000
vt 1.000000 0.000000
vt 0.000000 1.000000
vt 0.000000 0.000000
vt 1.000000 0.000000
vt 0.000000 1.000000
vt 0.000000 0.000000
vt 1.000000 0.000000
vt 0.000000 1.000000
vt 0.000000 0.000000
vt 1.000000 0.000000
vt 0.000000 1.000000
vt 0.000000 0.000000
vt 1.000000 0.000000
vt 0.000000 1.000000
vt 0.000000 0.000000
vt 1.000000 0.000000
vt 0.000000 1.000000
vt 0.000000 0.000000
vt 1.000000 0.000000
vt 0.000000 1.000000
vt 0.000000 0.000000
vt 1.000000 0.000000
vt 0.000000 1.000000
vt 0.000000 0.000000
vt 1.000000 0.000000
vt 0.000000 1.000000
vt 0.000000 0.000000
vt 1.000000 0.000000
vt 0.000000 1.000000
vt 0.000000 0.000000
vt 1.000000 0.000000
vt 0.000000 1.000000
vt 0.000000 0.000000
vt 1.000000 0.000000
vt 0.000000 1.000000
vt 0.000000 0.000000
vt 1.000000 0.000000
vt 0.000000 1.000000
vt 0.000000 0.000000
vt 1.000000 0.000000
vt 0.000000 1.000000
vt 0.000000 0.000000
vt 1.000000 0.000000
vt 0.000000 1.000000
vt 0.000000 0.000000
vt 1.000000 0.000000
vt 0.000000 1.000000
vt 0.000000 0.000000
vt 1.000000 0.000000
vt 0.000000 1.000000
vt 0.000000 0.000000
vt 1.000000 0.000000
vt 0.000000 1.000000
vt 0.000000 0.000000
vt 1.000000 0.000000
vt 0.000000 1.000000
vt 0.000000 0.000000
vt 1.000000 0.000000
vt 0.000000 1.000000
vt 0.000000 0.000000
vt 1.000000 0.000000
vt 0.000000 1.000000
vt 0.000000 0.000000
vt 1.000000 0.000000
vt 0.000000 1.000000
vt 0.000000 0.000000
vt 1.000000 0.000000
vt 0.000000 1.000000
vt 0.000000 0.000000
vt 1.000000 0.000000
vt 0.000000 1.000000
vt 0.000000 0.000000
vt 1.000000 0.000000
vt 0.000000 1.000000
vt 0.000000 0.000000
vt 1.000000 0.000000
vt 0.000000 1.000000
vt 0.000000 0.000000
vt 1.000000 0.000000
vt 0.000000 1.000000
vt 0.000000 0.000000
vt 1.000000 0.000000
vt 0.000000 1.000000
vt 0.000000 0.000000
vt 1.000000 0.000000
vt 0.000000 1.000000
vt 0.000000 0.000000
vt 1.000000 0.000000
vt 0.000000 1.000000
vt 0.000000 0.000000
vt 1.000000 0.000000
vt 0.000000 1.000000
vt 0.000000 0.000000
vt 1.000000 0.000000
vt 0.000000 1.000000
vt 0.000000 0.000000
vt 1.000000 0.000000
vt 0.000000 1.000000
vt 0.000000 0.000000
vt 1.000000 0.000000
vt 0.000000 1.000000
vt 0.000000 0.000000
vt 1.000000 0.000000
vt 0.000000 1.000000
vt 0.000000 0.000000
vt 1.000000 0.000000
vt 0.000000 1.000000
vt 0.000000 0.000000
vt 1.000000 0.000000
vt 0.000000 1.000000
vt 0.000000 0.000000
vt 1.000000 0.000000
vt 0.000000 1.000000
vt 0.000000 0.000000
vt 1.000000 0.000000
vt 0.000000 1.000000
vt 0.000000 0.000000
vt 1.000000 0.000000
vt 0.000000 1.000000
vt 0.000000 0.000000
vt 1.000000 0.000000
vt 0.000000 1.000000
vt 0.000000 0.000000
vt 1.000000 0.000000
vt 0.000000 1.000000
vt 0.000000 0.000000
vt 1.000000 0.000000
vt 0.000000 1.000000
vt 0.000000 0.000000
vt 1.000000 0.000000
vt 0.000000 1.000000
vt 0.000000 0.000000
vt 1.000000 0.000000
vt 0.000000 1.000000
vt 0.000000 0.000000
vt 1.000000 0.000000
vt 0.000000 1.000000
vt 0.000000 0.000000
vt 1.000000 0.000000
vt 0.000000 1.000000
vt 0.000000 0.000000
vt 1.000000 0.000000
vt 0.000000 1.000000
vt 0.000000 0.000000
vt 1.000000 0.000000
vt 0.000000 1.000000
vt 0.000000 0.000000
vt 1.000000 0.000000
vt 0.000000 1.000000
vt 0.000000 0.000000
vt 1.000000 0.000000
vt 0.000000 1.000000
vt 0.000000 0.000000
vt 1.000000 0.000000
vt 0.000000 1.000000
vt 0.000000 0.000000
vt 1.000000 0.000000
vt 0.000000 1.000000
vt 0.000000 0.000000
vt 1.000000 0.000000
vt 0.000000 1.000000
vt 0.000000 0.000000
vt 1.000000 0.000000
vt 0.000000 1.000000
vt 0.000000 0.000000
vt 1.000000 0.000000
vt 0.000000 1.000000
vt 0.000000 0.000000
vt 1.000000 0.000000
vt 0.000000 1.000000
vt 0.000000 0.000000
vt 1.000000 0.000000
vt 0.000000 1.000000
vt 0.000000 0.000000
vt 1.000000 0.000000
vt 0.000000 1.000000
vt 0.000000 0.000000
vt 1.000000 0.000000
vt 0.000000 1.000000
vt 0.000000 0.000000
vt 1.000000 0.000000
vt 0.000000 1.000000
vt 0.000000 0.000000
vt 1.000000 0.000000
vt 0.000000 1.000000
vt 0.000000 0.000000
vt 1.000000 0.000000
vt 0.000000 1.000000
vt 0.000000 0.000000
vt 1.000000 0.000000
vt 0.000000 1.000000
vt 0.000000 0.000000
vt 1.000000 0.000000
vt 0.000000 1.000000
vt 0.000000 0.000000
vt 1.000000 0.000000
vt 0.000000 1.000000
vt 0.000000 0.000000
vt 1.000000 0.000000
vt 0.000000 1.000000
vt 0.000000 0.000000
vt 1.000000 0.000000
vt 0.000000 1.000000
vt 0.000000 0.000000
vt 1.000000 0.000000
vt 0.000000 1.000000
vt 0.000000 0.000000
vt 1.000000 0.000000
vt 0.000000 1.000000
vt 0.000000 0.000000
vt 1.000000 0.000000
vt 0.000000 1.000000
vt 0.000000 0.000000
vt 1.000000 0.000000
vt 0.000000 1.000000
vt 0.000000 0.000000
vt 1.000000 0.000000
vt 0.000000 1.000000
vt 0.000000 0.000000
vt 1.000000 0.000000
vt 0.000000 1.000000
vt 0.000000 0.000000
vt 1.000000 0.000000
vt 0.000000 1.000000
vt 0.000000 0.000000
vt 1.000000 0.000000
vt 0.000000 1.000000
vt 0.000000 0.000000
vt 1.000000 0.000000
vt 0.000000 1.000000
vt 0.000000 0.000000
vt 1.000000 0.000000
vt 0.000000 1.000000
vt 0.000000 0.000000
vt 1.000000 0.000000
vt 0.000000 1.000000
vt 0.000000 0.000000
vt 1.000000 0.000000
vt 0.000000 1.000000
vt 0.000000 0.000000
vt 1.000000 0.000000
vt 0.000000 1.000000
vt 0.000000 0.000000
vt 1.000000 0.000000
vt 0.000000 1.000000
vt 0.000000 0.000000
vt 1.000000 0.000000
vt 0.000000 1.000000
vt 0.000000 0.000000
vt 1.000000 0.000000
vt 0.000000 1.000000
vt 0.000000 0.000000
vt 1.000000 0.000000
vt 0.000000 1.000000
vt 0.000000 0.000000
vt 1.000000 0.000000
vt 0.000000 1.000000
vt 0.000000 0.000000
vt 1.000000 0.000000
vt 0.000000 1.000000
vt 0.000000 0.000000
vt 1.000000 0.000000
vt 0.000000 1.000000
vt 0.000000 0.000000
vt 1.000000 0.000000
vt 0.000000 1.000000
vt 0.000000 0.000000
vt 1.000000 0.000000
vt 0.000000 1.000000
vt 0.000000 0.000000
vt 1.000000 0.000000
vt 0.000000 1.000000
vt 0.000000 0.000000
vt 1.000000 0.000000
vt 0.000000 1.000000
vt 0.000000 0.000000
vt 1.000000 0.000000
vt 0.000000 1.000000
vt 0.000000 0.000000
vt 1.000000 0.000000
vt 0.000000 1.000000
vt 0.000000 0.000000
vt 1.000000 0.000000
vt 0.000000 1.000000
vt 0.000000 0.000000
vt 1.000000 0.000000
vt 0.000000 1.000000
vt 0.000000 0.000000
vt 1.000000 0.000000
vt 0.000000 1.000000
vt 0.000000 0.000000
vt 1.000000 0.000000
vt 0.000000 1.000000
vt 0.000000 0.000000
vt 1.000000 0.000000
vt 0.000000 1.000000
vt 0.000000 0.000000
vt 1.000000 0.000000
vt 0.000000 1.000000
vt 0.000000 0.000000
vt 1.000000 0.000000
vt 0.000000 1.000000
vt 0.000000 0.000000
vt 1.000000 0.000000
vt 0.000000 1.000000
vt 0.000000 0.000000
vt 1.000000 0.000000
vt 0.000000 1.000000
vt 0.000000 0.000000
vt 1.000000 0.000000
vt 0.000000 1.000000
vt 0.000000 0.000000
vt 1.000000 0.000000
vt 0.000000 1.000000
vt 0.000000 0.000000
vt 1.000000 0.000000
vt 0.000000 1.000000
vt 0.000000 0.000000
vt 1.000000 0.000000
vt 0.000000 1.000000
vt 0.000000 0.000000
vt 1.000000 0.000000
vt 0.000000 1.000000
vt 0.000000 0.000000
vt 1.000000 0.000000
vt 0.000000 1.000000
vt 0.000000 0.000000
vt 1.000000 0.000000
vt 0.000000 1.000000
vt 0.000000 0.000000
vt 1.000000 0.000000
vt 0.000000 1.000000
vt 0.000000 0.000000
vt 1.000000 0.000000
vt 0.000000 1.000000
vt 0.000000 0.000000
vt 1.000000 0.000000
vt 0.000000 1.000000
vt 0.000000 0.000000
vt 1.000000 0.000000
vt 0.000000 1.000000
vt 0.000000 0.000000
vt 1.000000 0.000000
vt 0.000000 1.000000
vt 0.000000 0.000000
vt 1.000000 0.000000
vt 0.000000 1.000000
vt 0.000000 0.000000
vt 1.000000 0.000000
vt 0.000000 1.000000
vt 0.000000 0.000000
vt 1.000000 0.000000
vt 0.000000 1.000000
vt 0.000000 0.000000
vt 1.000000 0.000000
vt 0.000000 1.000000
vt 0.000000 0.000000
vt 1.000000 0.000000
vt 0.000000 1.000000
vt 0.000000 0.000000
vt 1.000000 0.000000
vt 0.000000 1.000000
vt 0.000000 0.000000
vt 1.000000 0.000000
vt 0.000000 1.000000
vt 0.000000 0.000000
vt 1.000000 0.000000
vt 0.000000 1.000000
vt 0.000000 0.000000
vt 1.000000 0.000000
vt 0.000000 1.000000
vt 0.000000 0.000000
vt 1.000000 0.000000
vt 0.000000 1.000000
vt 0.000000 0.000000
vt 1.000000 0.000000
vt 0.000000 1.000000
vt 0.000000 0.000000
vt 1.000000 0.000000
vt 0.000000 1.000000
vt 0.000000 0.000000
vt 1.000000 0.000000
vt 0.000000 1.000000
vt 0.000000 0.000000
vt 1.000000 0.000000
vt 0.000000 1.000000
vt 0.000000 0.000000
vt 1.000000 0.000000
vt 0.000000 1.000000
vt 0.000000 0.000000
vt 1.000000 0.000000
vt 0.000000 1.000000
vt 0.000000 0.000000
vt 1.000000 0.000000
vt 0.000000 1.000000
vt 0.000000 0.000000
vt 1.000000 0.000000
vt 0.000000 1.000000
vt 0.000000 0.000000
vt 1.000000 0.000000
vt 0.000000 1.000000
vt 0.000000 0.000000
vt 1.000000 0.000000
vt 0.000000 1.000000
vt 0.000000 0.000000
vt 1.000000 0.000000
vt 0.000000 1.000000
vt 0.000000 0.000000
vt 1.000000 0.000000
vt 0.000000 1.000000
vt 0.000000 0.000000
vt 1.000000 0.000000
vt 0.000000 1.000000
vt 0.000000 0.000000
vt 1.000000 0.000000
vt 0.000000 1.000000
vt 0.000000 0.000000
vt 1.000000 0.000000
vt 0.000000 1.000000
vt 0.000000 0.000000
vt 1.000000 0.000000
vt 0.000000 1.000000
vt 0.000000 0.000000
vt 1.000000 0.000000
vt 0.000000 1.000000
vt 0.000000 0.000000
vt 1.000000 0.000000
vt 0.000000 1.000000
vt 0.000000 0.000000
vt 1.000000 0.000000
vt 0.000000 1.000000
vt 0.000000 0.000000
vt 1.000000 0.000000
vt 0.000000 1.000000
vt 0.000000 0.000000
vt 1.000000 0.000000
vt 0.000000 1.000000
vt 0.000000 0.000000
vt 1.000000 0.000000
vt 0.000000 1.000000
vt 0.000000 0.000000
vt 1.000000 0.000000
vt 0.000000 1.000000
vt 0.000000 0.000000
vt 1.000000 0.000000
vt 0.000000 1.000000
vt 0.000000 0.000000
vt 1.000000 0.000000
vt 0.000000 1.000000
vt 0.000000 0.000000
vt 1.000000 0.000000
vt 0.000000 1.000000
vt 0.000000 0.000000
vt 1.000000 0.000000
vt 0.000000 1.000000
vt 0.000000 0.000000
vt 1.000000 0.000000
vt 0.000000 1.000000
vt 0.000000 0.000000
vt 1.000000 0.000000
vt 0.000000 1.000000
vt 0.000000 0.000000
vt 1.000000 0.000000
vt 0.000000 1.000000
vt 0.000000 0.000000
vt 1.000000 0.000000
vt 0.000000 1.000000
vt 0.000000 0.000000
vt 1.000000 0.000000
vt 0.000000 1.000000
vt 0.000000 0.000000
vt 1.000000 0.000000
vt 0.000000 1.000000
vt 0.000000 0.000000
vt 1.000000 0.000000
vt 0.000000 1.000000
vt 0.000000 0.000000
vt 1.000000 0.000000
vt 0.000000 1.000000
vt 0.000000 0.000000
vt 1.000000 0.000000
vt 0.000000 1.000000
vt 0.000000 0.000000
vt 1.000000 0.000000
vt 0.000000 1.000000
vt 0.000000 0.000000
vt 1.000000 0.000000
vt 0.000000 1.000000
vt 0.000000 0.000000
vt 1.000000 0.000000
vt 0.000000 1.000000
vt 0.000000 0.000000
vt 1.000000 0.000000
vt 0.000000 1.000000
vt 0.000000 0.000000
vt 1.000000 0.000000
vt 0.000000 1.000000
vt 0.000000 0.000000
vt 1.000000 0.000000
vt 0.000000 1.000000
vt 0.000000 0.000000
vt 1.000000 0.000000
vt 0.000000 1.000000
vt 0.000000 0.000000
vt 1.000000 0.000000
vt 0.000000 1.000000
vt 0.000000 0.000000
vt 1.000000 0.000000
vt 0.000000 1.000000
vt 0.000000 0.000000
vt 1.000000 0.000000
vt 0.000000 1.000000
vt 0.000000 0.000000
vt 1.000000 0.000000
vt 0.000000 1.000000
vt 0.000000 0.000000
vt 1.000000 0.000000
vt 0.000000 1.000000
vt 0.000000 0.000000
vt 1.000000 0.000000
vt 0.000000 1.000000
vt 0.000000 0.000000
vt 1.000000 0.000000
vt 0.000000 1.000000
vt 0.000000 0.000000
vt 1.000000 0.000000
vt 0.000000 1.000000
vt 0.000000 0.000000
vt 1.000000 0.000000
vt 0.000000 1.000000
vt 0.000000 0.000000
vt 1.000000 0.000000
vt 0.000000 1.000000
vt 0.000000 0.000000
vt 1.000000 0.000000
vt 0.000000 1.000000
vt 0.000000 0.000000
vt 1.000000 0.000000
vt 0.000000 1.000000
vt 0.000000 0.000000
vt 1.000000 0.000000
vt 0.000000 1.000000
vt 0.000000 0.000000
vt 1.000000 0.000000
vt 0.000000 1.000000
vt 0.000000 0.000000
vt 1.000000 0.000000
vt 0.000000 1.000000
vt 0.000000 0.000000
vt 1.000000 0.000000
vt 0.000000 1.000000
vt 0.000000 0.000000
vt 1.000000 0.000000
vt 0.000000 1.000000
vt 0.000000 0.000000
vt 1.000000 0.000000
vt 0.000000 1.000000
vt 0.000000 0.000000
vt 1.000000 0.000000
vt 0.000000 1.000000
vt 0.000000 0.000000
vt 1.000000 0.000000
vt 0.000000 1.000000
vt 0.000000 0.000000
vt 1.000000 0.000000
vt 0.000000 1.000000
vt 0.000000 0.000000
vt 1.000000 0.000000
vt 0.000000 1.000000
vt 0.000000 0.000000
vt 1.000000 0.000000
vt 0.000000 1.000000
vt 0.000000 0.000000
vt 1.000000 0.000000
vt 0.000000 1.000000
vt 0.000000 0.000000
vt 1.000000 0.000000
vt 0.000000 1.000000
vt 0.000000 0.000000
vt 1.000000 0.000000
vt 0.000000 1.000000
vt 0.000000 0.000000
vt 1.000000 0.000000
vt 0.000000 1.000000
vt 0.000000 0.000000
vt 1.000000 0.000000
vt 0.000000 1.000000
vt 0.000000 0.000000
vt 1.000000 0.000000
vt 0.000000 1.000000
vt 0.000000 0.000000
vt 1.000000 0.000000
vt 0.000000 1.000000
vt 0.000000 0.000000
vt 1.000000 0.000000
vt 0.000000 1.000000
vt 0.000000 0.000000
vt 1.000000 0.000000
vt 0.000000 1.000000
vt 0.000000 0.000000
vt 1.000000 0.000000
vt 0.000000 1.000000
vt 0.000000 0.000000
vt 1.000000 0.000000
vt 0.000000 1.000000
vt 0.000000 0.000000
vt 1.000000 0.000000
vt 0.000000 1.000000
vt 0.000000 0.000000
vt 1.000000 0.000000
vt 0.000000 1.000000
vt 0.000000 0.000000
vt 1.000000 0.000000
vt 0.000000 1.000000
vt 0.000000 0.000000
vt 1.000000 0.000000
vt 0.000000 1.000000
vt 0.000000 0.000000
vt 1.000000 0.000000
vt 0.000000 1.000000
vt 0.000000 0.000000
vt 1.000000 0.000000
vt 0.000000 1.000000
vt 0.000000 0.000000
vt 1.000000 0.000000
vt 0.000000 1.000000
vt 0.000000 0.000000
vt 1.000000 0.000000
vt 0.000000 1.000000
vt 0.000000 0.000000
vt 1.000000 0.000000
vt 0.000000 1.000000
vt 0.000000 0.000000
vt 1.000000 0.000000
vt 0.000000 1.000000
vt 0.000000 0.000000
vt 1.000000 0.000000
vt 0.000000 1.000000
vt 0.000000 0.000000
vt 1.000000 0.000000
vt 0.000000 1.000000
vt 0.000000 0.000000
vt 1.000000 0.000000
vt 0.000000 1.000000
vt 0.000000 0.000000
vt 1.000000 0.000000
vt 0.000000 1.000000
vt 0.000000 0.000000
vt 1.000000 0.000000
vt 0.000000 1.000000
vt 0.000000 0.000000
vt 1.000000 0.000000
vt 0.000000 1.000000
vt 0.000000 0.000000
vt 1.000000 0.000000
vt 0.000000 1.000000
vt 0.000000 0.000000
vt 1.000000 0.000000
vt 0.000000 1.000000
vt 0.000000 0.000000
vt 1.000000 0.000000
vt 0.000000 1.000000
vt 0.000000 0.000000
vt 1.000000 0.000000
vt 0.000000 1.000000
vt 0.000000 0.000000
vt 1.000000 0.000000
vt 0.000000 1.000000
vt 0.000000 0.000000
vt 1.000000 0.000000
vt 0.000000 1.000000
vt 0.000000 0.000000
vt 1.000000 0.000000
vt 0.000000 1.000000
vt 0.000000 0.000000
vt 1.000000 0.000000
vt 0.000000 1.000000
vt 0.000000 0.000000
vt 1.000000 0.000000
vt 0.000000 1.000000
vt 0.000000 0.000000
vt 1.000000 0.000000
vt 0.000000 1.000000
vt 0.000000 0.000000
vt 1.000000 0.000000
vt 0.000000 1.000000
vt 0.000000 0.000000
vt 1.000000 0.000000
vt 0.000000 1.000000
vt 0.000000 0.000000
vt 1.000000 0.000000
vt 0.000000 1.000000
vt 0.000000 0.000000
vt 1.000000 0.000000
vt 0.000000 1.000000
vt 0.000000 0.000000
vt 1.000000 0.000000
vt 0.000000 1.000000
vt 0.000000 0.000000
vt 1.000000 0.000000
vt 0.000000 1.000000
vt 0.000000 0.000000
vt 1.000000 0.000000
vt 0.000000 1.000000
vt 0.000000 0.000000
vt 1.000000 0.000000
vt 0.000000 1.000000
vt 0.000000 0.000000
vt 1.000000 0.000000
vt 0.000000 1.000000
vt 0.000000 0.000000
vt 1.000000 0.000000
vt 0.000000 1.000000
vt 0.000000 0.000000
vt 1.000000 0.000000
vt 0.000000 1.000000
vt 0.000000 0.000000
vt 1.000000 0.000000
vt 0.000000 1.000000
vt 0.000000 0.000000
vt 1.000000 0.000000
vt 0.000000 1.000000
vt 0.000000 0.000000
vt 1.000000 0.000000
vt 0.000000 1.000000
vt 0.000000 0.000000
vt 1.000000 0.000000
vt 0.000000 1.000000
vt 0.000000 0.000000
vt 1.000000 0.000000
vt 0.000000 1.000000
vt 0.000000 0.000000
vt 1.000000 0.000000
vt 0.000000 1.000000
vt 0.000000 0.000000
vt 1.000000 0.000000
vt 0.000000 1.000000
vt 0.000000 0.000000
vt 1.000000 0.000000
vt 0.000000 1.000000
vt 0.000000 0.000000
vt 1.000000 0.000000
vt 0.000000 1.000000
vt 0.000000 0.000000
vt 1.000000 0.000000
vt 0.000000 1.000000
vt 0.000000 0.000000
vt 1.000000 0.000000
vt 0.000000 1.000000
vt 0.000000 0.000000
vt 1.000000 0.000000
vt 0.000000 1.000000
vt 0.000000 0.000000
vt 1.000000 0.000000
vt 0.000000 1.000000
vt 0.000000 0.000000
vt 1.000000 0.000000
vt 0.000000 1.000000
vt 0.000000 0.000000
vt 1.000000 0.000000
vt 0.000000 1.000000
vt 0.000000 0.000000
vt 1.000000 0.000000
vt 0.000000 1.000000
vt 0.000000 0.000000
vt 1.000000 0.000000
vt 0.000000 1.000000
vt 0.000000 0.000000
vt 1.000000 0.000000
vt 0.000000 1.000000
vt 0.000000 0.000000
vt 1.000000 0.000000
vt 0.000000 1.000000
vt 0.000000 0.000000
vt 1.000000 0.000000
vt 0.000000 1.000000
vt 0.000000 0.000000
vt 1.000000 0.000000
vt 0.000000 1.000000
vt 0.000000 0.000000
vt 1.000000 0.000000
vt 0.000000 1.000000
vt 0.000000 0.000000
vt 1.000000 0.000000
vt 0.000000 1.000000
vt 0.000000 0.000000
vt 1.000000 0.000000
vt 0.000000 1.000000
vt 0.000000 0.000000
vt 1.000000 0.000000
vt 0.000000 1.000000
vt 0.000000 0.000000
vt 1.000000 0.000000
vt 0.000000 1.000000
vt 0.000000 0.000000
vt 1.000000 0.000000
vt 0.000000 1.000000
vt 0.000000 0.000000
vt 1.000000 0.000000
vt 0.000000 1.000000
vt 0.000000 0.000000
vt 1.000000 0.000000
vt 0.000000 1.000000
vt 0.000000 0.000000
vt 1.000000 0.000000
vt 0.000000 1.000000
vt 0.000000 0.000000
vt 1.000000 0.000000
vt 0.000000 1.000000
vt 0.000000 0.000000
vt 1.000000 0.000000
vt 0.000000 1.000000
vt 0.000000 0.000000
vt 1.000000 0.000000
vt 0.000000 1.000000
vt 0.000000 0.000000
vt 1.000000 0.000000
vt 0.000000 1.000000
vt 0.000000 0.000000
vt 1.000000 0.000000
vt 0.000000 1.000000
vt 0.000000 0.000000
vt 1.000000 0.000000
vt 0.000000 1.000000
vt 0.000000 0.000000
vt 1.000000 0.000000
vt 0.000000 1.000000
vt 0.000000 0.000000
vt 1.000000 0.000000
vt 0.000000 1.000000
vt 0.000000 0.000000
vt 1.000000 0.000000
vt 0.000000 1.000000
vt 0.000000 0.000000
vt 1.000000 0.000000
vt 0.000000 1.000000
vt 0.000000 0.000000
vt 1.000000 0.000000
vt 0.000000 1.000000
vt 0.000000 0.000000
vt 1.000000 0.000000
vt 0.000000 1.000000
vt 0.000000 0.000000
vt 1.000000 0.000000
vt 0.000000 1.000000
vt 0.000000 0.000000
vt 1.000000 0.000000
vt 0.000000 1.000000
vt 0.000000 0.000000
vt 1.000000 0.000000
vt 0.000000 1.000000
vt 0.000000 0.000000
vt 1.000000 0.000000
vt 0.000000 1.000000
vt 0.000000 0.000000
vt 1.000000 0.000000
vt 0.000000 1.000000
vt 0.000000 0.000000
vt 1.000000 0.000000
vt 0.000000 1.000000
vt 0.000000 0.000000
vt 1.000000 0.000000
vt 0.000000 1.000000
vt 0.000000 0.000000
vt 1.000000 0.000000
vt 0.000000 1.000000
vt 0.000000 0.000000
vt 1.000000 0.000000
vt 0.000000 1.000000
vt 0.000000 0.000000
vt 1.000000 0.000000
vt 0.000000 1.000000
vt 0.000000 0.000000
vt 1.000000 0.000000
vt 0.000000 1.000000
vt 0.000000 0.000000
vt 1.000000 0.000000
vt 0.000000 1.000000
vt 0.000000 0.000000
vt 1.000000 0.000000
vt 0.000000 1.000000
vt 0.000000 0.000000
vt 1.000000 0.000000
vt 0.000000 1.000000
vt 0.000000 0.000000
vt 1.000000 0.000000
vt 0.000000 1.000000
vt 0.000000 0.000000
vt 1.000000 0.000000
vt 0.000000 1.000000
vt 0.000000 0.000000
vt 1.000000 0.000000
vt 0.000000 1.000000
vt 0.000000 0.000000
vt 1.000000 0.000000
vt 0.000000 1.000000
vt 0.000000 0.000000
vt 1.000000 0.000000
vt 0.000000 1.000000
vt 0.000000 0.000000
vt 1.000000 0.000000
vt 0.000000 1.000000
vt 0.000000 0.000000
vt 1.000000 0.000000
vt 0.000000 1.000000
vt 0.000000 0.000000
vt 1.000000 0.000000
vt 0.000000 1.000000
vt 0.000000 0.000000
vt 1.000000 0.000000
vt 0.000000 1.000000
vt 0.000000 0.000000
vt 1.000000 0.000000
vt 0.000000 1.000000
vt 0.000000 0.000000
vt 1.000000 0.000000
vt 0.000000 1.000000
vt 0.000000 0.000000
vt 1.000000 0.000000
vt 0.000000 1.000000
vt 0.000000 0.000000
vt 1.000000 0.000000
vt 0.000000 1.000000
vt 0.000000 0.000000
vt 1.000000 0.000000
vt 0.000000 1.000000
vt 0.000000 0.000000
vt 1.000000 0.000000
vt 0.000000 1.000000
vt 0.000000 0.000000
vt 1.000000 0.000000
vt 0.000000 1.000000
vt 0.000000 0.000000
vt 1.000000 0.000000
vt 0.000000 1.000000
vt 0.000000 0.000000
vt 1.000000 0.000000
vt 0.000000 1.000000
vt 0.000000 0.000000
vt 1.000000 0.000000
vt 0.000000 1.000000
vt 0.000000 0.000000
vt 1.000000 0.000000
vt 0.000000 1.000000
vt 0.000000 0.000000
vt 1.000000 0.000000
vt 0.000000 1.000000
vt 0.000000 0.000000
vt 1.000000 0.000000
vt 0.000000 1.000000
vt 0.000000 0.000000
vt 1.000000 0.000000
vt 0.000000 1.000000
vt 0.000000 0.000000
vt 1.000000 0.000000
vt 0.000000 1.000000
vt 0.000000 0.000000
vt 1.000000 0.000000
vt 0.000000 1.000000
vt 0.000000 0.000000
vt 1.000000 0.000000
vt 0.000000 1.000000
vt 0.000000 0.000000
vt 1.000000 0.000000
vt 0.000000 1.000000
vt 0.000000 0.000000
vt 1.000000 0.000000
vt 0.000000 1.000000
vt 0.000000 0.000000
vt 1.000000 0.000000
vt 0.000000 1.000000
vt 0.000000 0.000000
vt 1.000000 0.000000
vt 0.000000 1.000000
vt 0.000000 0.000000
vt 1.000000 0.000000
vt 0.000000 1.000000
vt 0.000000 0.000000
vt 1.000000 0.000000
vt 0.000000 1.000000
vt 0.000000 0.000000
vt 1.000000 0.000000
vt 0.000000 1.000000
vt 0.000000 0.000000
vt 1.000000 0.000000
vt 0.000000 1.000000
vt 0.000000 0.000000
vt 1.000000 0.000000
vt 0.000000 1.000000
vt 0.000000 0.000000
vt 1.000000 0.000000
vt 0.000000 1.000000
vt 0.000000 0.000000
vt 1.000000 0.000000
vt 0.000000 1.000000
vt 0.000000 0.000000
vt 1.000000 0.000000
vt 0.000000 1.000000
vt 0.000000 0.000000
vt 1.000000 0.000000
vt 0.000000 1.000000
vt 0.000000 0.000000
vt 1.000000 0.000000
vt 0.000000 1.000000
vt 0.000000 0.000000
vt 1.000000 0.000000
vt 0.000000 1.000000
vt 0.000000 0.000000
vt 1.000000 0.000000
vt 0.000000 1.000000
vt 0.000000 0.000000
vt 1.000000 0.000000
vt 0.000000 1.000000
vt 0.000000 0.000000
vt 1.000000 0.000000
vt 0.000000 1.000000
vt 0.000000 0.000000
vt 1.000000 0.000000
vt 0.000000 1.000000
vt 0.000000 0.000000
vt 1.000000 0.000000
vt 0.000000 1.000000
vt 0.000000 0.000000
vt 1.000000 0.000000
vt 0.000000 1.000000
vt 0.000000 0.000000
vt 1.000000 0.000000
vt 0.000000 1.000000
vt 0.000000 0.000000
vt 1.000000 0.000000
vt 0.000000 1.000000
vt 0.000000 0.000000
vt 1.000000 0.000000
vt 0.000000 1.000000
vt 0.000000 0.000000
vt 1.000000 0.000000
vt 0.000000 1.000000
vt 0.000000 0.000000
vt 1.000000 0.000000
vt 0.000000 1.000000
vt 0.000000 0.000000
vt 1.000000 0.000000
vt 0.000000 1.000000
vt 0.000000 0.000000
vt 1.000000 0.000000
vt 0.000000 1.000000
vt 0.000000 0.000000
vt 1.000000 0.000000
vt 0.000000 1.000000
vt 0.000000 0.000000
vt 1.000000 0.000000
vt 0.000000 1.000000
vt 0.000000 0.000000
vt 1.000000 0.000000
vt 0.000000 1.000000
vt 0.000000 0.000000
vt 1.000000 0.000000
vt 0.000000 1.000000
vt 0.000000 0.000000
vt 1.000000 0.000000
vt 0.000000 1.000000
vt 0.000000 0.000000
vt 1.000000 0.000000
vt 0.000000 1.000000
vt 0.000000 0.000000
vt 1.000000 0.000000
vt 0.000000 1.000000
vt 0.000000 0.000000
vt 1.000000 0.000000
vt 0.000000 1.000000
vt 0.000000 0.000000
vt 1.000000 0.000000
vt 0.000000 1.000000
vt 0.000000 0.000000
vt 1.000000 0.000000
vt 0.000000 1.000000
vt 0.000000 0.000000
vt 1.000000 0.000000
vt 0.000000 1.000000
vt 0.000000 0.000000
vt 1.000000 0.000000
vt 0.000000 1.000000
vt 0.000000 0.000000
vt 1.000000 0.000000
vt 0.000000 1.000000
vt 0.000000 0.000000
vt 1.000000 0.000000
vt 0.000000 1.000000
vt 0.000000 0.000000
vt 1.000000 0.000000
vt 0.000000 1.000000
vt 0.000000 0.000000
vt 1.000000 0.000000
vt 0.000000 1.000000
vt 0.000000 0.000000
vt 1.000000 0.000000
vt 0.000000 1.000000
vt 0.000000 0.000000
vt 1.000000 0.000000
vt 0.000000 1.000000
vt 0.000000 0.000000
vt 1.000000 0.000000
vt 0.000000 1.000000
vt 0.000000 0.000000
vt 1.000000 0.000000
vt 0.000000 1.000000
vt 0.000000 0.000000
vt 1.000000 0.000000
vt 0.000000 1.000000
vt 0.000000 0.000000
vt 1.000000 0.000000
vt 0.000000 1.000000
vt 0.000000 0.000000
vt 1.000000 0.000000
vt 0.000000 1.000000
vt 0.000000 0.000000
vt 1.000000 0.000000
vt 0.000000 1.000000
vt 0.000000 0.000000
vt 1.000000 0.000000
vt 0.000000 1.000000
vt 0.000000 0.000000
vt 1.000000 0.000000
vt 0.000000 1.000000
vt 0.000000 0.000000
vt 1.000000 0.000000
vt 0.000000 1.000000
vt 0.000000 0.000000
vt 1.000000 0.000000
vt 0.000000 1.000000
vt 0.000000 0.000000
vt 1.000000 0.000000
vt 0.000000 1.000000
vt 0.000000 0.000000
vt 1.000000 0.000000
vt 0.000000 1.000000
vt 0.000000 0.000000
vt 1.000000 0.000000
vt 0.000000 1.000000
vt 0.000000 0.000000
vt 1.000000 0.000000
vt 0.000000 1.000000
vt 0.000000 0.000000
vt 1.000000 0.000000
vt 0.000000 1.000000
vt 0.000000 0.000000
vt 1.000000 0.000000
vt 0.000000 1.000000
vt 0.000000 0.000000
vt 1.000000 0.000000
vt 0.000000 1.000000
vt 0.000000 0.000000
vt 1.000000 0.000000
vt 0.000000 1.000000
vt 0.000000 0.000000
vt 1.000000 0.000000
vt 0.000000 1.000000
vt 0.000000 0.000000
vt 1.000000 0.000000
vt 0.000000 1.000000
vt 0.000000 0.000000
vt 1.000000 0.000000
vt 0.000000 1.000000
vt 0.000000 0.000000
vt 1.000000 0.000000
vt 0.000000 1.000000
vt 0.000000 0.000000
vt 1.000000 0.000000
vt 0.000000 1.000000
vt 0.000000 0.000000
vt 1.000000 0.000000
vt 0.000000 1.000000
vt 0.000000 0.000000
vt 1.000000 0.000000
vt 0.000000 1.000000
vt 0.000000 0.000000
vt 1.000000 0.000000
vt 0.000000 1.000000
vt 0.000000 0.000000
vt 1.000000 0.000000
vt 0.000000 1.000000
vt 0.000000 0.000000
vt 1.000000 0.000000
vt 0.000000 1.000000
vt 0.000000 0.000000
vt 1.000000 0.000000
vt 0.000000 1.000000
vt 0.000000 0.000000
vt 1.000000 0.000000
vt 0.000000 1.000000
vt 0.000000 0.000000
vt 1.000000 0.000000
vt 0.000000 1.000000
vt 0.000000 0.000000
vt 1.000000 0.000000
vt 0.000000 1.000000
vt 0.000000 0.000000
vt 1.000000 0.000000
vt 0.000000 1.000000
vt 0.000000 0.000000
vt 1.000000 0.000000
vt 0.000000 1.000000
vt 0.000000 0.000000
vt 1.000000 0.000000
vt 0.000000 1.000000
vt 0.000000 0.000000
vt 1.000000 0.000000
vt 0.000000 1.000000
vt 0.000000 0.000000
vt 1.000000 0.000000
vt 0.000000 1.000000
vt 0.000000 0.000000
vt 1.000000 0.000000
vt 0.000000 1.000000
vt 0.000000 0.000000
vt 1.000000 0.000000
vt 0.000000 1.000000
vt 0.000000 0.000000
vt 1.000000 0.000000
vt 0.000000 1.000000
vt 0.000000 0.000000
vt 1.000000 0.000000
vt 0.000000 1.000000
vt 0.000000 0.000000
vt 1.000000 0.000000
vt 0.000000 1.000000
vt 0.000000 0.000000
vt 1.000000 0.000000
vt 0.000000 1.000000
vt 0.000000 0.000000
vt 1.000000 0.000000
vt 0.000000 1.000000
vt 0.000000 0.000000
vt 1.000000 0.000000
vt 0.000000 1.000000
vt 0.000000 0.000000
vt 1.000000 0.000000
vt 0.000000 1.000000
vt 0.000000 0.000000
vt 1.000000 0.000000
vt 0.000000 1.000000
vt 0.000000 0.000000
vt 1.000000 0.000000
vt 0.000000 1.000000
vt 0.000000 0.000000
vt 1.000000 0.000000
vt 0.000000 1.000000
vt 0.000000 0.000000
vt 1.000000 0.000000
vt 0.000000 1.000000
vt 0.000000 0.000000
vt 1.000000 0.000000
vt 0.000000 1.000000
vt 0.000000 0.000000
vt 1.000000 0.000000
vt 0.000000 1.000000
vt 0.000000 0.000000
vt 1.000000 0.000000
vt 0.000000 1.000000
vt 0.000000 0.000000
vt 1.000000 0.000000
vt 0.000000 1.000000
vt 0.000000 0.000000
vt 1.000000 0.000000
vt 0.000000 1.000000
vt 0.000000 0.000000
vt 1.000000 0.000000
vt 0.000000 1.000000
vt 0.000000 0.000000
vt 1.000000 0.000000
vt 0.000000 1.000000
vt 0.000000 0.000000
vt 1.000000 0.000000
vt 0.000000 1.000000
vt 0.000000 0.000000
vt 1.000000 0.000000
vt 0.000000 1.000000
vt 0.000000 0.000000
vt 1.000000 0.000000
vt 0.000000 1.000000
vt 0.000000 0.000000
vt 1.000000 0.000000
vt 0.000000 1.000000
vt 0.000000 0.000000
vt 1.000000 0.000000
vt 0.000000 1.000000
vt 0.000000 0.000000
vt 1.000000 0.000000
vt 0.000000 1.000000
vt 0.000000 0.000000
vt 1.000000 0.000000
vt 0.000000 1.000000
vt 0.000000 0.000000
vt 1.000000 0.000000
vt 0.000000 1.000000
vt 0.000000 0.000000
vt 1.000000 0.000000
vt 0.000000 1.000000
vt 0.000000 0.000000
vt 1.000000 0.000000
vt 0.000000 1.000000
vt 0.000000 0.000000
vt 1.000000 0.000000
vt 0.000000 1.000000
vt 0.000000 0.000000
vt 1.000000 0.000000
vt 0.000000 1.000000
vt 0.000000 0.000000
vt 1.000000 0.000000
vt 0.000000 1.000000
vt 0.000000 0.000000
vt 1.000000 0.000000
vt 0.000000 1.000000
vt 0.000000 0.000000
vt 1.000000 0.000000
vt 0.000000 1.000000
vt 0.000000 0.000000
vt 1.000000 0.000000
vt 0.000000 1.000000
vt 0.000000 0.000000
vt 1.000000 0.000000
vt 0.000000 1.000000
vt 0.000000 0.000000
vt 1.000000 0.000000
vt 0.000000 1.000000
vt 0.000000 0.000000
vt 1.000000 0.000000
vt 0.000000 1.000000
vt 0.000000 0.000000
vt 1.000000 0.000000
vt 0.000000 1.000000
vt 0.000000 0.000000
vt 1.000000 0.000000
vt 0.000000 1.000000
vt 0.000000 0.000000
vt 1.000000 0.000000
vt 0.000000 1.000000
vt 0.000000 0.000000
vt 1.000000 0.000000
vt 0.000000 1.000000
vt 0.000000 0.000000
vt 1.000000 0.000000
vt 0.000000 1.000000
vt 0.000000 0.000000
vt 1.000000 0.000000
vt 0.000000 1.000000
vt 0.000000 0.000000
vt 1.000000 0.000000
vt 0.000000 1.000000
vt 0.000000 0.000000
vt 1.000000 0.000000
vt 0.000000 1.000000
vt 0.000000 0.000000
vt 1.000000 0.000000
vt 0.000000 1.000000
vt 0.000000 0.000000
vt 1.000000 0.000000
vt 0.000000 1.000000
vt 0.000000 0.000000
vt 1.000000 0.000000
vt 0.000000 1.000000
vt 0.000000 0.000000
vt 1.000000 0.000000
vt 0.000000 1.000000
vt 0.000000 0.000000
vt 1.000000 0.000000
vt 0.000000 1.000000
vt 0.000000 0.000000
vt 1.000000 0.000000
vt 0.000000 1.000000
vt 0.000000 0.000000
vt 1.000000 0.000000
vt 0.000000 1.000000
vt 0.000000 0.000000
vt 1.000000 0.000000
vt 0.000000 1.000000
vt 0.000000 0.000000
vt 1.000000 0.000000
vt 0.000000 1.000000
vt 0.000000 0.000000
vt 1.000000 0.000000
vt 0.000000 1.000000
vt 0.000000 0.000000
vt 1.000000 0.000000
vt 0.000000 1.000000
vt 0.000000 0.000000
vt 1.000000 0.000000
vt 0.000000 1.000000
vt 0.000000 0.000000
vt 1.000000 0.000000
vt 0.000000 1.000000
vt 0.000000 0.000000
vt 1.000000 0.000000
vt 0.000000 1.000000
vt 0.000000 0.000000
vt 1.000000 0.000000
vt 0.000000 1.000000
vt 0.000000 0.000000
vt 1.000000 0.000000
vt 0.000000 1.000000
vt 0.000000 0.000000
vt 1.000000 0.000000
vt 0.000000 1.000000
vt 0.000000 0.000000
vt 1.000000 0.000000
vt 0.000000 1.000000
vt 0.000000 0.000000
vt 1.000000 0.000000
vt 0.000000 1.000000
vt 0.000000 0.000000
vt 1.000000 0.000000
vt 0.000000 1.000000
vt 0.000000 0.000000
vt 1.000000 0.000000
vt 0.000000 1.000000
vt 0.000000 0.000000
vt 1.000000 0.000000
vt 0.000000 1.000000
vt 0.000000 0.000000
vt 1.000000 0.000000
vt 0.000000 1.000000
vt 0.000000 0.000000
vt 1.000000 0.000000
vt 0.000000 1.000000
vt 0.000000 0.000000
vt 1.000000 0.000000
vt 0.000000 1.000000
vt 0.000000 0.000000
vt 1.000000 0.000000
vt 0.000000 1.000000
vt 0.000000 0.000000
vt 1.000000 0.000000
vt 0.000000 1.000000
vt 0.000000 0.000000
vt 1.000000 0.000000
vt 0.000000 1.000000
vt 0.000000 0.000000
vt 1.000000 0.000000
vt 0.000000 1.000000
vt 0.000000 0.000000
vt 1.000000 0.000000
vt 0.000000 1.000000
vt 0.000000 0.000000
vt 1.000000 0.000000
vt 0.000000 1.000000
vt 0.000000 0.000000
vt 1.000000 0.000000
vt 0.000000 1.000000
vt 0.000000 0.000000
vt 1.000000 0.000000
vt 0.000000 1.000000
vt 0.000000 0.000000
vt 1.000000 0.000000
vt 0.000000 1.000000
vt 0.000000 0.000000
vt 1.000000 0.000000
vt 0.000000 1.000000
vt 0.000000 0.000000
vt 1.000000 0.000000
vt 0.000000 1.000000
vt 0.000000 0.000000
vt 1.000000 0.000000
vt 0.000000 1.000000
vt 0.000000 0.000000
vt 1.000000 0.000000
vt 0.000000 1.000000
vt 0.000000 0.000000
vt 1.000000 0.000000
vt 0.000000 1.000000
vt 0.000000 0.000000
vt 1.000000 0.000000
vt 0.000000 1.000000
vt 0.000000 0.000000
vt 1.000000 0.000000
vt 0.000000 1.000000
vt 0.000000 0.000000
vt 1.000000 0.000000
vt 0.000000 1.000000
vt 0.000000 0.000000
vt 1.000000 0.000000
vt 0.000000 1.000000
vt 0.000000 0.000000
vt 1.000000 0.000000
vt 0.000000 1.000000
vt 0.000000 0.000000
vt 1.000000 0.000000
vt 0.000000 1.000000
vt 0.000000 0.000000
vt 1.000000 0.000000
vt 0.000000 1.000000
vt 0.000000 0.000000
vt 1.000000 0.000000
vt 0.000000 1.000000
vt 0.000000 0.000000
vt 1.000000 0.000000
vt 0.000000 1.000000
vt 0.000000 0.000000
vt 1.000000 0.000000
vt 0.000000 1.000000
vt 0.000000 0.000000
vt 1.000000 0.000000
vt 0.000000 1.000000
vt 0.000000 0.000000
vt 1.000000 0.000000
vt 0.000000 1.000000
vt 0.000000 0.000000
vt 1.000000 0.000000
vt 0.000000 1.000000
vt 0.000000 0.000000
vt 1.000000 0.000000
vt 0.000000 1.000000
vt 0.000000 0.000000
vt 1.000000 0.000000
vt 0.000000 1.000000
vt 0.000000 0.000000
vt 1.000000 0.000000
vt 0.000000 1.000000
vt 0.000000 0.000000
vt 1.000000 0.000000
vt 0.000000 1.000000
vt 0.000000 0.000000
vt 1.000000 0.000000
vt 0.000000 1.000000
vt 0.000000 0.000000
vt 1.000000 0.000000
vt 0.000000 1.000000
vt 0.000000 0.000000
vt 1.000000 0.000000
vt 0.000000 1.000000
vt 0.000000 0.000000
vt 1.000000 0.000000
vt 0.000000 1.000000
vt 0.000000 0.000000
vt 1.000000 0.000000
vt 0.000000 1.000000
vt 0.000000 0.000000
vt 1.000000 0.000000
vt 0.000000 1.000000
vt 0.000000 0.000000
vt 1.000000 0.000000
vt 0.000000 1.000000
vt 0.000000 0.000000
vt 1.000000 0.000000
vt 0.000000 1.000000
vt 0.000000 0.000000
vt 1.000000 0.000000
vt 0.000000 1.000000
vt 0.000000 0.000000
vt 1.000000 0.000000
vt 0.000000 1.000000
vt 0.000000 0.000000
vt 1.000000 0.000000
vt 0.000000 1.000000
vt 0.000000 0.000000
vt 1.000000 0.000000
vt 0.000000 1.000000
vt 0.000000 0.000000
vt 1.000000 0.000000
vt 0.000000 1.000000
vt 0.000000 0.000000
vt 1.000000 0.000000
vt 0.000000 1.000000
vt 0.000000 0.000000
vt 1.000000 0.000000
vt 0.000000 1.000000
vt 0.000000 0.000000
vt 1.000000 0.000000
vt 0.000000 1.000000
vt 0.000000 0.000000
vt 1.000000 0.000000
vt 0.000000 1.000000
vt 0.000000 0.000000
vt 1.000000 0.000000
vt 0.000000 1.000000
vt 0.000000 0.000000
vt 1.000000 0.000000
vt 0.000000 1.000000
vt 0.000000 0.000000
vt 1.000000 0.000000
vt 0.000000 1.000000
vt 0.000000 0.000000
vt 1.000000 0.000000
vt 0.000000 1.000000
vt 0.000000 0.000000
vt 1.000000 0.000000
vt 0.000000 1.000000
vt 0.000000 0.000000
vt 1.000000 0.000000
vt 0.000000 1.000000
vt 0.000000 0.000000
vt 1.000000 0.000000
vt 0.000000 1.000000
vt 0.000000 0.000000
vt 1.000000 0.000000
vt 0.000000 1.000000
vt 0.000000 0.000000
vt 1.000000 0.000000
vt 0.000000 1.000000
vt 0.000000 0.000000
vt 1.000000 0.000000
vt 0.000000 1.000000
vt 0.000000 0.000000
vt 1.000000 0.000000
vt 0.000000 1.000000
vt 0.000000 0.000000
vt 1.000000 0.000000
vt 0.000000 1.000000
vt 0.000000 0.000000
vt 1.000000 0.000000
vt 0.000000 1.000000
vt 0.000000 0.000000
vt 1.000000 0.000000
vt 0.000000 1.000000
vt 0.000000 0.000000
vt 1.000000 0.000000
vt 0.000000 1.000000
vt 0.000000 0.000000
vt 1.000000 0.000000
vt 0.000000 1.000000
vt 0.000000 0.000000
vt 1.000000 0.000000
vt 0.000000 1.000000
vt 0.000000 0.000000
vt 1.000000 0.000000
vt 0.000000 1.000000
vt 0.000000 0.000000
vt 1.000000 0.000000
vt 0.000000 1.000000
vt 0.000000 0.000000
vt 1.000000 0.000000
vt 0.000000 1.000000
vt 0.000000 0.000000
vt 1.000000 0.000000
vt 0.000000 1.000000
vt 0.000000 0.000000
vt 1.000000 0.000000
vt 0.000000 1.000000
vt 0.000000 0.000000
vt 1.000000 0.000000
vt 0.000000 1.000000
vt 0.000000 0.000000
vt 1.000000 0.000000
vt 0.000000 1.000000
vt 0.000000 0.000000
vt 1.000000 0.000000
vt 0.000000 1.000000
vt 0.000000 0.000000
vt 1.000000 0.000000
vt 0.000000 1.000000
vt 0.000000 0.000000
vt 1.000000 0.000000
vt 0.000000 1.000000
vt 0.000000 0.000000
vt 1.000000 0.000000
vt 0.000000 1.000000
vt 0.000000 0.000000
vt 1.000000 0.000000
vt 0.000000 1.000000
vt 0.000000 0.000000
vt 1.000000 0.000000
vt 0.000000 1.000000
vt 0.000000 0.000000
vt 1.000000 0.000000
vt 0.000000 1.000000
vt 0.000000 0.000000
vt 1.000000 0.000000
vt 0.000000 1.000000
vt 0.000000 0.000000
vt 1.000000 0.000000
vt 0.000000 1.000000
vt 0.000000 0.000000
vt 1.000000 0.000000
vt 0.000000 1.000000
vt 0.000000 0.000000
vt 1.000000 0.000000
vt 0.000000 1.000000
vt 0.000000 0.000000
vt 1.000000 0.000000
vt 0.000000 1.000000
vt 0.000000 0.000000
vt 1.000000 0.000000
vt 0.000000 1.000000
vt 0.000000 0.000000
vt 1.000000 0.000000
vt 0.000000 1.000000
vt 0.000000 0.000000
vt 1.000000 0.000000
vt 0.000000 1.000000
vt 0.000000 0.000000
vt 1.000000 0.000000
vt 0.000000 1.000000
vt 0.000000 0.000000
vt 1.000000 0.000000
vt 0.000000 1.000000
vt 0.000000 0.000000
vt 1.000000 0.000000
vt 0.000000 1.000000
vt 0.000000 0.000000
vt 1.000000 0.000000
vt 0.000000 1.000000
vt 0.000000 0.000000
vt 1.000000 0.000000
vt 0.000000 1.000000
vt 0.000000 0.000000
vt 1.000000 0.000000
vt 0.000000 1.000000
vt 0.000000 0.000000
vt 1.000000 0.000000
vt 0.000000 1.000000
vt 0.000000 0.000000
vt 1.000000 0.000000
vt 0.000000 1.000000
vt 0.000000 0.000000
vt 1.000000 0.000000
vt 0.000000 1.000000
vt 0.000000 0.000000
vt 1.000000 0.000000
vt 0.000000 1.000000
vt 0.000000 0.000000
vt 1.000000 0.000000
vt 0.000000 1.000000
vt 0.000000 0.000000
vt 1.000000 0.000000
vt 0.000000 1.000000
vt 0.000000 0.000000
vt 1.000000 0.000000
vt 0.000000 1.000000
vt 0.000000 0.000000
vt 1.000000 0.000000
vt 0.000000 1.000000
vt 0.000000 0.000000
vt 1.000000 0.000000
vt 0.000000 1.000000
vt 0.000000 0.000000
vt 1.000000 0.000000
vt 0.000000 1.000000
vt 0.000000 0.000000
vt 1.000000 0.000000
vt 0.000000 1.000000
vt 0.000000 0.000000
vt 1.000000 0.000000
vt 0.000000 1.000000
vt 0.000000 0.000000
vt 1.000000 0.000000
vt 0.000000 1.000000
vt 0.000000 0.000000
vt 1.000000 0.000000
vt 0.000000 1.000000
vt 0.000000 0.000000
vt 1.000000 0.000000
vt 0.000000 1.000000
vt 0.000000 0.000000
vt 1.000000 0.000000
vt 0.000000 1.000000
vt 0.000000 0.000000
vt 1.000000 0.000000
vt 0.000000 1.000000
vt 0.000000 0.000000
vt 1.000000 0.000000
vt 0.000000 1.000000
vt 0.000000 0.000000
vt 1.000000 0.000000
vt 0.000000 1.000000
vt 0.000000 0.000000
vt 1.000000 0.000000
vt 0.000000 1.000000
vt 0.000000 0.000000
vt 1.000000 0.000000
vt 0.000000 1.000000
vt 0.000000 0.000000
vt 1.000000 0.000000
vt 0.000000 1.000000
vt 0.000000 0.000000
vt 1.000000 0.000000
vt 0.000000 1.000000
vt 0.000000 0.000000
vt 1.000000 0.000000
vt 0.000000 1.000000
vt 0.000000 0.000000
vt 1.000000 0.000000
vt 0.000000 1.000000
vt 0.000000 0.000000
vt 1.000000 0.000000
vt 0.000000 1.000000
vt 0.000000 0.000000
vt 1.000000 0.000000
vt 0.000000 1.000000
vt 0.000000 0.000000
vt 1.000000 0.000000
vt 0.000000 1.000000
vt 0.000000 0.000000
vt 1.000000 0.000000
vt 0.000000 1.000000
vt 0.000000 0.000000
vt 1.000000 0.000000
vt 0.000000 1.000000
vt 0.000000 0.000000
vt 1.000000 0.000000
vt 0.000000 1.000000
vt 0.000000 0.000000
vt 1.000000 0.000000
vt 0.000000 1.000000
vt 0.000000 0.000000
vt 1.000000 0.000000
vt 0.000000 1.000000
vt 0.000000 0.000000
vt 1.000000 0.000000
vt 0.000000 1.000000
vt 0.000000 0.000000
vt 1.000000 0.000000
vt 0.000000 1.000000
vt 0.000000 0.000000
vt 1.000000 0.000000
vt 0.000000 1.000000
vt 0.000000 0.000000
vt 1.000000 0.000000
vt 0.000000 1.000000
vt 0.000000 0.000000
vt 1.000000 0.000000
vt 0.000000 1.000000
vt 0.000000 0.000000
vt 1.000000 0.000000
vt 0.000000 1.000000
vt 0.000000 0.000000
vt 1.000000 0.000000
vt 0.000000 1.000000
vt 0.000000 0.000000
vt 1.000000 0.000000
vt 0.000000 1.000000
vt 0.000000 0.000000
vt 1.000000 0.000000
vt 0.000000 1.000000
vt 0.000000 0.000000
vt 1.000000 0.000000
vt 0.000000 1.000000
vt 0.000000 0.000000
vt 1.000000 0.000000
vt 0.000000 1.000000
vt 0.000000 0.000000
vt 1.000000 0.000000
vt 0.000000 1.000000
vt 0.000000 0.000000
vt 1.000000 0.000000
vt 0.000000 1.000000
vt 0.000000 0.000000
vt 1.000000 0.000000
vt 0.000000 1.000000
vt 0.000000 0.000000
vt 1.000000 0.000000
vt 0.000000 1.000000
vt 0.000000 0.000000
vt 1.000000 0.000000
vt 0.000000 1.000000
vt 0.000000 0.000000
vt 1.000000 0.000000
vt 0.000000 1.000000
vt 0.000000 0.000000
vt 1.000000 0.000000
vt 0.000000 1.000000
vt 0.000000 0.000000
vt 1.000000 0.000000
vt 0.000000 1.000000
vt 0.000000 0.000000
vt 1.000000 0.000000
vt 0.000000 1.000000
vt 0.000000 0.000000
vt 1.000000 0.000000
vt 0.000000 1.000000
vt 0.000000 0.000000
vt 1.000000 0.000000
vt 0.000000 1.000000
vt 0.000000 0.000000
vt 1.000000 0.000000
vt 0.000000 1.000000
vt 0.000000 0.000000
vt 1.000000 0.000000
vt 0.000000 1.000000
vt 0.000000 0.000000
vt 1.000000 0.000000
vt 0.000000 1.000000
vt 0.000000 0.000000
vt 1.000000 0.000000
vt 0.000000 1.000000
vt 0.000000 0.000000
vt 1.000000 0.000000
vt 0.000000 1.000000
vt 0.000000 0.000000
vt 1.000000 0.000000
vt 0.000000 1.000000
vt 0.000000 0.000000
vt 1.000000 0.000000
vt 0.000000 1.000000
vt 0.000000 0.000000
vt 1.000000 0.000000
vt 0.000000 1.000000
vt 0.000000 0.000000
vt 1.000000 0.000000
vt 0.000000 1.000000
vt 0.000000 0.000000
vt 1.000000 0.000000
vt 0.000000 1.000000
vt 0.000000 0.000000
vt 1.000000 0.000000
vt 0.000000 1.000000
vt 0.000000 0.000000
vt 1.000000 0.000000
vt 0.000000 1.000000
vt 0.000000 0.000000
vt 1.000000 0.000000
vt 0.000000 1.000000
vt 0.000000 0.000000
vt 1.000000 0.000000
vt 0.000000 1.000000
vt 0.000000 0.000000
vt 1.000000 0.000000
vt 0.000000 1.000000
vt 0.000000 0.000000
vt 1.000000 0.000000
vt 0.000000 1.000000
vt 0.000000 0.000000
vt 1.000000 0.000000
vt 0.000000 1.000000
vt 0.000000 0.000000
vt 1.000000 0.000000
vt 0.000000 1.000000
vt 0.000000 0.000000
vt 1.000000 0.000000
vt 0.000000 1.000000
vt 0.000000 0.000000
vt 1.000000 0.000000
vt 0.000000 1.000000
vt 0.000000 0.000000
vt 1.000000 0.000000
vt 0.000000 1.000000
vt 0.000000 0.000000
vt 1.000000 0.000000
vt 0.000000 1.000000
vt 0.000000 0.000000
vt 1.000000 0.000000
vt 0.000000 1.000000
vt 0.000000 0.000000
vt 1.000000 0.000000
vt 0.000000 1.000000
vt 0.000000 0.000000
vt 1.000000 0.000000
vt 0.000000 1.000000
vt 0.000000 0.000000
vt 1.000000 0.000000
vt 0.000000 1.000000
vt 0.000000 0.000000
vt 1.000000 0.000000
vt 0.000000 1.000000
vt 0.000000 0.000000
vt 1.000000 0.000000
vt 0.000000 1.000000
vt 0.000000 0.000000
vt 1.000000 0.000000
vt 0.000000 1.000000
vt 0.000000 0.000000
vt 1.000000 0.000000
vt 0.000000 1.000000
vt 0.000000 0.000000
vt 1.000000 0.000000
vt 0.000000 1.000000
vt 0.000000 0.000000
vt 1.000000 0.000000
vt 0.000000 1.000000
vt 0.000000 0.000000
vt 1.000000 0.000000
vt 0.000000 1.000000
vt 0.000000 0.000000
vt 1.000000 0.000000
vt 0.000000 1.000000
vt 0.000000 0.000000
vt 1.000000 0.000000
vt 0.000000 1.000000
vt 0.000000 0.000000
vt 1.000000 0.000000
vt 0.000000 1.000000
vt 0.000000 0.000000
vt 1.000000 0.000000
vt 0.000000 1.000000
vt 0.000000 0.000000
vt 1.000000 0.000000
vt 0.000000 1.000000
vt 0.000000 0.000000
vt 1.000000 0.000000
vt 0.000000 1.000000
vt 0.000000 0.000000
vt 1.000000 0.000000
vt 0.000000 1.000000
vt 0.000000 0.000000
vt 1.000000 0.000000
vt 0.000000 1.000000
vt 0.000000 0.000000
vt 1.000000 0.000000
vt 0.000000 1.000000
vt 0.000000 0.000000
vt 1.000000 0.000000
vt 0.000000 1.000000
vt 0.000000 0.000000
vt 1.000000 0.000000
vt 0.000000 1.000000
vt 0.000000 0.000000
vt 1.000000 0.000000
vt 0.000000 1.000000
vt 0.000000 0.000000
vt 1.000000 0.000000
vt 0.000000 1.000000
vt 0.000000 0.000000
vt 1.000000 0.000000
vt 0.000000 1.000000
vt 0.000000 0.000000
vt 1.000000 0.000000
vt 0.000000 1.000000
vt 0.000000 0.000000
vt 1.000000 0.000000
vt 0.000000 1.000000
vt 0.000000 0.000000
vt 1.000000 0.000000
vt 0.000000 1.000000
vt 0.000000 0.000000
vt 1.000000 0.000000
vt 0.000000 1.000000
vt 0.000000 0.000000
vt 1.000000 0.000000
vt 0.000000 1.000000
vt 0.000000 0.000000
vt 1.000000 0.000000
vt 0.000000 1.000000
vt 0.000000 0.000000
vt 1.000000 0.000000
vt 0.000000 1.000000
vt 0.000000 0.000000
vt 1.000000 0.000000
vt 0.000000 1.000000
vt 0.000000 0.000000
vt 1.000000 0.000000
vt 0.000000 1.000000
vt 0.000000 0.000000
vt 1.000000 0.000000
vt 0.000000 1.000000
vt 0.000000 0.000000
vt 1.000000 0.000000
vt 0.000000 1.000000
vt 0.000000 0.000000
vt 1.000000 0.000000
vt 0.000000 1.000000
vt 0.000000 0.000000
vt 1.000000 0.000000
vt 0.000000 1.000000
vt 0.000000 0.000000
vt 1.000000 0.000000
vt 0.000000 1.000000
vt 0.000000 0.000000
vt 1.000000 0.000000
vt 0.000000 1.000000
vt 0.000000 0.000000
vt 1.000000 0.000000
vt 0.000000 1.000000
vt 0.000000 0.000000
vt 1.000000 0.000000
vt 0.000000 1.000000
vt 0.000000 0.000000
vt 1.000000 0.000000
vt 0.000000 1.000000
vt 0.000000 0.000000
vt 1.000000 0.000000
vt 0.000000 1.000000
vt 0.000000 0.000000
vt 1.000000 0.000000
vt 0.000000 1.000000
vt 0.000000 0.000000
vt 1.000000 0.000000
vt 0.000000 1.000000
vt 0.000000 0.000000
vt 1.000000 0.000000
vt 0.000000 1.000000
vt 0.000000 0.000000
vt 1.000000 0.000000
vt 0.000000 1.000000
vt 0.000000 0.000000
vt 1.000000 0.000000
vt 0.000000 1.000000
vt 0.000000 0.000000
vt 1.000000 0.000000
vt 0.000000 1.000000
vt 0.000000 0.000000
vt 1.000000 0.000000
vt 0.000000 1.000000
vt 0.000000 0.000000
vt 1.000000 0.000000
vt 0.000000 1.000000
vt 0.000000 0.000000
vt 1.000000 0.000000
vt 0.000000 1.000000
vt 0.000000 0.000000
vt 1.000000 0.000000
vt 0.000000 1.000000
vt 0.000000 0.000000
vt 1.000000 0.000000
vt 0.000000 1.000000
vt 0.000000 0.000000
vt 1.000000 0.000000
vt 0.000000 1.000000
vt 0.000000 0.000000
vt 1.000000 0.000000
vt 0.000000 1.000000
vt 0.000000 0.000000
vt 1.000000 0.000000
vt 0.000000 1.000000
vt 0.000000 0.000000
vt 1.000000 0.000000
vt 0.000000 1.000000
vt 0.000000 0.000000
vt 1.000000 0.000000
vt 0.000000 1.000000
vt 0.000000 0.000000
vt 1.000000 0.000000
vt 0.000000 1.000000
vt 0.000000 0.000000
vt 1.000000 0.000000
vt 0.000000 1.000000
vt 0.000000 0.000000
vt 1.000000 0.000000
vt 0.000000 1.000000
vt 0.000000 0.000000
vt 1.000000 0.000000
vt 0.000000 1.000000
vt 0.000000 0.000000
vt 1.000000 0.000000
vt 0.000000 1.000000
vt 0.000000 0.000000
vt 1.000000 0.000000
vt 0.000000 1.000000
vt 0.000000 0.000000
vt 1.000000 0.000000
vt 0.000000 1.000000
vt 0.000000 0.000000
vt 1.000000 0.000000
vt 0.000000 1.000000
vt 0.000000 0.000000
vt 1.000000 0.000000
vt 0.000000 1.000000
vt 0.000000 0.000000
vt 1.000000 0.000000
vt 0.000000 1.000000
vt 0.000000 0.000000
vt 1.000000 0.000000
vt 0.000000 1.000000
vt 0.000000 0.000000
vt 1.000000 0.000000
vt 0.000000 1.000000
vt 0.000000 0.000000
vt 1.000000 0.000000
vt 0.000000 1.000000
vt 0.000000 0.000000
vt 1.000000 0.000000
vt 0.000000 1.000000
vt 0.000000 0.000000
vt 1.000000 0.000000
vt 0.000000 1.000000
vt 0.000000 0.000000
vt 1.000000 0.000000
vt 0.000000 1.000000
vt 0.000000 0.000000
vt 1.000000 0.000000
vt 0.000000 1.000000
vt 0.000000 0.000000
vt 1.000000 0.000000
vt 0.000000 1.000000
vt 0.000000 0.000000
vt 1.000000 0.000000
vt 0.000000 1.000000
vt 0.000000 0.000000
vt 1.000000 0.000000
vt 0.000000 1.000000
vt 0.000000 0.000000
vt 1.000000 0.000000
vt 0.000000 1.000000
vt 0.000000 0.000000
vt 1.000000 0.000000
vt 0.000000 1.000000
vt 0.000000 0.000000
vt 1.000000 0.000000
vt 0.000000 1.000000
vt 0.000000 0.000000
vt 1.000000 0.000000
vt 0.000000 1.000000
vt 0.000000 0.000000
vt 1.000000 0.000000
vt 0.000000 1.000000
vt 0.000000 0.000000
vt 1.000000 0.000000
vt 0.000000 1.000000
vt 0.000000 0.000000
vt 1.000000 0.000000
vt 0.000000 1.000000
vt 0.000000 0.000000
vt 1.000000 0.000000
vt 0.000000 1.000000
vt 0.000000 0.000000
vt 1.000000 0.000000
vt 0.000000 1.000000
vt 0.000000 0.000000
vt 1.000000 0.000000
vt 0.000000 1.000000
vt 0.000000 0.000000
vt 1.000000 0.000000
vt 0.000000 1.000000
vt 0.000000 0.000000
vt 1.000000 0.000000
vt 0.000000 1.000000
vt 0.000000 0.000000
vt 1.000000 0.000000
vt 0.000000 1.000000
vt 0.000000 0.000000
vt 1.000000 0.000000
vt 0.000000 1.000000
vt 0.000000 0.000000
vt 1.000000 0.000000
vt 0.000000 1.000000
vt 0.000000 0.000000
vt 1.000000 0.000000
vt 0.000000 1.000000
vt 0.000000 0.000000
vt 1.000000 0.000000
vt 0.000000 1.000000
vt 0.000000 0.000000
vt 1.000000 0.000000
vt 0.000000 1.000000
vt 0.000000 0.000000
vt 1.000000 0.000000
vt 0.000000 1.000000
vt 0.000000 0.000000
vt 1.000000 0.000000
vt 0.000000 1.000000
vt 0.000000 0.000000
vt 1.000000 0.000000
vt 0.000000 1.000000
vt 0.000000 0.000000
vt 1.000000 0.000000
vt 0.000000 1.000000
vt 0.000000 0.000000
vt 1.000000 0.000000
vt 0.000000 1.000000
vt 0.000000 0.000000
vt 1.000000 0.000000
vt 0.000000 1.000000
vt 0.000000 0.000000
vt 1.000000 0.000000
vt 0.000000 1.000000
vt 0.000000 0.000000
vt 1.000000 0.000000
vt 0.000000 1.000000
vt 0.000000 0.000000
vt 1.000000 0.000000
vt 0.000000 1.000000
vt 0.000000 0.000000
vt 1.000000 0.000000
vt 0.000000 1.000000
vt 0.000000 0.000000
vt 1.000000 0.000000
vt 0.000000 1.000000
vt 0.000000 0.000000
vt 1.000000 0.000000
vt 0.000000 1.000000
vt 0.000000 0.000000
vt 1.000000 0.000000
vt 0.000000 1.000000
vt 0.000000 0.000000
vt 1.000000 0.000000
vt 0.000000 1.000000
vt 0.000000 0.000000
vt 1.000000 0.000000
vt 0.000000 1.000000
vt 0.000000 0.000000
vt 1.000000 0.000000
vt 0.000000 1.000000
vt 0.000000 0.000000
vt 1.000000 0.000000
vt 0.000000 1.000000
vt 0.000000 0.000000
vt 1.000000 0.000000
vt 0.000000 1.000000
vt 0.000000 0.000000
vt 1.000000 0.000000
vt 0.000000 1.000000
vt 0.000000 0.000000
vt 1.000000 0.000000
vt 0.000000 1.000000
vt 0.000000 0.000000
vt 1.000000 0.000000
vt 0.000000 1.000000
vt 0.000000 0.000000
vt 1.000000 0.000000
vt 0.000000 1.000000
vt 0.000000 0.000000
vt 1.000000 0.000000
vt 0.000000 1.000000
vt 0.000000 0.000000
vt 1.000000 0.000000
vt 0.000000 1.000000
vt 0.000000 0.000000
vt 1.000000 0.000000
vt 0.000000 1.000000
vt 0.000000 0.000000
vt 1.000000 0.000000
vt 0.000000 1.000000
vt 0.000000 0.000000
vt 1.000000 0.000000
vt 0.000000 1.000000
vt 0.000000 0.000000
vt 1.000000 0.000000
vt 0.000000 1.000000
vt 0.000000 0.000000
vt 1.000000 0.000000
vt 0.000000 1.000000
vt 0.000000 0.000000
vt 1.000000 0.000000
vt 0.000000 1.000000
vt 0.000000 0.000000
vt 1.000000 0.000000
vt 0.000000 1.000000
vt 0.000000 0.000000
vt 1.000000 0.000000
vt 0.000000 1.000000
vt 0.000000 0.000000
vt 1.000000 0.000000
vt 0.000000 1.000000
vt 0.000000 0.000000
vt 1.000000 0.000000
vt 0.000000 1.000000
vt 0.000000 0.000000
vt 1.000000 0.000000
vt 0.000000 1.000000
vt 0.000000 0.000000
vt 1.000000 0.000000
vt 0.000000 1.000000
vt 0.000000 0.000000
vt 1.000000 0.000000
vt 0.000000 1.000000
vt 0.000000 0.000000
vt 1.000000 0.000000
vt 0.000000 1.000000
vt 0.000000 0.000000
vt 1.000000 0.000000
vt 0.000000 1.000000
vt 0.000000 0.000000
vt 1.000000 0.000000
vt 0.000000 1.000000
vt 0.000000 0.000000
vt 1.000000 0.000000
vt 0.000000 1.000000
vt 0.000000 0.000000
vt 1.000000 0.000000
vt 0.000000 1.000000
vt 0.000000 0.000000
vt 1.000000 0.000000
vt 0.000000 1.000000
vt 0.000000 0.000000
vt 1.000000 0.000000
vt 0.000000 1.000000
vt 0.000000 0.000000
vt 1.000000 0.000000
vt 0.000000 1.000000
vt 0.000000 0.000000
vt 1.000000 0.000000
vt 0.000000 1.000000
vt 0.000000 0.000000
vt 1.000000 0.000000
vt 0.000000 1.000000
vt 0.000000 0.000000
vt 1.000000 0.000000
vt 0.000000 1.000000
vt 0.000000 0.000000
vt 1.000000 0.000000
vt 0.000000 1.000000
vt 0.000000 0.000000
vt 1.000000 0.000000
vt 0.000000 1.000000
vt 0.000000 0.000000
vt 1.000000 0.000000
vt 0.000000 1.000000
vt 0.000000 0.000000
vt 1.000000 0.000000
vt 0.000000 1.000000
vt 0.000000 0.000000
vt 1.000000 0.000000
vt 0.000000 1.000000
vt 0.000000 0.000000
vt 1.000000 0.000000
vt 0.000000 1.000000
vt 0.000000 0.000000
vt 1.000000 0.000000
vt 0.000000 1.000000
vt 0.000000 0.000000
vt 1.000000 0.000000
vt 0.000000 1.000000
vt 0.000000 0.000000
vt 1.000000 0.000000
vt 0.000000 1.000000
vt 0.000000 0.000000
vt 1.000000 0.000000
vt 0.000000 1.000000
vt 0.000000 0.000000
vt 1.000000 0.000000
vt 0.000000 1.000000
vt 0.000000 0.000000
vt 1.000000 0.000000
vt 0.000000 1.000000
vt 0.000000 0.000000
vt 1.000000 0.000000
vt 0.000000 1.000000
vt 0.000000 0.000000
vt 1.000000 0.000000
vt 0.000000 1.000000
vt 0.000000 0.000000
vt 1.000000 0.000000
vt 0.000000 1.000000
vt 0.000000 0.000000
vt 1.000000 0.000000
vt 0.000000 1.000000
vt 0.000000 0.000000
vt 1.000000 0.000000
vt 0.000000 1.000000
vt 0.000000 0.000000
vt 1.000000 0.000000
vt 0.000000 1.000000
vt 0.000000 0.000000
vt 1.000000 0.000000
vt 0.000000 1.000000
vt 0.000000 0.000000
vt 1.000000 0.000000
vt 0.000000 1.000000
vt 0.000000 0.000000
vt 1.000000 0.000000
vt 0.000000 1.000000
vt 0.000000 0.000000
vt 1.000000 0.000000
vt 0.000000 1.000000
vt 0.000000 0.000000
vt 1.000000 0.000000
vt 0.000000 1.000000
vt 0.000000 0.000000
vt 1.000000 0.000000
vt 0.000000 1.000000
vt 0.000000 0.000000
vt 1.000000 0.000000
vt 0.000000 1.000000
vt 0.000000 0.000000
vt 1.000000 0.000000
vt 0.000000 1.000000
vt 0.000000 0.000000
vt 1.000000 0.000000
vt 0.000000 1.000000
vt 0.000000 0.000000
vt 1.000000 0.000000
vt 0.000000 1.000000
vt 0.000000 0.000000
vt 1.000000 0.000000
vt 0.000000 1.000000
vt 0.000000 0.000000
vt 1.000000 0.000000
vt 0.000000 1.000000
vt 0.000000 0.000000
vt 1.000000 0.000000
vt 0.000000 1.000000
vt 0.000000 0.000000
vt 1.000000 0.000000
vt 0.000000 1.000000
vt 0.000000 0.000000
vt 1.000000 0.000000
vt 0.000000 1.000000
vt 0.000000 0.000000
vt 1.000000 0.000000
vt 0.000000 1.000000
vt 0.000000 0.000000
vt 1.000000 0.000000
vt 0.000000 1.000000
vt 0.000000 0.000000
vt 1.000000 0.000000
vt 0.000000 1.000000
vt 0.000000 0.000000
vt 1.000000 0.000000
vt 0.000000 1.000000
vt 0.000000 0.000000
vt 1.000000 0.000000
vt 0.000000 1.000000
vt 0.000000 0.000000
vt 1.000000 0.000000
vt 0.000000 1.000000
vt 0.000000 0.000000
vt 1.000000 0.000000
vt 0.000000 1.000000
vt 0.000000 0.000000
vt 1.000000 0.000000
vt 0.000000 1.000000
vt 0.000000 0.000000
vt 1.000000 0.000000
vt 0.000000 1.000000
vt 0.000000 0.000000
vt 1.000000 0.000000
vt 0.000000 1.000000
vt 0.000000 0.000000
vt 1.000000 0.000000
vt 0.000000 1.000000
vt 0.000000 0.000000
vt 1.000000 0.000000
vt 0.000000 1.000000
vt 0.000000 0.000000
vt 1.000000 0.000000
vt 0.000000 1.000000
vt 0.000000 0.000000
vt 1.000000 0.000000
vt 0.000000 1.000000
vt 0.000000 0.000000
vt 1.000000 0.000000
vt 0.000000 1.000000
vt 0.000000 0.000000
vt 1.000000 0.000000
vt 0.000000 1.000000
vt 0.000000 0.000000
vt 1.000000 0.000000
vt 0.000000 1.000000
vt 0.000000 0.000000
vt 1.000000 0.000000
vt 0.000000 1.000000
vt 0.000000 0.000000
vt 1.000000 0.000000
vt 0.000000 1.000000
vt 0.000000 0.000000
vt 1.000000 0.000000
vt 0.000000 1.000000
vt 0.000000 0.000000
vt 1.000000 0.000000
vt 0.000000 1.000000
vt 0.000000 0.000000
vt 1.000000 0.000000
vt 0.000000 1.000000
vt 0.000000 0.000000
vt 1.000000 0.000000
vt 0.000000 1.000000
vt 0.000000 0.000000
vt 1.000000 0.000000
vt 0.000000 1.000000
vt 0.000000 0.000000
vt 1.000000 0.000000
vt 0.000000 1.000000
vt 0.000000 0.000000
vt 1.000000 0.000000
vt 0.000000 1.000000
vt 0.000000 0.000000
vt 1.000000 0.000000
vt 0.000000 1.000000
vt 0.000000 0.000000
vt 1.000000 0.000000
vt 0.000000 1.000000
vt 0.000000 0.000000
vt 1.000000 0.000000
vt 0.000000 1.000000
vt 0.000000 0.000000
vt 1.000000 0.000000
vt 0.000000 1.000000
vt 0.000000 0.000000
vt 1.000000 0.000000
vt 0.000000 1.000000
vt 0.000000 0.000000
vt 1.000000 0.000000
vt 0.000000 1.000000
vt 0.000000 0.000000
vt 1.000000 0.000000
vt 0.000000 1.000000
vt 0.000000 0.000000
vt 1.000000 0.000000
vt 0.000000 1.000000
vt 0.000000 0.000000
vt 1.000000 0.000000
vt 0.000000 1.000000
vt 0.000000 0.000000
vt 1.000000 0.000000
vt 0.000000 1.000000
vt 0.000000 0.000000
vt 1.000000 0.000000
vt 0.000000 1.000000
vt 0.000000 0.000000
vt 1.000000 0.000000
vt 0.000000 1.000000
vt 0.000000 0.000000
vt 1.000000 0.000000
vt 0.000000 1.000000
vt 0.000000 0.000000
vt 1.000000 0.000000
vt 0.000000 1.000000
vt 0.000000 0.000000
vt 1.000000 0.000000
vt 0.000000 1.000000
vt 0.000000 0.000000
vt 1.000000 0.000000
vt 0.000000 1.000000
vt 0.000000 0.000000
vt 1.000000 0.000000
vt 0.000000 1.000000
vt 0.000000 0.000000
vt 1.000000 0.000000
vt 0.000000 1.000000
vt 0.000000 0.000000
vt 1.000000 0.000000
vt 0.000000 1.000000
vt 0.000000 0.000000
vt 1.000000 0.000000
vt 0.000000 1.000000
vt 0.000000 0.000000
vt 1.000000 0.000000
vt 0.000000 1.000000
vt 0.000000 0.000000
vt 1.000000 0.000000
vt 0.000000 1.000000
vt 0.000000 0.000000
vt 1.000000 0.000000
vt 0.000000 1.000000
vt 0.000000 0.000000
vt 1.000000 0.000000
vt 0.000000 1.000000
vt 0.000000 0.000000
vt 1.000000 0.000000
vt 0.000000 1.000000
vt 0.000000 0.000000
vt 1.000000 0.000000
vt 0.000000 1.000000
vt 0.000000 0.000000
vt 1.000000 0.000000
vt 0.000000 1.000000
vt 0.000000 0.000000
vt 1.000000 0.000000
vt 0.000000 1.000000
vt 0.000000 0.000000
vt 1.000000 0.000000
vt 0.000000 1.000000
vt 0.000000 0.000000
vt 1.000000 0.000000
vt 0.000000 1.000000
vt 0.000000 0.000000
vt 1.000000 0.000000
vt 0.000000 1.000000
vt 0.000000 0.000000
vt 1.000000 0.000000
vt 0.000000 1.000000
vt 0.000000 0.000000
vt 1.000000 0.000000
vt 0.000000 1.000000
vt 0.000000 0.000000
vt 1.000000 0.000000
vt 0.000000 1.000000
vt 0.000000 0.000000
vt 1.000000 0.000000
vt 0.000000 1.000000
vt 0.000000 0.000000
vt 1.000000 0.000000
vt 0.000000 1.000000
vt 0.000000 0.000000
vt 1.000000 0.000000
vt 0.000000 1.000000
vt 0.000000 0.000000
vt 1.000000 0.000000
vt 0.000000 1.000000
vt 0.000000 0.000000
vt 1.000000 0.000000
vt 0.000000 1.000000
vt 0.000000 0.000000
vt 1.000000 0.000000
vt 0.000000 1.000000
vt 0.000000 0.000000
vt 1.000000 0.000000
vt 0.000000 1.000000
vt 0.000000 0.000000
vt 1.000000 0.000000
vt 0.000000 1.000000
vt 0.000000 0.000000
vt 1.000000 0.000000
vt 0.000000 1.000000
vt 0.000000 0.000000
vt 1.000000 0.000000
vt 0.000000 1.000000
vt 0.000000 0.000000
vt 1.000000 0.000000
vt 0.000000 1.000000
vt 0.000000 0.000000
vt 1.000000 0.000000
vt 0.000000 1.000000
vt 0.000000 0.000000
vt 1.000000 0.000000
vt 0.000000 1.000000
vt 0.000000 0.000000
vt 1.000000 0.000000
vt 0.000000 1.000000
vt 0.000000 0.000000
vt 1.000000 0.000000
vt 0.000000 1.000000
vt 0.000000 0.000000
vt 1.000000 0.000000
vt 0.000000 1.000000
vt 0.000000 0.000000
vt 1.000000 0.000000
vt 0.000000 1.000000
vt 0.000000 0.000000
vt 1.000000 0.000000
vt 0.000000 1.000000
vt 0.000000 0.000000
vt 1.000000 0.000000
vt 0.000000 1.000000
vt 0.000000 0.000000
vt 1.000000 0.000000
vt 0.000000 1.000000
vt 0.000000 0.000000
vt 1.000000 0.000000
vt 0.000000 1.000000
vt 0.000000 0.000000
vt 1.000000 0.000000
vt 0.000000 1.000000
vt 0.000000 0.000000
vt 1.000000 0.000000
vt 0.000000 1.000000
vt 0.000000 0.000000
vt 1.000000 0.000000
vt 0.000000 1.000000
vt 0.000000 0.000000
vt 1.000000 0.000000
vt 0.000000 1.000000
vt 0.000000 0.000000
vt 1.000000 0.000000
vt 0.000000 1.000000
vt 0.000000 0.000000
vt 1.000000 0.000000
vt 0.000000 1.000000
vt 0.000000 0.000000
vt 1.000000 0.000000
vt 0.000000 1.000000
vt 0.000000 0.000000
vt 1.000000 0.000000
vt 0.000000 1.000000
vt 0.000000 0.000000
vt 1.000000 0.000000
vt 0.000000 1.000000
vt 0.000000 0.000000
vt 1.000000 0.000000
vt 0.000000 1.000000
vt 0.000000 0.000000
vt 1.000000 0.000000
vt 0.000000 1.000000
vt 0.000000 0.000000
vt 1.000000 0.000000
vt 0.000000 1.000000
vt 0.000000 0.000000
vt 1.000000 0.000000
vt 0.000000 1.000000
vt 0.000000 0.000000
vt 1.000000 0.000000
vt 0.000000 1.000000
vt 0.000000 0.000000
vt 1.000000 0.000000
vt 0.000000 1.000000
vt 0.000000 0.000000
vt 1.000000 0.000000
vt 0.000000 1.000000
vt 0.000000 0.000000
vt 1.000000 0.000000
vt 0.000000 1.000000
vt 0.000000 0.000000
vt 1.000000 0.000000
vt 0.000000 1.000000
vt 0.000000 0.000000
vt 1.000000 0.000000
vt 0.000000 1.000000
vt 0.000000 0.000000
vt 1.000000 0.000000
vt 0.000000 1.000000
vt 0.000000 0.000000
vt 1.000000 0.000000
vt 0.000000 1.000000
vt 0.000000 0.000000
vt 1.000000 0.000000
vt 0.000000 1.000000
vt 0.000000 0.000000
vt 1.000000 0.000000
vt 0.000000 1.000000
vt 0.000000 0.000000
vt 1.000000 0.000000
vt 0.000000 1.000000
vt 0.000000 0.000000
vt 1.000000 0.000000
vt 0.000000 1.000000
vt 0.000000 0.000000
vt 1.000000 0.000000
vt 0.000000 1.000000
vt 0.000000 0.000000
vt 1.000000 0.000000
vt 0.000000 1.000000
vt 0.000000 0.000000
vt 1.000000 0.000000
vt 0.000000 1.000000
vt 0.000000 0.000000
vt 1.000000 0.000000
vt 0.000000 1.000000
vt 0.000000 0.000000
vt 1.000000 0.000000
vt 0.000000 1.000000
vt 0.000000 0.000000
vt 1.000000 0.000000
vt 0.000000 1.000000
vt 0.000000 0.000000
vt 1.000000 0.000000
vt 0.000000 1.000000
vt 0.000000 0.000000
vt 1.000000 0.000000
vt 0.000000 1.000000
vt 0.000000 0.000000
vt 1.000000 0.000000
vt 0.000000 1.000000
vt 0.000000 0.000000
vt 1.000000 0.000000
vt 0.000000 1.000000
vt 0.000000 0.000000
vt 1.000000 0.000000
vt 0.000000 1.000000
vt 0.000000 0.000000
vt 1.000000 0.000000
vt 0.000000 1.000000
vt 0.000000 0.000000
vt 1.000000 0.000000
vt 0.000000 1.000000
vt 0.000000 0.000000
vt 1.000000 0.000000
vt 0.000000 1.000000
vt 0.000000 0.000000
vt 1.000000 0.000000
vt 0.000000 1.000000
vt 0.000000 0.000000
vt 1.000000 0.000000
vt 0.000000 1.000000
vt 0.000000 0.000000
vt 1.000000 0.000000
vt 0.000000 1.000000
vt 0.000000 0.000000
vt 1.000000 0.000000
vt 0.000000 1.000000
vt 0.000000 0.000000
vt 1.000000 0.000000
vt 0.000000 1.000000
vt 0.000000 0.000000
vt 1.000000 0.000000
vt 0.000000 1.000000
vt 0.000000 0.000000
vt 1.000000 0.000000
vt 0.000000 1.000000
vt 0.000000 0.000000
vt 1.000000 0.000000
vt 0.000000 1.000000
vt 0.000000 0.000000
vt 1.000000 0.000000
vt 0.000000 1.000000
vt 0.000000 0.000000
vt 1.000000 0.000000
vt 0.000000 1.000000
vt 0.000000 0.000000
vt 1.000000 0.000000
vt 0.000000 1.000000
vt 0.000000 0.000000
vt 1.000000 0.000000
vt 0.000000 1.000000
vt 0.000000 0.000000
vt 1.000000 0.000000
vt 0.000000 1.000000
vt 0.000000 0.000000
vt 1.000000 0.000000
vt 0.000000 1.000000
vt 0.000000 0.000000
vt 1.000000 0.000000
vt 0.000000 1.000000
vt 0.000000 0.000000
vt 1.000000 0.000000
vt 0.000000 1.000000
vt 0.000000 0.000000
vt 1.000000 0.000000
vt 0.000000 1.000000
vt 0.000000 0.000000
vt 1.000000 0.000000
vt 0.000000 1.000000
vt 0.000000 0.000000
vt 1.000000 0.000000
vt 0.000000 1.000000
vt 0.000000 0.000000
vt 1.000000 0.000000
vt 0.000000 1.000000
vt 0.000000 0.000000
vt 1.000000 0.000000
vt 0.000000 1.000000
vt 0.000000 0.000000
vt 1.000000 0.000000
vt 0.000000 1.000000
vt 0.000000 0.000000
vt 1.000000 0.000000
vt 0.000000 1.000000
vt 0.000000 0.000000
vt 1.000000 0.000000
vt 0.000000 1.000000
vt 0.000000 0.000000
vt 1.000000 0.000000
vt 0.000000 1.000000
vt 0.000000 0.000000
vt 1.000000 0.000000
vt 0.000000 1.000000
vt 0.000000 0.000000
vt 1.000000 0.000000
vt 0.000000 1.000000
vt 0.000000 0.000000
vt 1.000000 0.000000
vt 0.000000 1.000000
vt 0.000000 0.000000
vt 1.000000 0.000000
vt 0.000000 1.000000
vt 0.000000 0.000000
vt 1.000000 0.000000
vt 0.000000 1.000000
vt 0.000000 0.000000
vt 1.000000 0.000000
vt 0.000000 1.000000
vt 0.000000 0.000000
vt 1.000000 0.000000
vt 0.000000 1.000000
vt 0.000000 0.000000
vt 1.000000 0.000000
vt 0.000000 1.000000
vt 0.000000 0.000000
vt 1.000000 0.000000
vt 0.000000 1.000000
vt 0.000000 0.000000
vt 1.000000 0.000000
vt 0.000000 1.000000
vt 0.000000 0.000000
vt 1.000000 0.000000
vt 0.000000 1.000000
vt 0.000000 0.000000
vt 1.000000 0.000000
vt 0.000000 1.000000
vt 0.000000 0.000000
vt 1.000000 0.000000
vt 0.000000 1.000000
vt 0.000000 0.000000
vt 1.000000 0.000000
vt 0.000000 1.000000
vt 0.000000 0.000000
vt 1.000000 0.000000
vt 0.000000 1.000000
vt 0.000000 0.000000
vt 1.000000 0.000000
vt 0.000000 1.000000
vt 0.000000 0.000000
vt 1.000000 0.000000
vt 0.000000 1.000000
vt 0.000000 0.000000
vt 1.000000 0.000000
vt 0.000000 1.000000
vt 0.000000 0.000000
vt 1.000000 0.000000
vt 0.000000 1.000000
vt 0.000000 0.000000
vt 1.000000 0.000000
vt 0.000000 1.000000
vt 0.000000 0.000000
vt 1.000000 0.000000
vt 0.000000 1.000000
vt 0.000000 0.000000
vt 1.000000 0.000000
vt 0.000000 1.000000
vt 0.000000 0.000000
vt 1.000000 0.000000
vt 0.000000 1.000000
vt 0.000000 0.000000
vt 1.000000 0.000000
vt 0.000000 1.000000
vt 0.000000 0.000000
vt 1.000000 0.000000
vt 0.000000 1.000000
vt 0.000000 0.000000
vt 1.000000 0.000000
vt 0.000000 1.000000
vt 0.000000 0.000000
vt 1.000000 0.000000
vt 0.000000 1.000000
vt 0.000000 0.000000
vt 1.000000 0.000000
vt 0.000000 1.000000
vt 0.000000 0.000000
vt 1.000000 0.000000
vt 0.000000 1.000000
vt 0.000000 0.000000
vt 1.000000 0.000000
vt 0.000000 1.000000
vt 0.000000 0.000000
vt 1.000000 0.000000
vt 0.000000 1.000000
vt 0.000000 0.000000
vt 1.000000 0.000000
vt 0.000000 1.000000
vt 0.000000 0.000000
vt 1.000000 0.000000
vt 0.000000 1.000000
vt 0.000000 0.000000
vt 1.000000 0.000000
vt 0.000000 1.000000
vt 0.000000 0.000000
vt 1.000000 0.000000
vt 0.000000 1.000000
vt 0.000000 0.000000
vt 1.000000 0.000000
vt 0.000000 1.000000
vt 0.000000 0.000000
vt 1.000000 0.000000
vt 0.000000 1.000000
vt 0.000000 0.000000
vt 1.000000 0.000000
vt 0.000000 1.000000
vt 0.000000 0.000000
vt 1.000000 0.000000
vt 0.000000 1.000000
vt 0.000000 0.000000
vt 1.000000 0.000000
vt 0.000000 1.000000
vt 0.000000 0.000000
vt 1.000000 0.000000
vt 0.000000 1.000000
vt 0.000000 0.000000
vt 1.000000 0.000000
vt 0.000000 1.000000
vt 0.000000 0.000000
vt 1.000000 0.000000
vt 0.000000 1.000000
vt 0.000000 0.000000
vt 1.000000 0.000000
vt 0.000000 1.000000
vt 0.000000 0.000000
vt 1.000000 0.000000
vt 0.000000 1.000000
vt 0.000000 0.000000
vt 1.000000 0.000000
vt 0.000000 1.000000
vt 0.000000 0.000000
vt 1.000000 0.000000
vt 0.000000 1.000000
vt 0.000000 0.000000
vt 1.000000 0.000000
vt 0.000000 1.000000
vt 0.000000 0.000000
vt 1.000000 0.000000
vt 0.000000 1.000000
vt 0.000000 0.000000
vt 1.000000 0.000000
vt 0.000000 1.000000
vt 0.000000 0.000000
vt 1.000000 0.000000
vt 0.000000 1.000000
vt 0.000000 0.000000
vt 1.000000 0.000000
vt 0.000000 1.000000
vt 0.000000 0.000000
vt 1.000000 0.000000
vt 0.000000 1.000000
vt 0.000000 0.000000
vt 1.000000 0.000000
vt 0.000000 1.000000
vt 0.000000 0.000000
vt 1.000000 0.000000
vt 0.000000 1.000000
vt 0.000000 0.000000
vt 1.000000 0.000000
vt 0.000000 1.000000
vt 0.000000 0.000000
vt 1.000000 0.000000
vt 0.000000 1.000000
vt 0.000000 0.000000
vt 1.000000 0.000000
vt 0.000000 1.000000
vt 0.000000 0.000000
vt 1.000000 0.000000
vt 0.000000 1.000000
vt 0.000000 0.000000
vt 1.000000 0.000000
vt 0.000000 1.000000
vt 0.000000 0.000000
vt 1.000000 0.000000
vt 0.000000 1.000000
vt 0.000000 0.000000
vt 1.000000 0.000000
vt 0.000000 1.000000
vt 0.000000 0.000000
vt 1.000000 0.000000
vt 0.000000 1.000000
vt 0.000000 0.000000
vt 1.000000 0.000000
vt 0.000000 1.000000
vt 0.000000 0.000000
vt 1.000000 0.000000
vt 0.000000 1.000000
vt 0.000000 0.000000
vt 1.000000 0.000000
vt 0.000000 1.000000
vt 0.000000 0.000000
vt 1.000000 0.000000
vt 0.000000 1.000000
vt 0.000000 0.000000
vt 1.000000 0.000000
vt 0.000000 1.000000
vt 0.000000 0.000000
vt 1.000000 0.000000
vt 0.000000 1.000000
vt 0.000000 0.000000
vt 1.000000 0.000000
vt 0.000000 1.000000
vt 0.000000 0.000000
vt 1.000000 0.000000
vt 0.000000 1.000000
vt 0.000000 0.000000
vt 1.000000 0.000000
vt 0.000000 1.000000
vt 0.000000 0.000000
vt 1.000000 0.000000
vt 0.000000 1.000000
vt 0.000000 0.000000
vt 1.000000 0.000000
vt 0.000000 1.000000
vt 0.000000 0.000000
vt 1.000000 0.000000
vt 0.000000 1.000000
vt 0.000000 0.000000
vt 1.000000 0.000000
vt 0.000000 1.000000
vt 0.000000 0.000000
vt 1.000000 0.000000
vt 0.000000 1.000000
vt 0.000000 0.000000
vt 1.000000 0.000000
vt 0.000000 1.000000
vt 0.000000 0.000000
vt 1.000000 0.000000
vt 0.000000 1.000000
vt 0.000000 0.000000
vt 1.000000 0.000000
vt 0.000000 1.000000
vt 0.000000 0.000000
vt 1.000000 0.000000
vt 0.000000 1.000000
vt 0.000000 0.000000
vt 1.000000 0.000000
vt 0.000000 1.000000
vt 0.000000 0.000000
vt 1.000000 0.000000
vt 0.000000 1.000000
vt 0.000000 0.000000
vt 1.000000 0.000000
vt 0.000000 1.000000
vt 0.000000 0.000000
vt 1.000000 0.000000
vt 0.000000 1.000000
vt 0.000000 0.000000
vt 1.000000 0.000000
vt 0.000000 1.000000
vt 0.000000 0.000000
vt 1.000000 0.000000
vt 0.000000 1.000000
vt 0.000000 0.000000
vt 1.000000 0.000000
vt 0.000000 1.000000
vt 0.000000 0.000000
vt 1.000000 0.000000
vt 0.000000 1.000000
vt 0.000000 0.000000
vt 1.000000 0.000000
vt 0.000000 1.000000
vt 0.000000 0.000000
vt 1.000000 0.000000
vt 0.000000 1.000000
vt 0.000000 0.000000
vt 1.000000 0.000000
vt 0.000000 1.000000
vt 0.000000 0.000000
vt 1.000000 0.000000
vt 0.000000 1.000000
vt 0.000000 0.000000
vt 1.000000 0.000000
vt 0.000000 1.000000
vt 0.000000 0.000000
vt 1.000000 0.000000
vt 0.000000 1.000000
vt 0.000000 0.000000
vt 1.000000 0.000000
vt 0.000000 1.000000
vt 0.000000 0.000000
vt 1.000000 0.000000
vt 0.000000 1.000000
vt 0.000000 0.000000
vt 1.000000 0.000000
vt 0.000000 1.000000
vt 0.000000 0.000000
vt 1.000000 0.000000
vt 0.000000 1.000000
vt 0.000000 0.000000
vt 1.000000 0.000000
vt 0.000000 1.000000
vt 0.000000 0.000000
vt 1.000000 0.000000
vt 0.000000 1.000000
vt 0.000000 0.000000
vt 1.000000 0.000000
vt 0.000000 1.000000
vt 0.000000 0.000000
vt 1.000000 0.000000
vt 0.000000 1.000000
vt 0.000000 0.000000
vt 1.000000 0.000000
vt 0.000000 1.000000
vt 0.000000 0.000000
vt 1.000000 0.000000
vt 0.000000 1.000000
vt 0.000000 0.000000
vt 1.000000 0.000000
vt 0.000000 1.000000
vt 0.000000 0.000000
vt 1.000000 0.000000
vt 0.000000 1.000000
vt 0.000000 0.000000
vt 1.000000 0.000000
vt 0.000000 1.000000
vt 0.000000 0.000000
vt 1.000000 0.000000
vt 0.000000 1.000000
vt 0.000000 0.000000
vt 1.000000 0.000000
vt 0.000000 1.000000
vt 0.000000 0.000000
vt 1.000000 0.000000
vt 0.000000 1.000000
vt 0.000000 0.000000
vt 1.000000 0.000000
vt 0.000000 1.000000
vt 0.000000 0.000000
vt 1.000000 0.000000
vt 0.000000 1.000000
vt 0.000000 0.000000
vt 1.000000 0.000000
vt 0.000000 1.000000
vt 0.000000 0.000000
vt 1.000000 0.000000
vt 0.000000 1.000000
vt 0.000000 0.000000
vt 1.000000 0.000000
vt 0.000000 1.000000
vt 0.000000 0.000000
vt 1.000000 0.000000
vt 0.000000 1.000000
vt 0.000000 0.000000
vt 1.000000 0.000000
vt 0.000000 1.000000
vt 0.000000 0.000000
vt 1.000000 0.000000
vt 0.000000 1.000000
vt 0.000000 0.000000
vt 1.000000 0.000000
vt 0.000000 1.000000
vt 0.000000 0.000000
vt 1.000000 0.000000
vt 0.000000 1.000000
vt 0.000000 0.000000
vt 1.000000 0.000000
vt 0.000000 1.000000
vt 0.000000 0.000000
vt 1.000000 0.000000
vt 0.000000 1.000000
vt 0.000000 0.000000
vt 1.000000 0.000000
vt 0.000000 1.000000
vt 0.000000 0.000000
vt 1.000000 0.000000
vt 0.000000 1.000000
vt 0.000000 0.000000
vt 1.000000 0.000000
vt 0.000000 1.000000
vt 0.000000 0.000000
vt 1.000000 0.000000
vt 0.000000 1.000000
vt 0.000000 0.000000
vt 1.000000 0.000000
vt 0.000000 1.000000
vt 0.000000 0.000000
vt 1.000000 0.000000
vt 0.000000 1.000000
vt 0.000000 0.000000
vt 1.000000 0.000000
vt 0.000000 1.000000
vt 0.000000 0.000000
vt 1.000000 0.000000
vt 0.000000 1.000000
vt 0.000000 0.000000
vt 1.000000 0.000000
vt 0.000000 1.000000
vt 0.000000 0.000000
vt 1.000000 0.000000
vt 0.000000 1.000000
vt 0.000000 0.000000
vt 1.000000 0.000000
vt 0.000000 1.000000
vt 0.000000 0.000000
vt 1.000000 0.000000
vt 0.000000 1.000000
vt 0.000000 0.000000
vt 1.000000 0.000000
vt 0.000000 1.000000
vt 0.000000 0.000000
vt 1.000000 0.000000
vt 0.000000 1.000000
vt 0.000000 0.000000
vt 1.000000 0.000000
vt 0.000000 1.000000
vt 0.000000 0.000000
vt 1.000000 0.000000
vt 0.000000 1.000000
vt 0.000000 0.000000
vt 1.000000 0.000000
vt 0.000000 1.000000
vt 0.000000 0.000000
vt 1.000000 0.000000
vt 0.000000 1.000000
vt 0.000000 0.000000
vt 1.000000 0.000000
vt 0.000000 1.000000
vt 0.000000 0.000000
vt 1.000000 0.000000
vt 0.000000 1.000000
vt 0.000000 0.000000
vt 1.000000 0.000000
vt 0.000000 1.000000
vt 0.000000 0.000000
vt 1.000000 0.000000
vt 0.000000 1.000000
vt 0.000000 0.000000
vt 1.000000 0.000000
vt 0.000000 1.000000
vt 0.000000 0.000000
vt 1.000000 0.000000
vt 0.000000 1.000000
vt 0.000000 0.000000
vt 1.000000 0.000000
vt 0.000000 1.000000
vt 0.000000 0.000000
vt 1.000000 0.000000
vt 0.000000 1.000000
vt 0.000000 0.000000
vt 1.000000 0.000000
vt 0.000000 1.000000
vt 0.000000 0.000000
vt 1.000000 0.000000
vt 0.000000 1.000000
vt 0.000000 0.000000
vt 1.000000 0.000000
vt 0.000000 1.000000
vt 0.000000 0.000000
vt 1.000000 0.000000
vt 0.000000 1.000000
vt 0.000000 0.000000
vt 1.000000 0.000000
vt 0.000000 1.000000
vt 0.000000 0.000000
vt 1.000000 0.000000
vt 0.000000 1.000000
vt 0.000000 0.000000
vt 1.000000 0.000000
vt 0.000000 1.000000
vt 0.000000 0.000000
vt 1.000000 0.000000
vt 0.000000 1.000000
vt 0.000000 0.000000
vt 1.000000 0.000000
vt 0.000000 1.000000
vt 0.000000 0.000000
vt 1.000000 0.000000
vt 0.000000 1.000000
vt 0.000000 0.000000
vt 1.000000 0.000000
vt 0.000000 1.000000
vt 0.000000 0.000000
vt 1.000000 0.000000
vt 0.000000 1.000000
vt 0.000000 0.000000
vt 1.000000 0.000000
vt 0.000000 1.000000
vt 0.000000 0.000000
vt 1.000000 0.000000
vt 0.000000 1.000000
vt 0.000000 0.000000
vt 1.000000 0.000000
vt 0.000000 1.000000
vt 0.000000 0.000000
vt 1.000000 0.000000
vt 0.000000 1.000000
vt 0.000000 0.000000
vt 1.000000 0.000000
vt 0.000000 1.000000
vt 0.000000 0.000000
vt 1.000000 0.000000
vt 0.000000 1.000000
vt 0.000000 0.000000
vt 1.000000 0.000000
vt 0.000000 1.000000
vt 0.000000 0.000000
vt 1.000000 0.000000
vt 0.000000 1.000000
vt 0.000000 0.000000
vt 1.000000 0.000000
vt 0.000000 1.000000
vt 0.000000 0.000000
vt 1.000000 0.000000
vt 0.000000 1.000000
vt 0.000000 0.000000
vt 1.000000 0.000000
vt 0.000000 1.000000
vt 0.000000 0.000000
vt 1.000000 0.000000
vt 0.000000 1.000000
vt 0.000000 0.000000
vt 1.000000 0.000000
vt 0.000000 1.000000
vt 0.000000 0.000000
vt 1.000000 0.000000
vt 0.000000 1.000000
vt 0.000000 0.000000
vt 1.000000 0.000000
vt 0.000000 1.000000
vt 0.000000 0.000000
vt 1.000000 0.000000
vt 0.000000 1.000000
vt 0.000000 0.000000
vt 1.000000 0.000000
vt 0.000000 1.000000
vt 0.000000 0.000000
vt 1.000000 0.000000
vt 0.000000 1.000000
vt 0.000000 0.000000
vt 1.000000 0.000000
vt 0.000000 1.000000
vt 0.000000 0.000000
vt 1.000000 0.000000
vt 0.000000 1.000000
vt 0.000000 0.000000
vt 1.000000 0.000000
vt 0.000000 1.000000
vt 0.000000 0.000000
vt 1.000000 0.000000
vt 0.000000 1.000000
vt 0.000000 0.000000
vt 1.000000 0.000000
vt 0.000000 1.000000
vt 0.000000 0.000000
vt 1.000000 0.000000
vt 0.000000 1.000000
vt 0.000000 0.000000
vt 1.000000 0.000000
vt 0.000000 1.000000
vt 0.000000 0.000000
vt 1.000000 0.000000
vt 0.000000 1.000000
vt 0.000000 0.000000
vt 1.000000 0.000000
vt 0.000000 1.000000
vt 0.000000 0.000000
vt 1.000000 0.000000
vt 0.000000 1.000000
vt 0.000000 0.000000
vt 1.000000 0.000000
vt 0.000000 1.000000
vt 0.000000 0.000000
vt 1.000000 0.000000
vt 0.000000 1.000000
vt 0.000000 0.000000
vt 1.000000 0.000000
vt 0.000000 1.000000
vt 0.000000 0.000000
vt 1.000000 0.000000
vt 0.000000 1.000000
vt 0.000000 0.000000
vt 1.000000 0.000000
vt 0.000000 1.000000
vt 0.000000 0.000000
vt 1.000000 0.000000
vt 0.000000 1.000000
vt 0.000000 0.000000
vt 1.000000 0.000000
vt 0.000000 1.000000
vt 0.000000 0.000000
vt 1.000000 0.000000
vt 0.000000 1.000000
vt 0.000000 0.000000
vt 1.000000 0.000000
vt 0.000000 1.000000
vt 0.000000 0.000000
vt 1.000000 0.000000
vt 0.000000 1.000000
vt 0.000000 0.000000
vt 1.000000 0.000000
vt 0.000000 1.000000
vt 0.000000 0.000000
vt 1.000000 0.000000
vt 0.000000 1.000000
vt 0.000000 0.000000
vt 1.000000 0.000000
vt 0.000000 1.000000
vt 0.000000 0.000000
vt 1.000000 0.000000
vt 0.000000 1.000000
vt 0.000000 0.000000
vt 1.000000 0.000000
vt 0.000000 1.000000
vt 0.000000 0.000000
vt 1.000000 0.000000
vt 0.000000 1.000000
vt 0.000000 0.000000
vt 1.000000 0.000000
vt 0.000000 1.000000
vt 0.000000 0.000000
vt 1.000000 0.000000
vt 0.000000 1.000000
vt 0.000000 0.000000
vt 1.000000 0.000000
vt 0.000000 1.000000
vt 0.000000 0.000000
vt 1.000000 0.000000
vt 0.000000 1.000000
vt 0.000000 0.000000
vt 1.000000 0.000000
vt 0.000000 1.000000
vt 0.000000 0.000000
vt 1.000000 0.000000
vt 0.000000 1.000000
vt 0.000000 0.000000
vt 1.000000 0.000000
vt 0.000000 1.000000
vt 0.000000 0.000000
vt 1.000000 0.000000
vt 0.000000 1.000000
vt 0.000000 0.000000
vt 1.000000 0.000000
vt 0.000000 1.000000
vt 0.000000 0.000000
vt 1.000000 0.000000
vt 0.000000 1.000000
vt 0.000000 0.000000
vt 1.000000 0.000000
vt 0.000000 1.000000
vt 0.000000 0.000000
vt 1.000000 0.000000
vt 0.000000 1.000000
vt 0.000000 0.000000
vt 1.000000 0.000000
vt 0.000000 1.000000
vt 0.000000 0.000000
vt 1.000000 0.000000
vt 0.000000 1.000000
vt 0.000000 0.000000
vt 1.000000 0.000000
vt 0.000000 1.000000
vt 0.000000 0.000000
vt 1.000000 0.000000
vt 0.000000 1.000000
vt 0.000000 0.000000
vt 1.000000 0.000000
vt 0.000000 1.000000
vt 0.000000 0.000000
vt 1.000000 0.000000
vt 0.000000 1.000000
vt 0.000000 0.000000
vt 1.000000 0.000000
vt 0.000000 1.000000
vt 0.000000 0.000000
vt 1.000000 0.000000
vt 0.000000 1.000000
vt 0.000000 0.000000
vt 1.000000 0.000000
vt 0.000000 1.000000
vt 0.000000 0.000000
vt 1.000000 0.000000
vt 0.000000 1.000000
vt 0.000000 0.000000
vt 1.000000 0.000000
vt 0.000000 1.000000
vt 0.000000 0.000000
vt 1.000000 0.000000
vt 0.000000 1.000000
vt 0.000000 0.000000
vt 1.000000 0.000000
vt 0.000000 1.000000
vt 0.000000 0.000000
vt 1.000000 0.000000
vt 0.000000 1.000000
vt 0.000000 0.000000
vt 1.000000 0.000000
vt 0.000000 1.000000
vt 0.000000 0.000000
vt 1.000000 0.000000
vt 0.000000 1.000000
vt 0.000000 0.000000
vt 1.000000 0.000000
vt 0.000000 1.000000
vt 0.000000 0.000000
vt 1.000000 0.000000
vt 0.000000 1.000000
vt 0.000000 0.000000
vt 1.000000 0.000000
vt 0.000000 1.000000
vt 0.000000 0.000000
vt 1.000000 0.000000
vt 0.000000 1.000000
vt 0.000000 0.000000
vt 1.000000 0.000000
vt 0.000000 1.000000
vt 0.000000 0.000000
vt 1.000000 0.000000
vt 0.000000 1.000000
vt 0.000000 0.000000
vt 1.000000 0.000000
vt 0.000000 1.000000
vt 0.000000 0.000000
vt 1.000000 0.000000
vt 0.000000 1.000000
vt 0.000000 0.000000
vt 1.000000 0.000000
vt 0.000000 1.000000
vt 0.000000 0.000000
vt 1.000000 0.000000
vt 0.000000 1.000000
vt 0.000000 0.000000
vt 1.000000 0.000000
vt 0.000000 1.000000
vt 0.000000 0.000000
vt 1.000000 0.000000
vt 0.000000 1.000000
vt 0.000000 0.000000
vt 1.000000 0.000000
vt 0.000000 1.000000
vt 0.000000 0.000000
vt 1.000000 0.000000
vt 0.000000 1.000000
vt 0.000000 0.000000
vt 1.000000 0.000000
vt 0.000000 1.000000
vt 0.000000 0.000000
vt 1.000000 0.000000
vt 0.000000 1.000000
vt 0.000000 0.000000
vt 1.000000 0.000000
vt 0.000000 1.000000
vt 0.000000 0.000000
vt 1.000000 0.000000
vt 0.000000 1.000000
vt 0.000000 0.000000
vt 1.000000 0.000000
vt 0.000000 1.000000
vt 0.000000 0.000000
vt 1.000000 0.000000
vt 0.000000 1.000000
vt 0.000000 0.000000
vt 1.000000 0.000000
vt 0.000000 1.000000
vt 0.000000 0.000000
vt 1.000000 0.000000
vt 0.000000 1.000000
vt 0.000000 0.000000
vt 1.000000 0.000000
vt 0.000000 1.000000
vt 0.000000 0.000000
vt 1.000000 0.000000
vt 0.000000 1.000000
vt 0.000000 0.000000
vt 1.000000 0.000000
vt 0.000000 1.000000
vt 0.000000 0.000000
vt 1.000000 0.000000
vt 0.000000 1.000000
vt 0.000000 0.000000
vt 1.000000 0.000000
vt 0.000000 1.000000
vt 0.000000 0.000000
vt 1.000000 0.000000
vt 0.000000 1.000000
vt 0.000000 0.000000
vt 1.000000 0.000000
vt 0.000000 1.000000
vt 0.000000 0.000000
vt 1.000000 0.000000
vt 0.000000 1.000000
vt 0.000000 0.000000
vt 1.000000 0.000000
vt 0.000000 1.000000
vt 0.000000 0.000000
vt 1.000000 0.000000
vt 0.000000 1.000000
vt 0.000000 0.000000
vt 1.000000 0.000000
vt 0.000000 1.000000
vt 0.000000 0.000000
vt 1.000000 0.000000
vt 0.000000 1.000000
vt 0.000000 0.000000
vt 1.000000 0.000000
vt 0.000000 1.000000
vt 0.000000 0.000000
vt 1.000000 0.000000
vt 0.000000 1.000000
vt 0.000000 0.000000
vt 1.000000 0.000000
vt 0.000000 1.000000
vt 0.000000 0.000000
vt 1.000000 0.000000
vt 0.000000 1.000000
vt 0.000000 0.000000
vt 1.000000 0.000000
vt 0.000000 1.000000
vt 0.000000 0.000000
vt 1.000000 0.000000
vt 0.000000 1.000000
vt 0.000000 0.000000
vt 1.000000 0.000000
vt 0.000000 1.000000
vt 0.000000 0.000000
vt 1.000000 0.000000
vt 0.000000 1.000000
vt 0.000000 0.000000
vt 1.000000 0.000000
vt 0.000000 1.000000
vt 0.000000 0.000000
vt 1.000000 0.000000
vt 0.000000 1.000000
vt 0.000000 0.000000
vt 1.000000 0.000000
vt 0.000000 1.000000
vt 0.000000 0.000000
vt 1.000000 0.000000
vt 0.000000 1.000000
vt 0.000000 0.000000
vt 1.000000 0.000000
vt 0.000000 1.000000
vt 0.000000 0.000000
vt 1.000000 0.000000
vt 0.000000 1.000000
vt 0.000000 0.000000
vt 1.000000 0.000000
vt 0.000000 1.000000
vt 0.000000 0.000000
vt 1.000000 0.000000
vt 0.000000 1.000000
vt 0.000000 0.000000
vt 1.000000 0.000000
vt 0.000000 1.000000
vt 0.000000 0.000000
vt 1.000000 0.000000
vt 0.000000 1.000000
vt 0.000000 0.000000
vt 1.000000 0.000000
vt 0.000000 1.000000
vt 0.000000 0.000000
vt 1.000000 0.000000
vt 0.000000 1.000000
vt 0.000000 0.000000
vt 1.000000 0.000000
vt 0.000000 1.000000
vt 0.000000 0.000000
vt 1.000000 0.000000
vt 0.000000 1.000000
vt 0.000000 0.000000
vt 1.000000 0.000000
vt 0.000000 1.000000
vt 0.000000 0.000000
vt 1.000000 0.000000
vt 0.000000 1.000000
vt 0.000000 0.000000
vt 1.000000 0.000000
vt 0.000000 1.000000
vt 0.000000 0.000000
vt 1.000000 0.000000
vt 0.000000 1.000000
vt 0.000000 0.000000
vt 1.000000 0.000000
vt 0.000000 1.000000
vt 0.000000 0.000000
vt 1.000000 0.000000
vt 0.000000 1.000000
vt 0.000000 0.000000
vt 1.000000 0.000000
vt 0.000000 1.000000
vt 0.000000 0.000000
vt 1.000000 0.000000
vt 0.000000 1.000000
vt 0.000000 0.000000
vt 1.000000 0.000000
vt 0.000000 1.000000
vt 0.000000 0.000000
vt 1.000000 0.000000
vt 0.000000 1.000000
vt 0.000000 0.000000
vt 1.000000 0.000000
vt 0.000000 1.000000
vt 0.000000 0.000000
vt 1.000000 0.000000
vt 0.000000 1.000000
vt 0.000000 0.000000
vt 1.000000 0.000000
vt 0.000000 1.000000
vt 0.000000 0.000000
vt 1.000000 0.000000
vt 0.000000 1.000000
vt 0.000000 0.000000
vt 1.000000 0.000000
vt 0.000000 1.000000
vt 0.000000 0.000000
vt 1.000000 0.000000
vt 0.000000 1.000000
vt 0.000000 0.000000
vt 1.000000 0.000000
vt 0.000000 1.000000
vt 0.000000 0.000000
vt 1.000000 0.000000
vt 0.000000 1.000000
vt 0.000000 0.000000
vt 1.000000 0.000000
vt 0.000000 1.000000
vt 0.000000 0.000000
vt 1.000000 0.000000
vt 0.000000 1.000000
vt 0.000000 0.000000
vt 1.000000 0.000000
vt 0.000000 1.000000
vt 0.000000 0.000000
vt 1.000000 0.000000
vt 0.000000 1.000000
vt 0.000000 0.000000
vt 1.000000 0.000000
vt 0.000000 1.000000
vt 0.000000 0.000000
vt 1.000000 0.000000
vt 0.000000 1.000000
vt 0.000000 0.000000
vt 1.000000 0.000000
vt 0.000000 1.000000
vt 0.000000 0.000000
vt 1.000000 0.000000
vt 0.000000 1.000000
vt 0.000000 0.000000
vt 1.000000 0.000000
vt 0.000000 1.000000
vt 0.000000 0.000000
vt 1.000000 0.000000
vt 0.000000 1.000000
vt 0.000000 0.000000
vt 1.000000 0.000000
vt 0.000000 1.000000
vt 0.000000 0.000000
vt 1.000000 0.000000
vt 0.000000 1.000000
vt 0.000000 0.000000
vt 1.000000 0.000000
vt 0.000000 1.000000
vt 0.000000 0.000000
vt 1.000000 0.000000
vt 0.000000 1.000000
vt 0.000000 0.000000
vt 1.000000 0.000000
vt 0.000000 1.000000
vt 0.000000 0.000000
vt 1.000000 0.000000
vt 0.000000 1.000000
vt 0.000000 0.000000
vt 1.000000 0.000000
vt 0.000000 1.000000
vt 0.000000 0.000000
vt 1.000000 0.000000
vt 0.000000 1.000000
vt 0.000000 0.000000
vt 1.000000 0.000000
vt 0.000000 1.000000
vt 0.000000 0.000000
vt 1.000000 0.000000
vt 0.000000 1.000000
vt 0.000000 0.000000
vt 1.000000 0.000000
vt 0.000000 1.000000
vt 0.000000 0.000000
vt 1.000000 0.000000
vt 0.000000 1.000000
vt 0.000000 0.000000
vt 1.000000 0.000000
vt 0.000000 1.000000
vt 0.000000 0.000000
vt 1.000000 0.000000
vt 0.000000 1.000000
vt 0.000000 0.000000
vt 1.000000 0.000000
vt 0.000000 1.000000
vt 0.000000 0.000000
vt 1.000000 0.000000
vt 0.000000 1.000000
vt 0.000000 0.000000
vt 1.000000 0.000000
vt 0.000000 1.000000
vt 0.000000 0.000000
vt 1.000000 0.000000
vt 0.000000 1.000000
vt 0.000000 0.000000
vt 1.000000 0.000000
vt 0.000000 1.000000
vt 0.000000 0.000000
vt 1.000000 0.000000
vt 0.000000 1.000000
vt 0.000000 0.000000
vt 1.000000 0.000000
vt 0.000000 1.000000
vt 0.000000 0.000000
vt 1.000000 0.000000
vt 0.000000 1.000000
vt 0.000000 0.000000
vt 1.000000 0.000000
vt 0.000000 1.000000
vt 0.000000 0.000000
vt 1.000000 0.000000
vt 0.000000 1.000000
vt 0.000000 0.000000
vt 1.000000 0.000000
vt 0.000000 1.000000
vt 0.000000 0.000000
vt 1.000000 0.000000
vt 0.000000 1.000000
vt 0.000000 0.000000
vt 1.000000 0.000000
vt 0.000000 1.000000
vt 0.000000 0.000000
vt 1.000000 0.000000
vt 0.000000 1.000000
vt 0.000000 0.000000
vt 1.000000 0.000000
vt 0.000000 1.000000
vt 0.000000 0.000000
vt 1.000000 0.000000
vt 0.000000 1.000000
vt 0.000000 0.000000
vt 1.000000 0.000000
vt 0.000000 1.000000
vt 0.000000 0.000000
vt 1.000000 0.000000
vt 0.000000 1.000000
vt 0.000000 0.000000
vt 1.000000 0.000000
vt 0.000000 1.000000
vt 0.000000 0.000000
vt 1.000000 0.000000
vt 0.000000 1.000000
vt 0.000000 0.000000
vt 1.000000 0.000000
vt 0.000000 1.000000
vt 0.000000 0.000000
vt 1.000000 0.000000
vt 0.000000 1.000000
vt 0.000000 0.000000
vt 1.000000 0.000000
vt 0.000000 1.000000
vt 0.000000 0.000000
vt 1.000000 0.000000
vt 0.000000 1.000000
vt 0.000000 0.000000
vt 1.000000 0.000000
vt 0.000000 1.000000
vt 0.000000 0.000000
vt 1.000000 0.000000
vt 0.000000 1.000000
vt 0.000000 0.000000
vt 1.000000 0.000000
vt 0.000000 1.000000
vt 0.000000 0.000000
vt 1.000000 0.000000
vt 0.000000 1.000000
vt 0.000000 0.000000
vt 1.000000 0.000000
vt 0.000000 1.000000
vt 0.000000 0.000000
vt 1.000000 0.000000
vt 0.000000 1.000000
vt 0.000000 0.000000
vt 1.000000 0.000000
vt 0.000000 1.000000
vt 0.000000 0.000000
vt 1.000000 0.000000
vt 0.000000 1.000000
vt 0.000000 0.000000
vt 1.000000 0.000000
vt 0.000000 1.000000
vt 0.000000 0.000000
vt 1.000000 0.000000
vt 0.000000 1.000000
vt 0.000000 0.000000
vt 1.000000 0.000000
vt 0.000000 1.000000
vt 0.000000 0.000000
vt 1.000000 0.000000
vt 0.000000 1.000000
vt 0.000000 0.000000
vt 1.000000 0.000000
vt 0.000000 1.000000
vt 0.000000 0.000000
vt 1.000000 0.000000
vt 0.000000 1.000000
vt 0.000000 0.000000
vt 1.000000 0.000000
vt 0.000000 1.000000
vt 0.000000 0.000000
vt 1.000000 0.000000
vt 0.000000 1.000000
vt 0.000000 0.000000
vt 1.000000 0.000000
vt 0.000000 1.000000
vt 0.000000 0.000000
vt 1.000000 0.000000
vt 0.000000 1.000000
vt 0.000000 0.000000
vt 1.000000 0.000000
vt 0.000000 1.000000
vt 0.000000 0.000000
vt 1.000000 0.000000
vt 0.000000 1.000000
vt 0.000000 0.000000
vt 1.000000 0.000000
vt 0.000000 1.000000
vt 0.000000 0.000000
vt 1.000000 0.000000
vt 0.000000 1.000000
vt 0.000000 0.000000
vt 1.000000 0.000000
vt 0.000000 1.000000
vt 0.000000 0.000000
vt 1.000000 0.000000
vt 0.000000 1.000000
vt 0.000000 0.000000
vt 1.000000 0.000000
vt 0.000000 1.000000
vt 0.000000 0.000000
vt 1.000000 0.000000
vt 0.000000 1.000000
vt 0.000000 0.000000
vt 1.000000 0.000000
vt 0.000000 1.000000
vt 0.000000 0.000000
vt 1.000000 0.000000
vt 0.000000 1.000000
vt 0.000000 0.000000
vt 1.000000 0.000000
vt 0.000000 1.000000
vt 0.000000 0.000000
vt 1.000000 0.000000
vt 0.000000 1.000000
vt 0.000000 0.000000
vt 1.000000 0.000000
vt 0.000000 1.000000
vt 0.000000 0.000000
vt 1.000000 0.000000
vt 0.000000 1.000000
vt 0.000000 0.000000
vt 1.000000 0.000000
vt 0.000000 1.000000
vt 0.000000 0.000000
vt 1.000000 0.000000
vt 0.000000 1.000000
vt 0.000000 0.000000
vt 1.000000 0.000000
vt 0.000000 1.000000
vt 0.000000 0.000000
vt 1.000000 0.000000
vt 0.000000 1.000000
vt 0.000000 0.000000
vt 1.000000 0.000000
vt 0.000000 1.000000
vt 0.000000 0.000000
vt 1.000000 0.000000
vt 0.000000 1.000000
vt 0.000000 0.000000
vt 1.000000 0.000000
vt 0.000000 1.000000
vt 0.000000 0.000000
vt 1.000000 0.000000
vt 0.000000 1.000000
vt 0.000000 0.000000
vt 1.000000 0.000000
vt 0.000000 1.000000
vt 0.000000 0.000000
vt 1.000000 0.000000
vt 0.000000 1.000000
vt 0.000000 0.000000
vt 1.000000 0.000000
vt 0.000000 1.000000
vt 0.000000 0.000000
vt 1.000000 0.000000
vt 0.000000 1.000000
vt 0.000000 0.000000
vt 1.000000 0.000000
vt 0.000000 1.000000
vt 0.000000 0.000000
vt 1.000000 0.000000
vt 0.000000 1.000000
vt 0.000000 0.000000
vt 1.000000 0.000000
vt 0.000000 1.000000
vt 0.000000 0.000000
vt 1.000000 0.000000
vt 0.000000 1.000000
vt 0.000000 0.000000
vt 1.000000 0.000000
vt 0.000000 1.000000
vt 0.000000 0.000000
vt 1.000000 0.000000
vt 0.000000 1.000000
vt 0.000000 0.000000
vt 1.000000 0.000000
vt 0.000000 1.000000
vt 0.000000 0.000000
vt 1.000000 0.000000
vt 0.000000 1.000000
vt 0.000000 0.000000
vt 1.000000 0.000000
vt 0.000000 1.000000
vt 0.000000 0.000000
vt 1.000000 0.000000
vt 0.000000 1.000000
vt 0.000000 0.000000
vt 1.000000 0.000000
vt 0.000000 1.000000
vt 0.000000 0.000000
vt 1.000000 0.000000
vt 0.000000 1.000000
vt 0.000000 0.000000
vt 1.000000 0.000000
vt 0.000000 1.000000
vt 0.000000 0.000000
vt 1.000000 0.000000
vt 0.000000 1.000000
vt 0.000000 0.000000
vt 1.000000 0.000000
vt 0.000000 1.000000
vt 0.000000 0.000000
vt 1.000000 0.000000
vt 0.000000 1.000000
vt 0.000000 0.000000
vt 1.000000 0.000000
vt 0.000000 1.000000
vt 0.000000 0.000000
vt 1.000000 0.000000
vt 0.000000 1.000000
vt 0.000000 0.000000
vt 1.000000 0.000000
vt 0.000000 1.000000
vt 0.000000 0.000000
vt 1.000000 0.000000
vt 0.000000 1.000000
vt 0.000000 0.000000
vt 1.000000 0.000000
vt 0.000000 1.000000
vt 0.000000 0.000000
vt 1.000000 0.000000
vt 0.000000 1.000000
vt 0.000000 0.000000
vt 1.000000 0.000000
vt 0.000000 1.000000
vt 0.000000 0.000000
vt 1.000000 0.000000
vt 0.000000 1.000000
vt 0.000000 0.000000
vt 1.000000 0.000000
vt 0.000000 1.000000
vt 0.000000 0.000000
vt 1.000000 0.000000
vt 0.000000 1.000000
vt 0.000000 0.000000
vt 1.000000 0.000000
vt 0.000000 1.000000
vt 0.000000 0.000000
vt 1.000000 0.000000
vt 0.000000 1.000000
vt 0.000000 0.000000
vt 1.000000 0.000000
vt 0.000000 1.000000
vt 0.000000 0.000000
vt 1.000000 0.000000
vt 0.000000 1.000000
vt 0.000000 0.000000
vt 1.000000 0.000000
vt 0.000000 1.000000
vt 0.000000 0.000000
vt 1.000000 0.000000
vt 0.000000 1.000000
vt 0.000000 0.000000
vt 1.000000 0.000000
vt 0.000000 1.000000
vt 0.000000 0.000000
vt 1.000000 0.000000
vt 0.000000 1.000000
vt 0.000000 0.000000
vt 1.000000 0.000000
vt 0.000000 1.000000
vt 0.000000 0.000000
vt 1.000000 0.000000
vt 0.000000 1.000000
vt 0.000000 0.000000
vt 1.000000 0.000000
vt 0.000000 1.000000
vt 0.000000 0.000000
vt 1.000000 0.000000
vt 0.000000 1.000000
vt 0.000000 0.000000
vt 1.000000 0.000000
vt 0.000000 1.000000
vt 0.000000 0.000000
vt 1.000000 0.000000
vt 0.000000 1.000000
vt 0.000000 0.000000
vt 1.000000 0.000000
vt 0.000000 1.000000
vt 0.000000 0.000000
vt 1.000000 0.000000
vt 0.000000 1.000000
vt 0.000000 0.000000
vt 1.000000 0.000000
vt 0.000000 1.000000
vt 0.000000 0.000000
vt 1.000000 0.000000
vt 0.000000 1.000000
vt 0.000000 0.000000
vt 1.000000 0.000000
vt 0.000000 1.000000
vt 0.000000 0.000000
vt 1.000000 0.000000
vt 0.000000 1.000000
vt 0.000000 0.000000
vt 1.000000 0.000000
vt 0.000000 1.000000
vt 0.000000 0.000000
vt 1.000000 0.000000
vt 0.000000 1.000000
vt 0.000000 0.000000
vt 1.000000 0.000000
vt 0.000000 1.000000
vt 0.000000 0.000000
vt 1.000000 0.000000
vt 0.000000 1.000000
vt 0.000000 0.000000
vt 1.000000 0.000000
vt 0.000000 1.000000
vt 0.000000 0.000000
vt 1.000000 0.000000
vt 0.000000 1.000000
vt 0.000000 0.000000
vt 1.000000 0.000000
vt 0.000000 1.000000
vt 0.000000 0.000000
vt 1.000000 0.000000
vt 0.000000 1.000000
vt 0.000000 0.000000
vt 1.000000 0.000000
vt 0.000000 1.000000
vt 0.000000 0.000000
vt 1.000000 0.000000
vt 0.000000 1.000000
vt 0.000000 0.000000
vt 1.000000 0.000000
vt 0.000000 1.000000
vt 0.000000 0.000000
vt 1.000000 0.000000
vt 0.000000 1.000000
vt 0.000000 0.000000
vt 1.000000 0.000000
vt 0.000000 1.000000
vt 0.000000 0.000000
vt 1.000000 0.000000
vt 0.000000 1.000000
vt 0.000000 0.000000
vt 1.000000 0.000000
vt 0.000000 1.000000
vt 0.000000 0.000000
vt 1.000000 0.000000
vt 0.000000 1.000000
vt 0.000000 0.000000
vt 1.000000 0.000000
vt 0.000000 1.000000
vt 0.000000 0.000000
vt 1.000000 0.000000
vt 0.000000 1.000000
vt 0.000000 0.000000
vt 1.000000 0.000000
vt 0.000000 1.000000
vt 0.000000 0.000000
vt 1.000000 0.000000
vt 0.000000 1.000000
vt 0.000000 0.000000
vt 1.000000 0.000000
vt 0.000000 1.000000
vt 0.000000 0.000000
vt 1.000000 0.000000
vt 0.000000 1.000000
vt 0.000000 0.000000
vt 1.000000 0.000000
vt 0.000000 1.000000
vt 0.000000 0.000000
vt 1.000000 0.000000
vt 0.000000 1.000000
vt 0.000000 0.000000
vt 1.000000 0.000000
vt 0.000000 1.000000
vt 0.000000 0.000000
vt 1.000000 0.000000
vt 0.000000 1.000000
vt 0.000000 0.000000
vt 1.000000 0.000000
vt 0.000000 1.000000
vt 0.000000 0.000000
vt 1.000000 0.000000
vt 0.000000 1.000000
vt 0.000000 0.000000
vt 1.000000 0.000000
vt 0.000000 1.000000
vt 0.000000 0.000000
vt 1.000000 0.000000
vt 0.000000 1.000000
vt 0.000000 0.000000
vt 1.000000 0.000000
vt 0.000000 1.000000
vt 0.000000 0.000000
vt 1.000000 0.000000
vt 0.000000 1.000000
vt 0.000000 0.000000
vt 1.000000 0.000000
vt 0.000000 1.000000
vt 0.000000 0.000000
vt 1.000000 0.000000
vt 0.000000 1.000000
vt 0.000000 0.000000
vt 1.000000 0.000000
vt 0.000000 1.000000
vt 0.000000 0.000000
vt 1.000000 0.000000
vt 0.000000 1.000000
vt 0.000000 0.000000
vt 1.000000 0.000000
vt 0.000000 1.000000
vt 0.000000 0.000000
vt 1.000000 0.000000
vt 0.000000 1.000000
vt 0.000000 0.000000
vt 1.000000 0.000000
vt 0.000000 1.000000
vt 0.000000 0.000000
vt 1.000000 0.000000
vt 0.000000 1.000000
vt 0.000000 0.000000
vt 1.000000 0.000000
vt 0.000000 1.000000
vt 0.000000 0.000000
vt 1.000000 0.000000
vt 0.000000 1.000000
vt 0.000000 0.000000
vt 1.000000 0.000000
vt 0.000000 1.000000
vt 0.000000 0.000000
vt 1.000000 0.000000
vt 0.000000 1.000000
vt 0.000000 0.000000
vt 1.000000 0.000000
vt 0.000000 1.000000
vt 0.000000 0.000000
vt 1.000000 0.000000
vt 0.000000 1.000000
vt 0.000000 0.000000
vt 1.000000 0.000000
vt 0.000000 1.000000
vt 0.000000 0.000000
vt 1.000000 0.000000
vt 0.000000 1.000000
vt 0.000000 0.000000
vt 1.000000 0.000000
vt 0.000000 1.000000
vt 0.000000 0.000000
vt 1.000000 0.000000
vt 0.000000 1.000000
vt 0.000000 0.000000
vt 1.000000 0.000000
vt 0.000000 1.000000
vt 0.000000 0.000000
vt 1.000000 0.000000
vt 0.000000 1.000000
vt 0.000000 0.000000
vt 1.000000 0.000000
vt 0.000000 1.000000
vt 0.000000 0.000000
vt 1.000000 0.000000
vt 0.000000 1.000000
vt 0.000000 0.000000
vt 1.000000 0.000000
vt 0.000000 1.000000
vt 0.000000 0.000000
vt 1.000000 0.000000
vt 0.000000 1.000000
vt 0.000000 0.000000
vt 1.000000 0.000000
vt 0.000000 1.000000
vt 0.000000 0.000000
vt 1.000000 0.000000
vt 0.000000 1.000000
vt 0.000000 0.000000
vt 1.000000 0.000000
vt 0.000000 1.000000
vt 0.000000 0.000000
vt 1.000000 0.000000
vt 0.000000 1.000000
vt 0.000000 0.000000
vt 1.000000 0.000000
vt 0.000000 1.000000
vt 0.000000 0.000000
vt 1.000000 0.000000
vt 0.000000 1.000000
vt 0.000000 0.000000
vt 1.000000 0.000000
vt 0.000000 1.000000
vt 0.000000 0.000000
vt 1.000000 0.000000
vt 0.000000 1.000000
vt 0.000000 0.000000
vt 1.000000 0.000000
vt 0.000000 1.000000
vt 0.000000 0.000000
vt 1.000000 0.000000
vt 0.000000 1.000000
vt 0.000000 0.000000
vt 1.000000 0.000000
vt 0.000000 1.000000
vt 0.000000 0.000000
vt 1.000000 0.000000
vt 0.000000 1.000000
vt 0.000000 0.000000
vt 1.000000 0.000000
vt 0.000000 1.000000
vt 0.000000 0.000000
vt 1.000000 0.000000
vt 0.000000 1.000000
vt 0.000000 0.000000
vt 1.000000 0.000000
vt 0.000000 1.000000
vt 0.000000 0.000000
vt 1.000000 0.000000
vt 0.000000 1.000000
vt 0.000000 0.000000
vt 1.000000 0.000000
vt 0.000000 1.000000
vt 0.000000 0.000000
vt 1.000000 0.000000
vt 0.000000 1.000000
vt 0.000000 0.000000
vt 1.000000 0.000000
vt 0.000000 1.000000
vt 0.000000 0.000000
vt 1.000000 0.000000
vt 0.000000 1.000000
vt 0.000000 0.000000
vt 1.000000 0.000000
vt 0.000000 1.000000
vt 0.000000 0.000000
vt 1.000000 0.000000
vt 0.000000 1.000000
vt 0.000000 0.000000
vt 1.000000 0.000000
vt 0.000000 1.000000
vt 0.000000 0.000000
vt 1.000000 0.000000
vt 0.000000 1.000000
vt 0.000000 0.000000
vt 1.000000 0.000000
vt 0.000000 1.000000
vt 0.000000 0.000000
vt 1.000000 0.000000
vt 0.000000 1.000000
vt 0.000000 0.000000
vt 1.000000 0.000000
vt 0.000000 1.000000
vt 0.000000 0.000000
vt 1.000000 0.000000
vt 0.000000 1.000000
vt 0.000000 0.000000
vt 1.000000 0.000000
vt 0.000000 1.000000
vt 0.000000 0.000000
vt 1.000000 0.000000
vt 0.000000 1.000000
vt 0.000000 0.000000
vt 1.000000 0.000000
vt 0.000000 1.000000
vt 0.000000 0.000000
vt 1.000000 0.000000
vt 0.000000 1.000000
vt 0.000000 0.000000
vt 1.000000 0.000000
vt 0.000000 1.000000
vt 0.000000 0.000000
vt 1.000000 0.000000
vt 0.000000 1.000000
vt 0.000000 0.000000
vt 1.000000 0.000000
vt 0.000000 1.000000
vt 0.000000 0.000000
vt 1.000000 0.000000
vt 0.000000 1.000000
vt 0.000000 0.000000
vt 1.000000 0.000000
vt 0.000000 1.000000
vt 0.000000 0.000000
vt 1.000000 0.000000
vt 0.000000 1.000000
vt 0.000000 0.000000
vt 1.000000 0.000000
vt 0.000000 1.000000
vt 0.000000 0.000000
vt 1.000000 0.000000
vt 0.000000 1.000000
vt 0.000000 0.000000
vt 1.000000 0.000000
vt 0.000000 1.000000
vt 0.000000 0.000000
vt 1.000000 0.000000
vt 0.000000 1.000000
vt 0.000000 0.000000
vt 1.000000 0.000000
vt 0.000000 1.000000
vt 0.000000 0.000000
vt 1.000000 0.000000
vt 0.000000 1.000000
vt 0.000000 0.000000
vt 1.000000 0.000000
vt 0.000000 1.000000
vt 0.000000 0.000000
vt 1.000000 0.000000
vt 0.000000 1.000000
vt 0.000000 0.000000
vt 1.000000 0.000000
vt 0.000000 1.000000
vt 0.000000 0.000000
vt 1.000000 0.000000
vt 0.000000 1.000000
vt 0.000000 0.000000
vt 1.000000 0.000000
vt 0.000000 1.000000
vt 0.000000 0.000000
vt 1.000000 0.000000
vt 0.000000 1.000000
vt 0.000000 0.000000
vt 1.000000 0.000000
vt 0.000000 1.000000
vt 0.000000 0.000000
vt 1.000000 0.000000
vt 0.000000 1.000000
vt 0.000000 0.000000
vt 1.000000 0.000000
vt 0.000000 1.000000
vt 0.000000 0.000000
vt 1.000000 0.000000
vt 0.000000 1.000000
vt 0.000000 0.000000
vt 1.000000 0.000000
vt 0.000000 1.000000
vt 0.000000 0.000000
vt 1.000000 0.000000
vt 0.000000 1.000000
vt 0.000000 0.000000
vt 1.000000 0.000000
vt 0.000000 1.000000
vt 0.000000 0.000000
vt 1.000000 0.000000
vt 0.000000 1.000000
vt 0.000000 0.000000
vt 1.000000 0.000000
vt 0.000000 1.000000
vt 0.000000 0.000000
vt 1.000000 0.000000
vt 0.000000 1.000000
vt 0.000000 0.000000
vt 1.000000 0.000000
vt 0.000000 1.000000
vt 0.000000 0.000000
vt 1.000000 0.000000
vt 0.000000 1.000000
vt 0.000000 0.000000
vt 1.000000 0.000000
vt 0.000000 1.000000
vt 0.000000 0.000000
vt 1.000000 0.000000
vt 0.000000 1.000000
vt 0.000000 0.000000
vt 1.000000 0.000000
vt 0.000000 1.000000
vt 0.000000 0.000000
vt 1.000000 0.000000
vt 0.000000 1.000000
vt 0.000000 0.000000
vt 1.000000 0.000000
vt 0.000000 1.000000
vt 0.000000 0.000000
vt 1.000000 0.000000
vt 0.000000 1.000000
vt 0.000000 0.000000
vt 1.000000 0.000000
vt 0.000000 1.000000
vt 0.000000 0.000000
vt 1.000000 0.000000
vt 0.000000 1.000000
vt 0.000000 0.000000
vt 1.000000 0.000000
vt 0.000000 1.000000
vt 0.000000 0.000000
vt 1.000000 0.000000
vt 0.000000 1.000000
vt 0.000000 0.000000
vt 1.000000 0.000000
vt 0.000000 1.000000
vt 0.000000 0.000000
vt 1.000000 0.000000
vt 0.000000 1.000000
vt 0.000000 0.000000
vt 1.000000 0.000000
vt 0.000000 1.000000
vt 0.000000 0.000000
vt 1.000000 0.000000
vt 0.000000 1.000000
vt 0.000000 0.000000
vt 1.000000 0.000000
vt 0.000000 1.000000
vt 0.000000 0.000000
vt 1.000000 0.000000
vt 0.000000 1.000000
vt 0.000000 0.000000
vt 1.000000 0.000000
vt 0.000000 1.000000
vt 0.000000 0.000000
vt 1.000000 0.000000
vt 0.000000 1.000000
vt 0.000000 0.000000
vt 1.000000 0.000000
vt 0.000000 1.000000
vt 0.000000 0.000000
vt 1.000000 0.000000
vt 0.000000 1.000000
vt 0.000000 0.000000
vt 1.000000 0.000000
vt 0.000000 1.000000
vt 0.000000 0.000000
vt 1.000000 0.000000
vt 0.000000 1.000000
vt 0.000000 0.000000
vt 1.000000 0.000000
vt 0.000000 1.000000
vt 0.000000 0.000000
vt 1.000000 0.000000
vt 0.000000 1.000000
vt 0.000000 0.000000
vt 1.000000 0.000000
vt 0.000000 1.000000
vt 0.000000 0.000000
vt 1.000000 0.000000
vt 0.000000 1.000000
vt 0.000000 0.000000
vt 1.000000 0.000000
vt 0.000000 1.000000
vt 0.000000 0.000000
vt 1.000000 0.000000
vt 0.000000 1.000000
vt 0.000000 0.000000
vt 1.000000 0.000000
vt 0.000000 1.000000
vt 0.000000 0.000000
vt 1.000000 0.000000
vt 0.000000 1.000000
vt 0.000000 0.000000
vt 1.000000 0.000000
vt 0.000000 1.000000
vt 0.000000 0.000000
vt 1.000000 0.000000
vt 0.000000 1.000000
vt 0.000000 0.000000
vt 1.000000 0.000000
vt 0.000000 1.000000
vt 0.000000 0.000000
vt 1.000000 0.000000
vt 0.000000 1.000000
vt 0.000000 0.000000
vt 1.000000 0.000000
vt 0.000000 1.000000
vt 0.000000 0.000000
vt 1.000000 0.000000
vt 0.000000 1.000000
vt 0.000000 0.000000
vt 1.000000 0.000000
vt 0.000000 1.000000
vt 0.000000 0.000000
vt 1.000000 0.000000
vt 0.000000 1.000000
vt 0.000000 0.000000
vt 1.000000 0.000000
vt 0.000000 1.000000
vt 0.000000 0.000000
vt 1.000000 0.000000
vt 0.000000 1.000000
vt 0.000000 0.000000
vt 1.000000 0.000000
vt 0.000000 1.000000
vt 0.000000 0.000000
vt 1.000000 0.000000
vt 0.000000 1.000000
vt 0.000000 0.000000
vt 1.000000 0.000000
vt 0.000000 1.000000
vt 0.000000 0.000000
vt 1.000000 0.000000
vt 0.000000 1.000000
vt 0.000000 0.000000
vt 1.000000 0.000000
vt 0.000000 1.000000
vt 0.000000 0.000000
vt 1.000000 0.000000
vt 0.000000 1.000000
vt 0.000000 0.000000
vt 1.000000 0.000000
vt 0.000000 1.000000
vt 0.000000 0.000000
vt 1.000000 0.000000
vt 0.000000 1.000000
vt 0.000000 0.000000
vt 1.000000 0.000000
vt 0.000000 1.000000
vt 0.000000 0.000000
vt 1.000000 0.000000
vt 0.000000 1.000000
vt 0.000000 0.000000
vt 1.000000 0.000000
vt 0.000000 1.000000
vt 0.000000 0.000000
vt 1.000000 0.000000
vt 0.000000 1.000000
vt 0.000000 0.000000
vt 1.000000 0.000000
vt 0.000000 1.000000
vt 0.000000 0.000000
vt 1.000000 0.000000
vt 0.000000 1.000000
vt 0.000000 0.000000
vt 1.000000 0.000000
vt 0.000000 1.000000
vt 0.000000 0.000000
vt 1.000000 0.000000
vt 0.000000 1.000000
vt 0.000000 0.000000
vt 1.000000 0.000000
vt 0.000000 1.000000
vt 0.000000 0.000000
vt 1.000000 0.000000
vt 0.000000 1.000000
vt 0.000000 0.000000
vt 1.000000 0.000000
vt 0.000000 1.000000
vt 0.000000 0.000000
vt 1.000000 0.000000
vt 0.000000 1.000000
vt 0.000000 0.000000
vt 1.000000 0.000000
vt 0.000000 1.000000
vt 0.000000 0.000000
vt 1.000000 0.000000
vt 0.000000 1.000000
vt 0.000000 0.000000
vt 1.000000 0.000000
vt 0.000000 1.000000
vt 0.000000 0.000000
vt 1.000000 0.000000
vt 0.000000 1.000000
vt 0.000000 0.000000
vt 1.000000 0.000000
vt 0.000000 1.000000
vt 0.000000 0.000000
vt 1.000000 0.000000
vt 0.000000 1.000000
vt 0.000000 0.000000
vt 1.000000 0.000000
vt 0.000000 1.000000
vt 0.000000 0.000000
vt 1.000000 0.000000
vt 0.000000 1.000000
vt 0.000000 0.000000
vt 1.000000 0.000000
vt 0.000000 1.000000
vt 0.000000 0.000000
vt 1.000000 0.000000
vt 0.000000 1.000000
vt 0.000000 0.000000
vt 1.000000 0.000000
vt 0.000000 1.000000
vt 0.000000 0.000000
vt 1.000000 0.000000
vt 0.000000 1.000000
vt 0.000000 0.000000
vt 1.000000 0.000000
vt 0.000000 1.000000
vt 0.000000 0.000000
vt 1.000000 0.000000
vt 0.000000 1.000000
vt 0.000000 0.000000
vt 1.000000 0.000000
vt 0.000000 1.000000
vt 0.000000 0.000000
vt 1.000000 0.000000
vt 0.000000 1.000000
vt 0.000000 0.000000
vt 1.000000 0.000000
vt 0.000000 1.000000
vt 0.000000 0.000000
vt 1.000000 0.000000
vt 0.000000 1.000000
vt 0.000000 0.000000
vt 1.000000 0.000000
vt 0.000000 1.000000
vt 0.000000 0.000000
vt 1.000000 0.000000
vt 0.000000 1.000000
vt 0.000000 0.000000
vt 1.000000 0.000000
vt 0.000000 1.000000
vt 0.000000 0.000000
vt 1.000000 0.000000
vt 0.000000 1.000000
vt 0.000000 0.000000
vt 1.000000 0.000000
vt 0.000000 1.000000
vt 0.000000 0.000000
vt 1.000000 0.000000
vt 0.000000 1.000000
vt 0.000000 0.000000
vt 1.000000 0.000000
vt 0.000000 1.000000
vt 0.000000 0.000000
vt 1.000000 0.000000
vt 0.000000 1.000000
vt 0.000000 0.000000
vt 1.000000 0.000000
vt 0.000000 1.000000
vt 0.000000 0.000000
vt 1.000000 0.000000
vt 0.000000 1.000000
vt 0.000000 0.000000
vt 1.000000 0.000000
vt 0.000000 1.000000
vt 0.000000 0.000000
vt 1.000000 0.000000
vt 0.000000 1.000000
vt 0.000000 0.000000
vt 1.000000 0.000000
vt 0.000000 1.000000
vt 0.000000 0.000000
vt 1.000000 0.000000
vt 0.000000 1.000000
vt 0.000000 0.000000
vt 1.000000 0.000000
vt 0.000000 1.000000
vt 0.000000 0.000000
vt 1.000000 0.000000
vt 0.000000 1.000000
vt 0.000000 0.000000
vt 1.000000 0.000000
vt 0.000000 1.000000
vt 0.000000 0.000000
vt 1.000000 0.000000
vt 0.000000 1.000000
vt 0.000000 0.000000
vt 1.000000 0.000000
vt 0.000000 1.000000
vt 0.000000 0.000000
vt 1.000000 0.000000
vt 0.000000 1.000000
vt 0.000000 0.000000
vt 1.000000 0.000000
vt 0.000000 1.000000
vt 0.000000 0.000000
vt 1.000000 0.000000
vt 0.000000 1.000000
vt 0.000000 0.000000
vt 1.000000 0.000000
vt 0.000000 1.000000
vt 0.000000 0.000000
vt 1.000000 0.000000
vt 0.000000 1.000000
vt 0.000000 0.000000
vt 1.000000 0.000000
vt 0.000000 1.000000
vt 0.000000 0.000000
vt 1.000000 0.000000
vt 0.000000 1.000000
vt 0.000000 0.000000
vt 1.000000 0.000000
vt 0.000000 1.000000
vt 0.000000 0.000000
vt 1.000000 0.000000
vt 0.000000 1.000000
vt 0.000000 0.000000
vt 1.000000 0.000000
vt 0.000000 1.000000
vt 0.000000 0.000000
vt 1.000000 0.000000
vt 0.000000 1.000000
vt 0.000000 0.000000
vt 1.000000 0.000000
vt 0.000000 1.000000
vt 0.000000 0.000000
vt 1.000000 0.000000
vt 0.000000 1.000000
vt 0.000000 0.000000
vt 1.000000 0.000000
vt 0.000000 1.000000
vt 0.000000 0.000000
vt 1.000000 0.000000
vt 0.000000 1.000000
vt 0.000000 0.000000
vt 1.000000 0.000000
vt 0.000000 1.000000
vt 0.000000 0.000000
vt 1.000000 0.000000
vt 0.000000 1.000000
vt 0.000000 0.000000
vt 1.000000 0.000000
vt 0.000000 1.000000
vt 0.000000 0.000000
vt 1.000000 0.000000
vt 0.000000 1.000000
vt 0.000000 0.000000
vt 1.000000 0.000000
vt 0.000000 1.000000
vt 0.000000 0.000000
vt 1.000000 0.000000
vt 0.000000 1.000000
vt 0.000000 0.000000
vt 1.000000 0.000000
vt 0.000000 1.000000
vt 0.000000 0.000000
vt 1.000000 0.000000
vt 0.000000 1.000000
vt 0.000000 0.000000
vt 1.000000 0.000000
vt 0.000000 1.000000
vt 0.000000 0.000000
vt 1.000000 0.000000
vt 0.000000 1.000000
vt 0.000000 0.000000
vt 1.000000 0.000000
vt 0.000000 1.000000
vt 0.000000 0.000000
vt 1.000000 0.000000
vt 0.000000 1.000000
vt 0.000000 0.000000
vt 1.000000 0.000000
vt 0.000000 1.000000
vt 0.000000 0.000000
vt 1.000000 0.000000
vt 0.000000 1.000000
vt 0.000000 0.000000
vt 1.000000 0.000000
vt 0.000000 1.000000
vt 0.000000 0.000000
vt 1.000000 0.000000
vt 0.000000 1.000000
vt 0.000000 0.000000
vt 1.000000 0.000000
vt 0.000000 1.000000
vt 0.000000 0.000000
vt 1.000000 0.000000
vt 0.000000 1.000000
vt 0.000000 0.000000
vt 1.000000 0.000000
vt 0.000000 1.000000
vt 0.000000 0.000000
vt 1.000000 0.000000
vt 0.000000 1.000000
vt 0.000000 0.000000
vt 1.000000 0.000000
vt 0.000000 1.000000
vt 0.000000 0.000000
vt 1.000000 0.000000
vt 0.000000 1.000000
vt 0.000000 0.000000
vt 1.000000 0.000000
vt 0.000000 1.000000
vt 0.000000 0.000000
vt 1.000000 0.000000
vt 0.000000 1.000000
vt 0.000000 0.000000
vt 1.000000 0.000000
vt 0.000000 1.000000
vt 0.000000 0.000000
vt 1.000000 0.000000
vt 0.000000 1.000000
vt 0.000000 0.000000
vt 1.000000 0.000000
vt 0.000000 1.000000
vt 0.000000 0.000000
vt 1.000000 0.000000
vt 0.000000 1.000000
vt 0.000000 0.000000
vt 1.000000 0.000000
vt 0.000000 1.000000
vt 0.000000 0.000000
vt 1.000000 0.000000
vt 0.000000 1.000000
vt 0.000000 0.000000
vt 1.000000 0.000000
vt 0.000000 1.000000
vt 0.000000 0.000000
vt 1.000000 0.000000
vt 0.000000 1.000000
vt 0.000000 0.000000
vt 1.000000 0.000000
vt 0.000000 1.000000
vt 0.000000 0.000000
vt 1.000000 0.000000
vt 0.000000 1.000000
vt 0.000000 0.000000
vt 1.000000 0.000000
vt 0.000000 1.000000
vt 0.000000 0.000000
vt 1.000000 0.000000
vt 0.000000 1.000000
vt 0.000000 0.000000
vt 1.000000 0.000000
vt 0.000000 1.000000
vt 0.000000 0.000000
vt 1.000000 0.000000
vt 0.000000 1.000000
vt 0.000000 0.000000
vt 1.000000 0.000000
vt 0.000000 1.000000
vt 0.000000 0.000000
vt 1.000000 0.000000
vt 0.000000 1.000000
vt 0.000000 0.000000
vt 1.000000 0.000000
vt 0.000000 1.000000
vt 0.000000 0.000000
vt 1.000000 0.000000
vt 0.000000 1.000000
vt 0.000000 0.000000
vt 1.000000 0.000000
vt 0.000000 1.000000
vt 0.000000 0.000000
vt 1.000000 0.000000
vt 0.000000 1.000000
vt 0.000000 0.000000
vt 1.000000 0.000000
vt 0.000000 1.000000
vt 0.000000 0.000000
vt 1.000000 0.000000
vt 0.000000 1.000000
vt 0.000000 0.000000
vt 1.000000 0.000000
vt 0.000000 1.000000
vt 0.000000 0.000000
vt 1.000000 0.000000
vt 0.000000 1.000000
vt 0.000000 0.000000
vt 1.000000 0.000000
vt 0.000000 1.000000
vt 0.000000 0.000000
vt 1.000000 0.000000
vt 0.000000 1.000000
vt 0.000000 0.000000
vt 1.000000 0.000000
vt 0.000000 1.000000
vt 0.000000 0.000000
vt 1.000000 0.000000
vt 0.000000 1.000000
vt 0.000000 0.000000
vt 1.000000 0.000000
vt 0.000000 1.000000
vt 0.000000 0.000000
vt 1.000000 0.000000
vt 0.000000 1.000000
vt 0.000000 0.000000
vt 1.000000 0.000000
vt 0.000000 1.000000
vt 0.000000 0.000000
vt 1.000000 0.000000
vt 0.000000 1.000000
vt 0.000000 0.000000
vt 1.000000 0.000000
vt 0.000000 1.000000
vt 0.000000 0.000000
vt 1.000000 0.000000
vt 0.000000 1.000000
vt 0.000000 0.000000
vt 1.000000 0.000000
vt 0.000000 1.000000
vt 0.000000 0.000000
vt 1.000000 0.000000
vt 0.000000 1.000000
vt 0.000000 0.000000
vt 1.000000 0.000000
vt 0.000000 1.000000
vt 0.000000 0.000000
vt 1.000000 0.000000
vt 0.000000 1.000000
vt 0.000000 0.000000
vt 1.000000 0.000000
vt 0.000000 1.000000
vt 0.000000 0.000000
vt 1.000000 0.000000
vt 0.000000 1.000000
vt 0.000000 0.000000
vt 1.000000 0.000000
vt 0.000000 1.000000
vt 0.000000 0.000000
vt 1.000000 0.000000
vt 0.000000 1.000000
vt 0.000000 0.000000
vt 1.000000 0.000000
vt 0.000000 1.000000
vt 0.000000 0.000000
vt 1.000000 0.000000
vt 0.000000 1.000000
vt 0.000000 0.000000
vt 1.000000 0.000000
vt 0.000000 1.000000
vt 0.000000 0.000000
vt 1.000000 0.000000
vt 0.000000 1.000000
vt 0.000000 0.000000
vt 1.000000 0.000000
vt 0.000000 1.000000
vt 0.000000 0.000000
vt 1.000000 0.000000
vt 0.000000 1.000000
vt 0.000000 0.000000
vt 1.000000 0.000000
vt 0.000000 1.000000
vt 0.000000 0.000000
vt 1.000000 0.000000
vt 0.000000 1.000000
vt 0.000000 0.000000
vt 1.000000 0.000000
vt 0.000000 1.000000
vt 0.000000 0.000000
vt 1.000000 0.000000
vt 0.000000 1.000000
vt 0.000000 0.000000
vt 1.000000 0.000000
vt 0.000000 1.000000
vt 0.000000 0.000000
vt 1.000000 0.000000
vt 0.000000 1.000000
vt 0.000000 0.000000
vt 1.000000 0.000000
vt 0.000000 1.000000
vt 0.000000 0.000000
vt 1.000000 0.000000
vt 0.000000 1.000000
vt 0.000000 0.000000
vt 1.000000 0.000000
vt 0.000000 1.000000
vt 0.000000 0.000000
vt 1.000000 0.000000
vt 0.000000 1.000000
vt 0.000000 0.000000
vt 1.000000 0.000000
vt 0.000000 1.000000
vt 0.000000 0.000000
vt 1.000000 0.000000
vt 0.000000 1.000000
vt 0.000000 0.000000
vt 1.000000 0.000000
vt 0.000000 1.000000
vt 0.000000 0.000000
vt 1.000000 0.000000
vt 0.000000 1.000000
vt 0.000000 0.000000
vt 1.000000 0.000000
vt 0.000000 1.000000
vt 0.000000 0.000000
vt 1.000000 0.000000
vt 0.000000 1.000000
vt 0.000000 0.000000
vt 1.000000 0.000000
vt 0.000000 1.000000
vt 0.000000 0.000000
vt 1.000000 0.000000
vt 0.000000 1.000000
vt 0.000000 0.000000
vt 1.000000 0.000000
vt 0.000000 1.000000
vt 0.000000 0.000000
vt 1.000000 0.000000
vt 0.000000 1.000000
vt 0.000000 0.000000
vt 1.000000 0.000000
vt 0.000000 1.000000
vt 0.000000 0.000000
vt 1.000000 0.000000
vt 0.000000 1.000000
vt 0.000000 0.000000
vt 1.000000 0.000000
vt 0.000000 1.000000
vt 0.000000 0.000000
vt 1.000000 0.000000
vt 0.000000 1.000000
vt 0.000000 0.000000
vt 1.000000 0.000000
vt 0.000000 1.000000
vt 0.000000 0.000000
vt 1.000000 0.000000
vt 0.000000 1.000000
vt 0.000000 0.000000
vt 1.000000 0.000000
vt 0.000000 1.000000
vt 0.000000 0.000000
vt 1.000000 0.000000
vt 0.000000 1.000000
vt 0.000000 0.000000
vt 1.000000 0.000000
vt 0.000000 1.000000
vt 0.000000 0.000000
vt 1.000000 0.000000
vt 0.000000 1.000000
vt 0.000000 0.000000
vt 1.000000 0.000000
vt 0.000000 1.000000
vt 0.000000 0.000000
vt 1.000000 0.000000
vt 0.000000 1.000000
vt 0.000000 0.000000
vt 1.000000 0.000000
vt 0.000000 1.000000
vt 0.000000 0.000000
vt 1.000000 0.000000
vt 0.000000 1.000000
vt 0.000000 0.000000
vt 1.000000 0.000000
vt 0.000000 1.000000
vt 0.000000 0.000000
vt 1.000000 0.000000
vt 0.000000 1.000000
vt 0.000000 0.000000
vt 1.000000 0.000000
vt 0.000000 1.000000
vt 0.000000 0.000000
vt 1.000000 0.000000
vt 0.000000 1.000000
vt 0.000000 0.000000
vt 1.000000 0.000000
vt 0.000000 1.000000
vt 0.000000 0.000000
vt 1.000000 0.000000
vt 0.000000 1.000000
vt 0.000000 0.000000
vt 1.000000 0.000000
vt 0.000000 1.000000
vt 0.000000 0.000000
vt 1.000000 0.000000
vt 0.000000 1.000000
vt 0.000000 0.000000
vt 1.000000 0.000000
vt 0.000000 1.000000
vt 0.000000 0.000000
vt 1.000000 0.000000
vt 0.000000 1.000000
vt 0.000000 0.000000
vt 1.000000 0.000000
vt 0.000000 1.000000
vt 0.000000 0.000000
vt 1.000000 0.000000
vt 0.000000 1.000000
vt 0.000000 0.000000
vt 1.000000 0.000000
vt 0.000000 1.000000
vt 0.000000 0.000000
vt 1.000000 0.000000
vt 0.000000 1.000000
vt 0.000000 0.000000
vt 1.000000 0.000000
vt 0.000000 1.000000
vt 0.000000 0.000000
vt 1.000000 0.000000
vt 0.000000 1.000000
vt 0.000000 0.000000
vt 1.000000 0.000000
vt 0.000000 1.000000
vt 0.000000 0.000000
vt 1.000000 0.000000
vt 0.000000 1.000000
vt 0.000000 0.000000
vt 1.000000 0.000000
vt 0.000000 1.000000
vt 0.000000 0.000000
vt 1.000000 0.000000
vt 0.000000 1.000000
vt 0.000000 0.000000
vt 1.000000 0.000000
vt 0.000000 1.000000
vt 0.000000 0.000000
vt 1.000000 0.000000
vt 0.000000 1.000000
vt 0.000000 0.000000
vt 1.000000 0.000000
vt 0.000000 1.000000
vt 0.000000 0.000000
vt 1.000000 0.000000
vt 0.000000 1.000000
vt 0.000000 0.000000
vt 1.000000 0.000000
vt 0.000000 1.000000
vt 0.000000 0.000000
vt 1.000000 0.000000
vt 0.000000 1.000000
vt 0.000000 0.000000
vt 1.000000 0.000000
vt 0.000000 1.000000
vt 0.000000 0.000000
vt 1.000000 0.000000
vt 0.000000 1.000000
vt 0.000000 0.000000
vt 1.000000 0.000000
vt 0.000000 1.000000
vt 0.000000 0.000000
vt 1.000000 0.000000
vt 0.000000 1.000000
vt 0.000000 0.000000
vt 1.000000 0.000000
vt 0.000000 1.000000
vt 0.000000 0.000000
vt 1.000000 0.000000
vt 0.000000 1.000000
vt 0.000000 0.000000
vt 1.000000 0.000000
vt 0.000000 1.000000
vt 0.000000 0.000000
vt 1.000000 0.000000
vt 0.000000 1.000000
vt 0.000000 0.000000
vt 1.000000 0.000000
vt 0.000000 1.000000
vt 0.000000 0.000000
vt 1.000000 0.000000
vt 0.000000 1.000000
vt 0.000000 0.000000
vt 1.000000 0.000000
vt 0.000000 1.000000
vt 0.000000 0.000000
vt 1.000000 0.000000
vt 0.000000 1.000000
vt 0.000000 0.000000
vt 1.000000 0.000000
vt 0.000000 1.000000
vt 0.000000 0.000000
vt 1.000000 0.000000
vt 0.000000 1.000000
vt 0.000000 0.000000
vt 1.000000 0.000000
vt 0.000000 1.000000
vt 0.000000 0.000000
vt 1.000000 0.000000
vt 0.000000 1.000000
vt 0.000000 0.000000
vt 1.000000 0.000000
vt 0.000000 1.000000
vt 0.000000 0.000000
vt 1.000000 0.000000
vt 0.000000 1.000000
vt 0.000000 0.000000
vt 1.000000 0.000000
vt 0.000000 1.000000
vt 0.000000 0.000000
vt 1.000000 0.000000
vt 0.000000 1.000000
vt 0.000000 0.000000
vt 1.000000 0.000000
vt 0.000000 1.000000
vt 0.000000 0.000000
vt 1.000000 0.000000
vt 0.000000 1.000000
vt 0.000000 0.000000
vt 1.000000 0.000000
vt 0.000000 1.000000
vt 0.000000 0.000000
vt 1.000000 0.000000
vt 0.000000 1.000000
vt 0.000000 0.000000
vt 1.000000 0.000000
vt 0.000000 1.000000
vt 0.000000 0.000000
vt 1.000000 0.000000
vt 0.000000 1.000000
vt 0.000000 0.000000
vt 1.000000 0.000000
vt 0.000000 1.000000
vt 0.000000 0.000000
vt 1.000000 0.000000
vt 0.000000 1.000000
vt 0.000000 0.000000
vt 1.000000 0.000000
vt 0.000000 1.000000
vt 0.000000 0.000000
vt 1.000000 0.000000
vt 0.000000 1.000000
vt 0.000000 0.000000
vt 1.000000 0.000000
vt 0.000000 1.000000
vt 0.000000 0.000000
vt 1.000000 0.000000
vt 0.000000 1.000000
vt 0.000000 0.000000
vt 1.000000 0.000000
vt 0.000000 1.000000
vt 0.000000 0.000000
vt 1.000000 0.000000
vt 0.000000 1.000000
vt 0.000000 0.000000
vt 1.000000 0.000000
vt 0.000000 1.000000
vt 0.000000 0.000000
vt 1.000000 0.000000
vt 0.000000 1.000000
vt 0.000000 0.000000
vt 1.000000 0.000000
vt 0.000000 1.000000
vt 0.000000 0.000000
vt 1.000000 0.000000
vt 0.000000 1.000000
vt 0.000000 0.000000
vt 1.000000 0.000000
vt 0.000000 1.000000
vt 0.000000 0.000000
vt 1.000000 0.000000
vt 0.000000 1.000000
vt 0.000000 0.000000
vt 1.000000 0.000000
vt 0.000000 1.000000
vt 0.000000 0.000000
vt 1.000000 0.000000
vt 0.000000 1.000000
vt 0.000000 0.000000
vt 1.000000 0.000000
vt 0.000000 1.000000
vt 0.000000 0.000000
vt 1.000000 0.000000
vt 0.000000 1.000000
vt 0.000000 0.000000
vt 1.000000 0.000000
vt 0.000000 1.000000
vt 0.000000 0.000000
vt 1.000000 0.000000
vt 0.000000 1.000000
vt 0.000000 0.000000
vt 1.000000 0.000000
vt 0.000000 1.000000
vt 0.000000 0.000000
vt 1.000000 0.000000
vt 0.000000 1.000000
vt 0.000000 0.000000
vt 1.000000 0.000000
vt 0.000000 1.000000
vt 0.000000 0.000000
vt 1.000000 0.000000
vt 0.000000 1.000000
vt 0.000000 0.000000
vt 1.000000 0.000000
vt 0.000000 1.000000
vt 0.000000 0.000000
vt 1.000000 0.000000
vt 0.000000 1.000000
vt 0.000000 0.000000
vt 1.000000 0.000000
vt 0.000000 1.000000
vt 0.000000 0.000000
vt 1.000000 0.000000
vt 0.000000 1.000000
vt 0.000000 0.000000
vt 1.000000 0.000000
vt 0.000000 1.000000
vt 0.000000 0.000000
vt 1.000000 0.000000
vt 0.000000 1.000000
vt 0.000000 0.000000
vt 1.000000 0.000000
vt 0.000000 1.000000
vt 0.000000 0.000000
vt 1.000000 0.000000
vt 0.000000 1.000000
vt 0.000000 0.000000
vt 1.000000 0.000000
vt 0.000000 1.000000
vt 0.000000 0.000000
vt 1.000000 0.000000
vt 0.000000 1.000000
vt 0.000000 0.000000
vt 1.000000 0.000000
vt 0.000000 1.000000
vt 0.000000 0.000000
vt 1.000000 0.000000
vt 0.000000 1.000000
vt 0.000000 0.000000
vt 1.000000 0.000000
vt 0.000000 1.000000
vt 0.000000 0.000000
vt 1.000000 0.000000
vt 0.000000 1.000000
vt 0.000000 0.000000
vt 1.000000 0.000000
vt 0.000000 1.000000
vt 0.000000 0.000000
vt 1.000000 0.000000
vt 0.000000 1.000000
vt 0.000000 0.000000
vt 1.000000 0.000000
vt 0.000000 1.000000
vt 0.000000 0.000000
vt 1.000000 0.000000
vt 0.000000 1.000000
vt 0.000000 0.000000
vt 1.000000 0.000000
vt 0.000000 1.000000
vt 0.000000 0.000000
vt 1.000000 0.000000
vt 0.000000 1.000000
vt 0.000000 0.000000
vt 1.000000 0.000000
vt 0.000000 1.000000
vt 0.000000 0.000000
vt 1.000000 0.000000
vt 0.000000 1.000000
vt 0.000000 0.000000
vt 1.000000 0.000000
vt 0.000000 1.000000
vt 0.000000 0.000000
vt 1.000000 0.000000
vt 0.000000 1.000000
vt 0.000000 0.000000
vt 1.000000 0.000000
vt 0.000000 1.000000
vt 0.000000 0.000000
vt 1.000000 0.000000
vt 0.000000 1.000000
vt 0.000000 0.000000
vt 1.000000 0.000000
vt 0.000000 1.000000
vt 0.000000 0.000000
vt 1.000000 0.000000
vt 0.000000 1.000000
vt 0.000000 0.000000
vt 1.000000 0.000000
vt 0.000000 1.000000
vt 0.000000 0.000000
vt 1.000000 0.000000
vt 0.000000 1.000000
vt 0.000000 0.000000
vt 1.000000 0.000000
vt 0.000000 1.000000
vt 0.000000 0.000000
vt 1.000000 0.000000
vt 0.000000 1.000000
vt 0.000000 0.000000
vt 1.000000 0.000000
vt 0.000000 1.000000
vt 0.000000 0.000000
vt 1.000000 0.000000
vt 0.000000 1.000000
vt 0.000000 0.000000
vt 1.000000 0.000000
vt 0.000000 1.000000
vt 0.000000 0.000000
vt 1.000000 0.000000
vt 0.000000 1.000000
vt 0.000000 0.000000
vt 1.000000 0.000000
vt 0.000000 1.000000
vt 0.000000 0.000000
vt 1.000000 0.000000
vt 0.000000 1.000000
vt 0.000000 0.000000
vt 1.000000 0.000000
vt 0.000000 1.000000
vt 0.000000 0.000000
vt 1.000000 0.000000
vt 0.000000 1.000000
vt 0.000000 0.000000
vt 1.000000 0.000000
vt 0.000000 1.000000
vt 0.000000 0.000000
vt 1.000000 0.000000
vt 0.000000 1.000000
vt 0.000000 0.000000
vt 1.000000 0.000000
vt 0.000000 1.000000
vt 0.000000 0.000000
vt 1.000000 0.000000
vt 0.000000 1.000000
vt 0.000000 0.000000
vt 1.000000 0.000000
vt 0.000000 1.000000
vt 0.000000 0.000000
vt 1.000000 0.000000
vt 0.000000 1.000000
vt 0.000000 0.000000
vt 1.000000 0.000000
vt 0.000000 1.000000
vt 0.000000 0.000000
vt 1.000000 0.000000
vt 0.000000 1.000000
vt 0.000000 0.000000
vt 1.000000 0.000000
vt 0.000000 1.000000
vt 0.000000 0.000000
vt 1.000000 0.000000
vt 0.000000 1.000000
vt 0.000000 0.000000
vt 1.000000 0.000000
vt 0.000000 1.000000
vt 0.000000 0.000000
vt 1.000000 0.000000
vt 0.000000 1.000000
vt 0.000000 0.000000
vt 1.000000 0.000000
vt 0.000000 1.000000
vt 0.000000 0.000000
vt 1.000000 0.000000
vt 0.000000 1.000000
vt 0.000000 0.000000
vt 1.000000 0.000000
vt 0.000000 1.000000
vt 0.000000 0.000000
vt 1.000000 0.000000
vt 0.000000 1.000000
vt 0.000000 0.000000
vt 1.000000 0.000000
vt 0.000000 1.000000
vt 0.000000 0.000000
vt 1.000000 0.000000
vt 0.000000 1.000000
vt 0.000000 0.000000
vt 1.000000 0.000000
vt 0.000000 1.000000
vt 0.000000 0.000000
vt 1.000000 0.000000
vt 0.000000 1.000000
vt 0.000000 0.000000
vt 1.000000 0.000000
vt 0.000000 1.000000
vt 0.000000 0.000000
vt 1.000000 0.000000
vt 0.000000 1.000000
vt 0.000000 0.000000
vt 1.000000 0.000000
vt 0.000000 1.000000
vt 0.000000 0.000000
vt 1.000000 0.000000
vt 0.000000 1.000000
vt 0.000000 0.000000
vt 1.000000 0.000000
vt 0.000000 1.000000
vt 0.000000 0.000000
vt 1.000000 0.000000
vt 0.000000 1.000000
vt 0.000000 0.000000
vt 1.000000 0.000000
vt 0.000000 1.000000
vt 0.000000 0.000000
vt 1.000000 0.000000
vt 0.000000 1.000000
vt 0.000000 0.000000
vt 1.000000 0.000000
vt 0.000000 1.000000
vt 0.000000 0.000000
vt 1.000000 0.000000
vt 0.000000 1.000000
vt 0.000000 0.000000
vt 1.000000 0.000000
vt 0.000000 1.000000
vt 0.000000 0.000000
vt 1.000000 0.000000
vt 0.000000 1.000000
vt 0.000000 0.000000
vt 1.000000 0.000000
vt 0.000000 1.000000
vt 0.000000 0.000000
vt 1.000000 0.000000
vt 0.000000 1.000000
vt 0.000000 0.000000
vt 1.000000 0.000000
vt 0.000000 1.000000
vt 0.000000 0.000000
vt 1.000000 0.000000
vt 0.000000 1.000000
vt 0.000000 0.000000
vt 1.000000 0.000000
vt 0.000000 1.000000
vt 0.000000 0.000000
vt 1.000000 0.000000
vt 0.000000 1.000000
vt 0.000000 0.000000
vt 1.000000 0.000000
vt 0.000000 1.000000
vt 0.000000 0.000000
vt 1.000000 0.000000
vt 0.000000 1.000000
vt 0.000000 0.000000
vt 1.000000 0.000000
vt 0.000000 1.000000
vt 0.000000 0.000000
vt 1.000000 0.000000
vt 0.000000 1.000000
vt 0.000000 0.000000
vt 1.000000 0.000000
vt 0.000000 1.000000
vt 0.000000 0.000000
vt 1.000000 0.000000
vt 0.000000 1.000000
vt 0.000000 0.000000
vt 1.000000 0.000000
vt 0.000000 1.000000
vt 0.000000 0.000000
vt 1.000000 0.000000
vt 0.000000 1.000000
vt 0.000000 0.000000
vt 1.000000 0.000000
vt 0.000000 1.000000
vt 0.000000 0.000000
vt 1.000000 0.000000
vt 0.000000 1.000000
vt 0.000000 0.000000
vt 1.000000 0.000000
vt 0.000000 1.000000
vt 0.000000 0.000000
vt 1.000000 0.000000
vt 0.000000 1.000000
vt 0.000000 0.000000
vt 1.000000 0.000000
vt 0.000000 1.000000
vt 0.000000 0.000000
vt 1.000000 0.000000
vt 0.000000 1.000000
vt 0.000000 0.000000
vt 1.000000 0.000000
vt 0.000000 1.000000
vt 0.000000 0.000000
vt 1.000000 0.000000
vt 0.000000 1.000000
vt 0.000000 0.000000
vt 1.000000 0.000000
vt 0.000000 1.000000
vt 0.000000 0.000000
vt 1.000000 0.000000
vt 0.000000 1.000000
vt 0.000000 0.000000
vt 1.000000 0.000000
vt 0.000000 1.000000
vt 0.000000 0.000000
vt 1.000000 0.000000
vt 0.000000 1.000000
vt 0.000000 0.000000
vt 1.000000 0.000000
vt 0.000000 1.000000
vt 0.000000 0.000000
vt 1.000000 0.000000
vt 0.000000 1.000000
vt 0.000000 0.000000
vt 1.000000 0.000000
vt 0.000000 1.000000
vt 0.000000 0.000000
vt 1.000000 0.000000
vt 0.000000 1.000000
vt 0.000000 0.000000
vt 1.000000 0.000000
vt 0.000000 1.000000
vt 0.000000 0.000000
vt 1.000000 0.000000
vt 0.000000 1.000000
vt 0.000000 0.000000
vt 1.000000 0.000000
vt 0.000000 1.000000
vt 0.000000 0.000000
vt 1.000000 0.000000
vt 0.000000 1.000000
vt 0.000000 0.000000
vt 1.000000 0.000000
vt 0.000000 1.000000
vt 0.000000 0.000000
vt 1.000000 0.000000
vt 0.000000 1.000000
vt 0.000000 0.000000
vt 1.000000 0.000000
vt 0.000000 1.000000
vt 0.000000 0.000000
vt 1.000000 0.000000
vt 0.000000 1.000000
vt 0.000000 0.000000
vt 1.000000 0.000000
vt 0.000000 1.000000
vt 0.000000 0.000000
vt 1.000000 0.000000
vt 0.000000 1.000000
vt 0.000000 0.000000
vt 1.000000 0.000000
vt 0.000000 1.000000
vt 0.000000 0.000000
vt 1.000000 0.000000
vt 0.000000 1.000000
vt 0.000000 0.000000
vt 1.000000 0.000000
vt 0.000000 1.000000
vt 0.000000 0.000000
vt 1.000000 0.000000
vt 0.000000 1.000000
vt 0.000000 0.000000
vt 1.000000 0.000000
vt 0.000000 1.000000
vt 0.000000 0.000000
vt 1.000000 0.000000
vt 0.000000 1.000000
vt 0.000000 0.000000
vt 1.000000 0.000000
vt 0.000000 1.000000
vt 0.000000 0.000000
vt 1.000000 0.000000
vt 0.000000 1.000000
vt 0.000000 0.000000
vt 1.000000 0.000000
vt 0.000000 1.000000
vt 0.000000 0.000000
vt 1.000000 0.000000
vt 0.000000 1.000000
vt 0.000000 0.000000
vt 1.000000 0.000000
vt 0.000000 1.000000
vt 0.000000 0.000000
vt 1.000000 0.000000
vt 0.000000 1.000000
vt 0.000000 0.000000
vt 1.000000 0.000000
vt 0.000000 1.000000
vt 0.000000 0.000000
vt 1.000000 0.000000
vt 0.000000 1.000000
vt 0.000000 0.000000
vt 1.000000 0.000000
vt 0.000000 1.000000
vt 0.000000 0.000000
vt 1.000000 0.000000
vt 0.000000 1.000000
vt 0.000000 0.000000
vt 1.000000 0.000000
vt 0.000000 1.000000
vt 0.000000 0.000000
vt 1.000000 0.000000
vt 0.000000 1.000000
vt 0.000000 0.000000
vt 1.000000 0.000000
vt 0.000000 1.000000
vt 0.000000 0.000000
vt 1.000000 0.000000
vt 0.000000 1.000000
vt 0.000000 0.000000
vt 1.000000 0.000000
vt 0.000000 1.000000
vt 0.000000 0.000000
vt 1.000000 0.000000
vt 0.000000 1.000000
vt 0.000000 0.000000
vt 1.000000 0.000000
vt 0.000000 1.000000
vt 0.000000 0.000000
vt 1.000000 0.000000
vt 0.000000 1.000000
vt 0.000000 0.000000
vt 1.000000 0.000000
vt 0.000000 1.000000
vt 0.000000 0.000000
vt 1.000000 0.000000
vt 0.000000 1.000000
vt 0.000000 0.000000
vt 1.000000 0.000000
vt 0.000000 1.000000
vt 0.000000 0.000000
vt 1.000000 0.000000
vt 0.000000 1.000000
vt 0.000000 0.000000
vt 1.000000 0.000000
vt 0.000000 1.000000
vt 0.000000 0.000000
vt 1.000000 0.000000
vt 0.000000 1.000000
vt 0.000000 0.000000
vt 1.000000 0.000000
vt 0.000000 1.000000
vt 0.000000 0.000000
vt 1.000000 0.000000
vt 0.000000 1.000000
vt 0.000000 0.000000
vt 1.000000 0.000000
vt 0.000000 1.000000
vt 0.000000 0.000000
vt 1.000000 0.000000
vt 0.000000 1.000000
vt 0.000000 0.000000
vt 1.000000 0.000000
vt 0.000000 1.000000
vt 0.000000 0.000000
vt 1.000000 0.000000
vt 0.000000 1.000000
vt 0.000000 0.000000
vt 1.000000 0.000000
vt 0.000000 1.000000
vt 0.000000 0.000000
vt 1.000000 0.000000
vt 0.000000 1.000000
vt 0.000000 0.000000
vt 1.000000 0.000000
vt 0.000000 1.000000
vt 0.000000 0.000000
vt 1.000000 0.000000
vt 0.000000 1.000000
vt 0.000000 0.000000
vt 1.000000 0.000000
vt 0.000000 1.000000
vt 0.000000 0.000000
vt 1.000000 0.000000
vt 0.000000 1.000000
vt 0.000000 0.000000
vt 1.000000 0.000000
vt 0.000000 1.000000
vt 0.000000 0.000000
vt 1.000000 0.000000
vt 0.000000 1.000000
vt 0.000000 0.000000
vt 1.000000 0.000000
vt 0.000000 1.000000
vt 0.000000 0.000000
vt 1.000000 0.000000
vt 0.000000 1.000000
vt 0.000000 0.000000
vt 1.000000 0.000000
vt 0.000000 1.000000
vt 0.000000 0.000000
vt 1.000000 0.000000
vt 0.000000 1.000000
vt 0.000000 0.000000
vt 1.000000 0.000000
vt 0.000000 1.000000
vt 0.000000 0.000000
vt 1.000000 0.000000
vt 0.000000 1.000000
vt 0.000000 0.000000
vt 1.000000 0.000000
vt 0.000000 1.000000
vt 0.000000 0.000000
vt 1.000000 0.000000
vt 0.000000 1.000000
vt 0.000000 0.000000
vt 1.000000 0.000000
vt 0.000000 1.000000
vt 0.000000 0.000000
vt 1.000000 0.000000
vt 0.000000 1.000000
vt 0.000000 0.000000
vt 1.000000 0.000000
vt 0.000000 1.000000
vt 0.000000 0.000000
vt 1.000000 0.000000
vt 0.000000 1.000000
vt 0.000000 0.000000
vt 1.000000 0.000000
vt 0.000000 1.000000
vt 0.000000 0.000000
vt 1.000000 0.000000
vt 0.000000 1.000000
vt 0.000000 0.000000
vt 1.000000 0.000000
vt 0.000000 1.000000
vt 0.000000 0.000000
vt 1.000000 0.000000
vt 0.000000 1.000000
vt 0.000000 0.000000
vt 1.000000 0.000000
vt 0.000000 1.000000
vt 0.000000 0.000000
vt 1.000000 0.000000
vt 0.000000 1.000000
vt 0.000000 0.000000
vt 1.000000 0.000000
vt 0.000000 1.000000
vt 0.000000 0.000000
vt 1.000000 0.000000
vt 0.000000 1.000000
vt 0.000000 0.000000
vt 1.000000 0.000000
vt 0.000000 1.000000
vt 0.000000 0.000000
vt 1.000000 0.000000
vt 0.000000 1.000000
vt 0.000000 0.000000
vt 1.000000 0.000000
vt 0.000000 1.000000
vt 0.000000 0.000000
vt 1.000000 0.000000
vt 0.000000 1.000000
vt 0.000000 0.000000
vt 1.000000 0.000000
vt 0.000000 1.000000
vt 0.000000 0.000000
vt 1.000000 0.000000
vt 0.000000 1.000000
vt 0.000000 0.000000
vt 1.000000 0.000000
vt 0.000000 1.000000
vt 0.000000 0.000000
vt 1.000000 0.000000
vt 0.000000 1.000000
vt 0.000000 0.000000
vt 1.000000 0.000000
vt 0.000000 1.000000
vt 0.000000 0.000000
vt 1.000000 0.000000
vt 0.000000 1.000000
vt 0.000000 0.000000
vt 1.000000 0.000000
vt 0.000000 1.000000
vt 0.000000 0.000000
vt 1.000000 0.000000
vt 0.000000 1.000000
vt 0.000000 0.000000
vt 1.000000 0.000000
vt 0.000000 1.000000
vt 0.000000 0.000000
vt 1.000000 0.000000
vt 0.000000 1.000000
vt 0.000000 0.000000
vt 1.000000 0.000000
vt 0.000000 1.000000
vt 0.000000 0.000000
vt 1.000000 0.000000
vt 0.000000 1.000000
vt 0.000000 0.000000
vt 1.000000 0.000000
vt 0.000000 1.000000
vt 0.000000 0.000000
vt 1.000000 0.000000
vt 0.000000 1.000000
vt 0.000000 0.000000
vt 1.000000 0.000000
vt 0.000000 1.000000
vt 0.000000 0.000000
vt 1.000000 0.000000
vt 0.000000 1.000000
vt 0.000000 0.000000
vt 1.000000 0.000000
vt 0.000000 1.000000
vt 0.000000 0.000000
vt 1.000000 0.000000
vt 0.000000 1.000000
vt 0.000000 0.000000
vt 1.000000 0.000000
vt 0.000000 1.000000
vt 0.000000 0.000000
vt 1.000000 0.000000
vt 0.000000 1.000000
vt 0.000000 0.000000
vt 1.000000 0.000000
vt 0.000000 1.000000
vt 0.000000 0.000000
vt 1.000000 0.000000
vt 0.000000 1.000000
vt 0.000000 0.000000
vt 1.000000 0.000000
vt 0.000000 1.000000
vt 0.000000 0.000000
vt 1.000000 0.000000
vt 0.000000 1.000000
vt 0.000000 0.000000
vt 1.000000 0.000000
vt 0.000000 1.000000
vt 0.000000 0.000000
vt 1.000000 0.000000
vt 0.000000 1.000000
vt 0.000000 0.000000
vt 1.000000 0.000000
vt 0.000000 1.000000
vt 0.000000 0.000000
vt 1.000000 0.000000
vt 0.000000 1.000000
vt 0.000000 0.000000
vt 1.000000 0.000000
vt 0.000000 1.000000
vt 0.000000 0.000000
vt 1.000000 0.000000
vt 0.000000 1.000000
vt 0.000000 0.000000
vt 1.000000 0.000000
vt 0.000000 1.000000
vt 0.000000 0.000000
vt 1.000000 0.000000
vt 0.000000 1.000000
vt 0.000000 0.000000
vt 1.000000 0.000000
vt 0.000000 1.000000
vt 0.000000 0.000000
vt 1.000000 0.000000
vt 0.000000 1.000000
vt 0.000000 0.000000
vt 1.000000 0.000000
vt 0.000000 1.000000
vt 0.000000 0.000000
vt 1.000000 0.000000
vt 0.000000 1.000000
vt 0.000000 0.000000
vt 1.000000 0.000000
vt 0.000000 1.000000
vt 0.000000 0.000000
vt 1.000000 0.000000
vt 0.000000 1.000000
vt 0.000000 0.000000
vt 1.000000 0.000000
vt 0.000000 1.000000
vt 0.000000 0.000000
vt 1.000000 0.000000
vt 0.000000 1.000000
vt 0.000000 0.000000
vt 1.000000 0.000000
vt 0.000000 1.000000
vt 0.000000 0.000000
vt 1.000000 0.000000
vt 0.000000 1.000000
vt 0.000000 0.000000
vt 1.000000 0.000000
vt 0.000000 1.000000
vt 0.000000 0.000000
vt 1.000000 0.000000
vt 0.000000 1.000000
vt 0.000000 0.000000
vt 1.000000 0.000000
vt 0.000000 1.000000
vt 0.000000 0.000000
vt 1.000000 0.000000
vt 0.000000 1.000000
vt 0.000000 0.000000
vt 1.000000 0.000000
vt 0.000000 1.000000
vt 0.000000 0.000000
vt 1.000000 0.000000
vt 0.000000 1.000000
vt 0.000000 0.000000
vt 1.000000 0.000000
vt 0.000000 1.000000
vt 0.000000 0.000000
vt 1.000000 0.000000
vt 0.000000 1.000000
vt 0.000000 0.000000
vt 1.000000 0.000000
vt 0.000000 1.000000
vt 0.000000 0.000000
vt 1.000000 0.000000
vt 0.000000 1.000000
vt 0.000000 0.000000
vt 1.000000 0.000000
vt 0.000000 1.000000
vt 0.000000 0.000000
vt 1.000000 0.000000
vt 0.000000 1.000000
vt 0.000000 0.000000
vt 1.000000 0.000000
vt 0.000000 1.000000
vt 0.000000 0.000000
vt 1.000000 0.000000
vt 0.000000 1.000000
vt 0.000000 0.000000
vt 1.000000 0.000000
vt 0.000000 1.000000
vt 0.000000 0.000000
vt 1.000000 0.000000
vt 0.000000 1.000000
vt 0.000000 0.000000
vt 1.000000 0.000000
vt 0.000000 1.000000
vt 0.000000 0.000000
vt 1.000000 0.000000
vt 0.000000 1.000000
vt 0.000000 0.000000
vt 1.000000 0.000000
vt 0.000000 1.000000
vt 0.000000 0.000000
vt 1.000000 0.000000
vt 0.000000 1.000000
vt 0.000000 0.000000
vt 1.000000 0.000000
vt 0.000000 1.000000
vt 0.000000 0.000000
vt 1.000000 0.000000
vt 0.000000 1.000000
vt 0.000000 0.000000
vt 1.000000 0.000000
vt 0.000000 1.000000
vt 0.000000 0.000000
vt 1.000000 0.000000
vt 0.000000 1.000000
vt 0.000000 0.000000
vt 1.000000 0.000000
vt 0.000000 1.000000
vt 0.000000 0.000000
vt 1.000000 0.000000
vt 0.000000 1.000000
vt 0.000000 0.000000
vt 1.000000 0.000000
vt 0.000000 1.000000
vt 0.000000 0.000000
vt 1.000000 0.000000
vt 0.000000 1.000000
vt 0.000000 0.000000
vt 1.000000 0.000000
vt 0.000000 1.000000
vt 0.000000 0.000000
vt 1.000000 0.000000
vt 0.000000 1.000000
vt 0.000000 0.000000
vt 1.000000 0.000000
vt 0.000000 1.000000
vt 0.000000 0.000000
vt 1.000000 0.000000
vt 0.000000 1.000000
vt 0.000000 0.000000
vt 1.000000 0.000000
vt 0.000000 1.000000
vt 0.000000 0.000000
vt 1.000000 0.000000
vt 0.000000 1.000000
vt 0.000000 0.000000
vt 1.000000 0.000000
vt 0.000000 1.000000
vt 0.000000 0.000000
vt 1.000000 0.000000
vt 0.000000 1.000000
vt 0.000000 0.000000
vt 1.000000 0.000000
vt 0.000000 1.000000
vt 0.000000 0.000000
vt 1.000000 0.000000
vt 0.000000 1.000000
vt 0.000000 0.000000
vt 1.000000 0.000000
vt 0.000000 1.000000
vt 0.000000 0.000000
vt 1.000000 0.000000
vt 0.000000 1.000000
vt 0.000000 0.000000
vt 1.000000 0.000000
vt 0.000000 1.000000
vt 0.000000 0.000000
vt 1.000000 0.000000
vt 0.000000 1.000000
vt 0.000000 0.000000
vt 1.000000 0.000000
vt 0.000000 1.000000
vt 0.000000 0.000000
vt 1.000000 0.000000
vt 0.000000 1.000000
vt 0.000000 0.000000
vt 1.000000 0.000000
vt 0.000000 1.000000
vt 0.000000 0.000000
vt 1.000000 0.000000
vt 0.000000 1.000000
vt 0.000000 0.000000
vt 1.000000 0.000000
vt 0.000000 1.000000
vt 0.000000 0.000000
vt 1.000000 0.000000
vt 0.000000 1.000000
vt 0.000000 0.000000
vt 1.000000 0.000000
vt 0.000000 1.000000
vt 0.000000 0.000000
vt 1.000000 0.000000
vt 0.000000 1.000000
vt 0.000000 0.000000
vt 1.000000 0.000000
vt 0.000000 1.000000
vt 0.000000 0.000000
vt 1.000000 0.000000
vt 0.000000 1.000000
vt 0.000000 0.000000
vt 1.000000 0.000000
vt 0.000000 1.000000
vt 0.000000 0.000000
vt 1.000000 0.000000
vt 0.000000 1.000000
vt 0.000000 0.000000
vt 1.000000 0.000000
vt 0.000000 1.000000
vt 0.000000 0.000000
vt 1.000000 0.000000
vt 0.000000 1.000000
vt 0.000000 0.000000
vt 1.000000 0.000000
vt 0.000000 1.000000
vt 0.000000 0.000000
vt 1.000000 0.000000
vt 0.000000 1.000000
vt 0.000000 0.000000
vt 1.000000 0.000000
vt 0.000000 1.000000
vt 0.000000 0.000000
vt 1.000000 0.000000
vt 0.000000 1.000000
vt 0.000000 0.000000
vt 1.000000 0.000000
vt 0.000000 1.000000
vt 0.000000 0.000000
vt 1.000000 0.000000
vt 0.000000 1.000000
vt 0.000000 0.000000
vt 1.000000 0.000000
vt 0.000000 1.000000
vt 0.000000 0.000000
vt 1.000000 0.000000
vt 0.000000 1.000000
vt 0.000000 0.000000
vt 1.000000 0.000000
vt 0.000000 1.000000
vt 0.000000 0.000000
vt 1.000000 0.000000
vt 0.000000 1.000000
vt 0.000000 0.000000
vt 1.000000 0.000000
vt 0.000000 1.000000
vt 0.000000 0.000000
vt 1.000000 0.000000
vt 0.000000 1.000000
vt 0.000000 0.000000
vt 1.000000 0.000000
vt 0.000000 1.000000
vt 0.000000 0.000000
vt 1.000000 0.000000
vt 0.000000 1.000000
vt 0.000000 0.000000
vt 1.000000 0.000000
vt 0.000000 1.000000
vt 0.000000 0.000000
vt 1.000000 0.000000
vt 0.000000 1.000000
vt 0.000000 0.000000
vt 1.000000 0.000000
vt 0.000000 1.000000
vt 0.000000 0.000000
vt 1.000000 0.000000
vt 0.000000 1.000000
vt 0.000000 0.000000
vt 1.000000 0.000000
vt 0.000000 1.000000
vt 0.000000 0.000000
vt 1.000000 0.000000
vt 0.000000 1.000000
vt 0.000000 0.000000
vt 1.000000 0.000000
vt 0.000000 1.000000
vt 0.000000 0.000000
vt 1.000000 0.000000
vt 0.000000 1.000000
vt 0.000000 0.000000
vt 1.000000 0.000000
vt 0.000000 1.000000
vt 0.000000 0.000000
vt 1.000000 0.000000
vt 0.000000 1.000000
vt 0.000000 0.000000
vt 1.000000 0.000000
vt 0.000000 1.000000
vt 0.000000 0.000000
vt 1.000000 0.000000
vt 0.000000 1.000000
vt 0.000000 0.000000
vt 1.000000 0.000000
vt 0.000000 1.000000
vt 0.000000 0.000000
vt 1.000000 0.000000
vt 0.000000 1.000000
vt 0.000000 0.000000
vt 1.000000 0.000000
vt 0.000000 1.000000
vt 0.000000 0.000000
vt 1.000000 0.000000
vt 0.000000 1.000000
vt 0.000000 0.000000
vt 1.000000 0.000000
vt 0.000000 1.000000
vt 0.000000 0.000000
vt 1.000000 0.000000
vt 0.000000 1.000000
vt 0.000000 0.000000
vt 1.000000 0.000000
vt 0.000000 1.000000
vt 0.000000 0.000000
vt 1.000000 0.000000
vt 0.000000 1.000000
vt 0.000000 0.000000
vt 1.000000 0.000000
vt 0.000000 1.000000
vt 0.000000 0.000000
vt 1.000000 0.000000
vt 0.000000 1.000000
vt 0.000000 0.000000
vt 1.000000 0.000000
vt 0.000000 1.000000
vt 0.000000 0.000000
vt 1.000000 0.000000
vt 0.000000 1.000000
vt 0.000000 0.000000
vt 1.000000 0.000000
vt 0.000000 1.000000
vt 0.000000 0.000000
vt 1.000000 0.000000
vt 0.000000 1.000000
vt 0.000000 0.000000
vt 1.000000 0.000000
vt 0.000000 1.000000
vt 0.000000 0.000000
vt 1.000000 0.000000
vt 0.000000 1.000000
vt 0.000000 0.000000
vt 1.000000 0.000000
vt 0.000000 1.000000
vt 0.000000 0.000000
vt 1.000000 0.000000
vt 0.000000 1.000000
vt 0.000000 0.000000
vt 1.000000 0.000000
vt 0.000000 1.000000
vt 0.000000 0.000000
vt 1.000000 0.000000
vt 0.000000 1.000000
vt 0.000000 0.000000
vt 1.000000 0.000000
vt 0.000000 1.000000
vt 0.000000 0.000000
vt 1.000000 0.000000
vt 0.000000 1.000000
vt 0.000000 0.000000
vt 1.000000 0.000000
vt 0.000000 1.000000
vt 0.000000 0.000000
vt 1.000000 0.000000
vt 0.000000 1.000000
vt 0.000000 0.000000
vt 1.000000 0.000000
vt 0.000000 1.000000
vt 0.000000 0.000000
vt 1.000000 0.000000
vt 0.000000 1.000000
vt 0.000000 0.000000
vt 1.000000 0.000000
vt 0.000000 1.000000
vt 0.000000 0.000000
vt 1.000000 0.000000
vt 0.000000 1.000000
vt 0.000000 0.000000
vt 1.000000 0.000000
vt 0.000000 1.000000
vt 0.000000 0.000000
vt 1.000000 0.000000
vt 0.000000 1.000000
vt 0.000000 0.000000
vt 1.000000 0.000000
vt 0.000000 1.000000
vt 0.000000 0.000000
vt 1.000000 0.000000
vt 0.000000 1.000000
vt 0.000000 0.000000
vt 1.000000 0.000000
vt 0.000000 1.000000
vt 0.000000 0.000000
vt 1.000000 0.000000
vt 0.000000 1.000000
vt 0.000000 0.000000
vt 1.000000 0.000000
vt 0.000000 1.000000
vt 0.000000 0.000000
vt 1.000000 0.000000
vt 0.000000 1.000000
vt 0.000000 0.000000
vt 1.000000 0.000000
vt 0.000000 1.000000
vt 0.000000 0.000000
vt 1.000000 0.000000
vt 0.000000 1.000000
vt 0.000000 0.000000
vt 1.000000 0.000000
vt 0.000000 1.000000
vt 0.000000 0.000000
vt 1.000000 0.000000
vt 0.000000 1.000000
vt 0.000000 0.000000
vt 1.000000 0.000000
vt 0.000000 1.000000
vt 0.000000 0.000000
vt 1.000000 0.000000
vt 0.000000 1.000000
vt 0.000000 0.000000
vt 1.000000 0.000000
vt 0.000000 1.000000
vt 0.000000 0.000000
vt 1.000000 0.000000
vt 0.000000 1.000000
vt 0.000000 0.000000
vt 1.000000 0.000000
vt 0.000000 1.000000
vt 0.000000 0.000000
vt 1.000000 0.000000
vt 0.000000 1.000000
vt 0.000000 0.000000
vt 1.000000 0.000000
vt 0.000000 1.000000
vt 0.000000 0.000000
vt 1.000000 0.000000
vt 0.000000 1.000000
vt 0.000000 0.000000
vt 1.000000 0.000000
vt 0.000000 1.000000
vt 0.000000 0.000000
vt 1.000000 0.000000
vt 0.000000 1.000000
vt 0.000000 0.000000
vt 1.000000 0.000000
vt 0.000000 1.000000
vt 0.000000 0.000000
vt 1.000000 0.000000
vt 0.000000 1.000000
vt 0.000000 0.000000
vt 1.000000 0.000000
vt 0.000000 1.000000
vt 0.000000 0.000000
vt 1.000000 0.000000
vt 0.000000 1.000000
vt 0.000000 0.000000
vt 1.000000 0.000000
vt 0.000000 1.000000
vt 0.000000 0.000000
vt 1.000000 0.000000
vt 0.000000 1.000000
vt 0.000000 0.000000
vt 1.000000 0.000000
vt 0.000000 1.000000
vt 0.000000 0.000000
vt 1.000000 0.000000
vt 0.000000 1.000000
vt 0.000000 0.000000
vt 1.000000 0.000000
vt 0.000000 1.000000
vt 0.000000 0.000000
vt 1.000000 0.000000
vt 0.000000 1.000000
vt 0.000000 0.000000
vt 1.000000 0.000000
vt 0.000000 1.000000
vt 0.000000 0.000000
vt 1.000000 0.000000
vt 0.000000 1.000000
vt 0.000000 0.000000
vt 1.000000 0.000000
vt 0.000000 1.000000
vt 0.000000 0.000000
vt 1.000000 0.000000
vt 0.000000 1.000000
vt 0.000000 0.000000
vt 1.000000 0.000000
vt 0.000000 1.000000
vt 0.000000 0.000000
vt 1.000000 0.000000
vt 0.000000 1.000000
vt 0.000000 0.000000
vt 1.000000 0.000000
vt 0.000000 1.000000
vt 0.000000 0.000000
vt 1.000000 0.000000
vt 0.000000 1.000000
vt 0.000000 0.000000
vt 1.000000 0.000000
vt 0.000000 1.000000
vt 0.000000 0.000000
vt 1.000000 0.000000
vt 0.000000 1.000000
vt 0.000000 0.000000
vt 1.000000 0.000000
vt 0.000000 1.000000
vt 0.000000 0.000000
vt 1.000000 0.000000
vt 0.000000 1.000000
vt 0.000000 0.000000
vt 1.000000 0.000000
vt 0.000000 1.000000
vt 0.000000 0.000000
vt 1.000000 0.000000
vt 0.000000 1.000000
vt 0.000000 0.000000
vt 1.000000 0.000000
vt 0.000000 1.000000
vt 0.000000 0.000000
vt 1.000000 0.000000
vt 0.000000 1.000000
vt 0.000000 0.000000
vt 1.000000 0.000000
vt 0.000000 1.000000
vt 0.000000 0.000000
vt 1.000000 0.000000
vt 0.000000 1.000000
vt 0.000000 0.000000
vt 1.000000 0.000000
vt 0.000000 1.000000
vt 0.000000 0.000000
vt 1.000000 0.000000
vt 0.000000 1.000000
vt 0.000000 0.000000
vt 1.000000 0.000000
vt 0.000000 1.000000
vt 0.000000 0.000000
vt 1.000000 0.000000
vt 0.000000 1.000000
vt 0.000000 0.000000
vt 1.000000 0.000000
vt 0.000000 1.000000
vt 0.000000 0.000000
vt 1.000000 0.000000
vt 0.000000 1.000000
vt 0.000000 0.000000
vt 1.000000 0.000000
vt 0.000000 1.000000
vt 0.000000 0.000000
vt 1.000000 0.000000
vt 0.000000 1.000000
vt 0.000000 0.000000
vt 1.000000 0.000000
vt 0.000000 1.000000
vt 0.000000 0.000000
vt 1.000000 0.000000
vt 0.000000 1.000000
vt 0.000000 0.000000
vt 1.000000 0.000000
vt 0.000000 1.000000
vt 0.000000 0.000000
vt 1.000000 0.000000
vt 0.000000 1.000000
vt 0.000000 0.000000
vt 1.000000 0.000000
vt 0.000000 1.000000
vt 0.000000 0.000000
vt 1.000000 0.000000
vt 0.000000 1.000000
vt 0.000000 0.000000
vt 1.000000 0.000000
vt 0.000000 1.000000
vt 0.000000 0.000000
vt 1.000000 0.000000
vt 0.000000 1.000000
vt 0.000000 0.000000
vt 1.000000 0.000000
vt 0.000000 1.000000
vt 0.000000 0.000000
vt 1.000000 0.000000
vt 0.000000 1.000000
vt 0.000000 0.000000
vt 1.000000 0.000000
vt 0.000000 1.000000
vt 0.000000 0.000000
vt 1.000000 0.000000
vt 0.000000 1.000000
vt 0.000000 0.000000
vt 1.000000 0.000000
vt 0.000000 1.000000
vt 0.000000 0.000000
vt 1.000000 0.000000
vt 0.000000 1.000000
vt 0.000000 0.000000
vt 1.000000 0.000000
vt 0.000000 1.000000
vt 0.000000 0.000000
vt 1.000000 0.000000
vt 0.000000 1.000000
vt 0.000000 0.000000
vt 1.000000 0.000000
vt 0.000000 1.000000
vt 0.000000 0.000000
vt 1.000000 0.000000
vt 0.000000 1.000000
vt 0.000000 0.000000
vt 1.000000 0.000000
vt 0.000000 1.000000
vt 0.000000 0.000000
vt 1.000000 0.000000
vt 0.000000 1.000000
vt 0.000000 0.000000
vt 1.000000 0.000000
vt 0.000000 1.000000
vt 0.000000 0.000000
vt 1.000000 0.000000
vt 0.000000 1.000000
vt 0.000000 0.000000
vt 1.000000 0.000000
vt 0.000000 1.000000
vt 0.000000 0.000000
vt 1.000000 0.000000
vt 0.000000 1.000000
vt 0.000000 0.000000
vt 1.000000 0.000000
vt 0.000000 1.000000
vt 0.000000 0.000000
vt 1.000000 0.000000
vt 0.000000 1.000000
vt 0.000000 0.000000
vt 1.000000 0.000000
vt 0.000000 1.000000
vt 0.000000 0.000000
vt 1.000000 0.000000
vt 0.000000 1.000000
vt 0.000000 0.000000
vt 1.000000 0.000000
vt 0.000000 1.000000
vt 0.000000 0.000000
vt 1.000000 0.000000
vt 0.000000 1.000000
vt 0.000000 0.000000
vt 1.000000 0.000000
vt 0.000000 1.000000
vt 0.000000 0.000000
vt 1.000000 0.000000
vt 0.000000 1.000000
vt 0.000000 0.000000
vt 1.000000 0.000000
vt 0.000000 1.000000
vt 0.000000 0.000000
vt 1.000000 0.000000
vt 0.000000 1.000000
vt 0.000000 0.000000
vt 1.000000 0.000000
vt 0.000000 1.000000
vt 0.000000 0.000000
vt 1.000000 0.000000
vt 0.000000 1.000000
vt 0.000000 0.000000
vt 1.000000 0.000000
vt 0.000000 1.000000
vt 0.000000 0.000000
vt 1.000000 0.000000
vt 0.000000 1.000000
vt 0.000000 0.000000
vt 1.000000 0.000000
vt 0.000000 1.000000
vt 0.000000 0.000000
vt 1.000000 0.000000
vt 0.000000 1.000000
vt 0.000000 0.000000
vt 1.000000 0.000000
vt 0.000000 1.000000
vt 0.000000 0.000000
vt 1.000000 0.000000
vt 0.000000 1.000000
vt 0.000000 0.000000
vt 1.000000 0.000000
vt 0.000000 1.000000
vt 0.000000 0.000000
vt 1.000000 0.000000
vt 0.000000 1.000000
vt 0.000000 0.000000
vt 1.000000 0.000000
vt 0.000000 1.000000
vt 0.000000 0.000000
vt 1.000000 0.000000
vt 0.000000 1.000000
vt 0.000000 0.000000
vt 1.000000 0.000000
vt 0.000000 1.000000
vt 0.000000 0.000000
vt 1.000000 0.000000
vt 0.000000 1.000000
vt 0.000000 0.000000
vt 1.000000 0.000000
vt 0.000000 1.000000
vt 0.000000 0.000000
vt 1.000000 0.000000
vt 0.000000 1.000000
vt 0.000000 0.000000
vt 1.000000 0.000000
vt 0.000000 1.000000
vt 0.000000 0.000000
vt 1.000000 0.000000
vt 0.000000 1.000000
vt 0.000000 0.000000
vt 1.000000 0.000000
vt 0.000000 1.000000
vt 0.000000 0.000000
vt 1.000000 0.000000
vt 0.000000 1.000000
vt 0.000000 0.000000
vt 1.000000 0.000000
vt 0.000000 1.000000
vt 0.000000 0.000000
vt 1.000000 0.000000
vt 0.000000 1.000000
vt 0.000000 0.000000
vt 1.000000 0.000000
vt 0.000000 1.000000
vt 0.000000 0.000000
vt 1.000000 0.000000
vt 0.000000 1.000000
vt 0.000000 0.000000
vt 1.000000 0.000000
vt 0.000000 1.000000
vt 0.000000 0.000000
vt 1.000000 0.000000
vt 0.000000 1.000000
vt 0.000000 0.000000
vt 1.000000 0.000000
vt 0.000000 1.000000
vt 0.000000 0.000000
vt 1.000000 0.000000
vt 0.000000 1.000000
vt 0.000000 0.000000
vt 1.000000 0.000000
vt 0.000000 1.000000
vt 0.000000 0.000000
vt 1.000000 0.000000
vt 0.000000 1.000000
vt 0.000000 0.000000
vt 1.000000 0.000000
vt 0.000000 1.000000
vt 0.000000 0.000000
vt 1.000000 0.000000
vt 0.000000 1.000000
vt 0.000000 0.000000
vt 1.000000 0.000000
vt 0.000000 1.000000
vt 0.000000 0.000000
vt 1.000000 0.000000
vt 0.000000 1.000000
vt 0.000000 0.000000
vt 1.000000 0.000000
vt 0.000000 1.000000
vt 0.000000 0.000000
vt 1.000000 0.000000
vt 0.000000 1.000000
vt 0.000000 0.000000
vt 1.000000 0.000000
vt 0.000000 1.000000
vt 0.000000 0.000000
vt 1.000000 0.000000
vt 0.000000 1.000000
vt 0.000000 0.000000
vt 1.000000 0.000000
vt 0.000000 1.000000
vt 0.000000 0.000000
vt 1.000000 0.000000
vt 0.000000 1.000000
vt 0.000000 0.000000
vt 1.000000 0.000000
vt 0.000000 1.000000
vt 0.000000 0.000000
vt 1.000000 0.000000
vt 0.000000 1.000000
vt 0.000000 0.000000
vt 1.000000 0.000000
vt 0.000000 1.000000
vt 0.000000 0.000000
vt 1.000000 0.000000
vt 0.000000 1.000000
vt 0.000000 0.000000
vt 1.000000 0.000000
vt 0.000000 1.000000
vt 0.000000 0.000000
vt 1.000000 0.000000
vt 0.000000 1.000000
vt 0.000000 0.000000
vt 1.000000 0.000000
vt 0.000000 1.000000
vt 0.000000 0.000000
vt 1.000000 0.000000
vt 0.000000 1.000000
vt 0.000000 0.000000
vt 1.000000 0.000000
vt 0.000000 1.000000
vt 0.000000 0.000000
vt 1.000000 0.000000
vt 0.000000 1.000000
vt 0.000000 0.000000
vt 1.000000 0.000000
vt 0.000000 1.000000
vt 0.000000 0.000000
vt 1.000000 0.000000
vt 0.000000 1.000000
vt 0.000000 0.000000
vt 1.000000 0.000000
vt 0.000000 1.000000
vt 0.000000 0.000000
vt 1.000000 0.000000
vt 0.000000 1.000000
vt 0.000000 0.000000
vt 1.000000 0.000000
vt 0.000000 1.000000
vt 0.000000 0.000000
vt 1.000000 0.000000
vt 0.000000 1.000000
vt 0.000000 0.000000
vt 1.000000 0.000000
vt 0.000000 1.000000
vt 0.000000 0.000000
vt 1.000000 0.000000
vt 0.000000 1.000000
vt 0.000000 0.000000
vt 1.000000 0.000000
vt 0.000000 1.000000
vt 0.000000 0.000000
vt 1.000000 0.000000
vt 0.000000 1.000000
vt 0.000000 0.000000
vt 1.000000 0.000000
vt 0.000000 1.000000
vt 0.000000 0.000000
vt 1.000000 0.000000
vt 0.000000 1.000000
vt 0.000000 0.000000
vt 1.000000 0.000000
vt 0.000000 1.000000
vt 0.000000 0.000000
vt 1.000000 0.000000
vt 0.000000 1.000000
vt 0.000000 0.000000
vt 1.000000 0.000000
vt 0.000000 1.000000
vt 0.000000 0.000000
vt 1.000000 0.000000
vt 0.000000 1.000000
vt 0.000000 0.000000
vt 1.000000 0.000000
vt 0.000000 1.000000
vt 0.000000 0.000000
vt 1.000000 0.000000
vt 0.000000 1.000000
vt 0.000000 0.000000
vt 1.000000 0.000000
vt 0.000000 1.000000
vt 0.000000 0.000000
vt 1.000000 0.000000
vt 0.000000 1.000000
vt 0.000000 0.000000
vt 1.000000 0.000000
vt 0.000000 1.000000
vt 0.000000 0.000000
vt 1.000000 0.000000
vt 0.000000 1.000000
vt 0.000000 0.000000
vt 1.000000 0.000000
vt 0.000000 1.000000
vt 0.000000 0.000000
vt 1.000000 0.000000
vt 0.000000 1.000000
vt 0.000000 0.000000
vt 1.000000 0.000000
vt 0.000000 1.000000
vt 0.000000 0.000000
vt 1.000000 0.000000
vt 0.000000 1.000000
vt 0.000000 0.000000
vt 1.000000 0.000000
vt 0.000000 1.000000
vt 0.000000 0.000000
vt 1.000000 0.000000
vt 0.000000 1.000000
vt 0.000000 0.000000
vt 1.000000 0.000000
vt 0.000000 1.000000
vt 0.000000 0.000000
vt 1.000000 0.000000
vt 0.000000 1.000000
vt 0.000000 0.000000
vt 1.000000 0.000000
vt 0.000000 1.000000
vt 0.000000 0.000000
vt 1.000000 0.000000
vt 0.000000 1.000000
vt 0.000000 0.000000
vt 1.000000 0.000000
vt 0.000000 1.000000
vt 0.000000 0.000000
vt 1.000000 0.000000
vt 0.000000 1.000000
vt 0.000000 0.000000
vt 1.000000 0.000000
vt 0.000000 1.000000
vt 0.000000 0.000000
vt 1.000000 0.000000
vt 0.000000 1.000000
vt 0.000000 0.000000
vt 1.000000 0.000000
vt 0.000000 1.000000
vt 0.000000 0.000000
vt 1.000000 0.000000
vt 0.000000 1.000000
vt 0.000000 0.000000
vt 1.000000 0.000000
vt 0.000000 1.000000
vt 0.000000 0.000000
vt 1.000000 0.000000
vt 0.000000 1.000000
vt 0.000000 0.000000
vt 1.000000 0.000000
vt 0.000000 1.000000
vt 0.000000 0.000000
vt 1.000000 0.000000
vt 0.000000 1.000000
vt 0.000000 0.000000
vt 1.000000 0.000000
vt 0.000000 1.000000
vt 0.000000 0.000000
vt 1.000000 0.000000
vt 0.000000 1.000000
vt 0.000000 0.000000
vt 1.000000 0.000000
vt 0.000000 1.000000
vt 0.000000 0.000000
vt 1.000000 0.000000
vt 0.000000 1.000000
vt 0.000000 0.000000
vt 1.000000 0.000000
vt 0.000000 1.000000
vt 0.000000 0.000000
vt 1.000000 0.000000
vt 0.000000 1.000000
vt 0.000000 0.000000
vt 1.000000 0.000000
vt 0.000000 1.000000
vt 0.000000 0.000000
vt 1.000000 0.000000
vt 0.000000 1.000000
vt 0.000000 0.000000
vt 1.000000 0.000000
vt 0.000000 1.000000
vt 0.000000 0.000000
vt 1.000000 0.000000
vt 0.000000 1.000000
vt 0.000000 0.000000
vt 1.000000 0.000000
vt 0.000000 1.000000
vt 0.000000 0.000000
vt 1.000000 0.000000
vt 0.000000 1.000000
vt 0.000000 0.000000
vt 1.000000 0.000000
vt 0.000000 1.000000
vt 0.000000 0.000000
vt 1.000000 0.000000
vt 0.000000 1.000000
vt 0.000000 0.000000
vt 1.000000 0.000000
vt 0.000000 1.000000
vt 0.000000 0.000000
vt 1.000000 0.000000
vt 0.000000 1.000000
vt 0.000000 0.000000
vt 1.000000 0.000000
vt 0.000000 1.000000
vt 0.000000 0.000000
vt 1.000000 0.000000
vt 0.000000 1.000000
vt 0.000000 0.000000
vt 1.000000 0.000000
vt 0.000000 1.000000
vt 0.000000 0.000000
vt 1.000000 0.000000
vt 0.000000 1.000000
vt 0.000000 0.000000
vt 1.000000 0.000000
vt 0.000000 1.000000
vt 0.000000 0.000000
vt 1.000000 0.000000
vt 0.000000 1.000000
vt 0.000000 0.000000
vt 1.000000 0.000000
vt 0.000000 1.000000
vt 0.000000 0.000000
vt 1.000000 0.000000
vt 0.000000 1.000000
vt 0.000000 0.000000
vt 1.000000 0.000000
vt 0.000000 1.000000
vt 0.000000 0.000000
vt 1.000000 0.000000
vt 0.000000 1.000000
vt 0.000000 0.000000
vt 1.000000 0.000000
vt 0.000000 1.000000
vt 0.000000 0.000000
vt 1.000000 0.000000
vt 0.000000 1.000000
vt 0.000000 0.000000
vt 1.000000 0.000000
vt 0.000000 1.000000
vt 0.000000 0.000000
vt 1.000000 0.000000
vt 0.000000 1.000000
vt 0.000000 0.000000
vt 1.000000 0.000000
vt 0.000000 1.000000
vt 0.000000 0.000000
vt 1.000000 0.000000
vt 0.000000 1.000000
vt 0.000000 0.000000
vt 1.000000 0.000000
vt 0.000000 1.000000
vt 0.000000 0.000000
vt 1.000000 0.000000
vt 0.000000 1.000000
vt 0.000000 0.000000
vt 1.000000 0.000000
vt 0.000000 1.000000
vt 0.000000 0.000000
vt 1.000000 0.000000
vt 0.000000 1.000000
vt 0.000000 0.000000
vt 1.000000 0.000000
vt 0.000000 1.000000
vt 0.000000 0.000000
vt 1.000000 0.000000
vt 0.000000 1.000000
vt 0.000000 0.000000
vt 1.000000 0.000000
vt 0.000000 1.000000
vt 0.000000 0.000000
vt 1.000000 0.000000
vt 0.000000 1.000000
vt 0.000000 0.000000
vt 1.000000 0.000000
vt 0.000000 1.000000
vt 0.000000 0.000000
vt 1.000000 0.000000
vt 0.000000 1.000000
vt 0.000000 0.000000
vt 1.000000 0.000000
vt 0.000000 1.000000
vt 0.000000 0.000000
vt 1.000000 0.000000
vt 0.000000 1.000000
vt 0.000000 0.000000
vt 1.000000 0.000000
vt 0.000000 1.000000
vt 0.000000 0.000000
vt 1.000000 0.000000
vt 0.000000 1.000000
vt 0.000000 0.000000
vt 1.000000 0.000000
vt 0.000000 1.000000
vt 0.000000 0.000000
vt 1.000000 0.000000
vt 0.000000 1.000000
vt 0.000000 0.000000
vt 1.000000 0.000000
vt 0.000000 1.000000
vt 0.000000 0.000000
vt 1.000000 0.000000
vt 0.000000 1.000000
vt 0.000000 0.000000
vt 1.000000 0.000000
vt 0.000000 1.000000
vt 0.000000 0.000000
vt 1.000000 0.000000
vt 0.000000 1.000000
vt 0.000000 0.000000
vt 1.000000 0.000000
vt 0.000000 1.000000
vt 0.000000 0.000000
vt 1.000000 0.000000
vt 0.000000 1.000000
vt 0.000000 0.000000
vt 1.000000 0.000000
vt 0.000000 1.000000
vt 0.000000 0.000000
vt 1.000000 0.000000
vt 0.000000 1.000000
vt 0.000000 0.000000
vt 1.000000 0.000000
vt 0.000000 1.000000
vt 0.000000 0.000000
vt 1.000000 0.000000
vt 0.000000 1.000000
vt 0.000000 0.000000
vt 1.000000 0.000000
vt 0.000000 1.000000
vt 0.000000 0.000000
vt 1.000000 0.000000
vt 0.000000 1.000000
vt 0.000000 0.000000
vt 1.000000 0.000000
vt 0.000000 1.000000
vt 0.000000 0.000000
vt 1.000000 0.000000
vt 0.000000 1.000000
vt 0.000000 0.000000
vt 1.000000 0.000000
vt 0.000000 1.000000
vt 0.000000 0.000000
vt 1.000000 0.000000
vt 0.000000 1.000000
vt 0.000000 0.000000
vt 1.000000 0.000000
vt 0.000000 1.000000
vt 0.000000 0.000000
vt 1.000000 0.000000
vt 0.000000 1.000000
vt 0.000000 0.000000
vt 1.000000 0.000000
vt 0.000000 1.000000
vt 0.000000 0.000000
vt 1.000000 0.000000
vt 0.000000 1.000000
vt 0.000000 0.000000
vt 1.000000 0.000000
vt 0.000000 1.000000
vt 0.000000 0.000000
vt 1.000000 0.000000
vt 0.000000 1.000000
vt 0.000000 0.000000
vt 1.000000 0.000000
vt 0.000000 1.000000
vt 0.000000 0.000000
vt 1.000000 0.000000
vt 0.000000 1.000000
vt 0.000000 0.000000
vt 1.000000 0.000000
vt 0.000000 1.000000
vt 0.000000 0.000000
vt 1.000000 0.000000
vt 0.000000 1.000000
vt 0.000000 0.000000
vt 1.000000 0.000000
vt 0.000000 1.000000
vt 0.000000 0.000000
vt 1.000000 0.000000
vt 0.000000 1.000000
vt 0.000000 0.000000
vt 1.000000 0.000000
vt 0.000000 1.000000
vt 0.000000 0.000000
vt 1.000000 0.000000
vt 0.000000 1.000000
vt 0.000000 0.000000
vt 1.000000 0.000000
vt 0.000000 1.000000
vt 0.000000 0.000000
vt 1.000000 0.000000
vt 0.000000 1.000000
vt 0.000000 0.000000
vt 1.000000 0.000000
vt 0.000000 1.000000
vt 0.000000 0.000000
vt 1.000000 0.000000
vt 0.000000 1.000000
vt 0.000000 0.000000
vt 1.000000 0.000000
vt 0.000000 1.000000
vt 0.000000 0.000000
vt 1.000000 0.000000
vt 0.000000 1.000000
vt 0.000000 0.000000
vt 1.000000 0.000000
vt 0.000000 1.000000
vt 0.000000 0.000000
vt 1.000000 0.000000
vt 0.000000 1.000000
vt 0.000000 0.000000
vt 1.000000 0.000000
vt 0.000000 1.000000
vt 0.000000 0.000000
vt 1.000000 0.000000
vt 0.000000 1.000000
vt 0.000000 0.000000
vt 1.000000 0.000000
vt 0.000000 1.000000
vt 0.000000 0.000000
vt 1.000000 0.000000
vt 0.000000 1.000000
vt 0.000000 0.000000
vt 1.000000 0.000000
vt 0.000000 1.000000
vt 0.000000 0.000000
vt 1.000000 0.000000
vt 0.000000 1.000000
vt 0.000000 0.000000
vt 1.000000 0.000000
vt 0.000000 1.000000
vt 0.000000 0.000000
vt 1.000000 0.000000
vt 0.000000 1.000000
vt 0.000000 0.000000
vt 1.000000 0.000000
vt 0.000000 1.000000
vt 0.000000 0.000000
vt 1.000000 0.000000
vt 0.000000 1.000000
vt 0.000000 0.000000
vt 1.000000 0.000000
vt 0.000000 1.000000
vt 0.000000 0.000000
vt 1.000000 0.000000
vt 0.000000 1.000000
vt 0.000000 0.000000
vt 1.000000 0.000000
vt 0.000000 1.000000
vt 0.000000 0.000000
vt 1.000000 0.000000
vt 0.000000 1.000000
vt 0.000000 0.000000
vt 1.000000 0.000000
vt 0.000000 1.000000
vt 0.000000 0.000000
vt 1.000000 0.000000
vt 0.000000 1.000000
vt 0.000000 0.000000
vt 1.000000 0.000000
vt 0.000000 1.000000
vt 0.000000 0.000000
vt 1.000000 0.000000
vt 0.000000 1.000000
vt 0.000000 0.000000
vt 1.000000 0.000000
vt 0.000000 1.000000
vt 0.000000 0.000000
vt 1.000000 0.000000
vt 0.000000 1.000000
vt 0.000000 0.000000
vt 1.000000 0.000000
vt 0.000000 1.000000
vt 0.000000 0.000000
vt 1.000000 0.000000
vt 0.000000 1.000000
vt 0.000000 0.000000
vt 1.000000 0.000000
vt 0.000000 1.000000
vt 0.000000 0.000000
vt 1.000000 0.000000
vt 0.000000 1.000000
vt 0.000000 0.000000
vt 1.000000 0.000000
vt 0.000000 1.000000
vt 0.000000 0.000000
vt 1.000000 0.000000
vt 0.000000 1.000000
vt 0.000000 0.000000
vt 1.000000 0.000000
vt 0.000000 1.000000
vt 0.000000 0.000000
vt 1.000000 0.000000
vt 0.000000 1.000000
vt 0.000000 0.000000
vt 1.000000 0.000000
vt 0.000000 1.000000
vt 0.000000 0.000000
vt 1.000000 0.000000
vt 0.000000 1.000000
vt 0.000000 0.000000
vt 1.000000 0.000000
vt 0.000000 1.000000
vt 0.000000 0.000000
vt 1.000000 0.000000
vt 0.000000 1.000000
vt 0.000000 0.000000
vt 1.000000 0.000000
vt 0.000000 1.000000
vt 0.000000 0.000000
vt 1.000000 0.000000
vt 0.000000 1.000000
vt 0.000000 0.000000
vt 1.000000 0.000000
vt 0.000000 1.000000
vt 0.000000 0.000000
vt 1.000000 0.000000
vt 0.000000 1.000000
vt 0.000000 0.000000
vt 1.000000 0.000000
vt 0.000000 1.000000
vt 0.000000 0.000000
vt 1.000000 0.000000
vt 0.000000 1.000000
vt 0.000000 0.000000
vt 1.000000 0.000000
vt 0.000000 1.000000
vt 0.000000 0.000000
vt 1.000000 0.000000
vt 0.000000 1.000000
vt 0.000000 0.000000
vt 1.000000 0.000000
vt 0.000000 1.000000
vt 0.000000 0.000000
vt 1.000000 0.000000
vt 0.000000 1.000000
vt 0.000000 0.000000
vt 1.000000 0.000000
vt 0.000000 1.000000
vt 0.000000 0.000000
vt 1.000000 0.000000
vt 0.000000 1.000000
vt 0.000000 0.000000
vt 1.000000 0.000000
vt 0.000000 1.000000
vt 0.000000 0.000000
vt 1.000000 0.000000
vt 0.000000 1.000000
vt 0.000000 0.000000
vt 1.000000 0.000000
vt 0.000000 1.000000
vt 0.000000 0.000000
vt 1.000000 0.000000
vt 0.000000 1.000000
vt 0.000000 0.000000
vt 1.000000 0.000000
vt 0.000000 1.000000
vt 0.000000 0.000000
vt 1.000000 0.000000
vt 0.000000 1.000000
vt 0.000000 0.000000
vt 1.000000 0.000000
vt 0.000000 1.000000
vt 0.000000 0.000000
vt 1.000000 0.000000
vt 0.000000 1.000000
vt 0.000000 0.000000
vt 1.000000 0.000000
vt 0.000000 1.000000
vt 0.000000 0.000000
vt 1.000000 0.000000
vt 0.000000 1.000000
vt 0.000000 0.000000
vt 1.000000 0.000000
vt 0.000000 1.000000
vt 0.000000 0.000000
vt 1.000000 0.000000
vt 0.000000 1.000000
vt 0.000000 0.000000
vt 1.000000 0.000000
vt 0.000000 1.000000
vt 0.000000 0.000000
vt 1.000000 0.000000
vt 0.000000 1.000000
vt 0.000000 0.000000
vt 1.000000 0.000000
vt 0.000000 1.000000
vt 0.000000 0.000000
vt 1.000000 0.000000
vt 0.000000 1.000000
vt 0.000000 0.000000
vt 1.000000 0.000000
vt 0.000000 1.000000
vt 0.000000 0.000000
vt 1.000000 0.000000
vt 0.000000 1.000000
vt 0.000000 0.000000
vt 1.000000 0.000000
vt 0.000000 1.000000
vt 0.000000 0.000000
vt 1.000000 0.000000
vt 0.000000 1.000000
vt 0.000000 0.000000
vt 1.000000 0.000000
vt 0.000000 1.000000
vt 0.000000 0.000000
vt 1.000000 0.000000
vt 0.000000 1.000000
vt 0.000000 0.000000
vt 1.000000 0.000000
vt 0.000000 1.000000
vt 0.000000 0.000000
vt 1.000000 0.000000
vt 0.000000 1.000000
vt 0.000000 0.000000
vt 1.000000 0.000000
vt 0.000000 1.000000
vt 0.000000 0.000000
vt 1.000000 0.000000
vt 0.000000 1.000000
vt 0.000000 0.000000
vt 1.000000 0.000000
vt 0.000000 1.000000
vt 0.000000 0.000000
vt 1.000000 0.000000
vt 0.000000 1.000000
vt 0.000000 0.000000
vt 1.000000 0.000000
vt 0.000000 1.000000
vt 0.000000 0.000000
vt 1.000000 0.000000
vt 0.000000 1.000000
vt 0.000000 0.000000
vt 1.000000 0.000000
vt 0.000000 1.000000
vt 0.000000 0.000000
vt 1.000000 0.000000
vt 0.000000 1.000000
vt 0.000000 0.000000
vt 1.000000 0.000000
vt 0.000000 1.000000
vt 0.000000 0.000000
vt 1.000000 0.000000
vt 0.000000 1.000000
vt 0.000000 0.000000
vt 1.000000 0.000000
vt 0.000000 1.000000
vt 0.000000 0.000000
vt 1.000000 0.000000
vt 0.000000 1.000000
vt 0.000000 0.000000
vt 1.000000 0.000000
vt 0.000000 1.000000
vt 0.000000 0.000000
vt 1.000000 0.000000
vt 0.000000 1.000000
vt 0.000000 0.000000
vt 1.000000 0.000000
vt 0.000000 1.000000
vt 0.000000 0.000000
vt 1.000000 0.000000
vt 0.000000 1.000000
vt 0.000000 0.000000
vt 1.000000 0.000000
vt 0.000000 1.000000
vt 0.000000 0.000000
vt 1.000000 0.000000
vt 0.000000 1.000000
vt 0.000000 0.000000
vt 1.000000 0.000000
vt 0.000000 1.000000
vt 0.000000 0.000000
vt 1.000000 0.000000
vt 0.000000 1.000000
vt 0.000000 0.000000
vt 1.000000 0.000000
vt 0.000000 1.000000
vt 0.000000 0.000000
vt 1.000000 0.000000
vt 0.000000 1.000000
vt 0.000000 0.000000
vt 1.000000 0.000000
vt 0.000000 1.000000
vt 0.000000 0.000000
vt 1.000000 0.000000
vt 0.000000 1.000000
vt 0.000000 0.000000
vt 1.000000 0.000000
vt 0.000000 1.000000
vt 0.000000 0.000000
vt 1.000000 0.000000
vt 0.000000 1.000000
vt 0.000000 0.000000
vt 1.000000 0.000000
vt 0.000000 1.000000
vt 0.000000 0.000000
vt 1.000000 0.000000
vt 0.000000 1.000000
vt 0.000000 0.000000
vt 1.000000 0.000000
vt 0.000000 1.000000
vt 0.000000 0.000000
vt 1.000000 0.000000
vt 0.000000 1.000000
vt 0.000000 0.000000
vt 1.000000 0.000000
vt 0.000000 1.000000
vt 0.000000 0.000000
vt 1.000000 0.000000
vt 0.000000 1.000000
vt 0.000000 0.000000
vt 1.000000 0.000000
vt 0.000000 1.000000
vt 0.000000 0.000000
vt 1.000000 0.000000
vt 0.000000 1.000000
vt 0.000000 0.000000
vt 1.000000 0.000000
vt 0.000000 1.000000
vt 0.000000 0.000000
vt 1.000000 0.000000
vt 0.000000 1.000000
vt 0.000000 0.000000
vt 1.000000 0.000000
vt 0.000000 1.000000
vt 0.000000 0.000000
vt 1.000000 0.000000
vt 0.000000 1.000000
vt 0.000000 0.000000
vt 1.000000 0.000000
vt 0.000000 1.000000
vt 0.000000 0.000000
vt 1.000000 0.000000
vt 0.000000 1.000000
vt 0.000000 0.000000
vt 1.000000 0.000000
vt 0.000000 1.000000
vt 0.000000 0.000000
vt 1.000000 0.000000
vt 0.000000 1.000000
vt 0.000000 0.000000
vt 1.000000 0.000000
vt 0.000000 1.000000
vt 0.000000 0.000000
vt 1.000000 0.000000
vt 0.000000 1.000000
vt 0.000000 0.000000
vt 1.000000 0.000000
vt 0.000000 1.000000
vt 0.000000 0.000000
vt 1.000000 0.000000
vt 0.000000 1.000000
vt 0.000000 0.000000
vt 1.000000 0.000000
vt 0.000000 1.000000
vt 0.000000 0.000000
vt 1.000000 0.000000
vt 0.000000 1.000000
vt 0.000000 0.000000
vt 1.000000 0.000000
vt 0.000000 1.000000
vt 0.000000 0.000000
vt 1.000000 0.000000
vt 0.000000 1.000000
vt 0.000000 0.000000
vt 1.000000 0.000000
vt 0.000000 1.000000
vt 0.000000 0.000000
vt 1.000000 0.000000
vt 0.000000 1.000000
vt 0.000000 0.000000
vt 1.000000 0.000000
vt 0.000000 1.000000
vt 0.000000 0.000000
vt 1.000000 0.000000
vt 0.000000 1.000000
vt 0.000000 0.000000
vt 1.000000 0.000000
vt 0.000000 1.000000
vt 0.000000 0.000000
vt 1.000000 0.000000
vt 0.000000 1.000000
vt 0.000000 0.000000
vt 1.000000 0.000000
vt 0.000000 1.000000
vt 0.000000 0.000000
vt 1.000000 0.000000
vt 0.000000 1.000000
vt 0.000000 0.000000
vt 1.000000 0.000000
vt 0.000000 1.000000
vt 0.000000 0.000000
vt 1.000000 0.000000
vt 0.000000 1.000000
vt 0.000000 0.000000
vt 1.000000 0.000000
vt 0.000000 1.000000
vt 0.000000 0.000000
vt 1.000000 0.000000
vt 0.000000 1.000000
vt 0.000000 0.000000
vt 1.000000 0.000000
vt 0.000000 1.000000
vt 0.000000 0.000000
vt 1.000000 0.000000
vt 0.000000 1.000000
vt 0.000000 0.000000
vt 1.000000 0.000000
vt 0.000000 1.000000
vt 0.000000 0.000000
vt 1.000000 0.000000
vt 0.000000 1.000000
vt 0.000000 0.000000
vt 1.000000 0.000000
vt 0.000000 1.000000
vt 0.000000 0.000000
vt 1.000000 0.000000
vt 0.000000 1.000000
vt 0.000000 0.000000
vt 1.000000 0.000000
vt 0.000000 1.000000
vt 0.000000 0.000000
vt 1.000000 0.000000
vt 0.000000 1.000000
vt 0.000000 0.000000
vt 1.000000 0.000000
vt 0.000000 1.000000
vt 0.000000 0.000000
vt 1.000000 0.000000
vt 0.000000 1.000000
vt 0.000000 0.000000
vt 1.000000 0.000000
vt 0.000000 1.000000
vt 0.000000 0.000000
vt 1.000000 0.000000
vt 0.000000 1.000000
vt 0.000000 0.000000
vt 1.000000 0.000000
vt 0.000000 1.000000
vt 0.000000 0.000000
vt 1.000000 0.000000
vt 0.000000 1.000000
vt 0.000000 0.000000
vt 1.000000 0.000000
vt 0.000000 1.000000
vt 0.000000 0.000000
vt 1.000000 0.000000
vt 0.000000 1.000000
vt 0.000000 0.000000
vt 1.000000 0.000000
vt 0.000000 1.000000
vt 0.000000 0.000000
vt 1.000000 0.000000
vt 0.000000 1.000000
vt 0.000000 0.000000
vt 1.000000 0.000000
vt 0.000000 1.000000
vt 0.000000 0.000000
vt 1.000000 0.000000
vt 0.000000 1.000000
vt 0.000000 0.000000
vt 1.000000 0.000000
vt 0.000000 1.000000
vt 0.000000 0.000000
vt 1.000000 0.000000
vt 0.000000 1.000000
vt 0.000000 0.000000
vt 1.000000 0.000000
vt 0.000000 1.000000
vt 0.000000 0.000000
vt 1.000000 0.000000
vt 0.000000 1.000000
vt 0.000000 0.000000
vt 1.000000 0.000000
vt 0.000000 1.000000
vt 0.000000 0.000000
vt 1.000000 0.000000
vt 0.000000 1.000000
vt 0.000000 0.000000
vt 1.000000 0.000000
vt 0.000000 1.000000
vt 0.000000 0.000000
vt 1.000000 0.000000
vt 0.000000 1.000000
vt 0.000000 0.000000
vt 1.000000 0.000000
vt 0.000000 1.000000
vt 0.000000 0.000000
vt 1.000000 0.000000
vt 0.000000 1.000000
vt 0.000000 0.000000
vt 1.000000 0.000000
vt 0.000000 1.000000
vt 0.000000 0.000000
vt 1.000000 0.000000
vt 0.000000 1.000000
vt 0.000000 0.000000
vt 1.000000 0.000000
vt 0.000000 1.000000
vt 0.000000 0.000000
vt 1.000000 0.000000
vt 0.000000 1.000000
vt 0.000000 0.000000
vt 1.000000 0.000000
vt 0.000000 1.000000
vt 0.000000 0.000000
vt 1.000000 0.000000
vt 0.000000 1.000000
vt 0.000000 0.000000
vt 1.000000 0.000000
vt 0.000000 1.000000
vt 0.000000 0.000000
vt 1.000000 0.000000
vt 0.000000 1.000000
vt 0.000000 0.000000
vt 1.000000 0.000000
vt 0.000000 1.000000
vt 0.000000 0.000000
vt 1.000000 0.000000
vt 0.000000 1.000000
vt 0.000000 0.000000
vt 1.000000 0.000000
vt 0.000000 1.000000
vt 0.000000 0.000000
vt 1.000000 0.000000
vt 0.000000 1.000000
vt 0.000000 0.000000
vt 1.000000 0.000000
vt 0.000000 1.000000
vt 0.000000 0.000000
vt 1.000000 0.000000
vt 0.000000 1.000000
vt 0.000000 0.000000
vt 1.000000 0.000000
vt 0.000000 1.000000
vt 0.000000 0.000000
vt 1.000000 0.000000
vt 0.000000 1.000000
vt 0.000000 0.000000
vt 1.000000 0.000000
vt 0.000000 1.000000
vt 0.000000 0.000000
vt 1.000000 0.000000
vt 0.000000 1.000000
vt 0.000000 0.000000
vt 1.000000 0.000000
vt 0.000000 1.000000
vt 0.000000 0.000000
vt 1.000000 0.000000
vt 0.000000 1.000000
vt 0.000000 0.000000
vt 1.000000 0.000000
vt 0.000000 1.000000
vt 0.000000 0.000000
vt 1.000000 0.000000
vt 0.000000 1.000000
vt 0.000000 0.000000
vt 1.000000 0.000000
vt 0.000000 1.000000
vt 0.000000 0.000000
vt 1.000000 0.000000
vt 0.000000 1.000000
vt 0.000000 0.000000
vt 1.000000 0.000000
vt 0.000000 1.000000
vt 0.000000 0.000000
vt 1.000000 0.000000
vt 0.000000 1.000000
vt 0.000000 0.000000
vt 1.000000 0.000000
vt 0.000000 1.000000
vt 0.000000 0.000000
vt 1.000000 0.000000
vt 0.000000 1.000000
vt 0.000000 0.000000
vt 1.000000 0.000000
vt 0.000000 1.000000
vt 0.000000 0.000000
vt 1.000000 0.000000
vt 0.000000 1.000000
vt 0.000000 0.000000
vt 1.000000 0.000000
vt 0.000000 1.000000
vt 0.000000 0.000000
vt 1.000000 0.000000
vt 0.000000 1.000000
vt 0.000000 0.000000
vt 1.000000 0.000000
vt 0.000000 1.000000
vt 0.000000 0.000000
vt 1.000000 0.000000
vt 0.000000 1.000000
vt 0.000000 0.000000
vt 1.000000 0.000000
vt 0.000000 1.000000
vt 0.000000 0.000000
vt 1.000000 0.000000
vt 0.000000 1.000000
vt 0.000000 0.000000
vt 1.000000 0.000000
vt 0.000000 1.000000
vt 0.000000 0.000000
vt 1.000000 0.000000
vt 0.000000 1.000000
vt 0.000000 0.000000
vt 1.000000 0.000000
vt 0.000000 1.000000
vt 0.000000 0.000000
vt 1.000000 0.000000
vt 0.000000 1.000000
vt 0.000000 0.000000
vt 1.000000 0.000000
vt 0.000000 1.000000
vt 0.000000 0.000000
vt 1.000000 0.000000
vt 0.000000 1.000000
vt 0.000000 0.000000
vt 1.000000 0.000000
vt 0.000000 1.000000
vt 0.000000 0.000000
vt 1.000000 0.000000
vt 0.000000 1.000000
vt 0.000000 0.000000
vt 1.000000 0.000000
vt 0.000000 1.000000
vt 0.000000 0.000000
vt 1.000000 0.000000
vt 0.000000 1.000000
vt 0.000000 0.000000
vt 1.000000 0.000000
vt 0.000000 1.000000
vt 0.000000 0.000000
vt 1.000000 0.000000
vt 0.000000 1.000000
vt 0.000000 0.000000
vt 1.000000 0.000000
vt 0.000000 1.000000
vt 0.000000 0.000000
vt 1.000000 0.000000
vt 0.000000 1.000000
vt 0.000000 0.000000
vt 1.000000 0.000000
vt 0.000000 1.000000
vt 0.000000 0.000000
vt 1.000000 0.000000
vt 0.000000 1.000000
vt 0.000000 0.000000
vt 1.000000 0.000000
vt 0.000000 1.000000
vt 0.000000 0.000000
vt 1.000000 0.000000
vt 0.000000 1.000000
vt 0.000000 0.000000
vt 1.000000 0.000000
vt 0.000000 1.000000
vt 0.000000 0.000000
vt 1.000000 0.000000
vt 0.000000 1.000000
vt 0.000000 0.000000
vt 1.000000 0.000000
vt 0.000000 1.000000
vt 0.000000 0.000000
vt 1.000000 0.000000
vt 0.000000 1.000000
vt 0.000000 0.000000
vt 1.000000 0.000000
vt 0.000000 1.000000
vt 0.000000 0.000000
vt 1.000000 0.000000
vt 0.000000 1.000000
vt 0.000000 0.000000
vt 1.000000 0.000000
vt 0.000000 1.000000
vt 0.000000 0.000000
vt 1.000000 0.000000
vt 0.000000 1.000000
vt 0.000000 0.000000
vt 1.000000 0.000000
vt 0.000000 1.000000
vt 0.000000 0.000000
vt 1.000000 0.000000
vt 0.000000 1.000000
vt 0.000000 0.000000
vt 1.000000 0.000000
vt 0.000000 1.000000
vt 0.000000 0.000000
vt 1.000000 0.000000
vt 0.000000 1.000000
vt 0.000000 0.000000
vt 1.000000 0.000000
vt 0.000000 1.000000
vt 0.000000 0.000000
vt 1.000000 0.000000
vt 0.000000 1.000000
vt 0.000000 0.000000
vt 1.000000 0.000000
vt 0.000000 1.000000
vt 0.000000 0.000000
vt 1.000000 0.000000
vt 0.000000 1.000000
vt 0.000000 0.000000
vt 1.000000 0.000000
vt 0.000000 1.000000
vt 0.000000 0.000000
vt 1.000000 0.000000
vt 0.000000 1.000000
vt 0.000000 0.000000
vt 1.000000 0.000000
vt 0.000000 1.000000
vt 0.000000 0.000000
vt 1.000000 0.000000
vt 0.000000 1.000000
vt 0.000000 0.000000
vt 1.000000 0.000000
vt 0.000000 1.000000
vt 0.000000 0.000000
vt 1.000000 0.000000
vt 0.000000 1.000000
vt 0.000000 0.000000
vt 1.000000 0.000000
vt 0.000000 1.000000
vt 0.000000 0.000000
vt 1.000000 0.000000
vt 0.000000 1.000000
vt 0.000000 0.000000
vt 1.000000 0.000000
vt 0.000000 1.000000
vt 0.000000 0.000000
vt 1.000000 0.000000
vt 0.000000 1.000000
vt 0.000000 0.000000
vt 1.000000 0.000000
vt 0.000000 1.000000
vt 0.000000 0.000000
vt 1.000000 0.000000
vt 0.000000 1.000000
vt 0.000000 0.000000
vt 1.000000 0.000000
vt 0.000000 1.000000
vt 0.000000 0.000000
vt 1.000000 0.000000
vt 0.000000 1.000000
vt 0.000000 0.000000
vt 1.000000 0.000000
vt 0.000000 1.000000
vt 0.000000 0.000000
vt 1.000000 0.000000
vt 0.000000 1.000000
vt 0.000000 0.000000
vt 1.000000 0.000000
vt 0.000000 1.000000
vt 0.000000 0.000000
vt 1.000000 0.000000
vt 0.000000 1.000000
vt 0.000000 0.000000
vt 1.000000 0.000000
vt 0.000000 1.000000
vt 0.000000 0.000000
vt 1.000000 0.000000
vt 0.000000 1.000000
vt 0.000000 0.000000
vt 1.000000 0.000000
vt 0.000000 1.000000
vt 0.000000 0.000000
vt 1.000000 0.000000
vt 0.000000 1.000000
vt 0.000000 0.000000
vt 1.000000 0.000000
vt 0.000000 1.000000
vt 0.000000 0.000000
vt 1.000000 0.000000
vt 0.000000 1.000000
vt 0.000000 0.000000
vt 1.000000 0.000000
vt 0.000000 1.000000
vt 0.000000 0.000000
vt 1.000000 0.000000
vt 0.000000 1.000000
vt 0.000000 0.000000
vt 1.000000 0.000000
vt 0.000000 1.000000
vt 0.000000 0.000000
vt 1.000000 0.000000
vt 0.000000 1.000000
vt 0.000000 0.000000
vt 1.000000 0.000000
vt 0.000000 1.000000
vt 0.000000 0.000000
vt 1.000000 0.000000
vt 0.000000 1.000000
vt 0.000000 0.000000
vt 1.000000 0.000000
vt 0.000000 1.000000
vt 0.000000 0.000000
vt 1.000000 0.000000
vt 0.000000 1.000000
vt 0.000000 0.000000
vt 1.000000 0.000000
vt 0.000000 1.000000
vt 0.000000 0.000000
vt 1.000000 0.000000
vt 0.000000 1.000000
vt 0.000000 0.000000
vt 1.000000 0.000000
vt 0.000000 1.000000
vt 0.000000 0.000000
vt 1.000000 0.000000
vt 0.000000 1.000000
vt 0.000000 0.000000
vt 1.000000 0.000000
vt 0.000000 1.000000
vt 0.000000 0.000000
vt 1.000000 0.000000
vt 0.000000 1.000000
vt 0.000000 0.000000
vt 1.000000 0.000000
vt 0.000000 1.000000
vt 0.000000 0.000000
vt 1.000000 0.000000
vt 0.000000 1.000000
vt 0.000000 0.000000
vt 1.000000 0.000000
vt 0.000000 1.000000
vt 0.000000 0.000000
vt 1.000000 0.000000
vt 0.000000 1.000000
vt 0.000000 0.000000
vt 1.000000 0.000000
vt 0.000000 1.000000
vt 0.000000 0.000000
vt 1.000000 0.000000
vt 0.000000 1.000000
vt 0.000000 0.000000
vt 1.000000 0.000000
vt 0.000000 1.000000
vt 0.000000 0.000000
vt 1.000000 0.000000
vt 0.000000 1.000000
vt 0.000000 0.000000
vt 1.000000 0.000000
vt 0.000000 1.000000
vt 0.000000 0.000000
vt 1.000000 0.000000
vt 0.000000 1.000000
vt 0.000000 0.000000
vt 1.000000 0.000000
vt 0.000000 1.000000
vt 0.000000 0.000000
vt 1.000000 0.000000
vt 0.000000 1.000000
vt 0.000000 0.000000
vt 1.000000 0.000000
vt 0.000000 1.000000
vt 0.000000 0.000000
vt 1.000000 0.000000
vt 0.000000 1.000000
vt 0.000000 0.000000
vt 1.000000 0.000000
vt 0.000000 1.000000
vt 0.000000 0.000000
vt 1.000000 0.000000
vt 0.000000 1.000000
vt 0.000000 0.000000
vt 1.000000 0.000000
vt 0.000000 1.000000
vt 0.000000 0.000000
vt 1.000000 0.000000
vt 0.000000 1.000000
vt 0.000000 0.000000
vt 1.000000 0.000000
vt 0.000000 1.000000
vt 0.000000 0.000000
vt 1.000000 0.000000
vt 0.000000 1.000000
vt 0.000000 0.000000
vt 1.000000 0.000000
vt 0.000000 1.000000
vt 0.000000 0.000000
vt 1.000000 0.000000
vt 0.000000 1.000000
vt 0.000000 0.000000
vt 1.000000 0.000000
vt 0.000000 1.000000
vt 0.000000 0.000000
vt 1.000000 0.000000
vt 0.000000 1.000000
vt 0.000000 0.000000
vt 1.000000 0.000000
vt 0.000000 1.000000
vt 0.000000 0.000000
vt 1.000000 0.000000
vt 0.000000 1.000000
vt 0.000000 0.000000
vt 1.000000 0.000000
vt 0.000000 1.000000
vt 0.000000 0.000000
vt 1.000000 0.000000
vt 0.000000 1.000000
vt 0.000000 0.000000
vt 1.000000 0.000000
vt 0.000000 1.000000
vt 0.000000 0.000000
vt 1.000000 0.000000
vt 0.000000 1.000000
vt 0.000000 0.000000
vt 1.000000 0.000000
vt 0.000000 1.000000
vt 0.000000 0.000000
vt 1.000000 0.000000
vt 0.000000 1.000000
vt 0.000000 0.000000
vt 1.000000 0.000000
vt 0.000000 1.000000
vt 0.000000 0.000000
vt 1.000000 0.000000
vt 0.000000 1.000000
vt 0.000000 0.000000
vt 1.000000 0.000000
vt 0.000000 1.000000
vt 0.000000 0.000000
vt 1.000000 0.000000
vt 0.000000 1.000000
vt 0.000000 0.000000
vt 1.000000 0.000000
vt 0.000000 1.000000
vt 0.000000 0.000000
vt 1.000000 0.000000
vt 0.000000 1.000000
vt 0.000000 0.000000
vt 1.000000 0.000000
vt 0.000000 1.000000
vt 0.000000 0.000000
vt 1.000000 0.000000
vt 0.000000 1.000000
vt 0.000000 0.000000
vt 1.000000 0.000000
vt 0.000000 1.000000
vt 0.000000 0.000000
vt 1.000000 0.000000
vt 0.000000 1.000000
vt 0.000000 0.000000
vt 1.000000 0.000000
vt 0.000000 1.000000
vt 0.000000 0.000000
vt 1.000000 0.000000
vt 0.000000 1.000000
vt 0.000000 0.000000
vt 1.000000 0.000000
vt 0.000000 1.000000
vt 0.000000 0.000000
vt 1.000000 0.000000
vt 0.000000 1.000000
vt 0.000000 0.000000
vt 1.000000 0.000000
vt 0.000000 1.000000
vt 0.000000 0.000000
vt 1.000000 0.000000
vt 0.000000 1.000000
vt 0.000000 0.000000
vt 1.000000 0.000000
vt 0.000000 1.000000
vt 0.000000 0.000000
vt 1.000000 0.000000
vt 0.000000 1.000000
vt 0.000000 0.000000
vt 1.000000 0.000000
vt 0.000000 1.000000
vt 0.000000 0.000000
vt 1.000000 0.000000
vt 0.000000 1.000000
vt 0.000000 0.000000
vt 1.000000 0.000000
vt 0.000000 1.000000
vt 0.000000 0.000000
vt 1.000000 0.000000
vt 0.000000 1.000000
vt 0.000000 0.000000
vt 1.000000 0.000000
vt 0.000000 1.000000
vt 0.000000 0.000000
vt 1.000000 0.000000
vt 0.000000 1.000000
vt 0.000000 0.000000
vt 1.000000 0.000000
vt 0.000000 1.000000
vt 0.000000 0.000000
vt 1.000000 0.000000
vt 0.000000 1.000000
vt 0.000000 0.000000
vt 1.000000 0.000000
vt 0.000000 1.000000
vt 0.000000 0.000000
vt 1.000000 0.000000
vt 0.000000 1.000000
vt 0.000000 0.000000
vt 1.000000 0.000000
vt 0.000000 1.000000
vt 0.000000 0.000000
vt 1.000000 0.000000
vt 0.000000 1.000000
vt 0.000000 0.000000
vt 1.000000 0.000000
vt 0.000000 1.000000
vt 0.000000 0.000000
vt 1.000000 0.000000
vt 0.000000 1.000000
vt 0.000000 0.000000
vt 1.000000 0.000000
vt 0.000000 1.000000
vt 0.000000 0.000000
vt 1.000000 0.000000
vt 0.000000 1.000000
vt 0.000000 0.000000
vt 1.000000 0.000000
vt 0.000000 1.000000
vt 0.000000 0.000000
vt 1.000000 0.000000
vt 0.000000 1.000000
vt 0.000000 0.000000
vt 1.000000 0.000000
vt 0.000000 1.000000
vt 0.000000 0.000000
vt 1.000000 0.000000
vt 0.000000 1.000000
vt 0.000000 0.000000
vt 1.000000 0.000000
vt 0.000000 1.000000
vt 0.000000 0.000000
vt 1.000000 0.000000
vt 0.000000 1.000000
vt 0.000000 0.000000
vt 1.000000 0.000000
vt 0.000000 1.000000
vt 0.000000 0.000000
vt 1.000000 0.000000
vt 0.000000 1.000000
vt 0.000000 0.000000
vt 1.000000 0.000000
vt 0.000000 1.000000
vt 0.000000 0.000000
vt 1.000000 0.000000
vt 0.000000 1.000000
vt 0.000000 0.000000
vt 1.000000 0.000000
vt 0.000000 1.000000
vt 0.000000 0.000000
vt 1.000000 0.000000
vt 0.000000 1.000000
vt 0.000000 0.000000
vt 1.000000 0.000000
vt 0.000000 1.000000
vt 0.000000 0.000000
vt 1.000000 0.000000
vt 0.000000 1.000000
vt 0.000000 0.000000
vt 1.000000 0.000000
vt 0.000000 1.000000
vt 0.000000 0.000000
vt 1.000000 0.000000
vt 0.000000 1.000000
vt 0.000000 0.000000
vt 1.000000 0.000000
vt 0.000000 1.000000
vt 0.000000 0.000000
vt 1.000000 0.000000
vt 0.000000 1.000000
vt 0.000000 0.000000
vt 1.000000 0.000000
vt 0.000000 1.000000
vt 0.000000 0.000000
vt 1.000000 0.000000
vt 0.000000 1.000000
vt 0.000000 0.000000
vt 1.000000 0.000000
vt 0.000000 1.000000
vt 0.000000 0.000000
vt 1.000000 0.000000
vt 0.000000 1.000000
vt 0.000000 0.000000
vt 1.000000 0.000000
vt 0.000000 1.000000
vt 0.000000 0.000000
vt 1.000000 0.000000
vt 0.000000 1.000000
vt 0.000000 0.000000
vt 1.000000 0.000000
vt 0.000000 1.000000
vt 0.000000 0.000000
vt 1.000000 0.000000
vt 0.000000 1.000000
vt 0.000000 0.000000
vt 1.000000 0.000000
vt 0.000000 1.000000
vt 0.000000 0.000000
vt 1.000000 0.000000
vt 0.000000 1.000000
vt 0.000000 0.000000
vt 1.000000 0.000000
vt 0.000000 1.000000
vt 0.000000 0.000000
vt 1.000000 0.000000
vt 0.000000 1.000000
vt 0.000000 0.000000
vt 1.000000 0.000000
vt 0.000000 1.000000
vt 0.000000 0.000000
vt 1.000000 0.000000
vt 0.000000 1.000000
vt 0.000000 0.000000
vt 1.000000 0.000000
vt 0.000000 1.000000
vt 0.000000 0.000000
vt 1.000000 0.000000
vt 0.000000 1.000000
vt 0.000000 0.000000
vt 1.000000 0.000000
vt 0.000000 1.000000
vt 0.000000 0.000000
vt 1.000000 0.000000
vt 0.000000 1.000000
vt 0.000000 0.000000
vt 1.000000 0.000000
vt 0.000000 1.000000
vt 0.000000 0.000000
vt 1.000000 0.000000
vt 0.000000 1.000000
vt 0.000000 0.000000
vt 1.000000 0.000000
vt 0.000000 1.000000
vt 0.000000 0.000000
vt 1.000000 0.000000
vt 0.000000 1.000000
vt 0.000000 0.000000
vt 1.000000 0.000000
vt 0.000000 1.000000
vt 0.000000 0.000000
vt 1.000000 0.000000
vt 0.000000 1.000000
vt 0.000000 0.000000
vt 1.000000 0.000000
vt 0.000000 1.000000
vt 0.000000 0.000000
vt 1.000000 0.000000
vt 0.000000 1.000000
vt 0.000000 0.000000
vt 1.000000 0.000000
vt 0.000000 1.000000
vt 0.000000 0.000000
vt 1.000000 0.000000
vt 0.000000 1.000000
vt 0.000000 0.000000
vt 1.000000 0.000000
vt 0.000000 1.000000
vt 0.000000 0.000000
vt 1.000000 0.000000
vt 0.000000 1.000000
vt 0.000000 0.000000
vt 1.000000 0.000000
vt 0.000000 1.000000
vt 0.000000 0.000000
vt 1.000000 0.000000
vt 0.000000 1.000000
vt 0.000000 0.000000
vt 1.000000 0.000000
vt 0.000000 1.000000
vt 0.000000 0.000000
vt 1.000000 0.000000
vt 0.000000 1.000000
vt 0.000000 0.000000
vt 1.000000 0.000000
vt 0.000000 1.000000
vt 0.000000 0.000000
vt 1.000000 0.000000
vt 0.000000 1.000000
vt 0.000000 0.000000
vt 1.000000 0.000000
vt 0.000000 1.000000
vt 0.000000 0.000000
vt 1.000000 0.000000
vt 0.000000 1.000000
vt 0.000000 0.000000
vt 1.000000 0.000000
vt 0.000000 1.000000
vt 0.000000 0.000000
vt 1.000000 0.000000
vt 0.000000 1.000000
vt 0.000000 0.000000
vt 1.000000 0.000000
vt 0.000000 1.000000
vt 0.000000 0.000000
vt 1.000000 0.000000
vt 0.000000 1.000000
vt 0.000000 0.000000
vt 1.000000 0.000000
vt 0.000000 1.000000
vt 0.000000 0.000000
vt 1.000000 0.000000
vt 0.000000 1.000000
vt 0.000000 0.000000
vt 1.000000 0.000000
vt 0.000000 1.000000
vt 0.000000 0.000000
vt 1.000000 0.000000
vt 0.000000 1.000000
vt 0.000000 0.000000
vt 1.000000 0.000000
vt 0.000000 1.000000
vt 0.000000 0.000000
vt 1.000000 0.000000
vt 0.000000 1.000000
vt 0.000000 0.000000
vt 1.000000 0.000000
vt 0.000000 1.000000
vt 0.000000 0.000000
vt 1.000000 0.000000
vt 0.000000 1.000000
vt 0.000000 0.000000
vt 1.000000 0.000000
vt 0.000000 1.000000
vt 0.000000 0.000000
vt 1.000000 0.000000
vt 0.000000 1.000000
vt 0.000000 0.000000
vt 1.000000 0.000000
vt 0.000000 1.000000
vt 0.000000 0.000000
vt 1.000000 0.000000
vt 0.000000 1.000000
vt 0.000000 0.000000
vt 1.000000 0.000000
vt 0.000000 1.000000
vt 0.000000 0.000000
vt 1.000000 0.000000
vt 0.000000 1.000000
vt 0.000000 0.000000
vt 1.000000 0.000000
vt 0.000000 1.000000
vt 0.000000 0.000000
vt 1.000000 0.000000
vt 0.000000 1.000000
vt 0.000000 0.000000
vt 1.000000 0.000000
vt 0.000000 1.000000
vt 0.000000 0.000000
vt 1.000000 0.000000
vt 0.000000 1.000000
vt 0.000000 0.000000
vt 1.000000 0.000000
vt 0.000000 1.000000
vt 0.000000 0.000000
vt 1.000000 0.000000
vt 0.000000 1.000000
vt 0.000000 0.000000
vt 1.000000 0.000000
vt 0.000000 1.000000
vt 0.000000 0.000000
vt 1.000000 0.000000
vt 0.000000 1.000000
vt 0.000000 0.000000
vt 1.000000 0.000000
vt 0.000000 1.000000
vt 0.000000 0.000000
vt 1.000000 0.000000
vt 0.000000 1.000000
vt 0.000000 0.000000
vt 1.000000 0.000000
vt 0.000000 1.000000
vt 0.000000 0.000000
vt 1.000000 0.000000
vt 0.000000 1.000000
vt 0.000000 0.000000
vt 1.000000 0.000000
vt 0.000000 1.000000
vt 0.000000 0.000000
vt 1.000000 0.000000
vt 0.000000 1.000000
vt 0.000000 0.000000
vt 1.000000 0.000000
vt 0.000000 1.000000
vt 0.000000 0.000000
vt 1.000000 0.000000
vt 0.000000 1.000000
vt 0.000000 0.000000
vt 1.000000 0.000000
vt 0.000000 1.000000
vt 0.000000 0.000000
vt 1.000000 0.000000
vt 0.000000 1.000000
vt 0.000000 0.000000
vt 1.000000 0.000000
vt 0.000000 1.000000
vt 0.000000 0.000000
vt 1.000000 0.000000
vt 0.000000 1.000000
vt 0.000000 0.000000
vt 1.000000 0.000000
vt 0.000000 1.000000
vt 0.000000 0.000000
vt 1.000000 0.000000
vt 0.000000 1.000000
vt 0.000000 0.000000
vt 1.000000 0.000000
vt 0.000000 1.000000
vt 0.000000 0.000000
vt 1.000000 0.000000
vt 0.000000 1.000000
vt 0.000000 0.000000
vt 1.000000 0.000000
vt 0.000000 1.000000
vt 0.000000 0.000000
vt 1.000000 0.000000
vt 0.000000 1.000000
vt 0.000000 0.000000
vt 1.000000 0.000000
vt 0.000000 1.000000
vt 0.000000 0.000000
vt 1.000000 0.000000
vt 0.000000 1.000000
vt 0.000000 0.000000
vt 1.000000 0.000000
vt 0.000000 1.000000
vt 0.000000 0.000000
vt 1.000000 0.000000
vt 0.000000 1.000000
vt 0.000000 0.000000
vt 1.000000 0.000000
vt 0.000000 1.000000
vt 0.000000 0.000000
vt 1.000000 0.000000
vt 0.000000 1.000000
vt 0.000000 0.000000
vt 1.000000 0.000000
vt 0.000000 1.000000
vt 0.000000 0.000000
vt 1.000000 0.000000
vt 0.000000 1.000000
vt 0.000000 0.000000
vt 1.000000 0.000000
vt 0.000000 1.000000
vt 0.000000 0.000000
vt 1.000000 0.000000
vt 0.000000 1.000000
vt 0.000000 0.000000
vt 1.000000 0.000000
vt 0.000000 1.000000
vt 0.000000 0.000000
vt 1.000000 0.000000
vt 0.000000 1.000000
vt 0.000000 0.000000
vt 1.000000 0.000000
vt 0.000000 1.000000
vt 0.000000 0.000000
vt 1.000000 0.000000
vt 0.000000 1.000000
vt 0.000000 0.000000
vt 1.000000 0.000000
vt 0.000000 1.000000
vt 0.000000 0.000000
vt 1.000000 0.000000
vt 0.000000 1.000000
vt 0.000000 0.000000
vt 1.000000 0.000000
vt 0.000000 1.000000
vt 0.000000 0.000000
vt 1.000000 0.000000
vt 0.000000 1.000000
vt 0.000000 0.000000
vt 1.000000 0.000000
vt 0.000000 1.000000
vt 0.000000 0.000000
vt 1.000000 0.000000
vt 0.000000 1.000000
vt 0.000000 0.000000
vt 1.000000 0.000000
vt 0.000000 1.000000
vt 0.000000 0.000000
vt 1.000000 0.000000
vt 0.000000 1.000000
vt 0.000000 0.000000
vt 1.000000 0.000000
vt 0.000000 1.000000
vt 0.000000 0.000000
vt 1.000000 0.000000
vt 0.000000 1.000000
vt 0.000000 0.000000
vt 1.000000 0.000000
vt 0.000000 1.000000
vt 0.000000 0.000000
vt 1.000000 0.000000
vt 0.000000 1.000000
vt 0.000000 0.000000
vt 1.000000 0.000000
vt 0.000000 1.000000
vt 0.000000 0.000000
vt 1.000000 0.000000
vt 0.000000 1.000000
vt 0.000000 0.000000
vt 1.000000 0.000000
vt 0.000000 1.000000
vt 0.000000 0.000000
vt 1.000000 0.000000
vt 0.000000 1.000000
vt 0.000000 0.000000
vt 1.000000 0.000000
vt 0.000000 1.000000
vt 0.000000 0.000000
vt 1.000000 0.000000
vt 0.000000 1.000000
vt 0.000000 0.000000
vt 1.000000 0.000000
vt 0.000000 1.000000
vt 0.000000 0.000000
vt 1.000000 0.000000
vt 0.000000 1.000000
vt 0.000000 0.000000
vt 1.000000 0.000000
vt 0.000000 1.000000
vt 0.000000 0.000000
vt 1.000000 0.000000
vt 0.000000 1.000000
vt 0.000000 0.000000
vt 1.000000 0.000000
vt 0.000000 1.000000
vt 0.000000 0.000000
vt 1.000000 0.000000
vt 0.000000 1.000000
vt 0.000000 0.000000
vt 1.000000 0.000000
vt 0.000000 1.000000
vt 0.000000 0.000000
vt 1.000000 0.000000
vt 0.000000 1.000000
vt 0.000000 0.000000
vt 1.000000 0.000000
vt 0.000000 1.000000
vt 0.000000 0.000000
vt 1.000000 0.000000
vt 0.000000 1.000000
vt 0.000000 0.000000
vt 1.000000 0.000000
vt 0.000000 1.000000
vt 0.000000 0.000000
vt 1.000000 0.000000
vt 0.000000 1.000000
vt 0.000000 0.000000
vt 1.000000 0.000000
vt 0.000000 1.000000
vt 0.000000 0.000000
vt 1.000000 0.000000
vt 0.000000 1.000000
vt 0.000000 0.000000
vt 1.000000 0.000000
vt 0.000000 1.000000
vt 0.000000 0.000000
vt 1.000000 0.000000
vt 0.000000 1.000000
vt 0.000000 0.000000
vt 1.000000 0.000000
vt 0.000000 1.000000
vt 0.000000 0.000000
vt 1.000000 0.000000
vt 0.000000 1.000000
vt 0.000000 0.000000
vt 1.000000 0.000000
vt 0.000000 1.000000
vt 0.000000 0.000000
vt 1.000000 0.000000
vt 0.000000 1.000000
vt 0.000000 0.000000
vt 1.000000 0.000000
vt 0.000000 1.000000
vt 0.000000 0.000000
vt 1.000000 0.000000
vt 0.000000 1.000000
vt 0.000000 0.000000
vt 1.000000 0.000000
vt 0.000000 1.000000
vt 0.000000 0.000000
vt 1.000000 0.000000
vt 0.000000 1.000000
vt 0.000000 0.000000
vt 1.000000 0.000000
vt 0.000000 1.000000
vt 0.000000 0.000000
vt 1.000000 0.000000
vt 0.000000 1.000000
vt 0.000000 0.000000
vt 1.000000 0.000000
vt 0.000000 1.000000
vt 0.000000 0.000000
vt 1.000000 0.000000
vt 0.000000 1.000000
vt 0.000000 0.000000
vt 1.000000 0.000000
vt 0.000000 1.000000
vt 0.000000 0.000000
vt 1.000000 0.000000
vt 0.000000 1.000000
vt 0.000000 0.000000
vt 1.000000 0.000000
vt 0.000000 1.000000
vt 0.000000 0.000000
vt 1.000000 0.000000
vt 0.000000 1.000000
vt 0.000000 0.000000
vt 1.000000 0.000000
vt 0.000000 1.000000
vt 0.000000 0.000000
vt 1.000000 0.000000
vt 0.000000 1.000000
vt 0.000000 0.000000
vt 1.000000 0.000000
vt 0.000000 1.000000
vt 0.000000 0.000000
vt 1.000000 0.000000
vt 0.000000 1.000000
vt 0.000000 0.000000
vt 1.000000 0.000000
vt 0.000000 1.000000
vt 0.000000 0.000000
vt 1.000000 0.000000
vt 0.000000 1.000000
vt 0.000000 0.000000
vt 1.000000 0.000000
vt 0.000000 1.000000
vt 0.000000 0.000000
vt 1.000000 0.000000
vt 0.000000 1.000000
vt 0.000000 0.000000
vt 1.000000 0.000000
vt 0.000000 1.000000
vt 0.000000 0.000000
vt 1.000000 0.000000
vt 0.000000 1.000000
vt 0.000000 0.000000
vt 1.000000 0.000000
vt 0.000000 1.000000
vt 0.000000 0.000000
vt 1.000000 0.000000
vt 0.000000 1.000000
vt 0.000000 0.000000
vt 1.000000 0.000000
vt 0.000000 1.000000
vt 0.000000 0.000000
vt 1.000000 0.000000
vt 0.000000 1.000000
vt 0.000000 0.000000
vt 1.000000 0.000000
vt 0.000000 1.000000
vt 0.000000 0.000000
vt 1.000000 0.000000
vt 0.000000 1.000000
vt 0.000000 0.000000
vt 1.000000 0.000000
vt 0.000000 1.000000
vt 0.000000 0.000000
vt 1.000000 0.000000
vt 0.000000 1.000000
vt 0.000000 0.000000
vt 1.000000 0.000000
vt 0.000000 1.000000
vt 0.000000 0.000000
vt 1.000000 0.000000
vt 0.000000 1.000000
vt 0.000000 0.000000
vt 1.000000 0.000000
vt 0.000000 1.000000
vt 0.000000 0.000000
vt 1.000000 0.000000
vt 0.000000 1.000000
vt 0.000000 0.000000
vt 1.000000 0.000000
vt 0.000000 1.000000
vt 0.000000 0.000000
vt 1.000000 0.000000
vt 0.000000 1.000000
vt 0.000000 0.000000
vt 1.000000 0.000000
vt 0.000000 1.000000
vt 0.000000 0.000000
vt 1.000000 0.000000
vt 0.000000 1.000000
vt 0.000000 0.000000
vt 1.000000 0.000000
vt 0.000000 1.000000
vt 0.000000 0.000000
vt 1.000000 0.000000
vt 0.000000 1.000000
vt 0.000000 0.000000
vt 1.000000 0.000000
vt 0.000000 1.000000
vt 0.000000 0.000000
vt 1.000000 0.000000
vt 0.000000 1.000000
vt 0.000000 0.000000
vt 1.000000 0.000000
vt 0.000000 1.000000
vt 0.000000 0.000000
vt 1.000000 0.000000
vt 0.000000 1.000000
vt 0.000000 0.000000
vt 1.000000 0.000000
vt 0.000000 1.000000
vt 0.000000 0.000000
vt 1.000000 0.000000
vt 0.000000 1.000000
vt 0.000000 0.000000
vt 1.000000 0.000000
vt 0.000000 1.000000
vt 0.000000 0.000000
vt 1.000000 0.000000
vt 0.000000 1.000000
vt 0.000000 0.000000
vt 1.000000 0.000000
vt 0.000000 1.000000
vt 0.000000 0.000000
vt 1.000000 0.000000
vt 0.000000 1.000000
vt 0.000000 0.000000
vt 1.000000 0.000000
vt 0.000000 1.000000
vt 0.000000 0.000000
vt 1.000000 0.000000
vt 0.000000 1.000000
vt 0.000000 0.000000
vt 1.000000 0.000000
vt 0.000000 1.000000
vt 0.000000 0.000000
vt 1.000000 0.000000
vt 0.000000 1.000000
vt 0.000000 0.000000
vt 1.000000 0.000000
vt 0.000000 1.000000
vt 0.000000 0.000000
vt 1.000000 0.000000
vt 0.000000 1.000000
vt 0.000000 0.000000
vt 1.000000 0.000000
vt 0.000000 1.000000
vt 0.000000 0.000000
vt 1.000000 0.000000
vt 0.000000 1.000000
vt 0.000000 0.000000
vt 1.000000 0.000000
vt 0.000000 1.000000
vt 0.000000 0.000000
vt 1.000000 0.000000
vt 0.000000 1.000000
vt 0.000000 0.000000
vt 1.000000 0.000000
vt 0.000000 1.000000
vt 0.000000 0.000000
vt 1.000000 0.000000
vt 0.000000 1.000000
vt 0.000000 0.000000
vt 1.000000 0.000000
vt 0.000000 1.000000
vt 0.000000 0.000000
vt 1.000000 0.000000
vt 0.000000 1.000000
vt 0.000000 0.000000
vt 1.000000 0.000000
vt 0.000000 1.000000
vt 0.000000 0.000000
vt 1.000000 0.000000
vt 0.000000 1.000000
vt 0.000000 0.000000
vt 1.000000 0.000000
vt 0.000000 1.000000
vt 0.000000 0.000000
vt 1.000000 0.000000
vt 0.000000 1.000000
vt 0.000000 0.000000
vt 1.000000 0.000000
vt 0.000000 1.000000
vt 0.000000 0.000000
vt 1.000000 0.000000
vt 0.000000 1.000000
vt 0.000000 0.000000
vt 1.000000 0.000000
vt 0.000000 1.000000
vt 0.000000 0.000000
vt 1.000000 0.000000
vt 0.000000 1.000000
vt 0.000000 0.000000
vt 1.000000 0.000000
vt 0.000000 1.000000
vt 0.000000 0.000000
vt 1.000000 0.000000
vt 0.000000 1.000000
vt 0.000000 0.000000
vt 1.000000 0.000000
vt 0.000000 1.000000
vt 0.000000 0.000000
vt 1.000000 0.000000
vt 0.000000 1.000000
vt 0.000000 0.000000
vt 1.000000 0.000000
vt 0.000000 1.000000
vt 0.000000 0.000000
vt 1.000000 0.000000
vt 0.000000 1.000000
vt 0.000000 0.000000
vt 1.000000 0.000000
vt 0.000000 1.000000
vt 0.000000 0.000000
vt 1.000000 0.000000
vt 0.000000 1.000000
vt 0.000000 0.000000
vt 1.000000 0.000000
vt 0.000000 1.000000
vt 0.000000 0.000000
vt 1.000000 0.000000
vt 0.000000 1.000000
vt 0.000000 0.000000
vt 1.000000 0.000000
vt 0.000000 1.000000
vt 0.000000 0.000000
vt 1.000000 0.000000
vt 0.000000 1.000000
vt 0.000000 0.000000
vt 1.000000 0.000000
vt 0.000000 1.000000
vt 0.000000 0.000000
vt 1.000000 0.000000
vt 0.000000 1.000000
vt 0.000000 0.000000
vt 1.000000 0.000000
vt 0.000000 1.000000
vt 0.000000 0.000000
vt 1.000000 0.000000
vt 0.000000 1.000000
vt 0.000000 0.000000
vt 1.000000 0.000000
vt 0.000000 1.000000
vt 0.000000 0.000000
vt 1.000000 0.000000
vt 0.000000 1.000000
vt 0.000000 0.000000
vt 1.000000 0.000000
vt 0.000000 1.000000
vt 0.000000 0.000000
vt 1.000000 0.000000
vt 0.000000 1.000000
vt 0.000000 0.000000
vt 1.000000 0.000000
vt 0.000000 1.000000
vt 0.000000 0.000000
vt 1.000000 0.000000
vt 0.000000 1.000000
vt 0.000000 0.000000
vt 1.000000 0.000000
vt 0.000000 1.000000
vt 0.000000 0.000000
vt 1.000000 0.000000
vt 0.000000 1.000000
vt 0.000000 0.000000
vt 1.000000 0.000000
vt 0.000000 1.000000
vt 0.000000 0.000000
vt 1.000000 0.000000
vt 0.000000 1.000000
vt 0.000000 0.000000
vt 1.000000 0.000000
vt 0.000000 1.000000
vt 0.000000 0.000000
vt 1.000000 0.000000
vt 0.000000 1.000000
vt 0.000000 0.000000
vt 1.000000 0.000000
vt 0.000000 1.000000
vt 0.000000 0.000000
vt 1.000000 0.000000
vt 0.000000 1.000000
vt 0.000000 0.000000
vt 1.000000 0.000000
vt 0.000000 1.000000
vt 0.000000 0.000000
vt 1.000000 0.000000
vt 0.000000 1.000000
vt 0.000000 0.000000
vt 1.000000 0.000000
vt 0.000000 1.000000
vt 0.000000 0.000000
vt 1.000000 0.000000
vt 0.000000 1.000000
vt 0.000000 0.000000
vt 1.000000 0.000000
vt 0.000000 1.000000
vt 0.000000 0.000000
vt 1.000000 0.000000
vt 0.000000 1.000000
vt 0.000000 0.000000
vt 1.000000 0.000000
vt 0.000000 1.000000
vt 0.000000 0.000000
vt 1.000000 0.000000
vt 0.000000 1.000000
vt 0.000000 0.000000
vt 1.000000 0.000000
vt 0.000000 1.000000
vt 0.000000 0.000000
vt 1.000000 0.000000
vt 0.000000 1.000000
vt 0.000000 0.000000
vt 1.000000 0.000000
vt 0.000000 1.000000
vt 0.000000 0.000000
vt 1.000000 0.000000
vt 0.000000 1.000000
vt 0.000000 0.000000
vt 1.000000 0.000000
vt 0.000000 1.000000
vt 0.000000 0.000000
vt 1.000000 0.000000
vt 0.000000 1.000000
vt 0.000000 0.000000
vt 1.000000 0.000000
vt 0.000000 1.000000
vt 0.000000 0.000000
vt 1.000000 0.000000
vt 0.000000 1.000000
vt 0.000000 0.000000
vt 1.000000 0.000000
vt 0.000000 1.000000
vt 0.000000 0.000000
vt 1.000000 0.000000
vt 0.000000 1.000000
vt 0.000000 0.000000
vt 1.000000 0.000000
vt 0.000000 1.000000
vt 0.000000 0.000000
vt 1.000000 0.000000
vt 0.000000 1.000000
vt 0.000000 0.000000
vt 1.000000 0.000000
vt 0.000000 1.000000
vt 0.000000 0.000000
vt 1.000000 0.000000
vt 0.000000 1.000000
vt 0.000000 0.000000
vt 1.000000 0.000000
vt 0.000000 1.000000
vt 0.000000 0.000000
vt 1.000000 0.000000
vt 0.000000 1.000000
vt 0.000000 0.000000
vt 1.000000 0.000000
vt 0.000000 1.000000
vt 0.000000 0.000000
vt 1.000000 0.000000
vt 0.000000 1.000000
vt 0.000000 0.000000
vt 1.000000 0.000000
vt 0.000000 1.000000
vt 0.000000 0.000000
vt 1.000000 0.000000
vt 0.000000 1.000000
vt 0.000000 0.000000
vt 1.000000 0.000000
vt 0.000000 1.000000
vt 0.000000 0.000000
vt 1.000000 0.000000
vt 0.000000 1.000000
vt 0.000000 0.000000
vt 1.000000 0.000000
vt 0.000000 1.000000
vt 0.000000 0.000000
vt 1.000000 0.000000
vt 0.000000 1.000000
vt 0.000000 0.000000
vt 1.000000 0.000000
vt 0.000000 1.000000
vt 0.000000 0.000000
vt 1.000000 0.000000
vt 0.000000 1.000000
vt 0.000000 0.000000
vt 1.000000 0.000000
vt 0.000000 1.000000
vt 0.000000 0.000000
vt 1.000000 0.000000
vt 0.000000 1.000000
vt 0.000000 0.000000
vt 1.000000 0.000000
vt 0.000000 1.000000
vt 0.000000 0.000000
vt 1.000000 0.000000
vt 0.000000 1.000000
vt 0.000000 0.000000
vt 1.000000 0.000000
vt 0.000000 1.000000
vt 0.000000 0.000000
vt 1.000000 0.000000
vt 0.000000 1.000000
vt 0.000000 0.000000
vt 1.000000 0.000000
vt 0.000000 1.000000
vt 0.000000 0.000000
vt 1.000000 0.000000
vt 0.000000 1.000000
vt 0.000000 0.000000
vt 1.000000 0.000000
vt 0.000000 1.000000
vt 0.000000 0.000000
vt 1.000000 0.000000
vt 0.000000 1.000000
vt 0.000000 0.000000
vt 1.000000 0.000000
vt 0.000000 1.000000
vt 0.000000 0.000000
vt 1.000000 0.000000
vt 0.000000 1.000000
vt 0.000000 0.000000
vt 1.000000 0.000000
vt 0.000000 1.000000
vt 0.000000 0.000000
vt 1.000000 0.000000
vt 0.000000 1.000000
vt 0.000000 0.000000
vt 1.000000 0.000000
vt 0.000000 1.000000
vt 0.000000 0.000000
vt 1.000000 0.000000
vt 0.000000 1.000000
vt 0.000000 0.000000
vt 1.000000 0.000000
vt 0.000000 1.000000
vt 0.000000 0.000000
vt 1.000000 0.000000
vt 0.000000 1.000000
vt 0.000000 0.000000
vt 1.000000 0.000000
vt 0.000000 1.000000
vt 0.000000 0.000000
vt 1.000000 0.000000
vt 0.000000 1.000000
vt 0.000000 0.000000
vt 1.000000 0.000000
vt 0.000000 1.000000
vt 0.000000 0.000000
vt 1.000000 0.000000
vt 0.000000 1.000000
vt 0.000000 0.000000
vt 1.000000 0.000000
vt 0.000000 1.000000
vt 0.000000 0.000000
vt 1.000000 0.000000
vt 0.000000 1.000000
vt 0.000000 0.000000
vt 1.000000 0.000000
vt 0.000000 1.000000
vt 0.000000 0.000000
vt 1.000000 0.000000
vt 0.000000 1.000000
vt 0.000000 0.000000
vt 1.000000 0.000000
vt 0.000000 1.000000
vt 0.000000 0.000000
vt 1.000000 0.000000
vt 0.000000 1.000000
vt 0.000000 0.000000
vt 1.000000 0.000000
vt 0.000000 1.000000
vt 0.000000 0.000000
vt 1.000000 0.000000
vt 0.000000 1.000000
vt 0.000000 0.000000
vt 1.000000 0.000000
vt 0.000000 1.000000
vt 0.000000 0.000000
vt 1.000000 0.000000
vt 0.000000 1.000000
vt 0.000000 0.000000
vt 1.000000 0.000000
vt 0.000000 1.000000
vt 0.000000 0.000000
vt 1.000000 0.000000
vt 0.000000 1.000000
vt 0.000000 0.000000
vt 1.000000 0.000000
vt 0.000000 1.000000
vt 0.000000 0.000000
vt 1.000000 0.000000
vt 0.000000 1.000000
vt 0.000000 0.000000
vt 1.000000 0.000000
vt 0.000000 1.000000
vt 0.000000 0.000000
vt 1.000000 0.000000
vt 0.000000 1.000000
vt 0.000000 0.000000
vt 1.000000 0.000000
vt 0.000000 1.000000
vt 0.000000 0.000000
vt 1.000000 0.000000
vt 0.000000 1.000000
vt 0.000000 0.000000
vt 1.000000 0.000000
vt 0.000000 1.000000
vt 0.000000 0.000000
vt 1.000000 0.000000
vt 0.000000 1.000000
vt 0.000000 0.000000
vt 1.000000 0.000000
vt 0.000000 1.000000
vt 0.000000 0.000000
vt 1.000000 0.000000
vt 0.000000 1.000000
vt 0.000000 0.000000
vt 1.000000 0.000000
vt 0.000000 1.000000
vt 0.000000 0.000000
vt 1.000000 0.000000
vt 0.000000 1.000000
vt 0.000000 0.000000
vt 1.000000 0.000000
vt 0.000000 1.000000
vt 0.000000 0.000000
vt 1.000000 0.000000
vt 0.000000 1.000000
vt 0.000000 0.000000
vt 1.000000 0.000000
vt 0.000000 1.000000
vt 0.000000 0.000000
vt 1.000000 0.000000
vt 0.000000 1.000000
vt 0.000000 0.000000
vt 1.000000 0.000000
vt 0.000000 1.000000
vt 0.000000 0.000000
vt 1.000000 0.000000
vt 0.000000 1.000000
vt 0.000000 0.000000
vt 1.000000 0.000000
vt 0.000000 1.000000
vt 0.000000 0.000000
vt 1.000000 0.000000
vt 0.000000 1.000000
vt 0.000000 0.000000
vt 1.000000 0.000000
vt 0.000000 1.000000
vt 0.000000 0.000000
vt 1.000000 0.000000
vt 0.000000 1.000000
vt 0.000000 0.000000
vt 1.000000 0.000000
vt 0.000000 1.000000
vt 0.000000 0.000000
vt 1.000000 0.000000
vt 0.000000 1.000000
vt 0.000000 0.000000
vt 1.000000 0.000000
vt 0.000000 1.000000
vt 0.000000 0.000000
vt 1.000000 0.000000
vt 0.000000 1.000000
vt 0.000000 0.000000
vt 1.000000 0.000000
vt 0.000000 1.000000
vt 0.000000 0.000000
vt 1.000000 0.000000
vt 0.000000 1.000000
vt 0.000000 0.000000
vt 1.000000 0.000000
vt 0.000000 1.000000
vt 0.000000 0.000000
vt 1.000000 0.000000
vt 0.000000 1.000000
vt 0.000000 0.000000
vt 1.000000 0.000000
vt 0.000000 1.000000
vt 0.000000 0.000000
vt 1.000000 0.000000
vt 0.000000 1.000000
vt 0.000000 0.000000
vt 1.000000 0.000000
vt 0.000000 1.000000
vt 0.000000 0.000000
vt 1.000000 0.000000
vt 0.000000 1.000000
vt 0.000000 0.000000
vt 1.000000 0.000000
vt 0.000000 1.000000
vt 0.000000 0.000000
vt 1.000000 0.000000
vt 0.000000 1.000000
vt 0.000000 0.000000
vt 1.000000 0.000000
vt 0.000000 1.000000
vt 0.000000 0.000000
vt 1.000000 0.000000
vt 0.000000 1.000000
vt 0.000000 0.000000
vt 1.000000 0.000000
vt 0.000000 1.000000
vt 0.000000 0.000000
vt 1.000000 0.000000
vt 0.000000 1.000000
vt 0.000000 0.000000
vt 1.000000 0.000000
vt 0.000000 1.000000
vt 0.000000 0.000000
vt 1.000000 0.000000
vt 0.000000 1.000000
vt 0.000000 0.000000
vt 1.000000 0.000000
vt 0.000000 1.000000
vt 0.000000 0.000000
vt 1.000000 0.000000
vt 0.000000 1.000000
vt 0.000000 0.000000
vt 1.000000 0.000000
vt 0.000000 1.000000
vt 0.000000 0.000000
vt 1.000000 0.000000
vt 0.000000 1.000000
vt 0.000000 0.000000
vt 1.000000 0.000000
vt 0.000000 1.000000
vt 0.000000 0.000000
vt 1.000000 0.000000
vt 0.000000 1.000000
vt 0.000000 0.000000
vt 1.000000 0.000000
vt 0.000000 1.000000
vt 0.000000 0.000000
vt 1.000000 0.000000
vt 0.000000 1.000000
vt 0.000000 0.000000
vt 1.000000 0.000000
vt 0.000000 1.000000
vt 0.000000 0.000000
vt 1.000000 0.000000
vt 0.000000 1.000000
vt 0.000000 0.000000
vt 1.000000 0.000000
vt 0.000000 1.000000
vt 0.000000 0.000000
vt 1.000000 0.000000
vt 0.000000 1.000000
vt 0.000000 0.000000
vt 1.000000 0.000000
vt 0.000000 1.000000
vt 0.000000 0.000000
vt 1.000000 0.000000
vt 0.000000 1.000000
vt 0.000000 0.000000
vt 1.000000 0.000000
vt 0.000000 1.000000
vt 0.000000 0.000000
vt 1.000000 0.000000
vt 0.000000 1.000000
vt 0.000000 0.000000
vt 1.000000 0.000000
vt 0.000000 1.000000
vt 0.000000 0.000000
vt 1.000000 0.000000
vt 0.000000 1.000000
vt 0.000000 0.000000
vt 1.000000 0.000000
vt 0.000000 1.000000
vt 0.000000 0.000000
vt 1.000000 0.000000
vt 0.000000 1.000000
vt 0.000000 0.000000
vt 1.000000 0.000000
vt 0.000000 1.000000
vt 0.000000 0.000000
vt 1.000000 0.000000
vt 0.000000 1.000000
vt 0.000000 0.000000
vt 1.000000 0.000000
vt 0.000000 1.000000
vt 0.000000 0.000000
vt 1.000000 0.000000
vt 0.000000 1.000000
vt 0.000000 0.000000
vt 1.000000 0.000000
vt 0.000000 1.000000
vt 0.000000 0.000000
vt 1.000000 0.000000
vt 0.000000 1.000000
vt 0.000000 0.000000
vt 1.000000 0.000000
vt 0.000000 1.000000
vt 0.000000 0.000000
vt 1.000000 0.000000
vt 0.000000 1.000000
vt 0.000000 0.000000
vt 1.000000 0.000000
vt 0.000000 1.000000
vt 0.000000 0.000000
vt 1.000000 0.000000
vt 0.000000 1.000000
vt 0.000000 0.000000
vt 1.000000 0.000000
vt 0.000000 1.000000
vt 0.000000 0.000000
vt 1.000000 0.000000
vt 0.000000 1.000000
vt 0.000000 0.000000
vt 1.000000 0.000000
vt 0.000000 1.000000
vt 0.000000 0.000000
vt 1.000000 0.000000
vt 0.000000 1.000000
vt 0.000000 0.000000
vt 1.000000 0.000000
vt 0.000000 1.000000
vt 0.000000 0.000000
vt 1.000000 0.000000
vt 0.000000 1.000000
vt 0.000000 0.000000
vt 1.000000 0.000000
vt 0.000000 1.000000
vt 0.000000 0.000000
vt 1.000000 0.000000
vt 0.000000 1.000000
vt 0.000000 0.000000
vt 1.000000 0.000000
vt 0.000000 1.000000
vt 0.000000 0.000000
vt 1.000000 0.000000
vt 0.000000 1.000000
vt 0.000000 0.000000
vt 1.000000 0.000000
vt 0.000000 1.000000
vt 0.000000 0.000000
vt 1.000000 0.000000
vt 0.000000 1.000000
vt 0.000000 0.000000
vt 1.000000 0.000000
vt 0.000000 1.000000
vt 0.000000 0.000000
vt 1.000000 0.000000
vt 0.000000 1.000000
vt 0.000000 0.000000
vt 1.000000 0.000000
vt 0.000000 1.000000
vt 0.000000 0.000000
vt 1.000000 0.000000
vt 0.000000 1.000000
vt 0.000000 0.000000
vt 1.000000 0.000000
vt 0.000000 1.000000
vt 0.000000 0.000000
vt 1.000000 0.000000
vt 0.000000 1.000000
vt 0.000000 0.000000
vt 1.000000 0.000000
vt 0.000000 1.000000
vt 0.000000 0.000000
vt 1.000000 0.000000
vt 0.000000 1.000000
vt 0.000000 0.000000
vt 1.000000 0.000000
vt 0.000000 1.000000
vt 0.000000 0.000000
vt 1.000000 0.000000
vt 0.000000 1.000000
vt 0.000000 0.000000
vt 1.000000 0.000000
vt 0.000000 1.000000
vt 0.000000 0.000000
vt 1.000000 0.000000
vt 0.000000 1.000000
vt 0.000000 0.000000
vt 1.000000 0.000000
vt 0.000000 1.000000
vt 0.000000 0.000000
vt 1.000000 0.000000
vt 0.000000 1.000000
vt 0.000000 0.000000
vt 1.000000 0.000000
vt 0.000000 1.000000
vt 0.000000 0.000000
vt 1.000000 0.000000
vt 0.000000 1.000000
vt 0.000000 0.000000
vt 1.000000 0.000000
vt 0.000000 1.000000
vt 0.000000 0.000000
vt 1.000000 0.000000
vt 0.000000 1.000000
vt 0.000000 0.000000
vt 1.000000 0.000000
vt 0.000000 1.000000
vt 0.000000 0.000000
vt 1.000000 0.000000
vt 0.000000 1.000000
vt 0.000000 0.000000
vt 1.000000 0.000000
vt 0.000000 1.000000
vt 0.000000 0.000000
vt 1.000000 0.000000
vt 0.000000 1.000000
vt 0.000000 0.000000
vt 1.000000 0.000000
vt 0.000000 1.000000
vt 0.000000 0.000000
vt 1.000000 0.000000
vt 0.000000 1.000000
vt 0.000000 0.000000
vt 1.000000 0.000000
vt 0.000000 1.000000
vt 0.000000 0.000000
vt 1.000000 0.000000
vt 0.000000 1.000000
vt 0.000000 0.000000
vt 1.000000 0.000000
vt 0.000000 1.000000
vt 0.000000 0.000000
vt 1.000000 0.000000
vt 0.000000 1.000000
vt 0.000000 0.000000
vt 1.000000 0.000000
vt 0.000000 1.000000
vt 0.000000 0.000000
vt 1.000000 0.000000
vt 0.000000 1.000000
vt 0.000000 0.000000
vt 1.000000 0.000000
vt 0.000000 1.000000
vt 0.000000 0.000000
vt 1.000000 0.000000
vt 0.000000 1.000000
vt 0.000000 0.000000
vt 1.000000 0.000000
vt 0.000000 1.000000
vt 0.000000 0.000000
vt 1.000000 0.000000
vt 0.000000 1.000000
vt 0.000000 0.000000
vt 1.000000 0.000000
vt 0.000000 1.000000
vt 0.000000 0.000000
vt 1.000000 0.000000
vt 0.000000 1.000000
vt 0.000000 0.000000
vt 1.000000 0.000000
vt 0.000000 1.000000
vt 0.000000 0.000000
vt 1.000000 0.000000
vt 0.000000 1.000000
vt 0.000000 0.000000
vt 1.000000 0.000000
vt 0.000000 1.000000
vt 0.000000 0.000000
vt 1.000000 0.000000
vt 0.000000 1.000000
vt 0.000000 0.000000
vt 1.000000 0.000000
vt 0.000000 1.000000
vt 0.000000 0.000000
vt 1.000000 0.000000
vt 0.000000 1.000000
vt 0.000000 0.000000
vt 1.000000 0.000000
vt 0.000000 1.000000
vt 0.000000 0.000000
vt 1.000000 0.000000
vt 0.000000 1.000000
vt 0.000000 0.000000
vt 1.000000 0.000000
vt 0.000000 1.000000
vt 0.000000 0.000000
vt 1.000000 0.000000
vt 0.000000 1.000000
vt 0.000000 0.000000
vt 1.000000 0.000000
vt 0.000000 1.000000
vt 0.000000 0.000000
vt 1.000000 0.000000
vt 0.000000 1.000000
vt 0.000000 0.000000
vt 1.000000 0.000000
vt 0.000000 1.000000
vt 0.000000 0.000000
vt 1.000000 0.000000
vt 0.000000 1.000000
vt 0.000000 0.000000
vt 1.000000 0.000000
vt 0.000000 1.000000
vt 0.000000 0.000000
vt 1.000000 0.000000
vt 0.000000 1.000000
vt 0.000000 0.000000
vt 1.000000 0.000000
vt 0.000000 1.000000
vt 0.000000 0.000000
vt 1.000000 0.000000
vt 0.000000 1.000000
vt 0.000000 0.000000
vt 1.000000 0.000000
vt 0.000000 1.000000
vt 0.000000 0.000000
vt 1.000000 0.000000
vt 0.000000 1.000000
vt 0.000000 0.000000
vt 1.000000 0.000000
vt 0.000000 1.000000
vt 0.000000 0.000000
vt 1.000000 0.000000
vt 0.000000 1.000000
vt 0.000000 0.000000
vt 1.000000 0.000000
vt 0.000000 1.000000
vt 0.000000 0.000000
vt 1.000000 0.000000
vt 0.000000 1.000000
vt 0.000000 0.000000
vt 1.000000 0.000000
vt 0.000000 1.000000
vt 0.000000 0.000000
vt 1.000000 0.000000
vt 0.000000 1.000000
vt 0.000000 0.000000
vt 1.000000 0.000000
vt 0.000000 1.000000
vt 0.000000 0.000000
vt 1.000000 0.000000
vt 0.000000 1.000000
vt 0.000000 0.000000
vt 1.000000 0.000000
vt 0.000000 1.000000
vt 0.000000 0.000000
vt 1.000000 0.000000
vt 0.000000 1.000000
vt 0.000000 0.000000
vt 1.000000 0.000000
vt 0.000000 1.000000
vt 0.000000 0.000000
vt 1.000000 0.000000
vt 0.000000 1.000000
vt 0.000000 0.000000
vt 1.000000 0.000000
vt 0.000000 1.000000
vt 0.000000 0.000000
vt 1.000000 0.000000
vt 0.000000 1.000000
vt 0.000000 0.000000
vt 1.000000 0.000000
vt 0.000000 1.000000
vt 0.000000 0.000000
vt 1.000000 0.000000
vt 0.000000 1.000000
vt 0.000000 0.000000
vt 1.000000 0.000000
vt 0.000000 1.000000
vt 0.000000 0.000000
vt 1.000000 0.000000
vt 0.000000 1.000000
vt 0.000000 0.000000
vt 1.000000 0.000000
vt 0.000000 1.000000
vt 0.000000 0.000000
vt 1.000000 0.000000
vt 0.000000 1.000000
vt 0.000000 0.000000
vt 1.000000 0.000000
vt 0.000000 1.000000
vt 0.000000 0.000000
vt 1.000000 0.000000
vt 0.000000 1.000000
vt 0.000000 0.000000
vt 1.000000 0.000000
vt 0.000000 1.000000
vt 0.000000 0.000000
vt 1.000000 0.000000
vt 0.000000 1.000000
vt 0.000000 0.000000
vt 1.000000 0.000000
vt 0.000000 1.000000
vt 0.000000 0.000000
vt 1.000000 0.000000
vt 0.000000 1.000000
vt 0.000000 0.000000
vt 1.000000 0.000000
vt 0.000000 1.000000
vt 0.000000 0.000000
vt 1.000000 0.000000
vt 0.000000 1.000000
vt 0.000000 0.000000
vt 1.000000 0.000000
vt 0.000000 1.000000
vt 0.000000 0.000000
vt 1.000000 0.000000
vt 0.000000 1.000000
vt 0.000000 0.000000
vt 1.000000 0.000000
vt 0.000000 1.000000
vt 0.000000 0.000000
vt 1.000000 0.000000
vt 0.000000 1.000000
vt 0.000000 0.000000
vt 1.000000 0.000000
vt 0.000000 1.000000
vt 0.000000 0.000000
vt 1.000000 0.000000
vt 0.000000 1.000000
vt 0.000000 0.000000
vt 1.000000 0.000000
vt 0.000000 1.000000
vt 0.000000 0.000000
vt 1.000000 0.000000
vt 0.000000 1.000000
vt 0.000000 0.000000
vt 1.000000 0.000000
vt 0.000000 1.000000
vt 0.000000 0.000000
vt 1.000000 0.000000
vt 0.000000 1.000000
vt 0.000000 0.000000
vt 1.000000 0.000000
vt 0.000000 1.000000
vt 0.000000 0.000000
vt 1.000000 0.000000
vt 0.000000 1.000000
vt 0.000000 0.000000
vt 1.000000 0.000000
vt 0.000000 1.000000
vt 0.000000 0.000000
vt 1.000000 0.000000
vt 0.000000 1.000000
vt 0.000000 0.000000
vt 1.000000 0.000000
vt 0.000000 1.000000
vt 0.000000 0.000000
vt 1.000000 0.000000
vt 0.000000 1.000000
vt 0.000000 0.000000
vt 1.000000 0.000000
vt 0.000000 1.000000
vt 0.000000 0.000000
vt 1.000000 0.000000
vt 0.000000 1.000000
vt 0.000000 0.000000
vt 1.000000 0.000000
vt 0.000000 1.000000
vt 0.000000 0.000000
vt 1.000000 0.000000
vt 0.000000 1.000000
vt 0.000000 0.000000
vt 1.000000 0.000000
vt 0.000000 1.000000
vt 0.000000 0.000000
vt 1.000000 0.000000
vt 0.000000 1.000000
vt 0.000000 0.000000
vt 1.000000 0.000000
vt 0.000000 1.000000
vt 0.000000 0.000000
vt 1.000000 0.000000
vt 0.000000 1.000000
vt 0.000000 0.000000
vt 1.000000 0.000000
vt 0.000000 1.000000
vt 0.000000 0.000000
vt 1.000000 0.000000
vt 0.000000 1.000000
vt 0.000000 0.000000
vt 1.000000 0.000000
vt 0.000000 1.000000
vt 0.000000 0.000000
vt 1.000000 0.000000
vt 0.000000 1.000000
vt 0.000000 0.000000
vt 1.000000 0.000000
vt 0.000000 1.000000
vt 0.000000 0.000000
vt 1.000000 0.000000
vt 0.000000 1.000000
vt 0.000000 0.000000
vt 1.000000 0.000000
vt 0.000000 1.000000
vt 0.000000 0.000000
vt 1.000000 0.000000
vt 0.000000 1.000000
vt 0.000000 0.000000
vt 1.000000 0.000000
vt 0.000000 1.000000
vt 0.000000 0.000000
vt 1.000000 0.000000
vt 0.000000 1.000000
vt 0.000000 0.000000
vt 1.000000 0.000000
vt 0.000000 1.000000
vt 0.000000 0.000000
vt 1.000000 0.000000
vt 0.000000 1.000000
vt 0.000000 0.000000
vt 1.000000 0.000000
vt 0.000000 1.000000
vt 0.000000 0.000000
vt 1.000000 0.000000
vt 0.000000 1.000000
vt 0.000000 0.000000
vt 1.000000 0.000000
vt 0.000000 1.000000
vt 0.000000 0.000000
vt 1.000000 0.000000
vt 0.000000 1.000000
vt 0.000000 0.000000
vt 1.000000 0.000000
vt 0.000000 1.000000
vt 0.000000 0.000000
vt 1.000000 0.000000
vt 0.000000 1.000000
vt 0.000000 0.000000
vt 1.000000 0.000000
vt 0.000000 1.000000
vt 0.000000 0.000000
vt 1.000000 0.000000
vt 0.000000 1.000000
vt 0.000000 0.000000
vt 1.000000 0.000000
vt 0.000000 1.000000
vt 0.000000 0.000000
vt 1.000000 0.000000
vt 0.000000 1.000000
vt 0.000000 0.000000
vt 1.000000 0.000000
vt 0.000000 1.000000
vt 0.000000 0.000000
vt 1.000000 0.000000
vt 0.000000 1.000000
vt 0.000000 0.000000
vt 1.000000 0.000000
vt 0.000000 1.000000
vt 0.000000 0.000000
vt 1.000000 0.000000
vt 0.000000 1.000000
vt 0.000000 0.000000
vt 1.000000 0.000000
vt 0.000000 1.000000
vt 0.000000 0.000000
vt 1.000000 0.000000
vt 0.000000 1.000000
vt 0.000000 0.000000
vt 1.000000 0.000000
vt 0.000000 1.000000
vt 0.000000 0.000000
vt 1.000000 0.000000
vt 0.000000 1.000000
vt 0.000000 0.000000
vt 1.000000 0.000000
vt 0.000000 1.000000
vt 0.000000 0.000000
vt 1.000000 0.000000
vt 0.000000 1.000000
vt 0.000000 0.000000
vt 1.000000 0.000000
vt 0.000000 1.000000
vt 0.000000 0.000000
vt 1.000000 0.000000
vt 0.000000 1.000000
vt 0.000000 0.000000
vt 1.000000 0.000000
vt 0.000000 1.000000
vt 0.000000 0.000000
vt 1.000000 0.000000
vt 0.000000 1.000000
vt 0.000000 0.000000
vt 1.000000 0.000000
vt 0.000000 1.000000
vt 0.000000 0.000000
vt 1.000000 0.000000
vt 0.000000 1.000000
vt 0.000000 0.000000
vt 1.000000 0.000000
vt 0.000000 1.000000
vt 0.000000 0.000000
vt 1.000000 0.000000
vt 0.000000 1.000000
vt 0.000000 0.000000
vt 1.000000 0.000000
vt 0.000000 1.000000
vt 0.000000 0.000000
vt 1.000000 0.000000
vt 0.000000 1.000000
vt 0.000000 0.000000
vt 1.000000 0.000000
vt 0.000000 1.000000
vt 0.000000 0.000000
vt 1.000000 0.000000
vt 0.000000 1.000000
vt 0.000000 0.000000
vt 1.000000 0.000000
vt 0.000000 1.000000
vt 0.000000 0.000000
vt 1.000000 0.000000
vt 0.000000 1.000000
vt 0.000000 0.000000
vt 1.000000 0.000000
vt 0.000000 1.000000
vt 0.000000 0.000000
vt 1.000000 0.000000
vt 0.000000 1.000000
vt 0.000000 0.000000
vt 1.000000 0.000000
vt 0.000000 1.000000
vt 0.000000 0.000000
vt 1.000000 0.000000
vt 0.000000 1.000000
vt 0.000000 0.000000
vt 1.000000 0.000000
vt 0.000000 1.000000
vt 0.000000 0.000000
vt 1.000000 0.000000
vt 0.000000 1.000000
vt 0.000000 0.000000
vt 1.000000 0.000000
vt 0.000000 1.000000
vt 0.000000 0.000000
vt 1.000000 0.000000
vt 0.000000 1.000000
vt 0.000000 0.000000
vt 1.000000 0.000000
vt 0.000000 1.000000
vt 0.000000 0.000000
vt 1.000000 0.000000
vt 0.000000 1.000000
vt 0.000000 0.000000
vt 1.000000 0.000000
vt 0.000000 1.000000
vt 0.000000 0.000000
vt 1.000000 0.000000
vt 0.000000 1.000000
vt 0.000000 0.000000
vt 1.000000 0.000000
vt 0.000000 1.000000
usemtl Shell
f 1/1 3/2 4/3
f 1/4 4/5 2/6
f 3/7 5/8 6/9
f 3/10 6/11 4/12
f 5/13 7/14 8/15
f 5/16 8/17 6/18
f 7/19 9/20 10/21
f 7/22 10/23 8/24
f 9/25 11/26 12/27
f 9/28 12/29 10/30
f 11/31 13/32 14/33
f 11/34 14/35 12/36
f 13/37 15/38 16/39
f 13/40 16/41 14/42
f 15/43 17/44 18/45
f 15/46 18/47 16/48
f 17/49 19/50 20/51
f 17/52 20/53 18/54
f 19/55 21/56 22/57
f 19/58 22/59 20/60
f 21/61 23/62 24/63
f 21/64 24/65 22/66
f 23/67 25/68 26/69
f 23/70 26/71 24/72
f 25/73 27/74 28/75
f 25/76 28/77 26/78
f 27/79 29/80 30/81
f 27/82 30/83 28/84
f 29/85 31/86 32/87
f 29/88 32/89 30/90
f 31/91 33/92 34/93
f 31/94 34/95 32/96
f 33/97 35/98 36/99
f 33/100 36/101 34/102
f 35/103 37/104 38/105
f 35/106 38/107 36/108
f 37/109 39/110 40/111
f 37/112 40/113 38/114
f 39/115 41/116 42/117
f 39/118 42/119 40/120
f 41/121 43/122 44/123
f 41/124 44/125 42/126
f 43/127 45/128 46/129
f 43/130 46/131 44/132
f 45/133 47/134 48/135
f 45/136 48/137 46/138
f 47/139 49/140 50/141
f 47/142 50/143 48/144
f 49/145 51/146 52/147
f 49/148 52/149 50/150
f 51/151 53/152 54/153
f 51/154 54/155 52/156
f 53/157 55/158 56/159
f 53/160 56/161 54/162
f 55/163 57/164 58/165
f 55/166 58/167 56/168
f 57/169 59/170 60/171
f 57/172 60/173 58/174
f 59/175 61/176 62/177
f 59/178 62/179 60/180
f 61/181 63/182 64/183
f 61/184 64/185 62/186
f 63/187 65/188 66/189
f 63/190 66/191 64/192
f 65/193 67/194 68/195
f 65/196 68/197 66/198
f 67/199 69/200 70/201
f 67/202 70/203 68/204
f 69/205 71/206 72/207
f 69/208 72/209 70/210
f 71/211 73/212 74/213
f 71/214 74/215 72/216
f 73/217 75/218 76/219
f 73/220 76/221 74/222
f 75/223 77/224 78/225
f 75/226 78/227 76/228
f 77/229 79/230 80/231
f 77/232 80/233 78/234
f 79/235 81/236 82/237
f 79/238 82/239 80/240
f 81/241 83/242 84/243
f 81/244 84/245 82/246
f 83/247 85/248 86/249
f 83/250 86/251 84/252
f 85/253 87/254 88/255
f 85/256 88/257 86/258
f 87/259 89/260 90/261
f 87/262 90/263 88/264
f 89/265 91/266 92/267
f 89/268 92/269 90/270
f 91/271 93/272 94/273
f 91/274 94/275 92/276
f 93/277 95/278 96/279
f 93/280 96/281 94/282
f 95/283 1/284 2/285
f 95/286 2/287 96/288
f 97/289 3/290 1/291
f 98/292 2/293 4/294
f 97/295 5/296 3/297
f 98/298 4/299 6/300
f 97/301 7/302 5/303
f 98/304 6/305 8/306
f 97/307 9/308 7/309
f 98/310 8/311 10/312
f 97/313 11/314 9/315
f 98/316 10/317 12/318
f 97/319 13/320 11/321
f 98/322 12/323 14/324
f 97/325 15/326 13/327
f 98/328 14/329 16/330
f 97/331 17/332 15/333
f 98/334 16/335 18/336
f 97/337 19/338 17/339
f 98/340 18/341 20/342
f 97/343 21/344 19/345
f 98/346 20/347 22/348
f 97/349 23/350 21/351
f 98/352 22/353 24/354
f 97/355 25/356 23/357
f 98/358 24/359 26/360
f 97/361 27/362 25/363
f 98/364 26/365 28/366
f 97/367 29/368 27/369
f 98/370 28/371 30/372
f 97/373 31/374 29/375
f 98/376 30/377 32/378
f 97/379 33/380 31/381
f 98/382 32/383 34/384
f 97/385 35/386 33/387
f 98/388 34/389 36/390
f 97/391 37/392 35/393
f 98/394 36/395 38/396
f 97/397 39/398 37/399
f 98/400 38/401 40/402
f 97/403 41/404 39/405
f 98/406 40/407 42/408
f 97/409 43/410 41/411
f 98/412 42/413 44/414
f 97/415 45/416 43/417
f 98/418 44/419 46/420
f 97/421 47/422 45/423
f 98/424 46/425 48/426
f 97/427 49/428 47/429
f 98/430 48/431 50/432
f 97/433 51/434 49/435
f 98/436 50/437 52/438
f 97/439 53/440 51/441
f 98/442 52/443 54/444
f 97/445 55/446 53/447
f 98/448 54/449 56/450
f 97/451 57/452 55/453
f 98/454 56/455 58/456
f 97/457 59/458 57/459
f 98/460 58/461 60/462
f 97/463 61/464 59/465
f 98/466 60/467 62/468
f 97/469 63/470 61/471
f 98/472 62/473 64/474
f 97/475 65/476 63/477
f 98/478 64/479 66/480
f 97/481 67/482 65/483
f 98/484 66/485 68/486
f 97/487 69/488 67/489
f 98/490 68/491 70/492
f 97/493 71/494 69/495
f 98/496 70/497 72/498
f 97/499 73/500 71/501
f 98/502 72/503 74/504
f 97/505 75/506 73/507
f 98/508 74/509 76/510
f 97/511 77/512 75/513
f 98/514 76/515 78/516
f 97/517 79/518 77/519
f 98/520 78/521 80/522
f 97/523 81/524 79/525
f 98/526 80/527 82/528
f 97/529 83/530 81/531
f 98/532 82/533 84/534
f 97/535 85/536 83/537
f 98/538 84/539 86/540
f 97/541 87/542 85/543
f 98/544 86/545 88/546
f 97/547 89/548 87/549
f 98/550 88/551 90/552
f 97/553 91/554 89/555
f 98/556 90/557 92/558
f 97/559 93/560 91/561
f 98/562 92/563 94/564
f 97/565 95/566 93/567
f 98/568 94/569 96/570
f 97/571 1/572 95/573
f 98/574 96/575 2/576
usemtl Mechanism
f 99/577 107/578 108/579
f 99/580 108/581 100/582
f 100/583 108/584 109/585
f 100/586 109/587 101/588
f 101/589 109/590 110/591
f 101/592 110/593 102/594
f 102/595 110/596 111/597
f 102/598 111/599 103/600
f 103/601 111/602 112/603
f 103/604 112/605 104/606
f 104/607 112/608 113/609
f 104/610 113/611 105/612
f 105/613 113/614 114/615
f 105/616 114/617 106/618
f 106/619 114/620 107/621
f 106/622 107/623 99/624
f 107/625 115/626 116/627
f 107/628 116/629 108/630
f 108/631 116/632 117/633
f 108/634 117/635 109/636
f 109/637 117/638 118/639
f 109/640 118/641 110/642
f 110/643 118/644 119/645
f 110/646 119/647 111/648
f 111/649 119/650 120/651
f 111/652 120/653 112/654
f 112/655 120/656 121/657
f 112/658 121/659 113/660
f 113/661 121/662 122/663
f 113/664 122/665 114/666
f 114/667 122/668 115/669
f 114/670 115/671 107/672
f 115/673 123/674 124/675
f 115/676 124/677 116/678
f 116/679 124/680 125/681
f 116/682 125/683 117/684
f 117/685 125/686 126/687
f 117/688 126/689 118/690
f 118/691 126/692 127/693
f 118/694 127/695 119/696
f 119/697 127/698 128/699
f 119/700 128/701 120/702
f 120/703 128/704 129/705
f 120/706 129/707 121/708
f 121/709 129/710 130/711
f 121/712 130/713 122/714
f 122/715 130/716 123/717
f 122/718 123/719 115/720
f 123/721 131/722 132/723
f 123/724 132/725 124/726
f 124/727 132/728 133/729
f 124/730 133/731 125/732
f 125/733 133/734 134/735
f 125/736 134/737 126/738
f 126/739 134/740 135/741
f 126/742 135/743 127/744
f 127/745 135/746 136/747
f 127/748 136/749 128/750
f 128/751 136/752 137/753
f 128/754 137/755 129/756
f 129/757 137/758 138/759
f 129/760 138/761 130/762
f 130/763 138/764 131/765
f 130/766 131/767 123/768
f 131/769 139/770 140/771
f 131/772 140/773 132/774
f 132/775 140/776 141/777
f 132/778 141/779 133/780
f 133/781 141/782 142/783
f 133/784 142/785 134/786
f 134/787 142/788 143/789
f 134/790 143/791 135/792
f 135/793 143/794 144/795
f 135/796 144/797 136/798
f 136/799 144/800 145/801
f 136/802 145/803 137/804
f 137/805 145/806 146/807
f 137/808 146/809 138/810
f 138/811 146/812 139/813
f 138/814 139/815 131/816
f 139/817 147/818 148/819
f 139/820 148/821 140/822
f 140/823 148/824 149/825
f 140/826 149/827 141/828
f 141/829 149/830 150/831
f 141/832 150/833 142/834
f 142/835 150/836 151/837
f 142/838 151/839 143/840
f 143/841 151/842 152/843
f 143/844 152/845 144/846
f 144/847 152/848 153/849
f 144/850 153/851 145/852
f 145/853 153/854 154/855
f 145/856 154/857 146/858
f 146/859 154/860 147/861
f 146/862 147/863 139/864
f 147/865 155/866 156/867
f 147/868 156/869 148/870
f 148/871 156/872 157/873
f 148/874 157/875 149/876
f 149/877 157/878 158/879
f 149/880 158/881 150/882
f 150/883 158/884 159/885
f 150/886 159/887 151/888
f 151/889 159/890 160/891
f 151/892 160/893 152/894
f 152/895 160/896 161/897
f 152/898 161/899 153/900
f 153/901 161/902 162/903
f 153/904 162/905 154/906
f 154/907 162/908 155/909
f 154/910 155/911 147/912
f 155/913 163/914 164/915
f 155/916 164/917 156/918
f 156/919 164/920 165/921
f 156/922 165/923 157/924
f 157/925 165/926 166/927
f 157/928 166/929 158/930
f 158/931 166/932 167/933
f 158/934 167/935 159/936
f 159/937 167/938 168/939
f 159/940 168/941 160/942
f 160/943 168/944 169/945
f 160/946 169/947 161/948
f 161/949 169/950 170/951
f 161/952 170/953 162/954
f 162/955 170/956 163/957
f 162/958 163/959 155/960
f 163/961 171/962 172/963
f 163/964 172/965 164/966
f 164/967 172/968 173/969
f 164/970 173/971 165/972
f 165/973 173/974 174/975
f 165/976 174/977 166/978
f 166/979 174/980 175/981
f 166/982 175/983 167/984
f 167/985 175/986 176/987
f 167/988 176/989 168/990
f 168/991 176/992 177/993
f 168/994 177/995 169/996
f 169/997 177/998 178/999
f 169/1000 178/1001 170/1002
f 170/1003 178/1004 171/1005
f 170/1006 171/1007 163/1008
f 171/1009 179/1010 180/1011
f 171/1012 180/1013 172/1014
f 172/1015 180/1016 181/1017
f 172/1018 181/1019 173/1020
f 173/1021 181/1022 182/1023
f 173/1024 182/1025 174/1026
f 174/1027 182/1028 183/1029
f 174/1030 183/1031 175/1032
f 175/1033 183/1034 184/1035
f 175/1036 184/1037 176/1038
f 176/1039 184/1040 185/1041
f 176/1042 185/1043 177/1044
f 177/1045 185/1046 186/1047
f 177/1048 186/1049 178/1050
f 178/1051 186/1052 179/1053
f 178/1054 179/1055 171/1056
f 179/1057 187/1058 188/1059
f 179/1060 188/1061 180/1062
f 180/1063 188/1064 189/1065
f 180/1066 189/1067 181/1068
f 181/1069 189/1070 190/1071
f 181/1072 190/1073 182/1074
f 182/1075 190/1076 191/1077
f 182/1078 191/1079 183/1080
f 183/1081 191/1082 192/1083
f 183/1084 192/1085 184/1086
f 184/1087 192/1088 193/1089
f 184/1090 193/1091 185/1092
f 185/1093 193/1094 194/1095
f 185/1096 194/1097 186/1098
f 186/1099 194/1100 187/1101
f 186/1102 187/1103 179/1104
f 187/1105 195/1106 196/1107
f 187/1108 196/1109 188/1110
f 188/1111 196/1112 197/1113
f 188/1114 197/1115 189/1116
f 189/1117 197/1118 198/1119
f 189/1120 198/1121 190/1122
f 190/1123 198/1124 199/1125
f 190/1126 199/1127 191/1128
f 191/1129 199/1130 200/1131
f 191/1132 200/1133 192/1134
f 192/1135 200/1136 201/1137
f 192/1138 201/1139 193/1140
f 193/1141 201/1142 202/1143
f 193/1144 202/1145 194/1146
f 194/1147 202/1148 195/1149
f 194/1150 195/1151 187/1152
f 195/1153 203/1154 204/1155
f 195/1156 204/1157 196/1158
f 196/1159 204/1160 205/1161
f 196/1162 205/1163 197/1164
f 197/1165 205/1166 206/1167
f 197/1168 206/1169 198/1170
f 198/1171 206/1172 207/1173
f 198/1174 207/1175 199/1176
f 199/1177 207/1178 208/1179
f 199/1180 208/1181 200/1182
f 200/1183 208/1184 209/1185
f 200/1186 209/1187 201/1188
f 201/1189 209/1190 210/1191
f 201/1192 210/1193 202/1194
f 202/1195 210/1196 203/1197
f 202/1198 203/1199 195/1200
f 203/1201 211/1202 212/1203
f 203/1204 212/1205 204/1206
f 204/1207 212/1208 213/1209
f 204/1210 213/1211 205/1212
f 205/1213 213/1214 214/1215
f 205/1216 214/1217 206/1218
f 206/1219 214/1220 215/1221
f 206/1222 215/1223 207/1224
f 207/1225 215/1226 216/1227
f 207/1228 216/1229 208/1230
f 208/1231 216/1232 217/1233
f 208/1234 217/1235 209/1236
f 209/1237 217/1238 218/1239
f 209/1240 218/1241 210/1242
f 210/1243 218/1244 211/1245
f 210/1246 211/1247 203/1248
f 211/1249 219/1250 220/1251
f 211/1252 220/1253 212/1254
f 212/1255 220/1256 221/1257
f 212/1258 221/1259 213/1260
f 213/1261 221/1262 222/1263
f 213/1264 222/1265 214/1266
f 214/1267 222/1268 223/1269
f 214/1270 223/1271 215/1272
f 215/1273 223/1274 224/1275
f 215/1276 224/1277 216/1278
f 216/1279 224/1280 225/1281
f 216/1282 225/1283 217/1284
f 217/1285 225/1286 226/1287
f 217/1288 226/1289 218/1290
f 218/1291 226/1292 219/1293
f 218/1294 219/1295 211/1296
f 219/1297 227/1298 228/1299
f 219/1300 228/1301 220/1302
f 220/1303 228/1304 229/1305
f 220/1306 229/1307 221/1308
f 221/1309 229/1310 230/1311
f 221/1312 230/1313 222/1314
f 222/1315 230/1316 231/1317
f 222/1318 231/1319 223/1320
f 223/1321 231/1322 232/1323
f 223/1324 232/1325 224/1326
f 224/1327 232/1328 233/1329
f 224/1330 233/1331 225/1332
f 225/1333 233/1334 234/1335
f 225/1336 234/1337 226/1338
f 226/1339 234/1340 227/1341
f 226/1342 227/1343 219/1344
f 227/1345 235/1346 236/1347
f 227/1348 236/1349 228/1350
f 228/1351 236/1352 237/1353
f 228/1354 237/1355 229/1356
f 229/1357 237/1358 238/1359
f 229/1360 238/1361 230/1362
f 230/1363 238/1364 239/1365
f 230/1366 239/1367 231/1368
f 231/1369 239/1370 240/1371
f 231/1372 240/1373 232/1374
f 232/1375 240/1376 241/1377
f 232/1378 241/1379 233/1380
f 233/1381 241/1382 242/1383
f 233/1384 242/1385 234/1386
f 234/1387 242/1388 235/1389
f 234/1390 235/1391 227/1392
f 235/1393 243/1394 244/1395
f 235/1396 244/1397 236/1398
f 236/1399 244/1400 245/1401
f 236/1402 245/1403 237/1404
f 237/1405 245/1406 246/1407
f 237/1408 246/1409 238/1410
f 238/1411 246/1412 247/1413
f 238/1414 247/1415 239/1416
f 239/1417 247/1418 248/1419
f 239/1420 248/1421 240/1422
f 240/1423 248/1424 249/1425
f 240/1426 249/1427 241/1428
f 241/1429 249/1430 250/1431
f 241/1432 250/1433 242/1434
f 242/1435 250/1436 243/1437
f 242/1438 243/1439 235/1440
f 243/1441 251/1442 252/1443
f 243/1444 252/1445 244/1446
f 244/1447 252/1448 253/1449
f 244/1450 253/1451 245/1452
f 245/1453 253/1454 254/1455
f 245/1456 254/1457 246/1458
f 246/1459 254/1460 255/1461
f 246/1462 255/1463 247/1464
f 247/1465 255/1466 256/1467
f 247/1468 256/1469 248/1470
f 248/1471 256/1472 257/1473
f 248/1474 257/1475 249/1476
f 249/1477 257/1478 258/1479
f 249/1480 258/1481 250/1482
f 250/1483 258/1484 251/1485
f 250/1486 251/1487 243/1488
f 251/1489 259/1490 260/1491
f 251/1492 260/1493 252/1494
f 252/1495 260/1496 261/1497
f 252/1498 261/1499 253/1500
f 253/1501 261/1502 262/1503
f 253/1504 262/1505 254/1506
f 254/1507 262/1508 263/1509
f 254/1510 263/1511 255/1512
f 255/1513 263/1514 264/1515
f 255/1516 264/1517 256/1518
f 256/1519 264/1520 265/1521
f 256/1522 265/1523 257/1524
f 257/1525 265/1526 266/1527
f 257/1528 266/1529 258/1530
f 258/1531 266/1532 259/1533
f 258/1534 259/1535 251/1536
f 259/1537 267/1538 268/1539
f 259/1540 268/1541 260/1542
f 260/1543 268/1544 269/1545
f 260/1546 269/1547 261/1548
f 261/1549 269/1550 270/1551
f 261/1552 270/1553 262/1554
f 262/1555 270/1556 271/1557
f 262/1558 271/1559 263/1560
f 263/1561 271/1562 272/1563
f 263/1564 272/1565 264/1566
f 264/1567 272/1568 273/1569
f 264/1570 273/1571 265/1572
f 265/1573 273/1574 274/1575
f 265/1576 274/1577 266/1578
f 266/1579 274/1580 267/1581
f 266/1582 267/1583 259/1584
f 267/1585 275/1586 276/1587
f 267/1588 276/1589 268/1590
f 268/1591 276/1592 277/1593
f 268/1594 277/1595 269/1596
f 269/1597 277/1598 278/1599
f 269/1600 278/1601 270/1602
f 270/1603 278/1604 279/1605
f 270/1606 279/1607 271/1608
f 271/1609 279/1610 280/1611
f 271/1612 280/1613 272/1614
f 272/1615 280/1616 281/1617
f 272/1618 281/1619 273/1620
f 273/1621 281/1622 282/1623
f 273/1624 282/1625 274/1626
f 274/1627 282/1628 275/1629
f 274/1630 275/1631 267/1632
f 275/1633 283/1634 284/1635
f 275/1636 284/1637 276/1638
f 276/1639 284/1640 285/1641
f 276/1642 285/1643 277/1644
f 277/1645 285/1646 286/1647
f 277/1648 286/1649 278/1650
f 278/1651 286/1652 287/1653
f 278/1654 287/1655 279/1656
f 279/1657 287/1658 288/1659
f 279/1660 288/1661 280/1662
f 280/1663 288/1664 289/1665
f 280/1666 289/1667 281/1668
f 281/1669 289/1670 290/1671
f 281/1672 290/1673 282/1674
f 282/1675 290/1676 283/1677
f 282/1678 283/1679 275/1680
f 283/1681 291/1682 292/1683
f 283/1684 292/1685 284/1686
f 284/1687 292/1688 293/1689
f 284/1690 293/1691 285/1692
f 285/1693 293/1694 294/1695
f 285/1696 294/1697 286/1698
f 286/1699 294/1700 295/1701
f 286/1702 295/1703 287/1704
f 287/1705 295/1706 296/1707
f 287/1708 296/1709 288/1710
f 288/1711 296/1712 297/1713
f 288/1714 297/1715 289/1716
f 289/1717 297/1718 298/1719
f 289/1720 298/1721 290/1722
f 290/1723 298/1724 291/1725
f 290/1726 291/1727 283/1728
f 291/1729 299/1730 300/1731
f 291/1732 300/1733 292/1734
f 292/1735 300/1736 301/1737
f 292/1738 301/1739 293/1740
f 293/1741 301/1742 302/1743
f 293/1744 302/1745 294/1746
f 294/1747 302/1748 303/1749
f 294/1750 303/1751 295/1752
f 295/1753 303/1754 304/1755
f 295/1756 304/1757 296/1758
f 296/1759 304/1760 305/1761
f 296/1762 305/1763 297/1764
f 297/1765 305/1766 306/1767
f 297/1768 306/1769 298/1770
f 298/1771 306/1772 299/1773
f 298/1774 299/1775 291/1776
f 299/1777 307/1778 308/1779
f 299/1780 308/1781 300/1782
f 300/1783 308/1784 309/1785
f 300/1786 309/1787 301/1788
f 301/1789 309/1790 310/1791
f 301/1792 310/1793 302/1794
f 302/1795 310/1796 311/1797
f 302/1798 311/1799 303/1800
f 303/1801 311/1802 312/1803
f 303/1804 312/1805 304/1806
f 304/1807 312/1808 313/1809
f 304/1810 313/1811 305/1812
f 305/1813 313/1814 314/1815
f 305/1816 314/1817 306/1818
f 306/1819 314/1820 307/1821
f 306/1822 307/1823 299/1824
f 307/1825 315/1826 316/1827
f 307/1828 316/1829 308/1830
f 308/1831 316/1832 317/1833
f 308/1834 317/1835 309/1836
f 309/1837 317/1838 318/1839
f 309/1840 318/1841 310/1842
f 310/1843 318/1844 319/1845
f 310/1846 319/1847 311/1848
f 311/1849 319/1850 320/1851
f 311/1852 320/1853 312/1854
f 312/1855 320/1856 321/1857
f 312/1858 321/1859 313/1860
f 313/1861 321/1862 322/1863
f 313/1864 322/1865 314/1866
f 314/1867 322/1868 315/1869
f 314/1870 315/1871 307/1872
f 315/1873 323/1874 324/1875
f 315/1876 324/1877 316/1878
f 316/1879 324/1880 325/1881
f 316/1882 325/1883 317/1884
f 317/1885 325/1886 326/1887
f 317/1888 326/1889 318/1890
f 318/1891 326/1892 327/1893
f 318/1894 327/1895 319/1896
f 319/1897 327/1898 328/1899
f 319/1900 328/1901 320/1902
f 320/1903 328/1904 329/1905
f 320/1906 329/1907 321/1908
f 321/1909 329/1910 330/1911
f 321/1912 330/1913 322/1914
f 322/1915 330/1916 323/1917
f 322/1918 323/1919 315/1920
f 323/1921 331/1922 332/1923
f 323/1924 332/1925 324/1926
f 324/1927 332/1928 333/1929
f 324/1930 333/1931 325/1932
f 325/1933 333/1934 334/1935
f 325/1936 334/1937 326/1938
f 326/1939 334/1940 335/1941
f 326/1942 335/1943 327/1944
f 327/1945 335/1946 336/1947
f 327/1948 336/1949 328/1950
f 328/1951 336/1952 337/1953
f 328/1954 337/1955 329/1956
f 329/1957 337/1958 338/1959
f 329/1960 338/1961 330/1962
f 330/1963 338/1964 331/1965
f 330/1966 331/1967 323/1968
f 331/1969 339/1970 340/1971
f 331/1972 340/1973 332/1974
f 332/1975 340/1976 341/1977
f 332/1978 341/1979 333/1980
f 333/1981 341/1982 342/1983
f 333/1984 342/1985 334/1986
f 334/1987 342/1988 343/1989
f 334/1990 343/1991 335/1992
f 335/1993 343/1994 344/1995
f 335/1996 344/1997 336/1998
f 336/1999 344/2000 345/2001
f 336/2002 345/2003 337/2004
f 337/2005 345/2006 346/2007
f 337/2008 346/2009 338/2010
f 338/2011 346/2012 339/2013
f 338/2014 339/2015 331/2016
f 339/2017 347/2018 348/2019
f 339/2020 348/2021 340/2022
f 340/2023 348/2024 349/2025
f 340/2026 349/2027 341/2028
f 341/2029 349/2030 350/2031
f 341/2032 350/2033 342/2034
f 342/2035 350/2036 351/2037
f 342/2038 351/2039 343/2040
f 343/2041 351/2042 352/2043
f 343/2044 352/2045 344/2046
f 344/2047 352/2048 353/2049
f 344/2050 353/2051 345/2052
f 345/2053 353/2054 354/2055
f 345/2056 354/2057 346/2058
f 346/2059 354/2060 347/2061
f 346/2062 347/2063 339/2064
f 347/2065 355/2066 356/2067
f 347/2068 356/2069 348/2070
f 348/2071 356/2072 357/2073
f 348/2074 357/2075 349/2076
f 349/2077 357/2078 358/2079
f 349/2080 358/2081 350/2082
f 350/2083 358/2084 359/2085
f 350/2086 359/2087 351/2088
f 351/2089 359/2090 360/2091
f 351/2092 360/2093 352/2094
f 352/2095 360/2096 361/2097
f 352/2098 361/2099 353/2100
f 353/2101 361/2102 362/2103
f 353/2104 362/2105 354/2106
f 354/2107 362/2108 355/2109
f 354/2110 355/2111 347/2112
f 355/2113 363/2114 364/2115
f 355/2116 364/2117 356/2118
f 356/2119 364/2120 365/2121
f 356/2122 365/2123 357/2124
f 357/2125 365/2126 366/2127
f 357/2128 366/2129 358/2130
f 358/2131 366/2132 367/2133
f 358/2134 367/2135 359/2136
f 359/2137 367/2138 368/2139
f 359/2140 368/2141 360/2142
f 360/2143 368/2144 369/2145
f 360/2146 369/2147 361/2148
f 361/2149 369/2150 370/2151
f 361/2152 370/2153 362/2154
f 362/2155 370/2156 363/2157
f 362/2158 363/2159 355/2160
f 363/2161 371/2162 372/2163
f 363/2164 372/2165 364/2166
f 364/2167 372/2168 373/2169
f 364/2170 373/2171 365/2172
f 365/2173 373/2174 374/2175
f 365/2176 374/2177 366/2178
f 366/2179 374/2180 375/2181
f 366/2182 375/2183 367/2184
f 367/2185 375/2186 376/2187
f 367/2188 376/2189 368/2190
f 368/2191 376/2192 377/2193
f 368/2194 377/2195 369/2196
f 369/2197 377/2198 378/2199
f 369/2200 378/2201 370/2202
f 370/2203 378/2204 371/2205
f 370/2206 371/2207 363/2208
f 371/2209 379/2210 380/2211
f 371/2212 380/2213 372/2214
f 372/2215 380/2216 381/2217
f 372/2218 381/2219 373/2220
f 373/2221 381/2222 382/2223
f 373/2224 382/2225 374/2226
f 374/2227 382/2228 383/2229
f 374/2230 383/2231 375/2232
f 375/2233 383/2234 384/2235
f 375/2236 384/2237 376/2238
f 376/2239 384/2240 385/2241
f 376/2242 385/2243 377/2244
f 377/2245 385/2246 386/2247
f 377/2248 386/2249 378/2250
f 378/2251 386/2252 379/2253
f 378/2254 379/2255 371/2256
f 379/2257 387/2258 388/2259
f 379/2260 388/2261 380/2262
f 380/2263 388/2264 389/2265
f 380/2266 389/2267 381/2268
f 381/2269 389/2270 390/2271
f 381/2272 390/2273 382/2274
f 382/2275 390/2276 391/2277
f 382/2278 391/2279 383/2280
f 383/2281 391/2282 392/2283
f 383/2284 392/2285 384/2286
f 384/2287 392/2288 393/2289
f 384/2290 393/2291 385/2292
f 385/2293 393/2294 394/2295
f 385/2296 394/2297 386/2298
f 386/2299 394/2300 387/2301
f 386/2302 387/2303 379/2304
f 387/2305 395/2306 396/2307
f 387/2308 396/2309 388/2310
f 388/2311 396/2312 397/2313
f 388/2314 397/2315 389/2316
f 389/2317 397/2318 398/2319
f 389/2320 398/2321 390/2322
f 390/2323 398/2324 399/2325
f 390/2326 399/2327 391/2328
f 391/2329 399/2330 400/2331
f 391/2332 400/2333 392/2334
f 392/2335 400/2336 401/2337
f 392/2338 401/2339 393/2340
f 393/2341 401/2342 402/2343
f 393/2344 402/2345 394/2346
f 394/2347 402/2348 395/2349
f 394/2350 395/2351 387/2352
f 395/2353 403/2354 404/2355
f 395/2356 404/2357 396/2358
f 396/2359 404/2360 405/2361
f 396/2362 405/2363 397/2364
f 397/2365 405/2366 406/2367
f 397/2368 406/2369 398/2370
f 398/2371 406/2372 407/2373
f 398/2374 407/2375 399/2376
f 399/2377 407/2378 408/2379
f 399/2380 408/2381 400/2382
f 400/2383 408/2384 409/2385
f 400/2386 409/2387 401/2388
f 401/2389 409/2390 410/2391
f 401/2392 410/2393 402/2394
f 402/2395 410/2396 403/2397
f 402/2398 403/2399 395/2400
f 403/2401 411/2402 412/2403
f 403/2404 412/2405 404/2406
f 404/2407 412/2408 413/2409
f 404/2410 413/2411 405/2412
f 405/2413 413/2414 414/2415
f 405/2416 414/2417 406/2418
f 406/2419 414/2420 415/2421
f 406/2422 415/2423 407/2424
f 407/2425 415/2426 416/2427
f 407/2428 416/2429 408/2430
f 408/2431 416/2432 417/2433
f 408/2434 417/2435 409/2436
f 409/2437 417/2438 418/2439
f 409/2440 418/2441 410/2442
f 410/2443 418/2444 411/2445
f 410/2446 411/2447 403/2448
f 411/2449 419/2450 420/2451
f 411/2452 420/2453 412/2454
f 412/2455 420/2456 421/2457
f 412/2458 421/2459 413/2460
f 413/2461 421/2462 422/2463
f 413/2464 422/2465 414/2466
f 414/2467 422/2468 423/2469
f 414/2470 423/2471 415/2472
f 415/2473 423/2474 424/2475
f 415/2476 424/2477 416/2478
f 416/2479 424/2480 425/2481
f 416/2482 425/2483 417/2484
f 417/2485 425/2486 426/2487
f 417/2488 426/2489 418/2490
f 418/2491 426/2492 419/2493
f 418/2494 419/2495 411/2496
f 419/2497 427/2498 428/2499
f 419/2500 428/2501 420/2502
f 420/2503 428/2504 429/2505
f 420/2506 429/2507 421/2508
f 421/2509 429/2510 430/2511
f 421/2512 430/2513 422/2514
f 422/2515 430/2516 431/2517
f 422/2518 431/2519 423/2520
f 423/2521 431/2522 432/2523
f 423/2524 432/2525 424/2526
f 424/2527 432/2528 433/2529
f 424/2530 433/2531 425/2532
f 425/2533 433/2534 434/2535
f 425/2536 434/2537 426/2538
f 426/2539 434/2540 427/2541
f 426/2542 427/2543 419/2544
f 427/2545 435/2546 436/2547
f 427/2548 436/2549 428/2550
f 428/2551 436/2552 437/2553
f 428/2554 437/2555 429/2556
f 429/2557 437/2558 438/2559
f 429/2560 438/2561 430/2562
f 430/2563 438/2564 439/2565
f 430/2566 439/2567 431/2568
f 431/2569 439/2570 440/2571
f 431/2572 440/2573 432/2574
f 432/2575 440/2576 441/2577
f 432/2578 441/2579 433/2580
f 433/2581 441/2582 442/2583
f 433/2584 442/2585 434/2586
f 434/2587 442/2588 435/2589
f 434/2590 435/2591 427/2592
f 435/2593 443/2594 444/2595
f 435/2596 444/2597 436/2598
f 436/2599 444/2600 445/2601
f 436/2602 445/2603 437/2604
f 437/2605 445/2606 446/2607
f 437/2608 446/2609 438/2610
f 438/2611 446/2612 447/2613
f 438/2614 447/2615 439/2616
f 439/2617 447/2618 448/2619
f 439/2620 448/2621 440/2622
f 440/2623 448/2624 449/2625
f 440/2626 449/2627 441/2628
f 441/2629 449/2630 450/2631
f 441/2632 450/2633 442/2634
f 442/2635 450/2636 443/2637
f 442/2638 443/2639 435/2640
f 443/2641 451/2642 452/2643
f 443/2644 452/2645 444/2646
f 444/2647 452/2648 453/2649
f 444/2650 453/2651 445/2652
f 445/2653 453/2654 454/2655
f 445/2656 454/2657 446/2658
f 446/2659 454/2660 455/2661
f 446/2662 455/2663 447/2664
f 447/2665 455/2666 456/2667
f 447/2668 456/2669 448/2670
f 448/2671 456/2672 457/2673
f 448/2674 457/2675 449/2676
f 449/2677 457/2678 458/2679
f 449/2680 458/2681 450/2682
f 450/2683 458/2684 451/2685
f 450/2686 451/2687 443/2688
f 451/2689 459/2690 460/2691
f 451/2692 460/2693 452/2694
f 452/2695 460/2696 461/2697
f 452/2698 461/2699 453/2700
f 453/2701 461/2702 462/2703
f 453/2704 462/2705 454/2706
f 454/2707 462/2708 463/2709
f 454/2710 463/2711 455/2712
f 455/2713 463/2714 464/2715
f 455/2716 464/2717 456/2718
f 456/2719 464/2720 465/2721
f 456/2722 465/2723 457/2724
f 457/2725 465/2726 466/2727
f 457/2728 466/2729 458/2730
f 458/2731 466/2732 459/2733
f 458/2734 459/2735 451/2736
f 459/2737 467/2738 468/2739
f 459/2740 468/2741 460/2742
f 460/2743 468/2744 469/2745
f 460/2746 469/2747 461/2748
f 461/2749 469/2750 470/2751
f 461/2752 470/2753 462/2754
f 462/2755 470/2756 471/2757
f 462/2758 471/2759 463/2760
f 463/2761 471/2762 472/2763
f 463/2764 472/2765 464/2766
f 464/2767 472/2768 473/2769
f 464/2770 473/2771 465/2772
f 465/2773 473/2774 474/2775
f 465/2776 474/2777 466/2778
f 466/2779 474/2780 467/2781
f 466/2782 467/2783 459/2784
f 467/2785 475/2786 476/2787
f 467/2788 476/2789 468/2790
f 468/2791 476/2792 477/2793
f 468/2794 477/2795 469/2796
f 469/2797 477/2798 478/2799
f 469/2800 478/2801 470/2802
f 470/2803 478/2804 479/2805
f 470/2806 479/2807 471/2808
f 471/2809 479/2810 480/2811
f 471/2812 480/2813 472/2814
f 472/2815 480/2816 481/2817
f 472/2818 481/2819 473/2820
f 473/2821 481/2822 482/2823
f 473/2824 482/2825 474/2826
f 474/2827 482/2828 475/2829
f 474/2830 475/2831 467/2832
f 475/2833 99/2834 100/2835
f 475/2836 100/2837 476/2838
f 476/2839 100/2840 101/2841
f 476/2842 101/2843 477/2844
f 477/2845 101/2846 102/2847
f 477/2848 102/2849 478/2850
f 478/2851 102/2852 103/2853
f 478/2854 103/2855 479/2856
f 479/2857 103/2858 104/2859
f 479/2860 104/2861 480/2862
f 480/2863 104/2864 105/2865
f 480/2866 105/2867 481/2868
f 481/2869 105/2870 106/2871
f 481/2872 106/2873 482/2874
f 482/2875 106/2876 99/2877
f 482/2878 99/2879 475/2880
f 1163/2881 484/2882 483/2883
f 1123/2884 1124/2885 1164/2886
f 1163/2887 485/2888 484/2889
f 1124/2890 1125/2891 1164/2892
f 1163/2893 486/2894 485/2895
f 1125/2896 1126/2897 1164/2898
f 1163/2899 487/2900 486/2901
f 1126/2902 1127/2903 1164/2904
f 1163/2905 488/2906 487/2907
f 1127/2908 1128/2909 1164/2910
f 1163/2911 489/2912 488/2913
f 1128/2914 1129/2915 1164/2916
f 1163/2917 490/2918 489/2919
f 1129/2920 1130/2921 1164/2922
f 1163/2923 491/2924 490/2925
f 1130/2926 1131/2927 1164/2928
f 1163/2929 492/2930 491/2931
f 1131/2932 1132/2933 1164/2934
f 1163/2935 493/2936 492/2937
f 1132/2938 1133/2939 1164/2940
f 1163/2941 494/2942 493/2943
f 1133/2944 1134/2945 1164/2946
f 1163/2947 495/2948 494/2949
f 1134/2950 1135/2951 1164/2952
f 1163/2953 496/2954 495/2955
f 1135/2956 1136/2957 1164/2958
f 1163/2959 497/2960 496/2961
f 1136/2962 1137/2963 1164/2964
f 1163/2965 498/2966 497/2967
f 1137/2968 1138/2969 1164/2970
f 1163/2971 499/2972 498/2973
f 1138/2974 1139/2975 1164/2976
f 1163/2977 500/2978 499/2979
f 1139/2980 1140/2981 1164/2982
f 1163/2983 501/2984 500/2985
f 1140/2986 1141/2987 1164/2988
f 1163/2989 502/2990 501/2991
f 1141/2992 1142/2993 1164/2994
f 1163/2995 503/2996 502/2997
f 1142/2998 1143/2999 1164/3000
f 1163/3001 504/3002 503/3003
f 1143/3004 1144/3005 1164/3006
f 1163/3007 505/3008 504/3009
f 1144/3010 1145/3011 1164/3012
f 1163/3013 506/3014 505/3015
f 1145/3016 1146/3017 1164/3018
f 1163/3019 507/3020 506/3021
f 1146/3022 1147/3023 1164/3024
f 1163/3025 508/3026 507/3027
f 1147/3028 1148/3029 1164/3030
f 1163/3031 509/3032 508/3033
f 1148/3034 1149/3035 1164/3036
f 1163/3037 510/3038 509/3039
f 1149/3040 1150/3041 1164/3042
f 1163/3043 511/3044 510/3045
f 1150/3046 1151/3047 1164/3048
f 1163/3049 512/3050 511/3051
f 1151/3052 1152/3053 1164/3054
f 1163/3055 513/3056 512/3057
f 1152/3058 1153/3059 1164/3060
f 1163/3061 514/3062 513/3063
f 1153/3064 1154/3065 1164/3066
f 1163/3067 515/3068 514/3069
f 1154/3070 1155/3071 1164/3072
f 1163/3073 516/3074 515/3075
f 1155/3076 1156/3077 1164/3078
f 1163/3079 517/3080 516/3081
f 1156/3082 1157/3083 1164/3084
f 1163/3085 518/3086 517/3087
f 1157/3088 1158/3089 1164/3090
f 1163/3091 519/3092 518/3093
f 1158/3094 1159/3095 1164/3096
f 1163/3097 520/3098 519/3099
f 1159/3100 1160/3101 1164/3102
f 1163/3103 521/3104 520/3105
f 1160/3106 1161/3107 1164/3108
f 1163/3109 522/3110 521/3111
f 1161/3112 1162/3113 1164/3114
f 1163/3115 483/3116 522/3117
f 1162/3118 1123/3119 1164/3120
f 483/3121 484/3122 524/3123
f 483/3124 524/3125 523/3126
f 484/3127 485/3128 525/3129
f 484/3130 525/3131 524/3132
f 485/3133 486/3134 526/3135
f 485/3136 526/3137 525/3138
f 486/3139 487/3140 527/3141
f 486/3142 527/3143 526/3144
f 487/3145 488/3146 528/3147
f 487/3148 528/3149 527/3150
f 488/3151 489/3152 529/3153
f 488/3154 529/3155 528/3156
f 489/3157 490/3158 530/3159
f 489/3160 530/3161 529/3162
f 490/3163 491/3164 531/3165
f 490/3166 531/3167 530/3168
f 491/3169 492/3170 532/3171
f 491/3172 532/3173 531/3174
f 492/3175 493/3176 533/3177
f 492/3178 533/3179 532/3180
f 493/3181 494/3182 534/3183
f 493/3184 534/3185 533/3186
f 494/3187 495/3188 535/3189
f 494/3190 535/3191 534/3192
f 495/3193 496/3194 536/3195
f 495/3196 536/3197 535/3198
f 496/3199 497/3200 537/3201
f 496/3202 537/3203 536/3204
f 497/3205 498/3206 538/3207
f 497/3208 538/3209 537/3210
f 498/3211 499/3212 539/3213
f 498/3214 539/3215 538/3216
f 499/3217 500/3218 540/3219
f 499/3220 540/3221 539/3222
f 500/3223 501/3224 541/3225
f 500/3226 541/3227 540/3228
f 501/3229 502/3230 542/3231
f 501/3232 542/3233 541/3234
f 502/3235 503/3236 543/3237
f 502/3238 543/3239 542/3240
f 503/3241 504/3242 544/3243
f 503/3244 544/3245 543/3246
f 504/3247 505/3248 545/3249
f 504/3250 545/3251 544/3252
f 505/3253 506/3254 546/3255
f 505/3256 546/3257 545/3258
f 506/3259 507/3260 547/3261
f 506/3262 547/3263 546/3264
f 507/3265 508/3266 548/3267
f 507/3268 548/3269 547/3270
f 508/3271 509/3272 549/3273
f 508/3274 549/3275 548/3276
f 509/3277 510/3278 550/3279
f 509/3280 550/3281 549/3282
f 510/3283 511/3284 551/3285
f 510/3286 551/3287 550/3288
f 511/3289 512/3290 552/3291
f 511/3292 552/3293 551/3294
f 512/3295 513/3296 553/3297
f 512/3298 553/3299 552/3300
f 513/3301 514/3302 554/3303
f 513/3304 554/3305 553/3306
f 514/3307 515/3308 555/3309
f 514/3310 555/3311 554/3312
f 515/3313 516/3314 556/3315
f 515/3316 556/3317 555/3318
f 516/3319 517/3320 557/3321
f 516/3322 557/3323 556/3324
f 517/3325 518/3326 558/3327
f 517/3328 558/3329 557/3330
f 518/3331 519/3332 559/3333
f 518/3334 559/3335 558/3336
f 519/3337 520/3338 560/3339
f 519/3340 560/3341 559/3342
f 520/3343 521/3344 561/3345
f 520/3346 561/3347 560/3348
f 521/3349 522/3350 562/3351
f 521/3352 562/3353 561/3354
f 522/3355 483/3356 523/3357
f 522/3358 523/3359 562/3360
f 523/3361 524/3362 564/3363
f 523/3364 564/3365 563/3366
f 524/3367 525/3368 565/3369
f 524/3370 565/3371 564/3372
f 525/3373 526/3374 566/3375
f 525/3376 566/3377 565/3378
f 526/3379 527/3380 567/3381
f 526/3382 567/3383 566/3384
f 527/3385 528/3386 568/3387
f 527/3388 568/3389 567/3390
f 528/3391 529/3392 569/3393
f 528/3394 569/3395 568/3396
f 529/3397 530/3398 570/3399
f 529/3400 570/3401 569/3402
f 530/3403 531/3404 571/3405
f 530/3406 571/3407 570/3408
f 531/3409 532/3410 572/3411
f 531/3412 572/3413 571/3414
f 532/3415 533/3416 573/3417
f 532/3418 573/3419 572/3420
f 533/3421 534/3422 574/3423
f 533/3424 574/3425 573/3426
f 534/3427 535/3428 575/3429
f 534/3430 575/3431 574/3432
f 535/3433 536/3434 576/3435
f 535/3436 576/3437 575/3438
f 536/3439 537/3440 577/3441
f 536/3442 577/3443 576/3444
f 537/3445 538/3446 578/3447
f 537/3448 578/3449 577/3450
f 538/3451 539/3452 579/3453
f 538/3454 579/3455 578/3456
f 539/3457 540/3458 580/3459
f 539/3460 580/3461 579/3462
f 540/3463 541/3464 581/3465
f 540/3466 581/3467 580/3468
f 541/3469 542/3470 582/3471
f 541/3472 582/3473 581/3474
f 542/3475 543/3476 583/3477
f 542/3478 583/3479 582/3480
f 543/3481 544/3482 584/3483
f 543/3484 584/3485 583/3486
f 544/3487 545/3488 585/3489
f 544/3490 585/3491 584/3492
f 545/3493 546/3494 586/3495
f 545/3496 586/3497 585/3498
f 546/3499 547/3500 587/3501
f 546/3502 587/3503 586/3504
f 547/3505 548/3506 588/3507
f 547/3508 588/3509 587/3510
f 548/3511 549/3512 589/3513
f 548/3514 589/3515 588/3516
f 549/3517 550/3518 590/3519
f 549/3520 590/3521 589/3522
f 550/3523 551/3524 591/3525
f 550/3526 591/3527 590/3528
f 551/3529 552/3530 592/3531
f 551/3532 592/3533 591/3534
f 552/3535 553/3536 593/3537
f 552/3538 593/3539 592/3540
f 553/3541 554/3542 594/3543
f 553/3544 594/3545 593/3546
f 554/3547 555/3548 595/3549
f 554/3550 595/3551 594/3552
f 555/3553 556/3554 596/3555
f 555/3556 596/3557 595/3558
f 556/3559 557/3560 597/3561
f 556/3562 597/3563 596/3564
f 557/3565 558/3566 598/3567
f 557/3568 598/3569 597/3570
f 558/3571 559/3572 599/3573
f 558/3574 599/3575 598/3576
f 559/3577 560/3578 600/3579
f 559/3580 600/3581 599/3582
f 560/3583 561/3584 601/3585
f 560/3586 601/3587 600/3588
f 561/3589 562/3590 602/3591
f 561/3592 602/3593 601/3594
f 562/3595 523/3596 563/3597
f 562/3598 563/3599 602/3600
f 563/3601 564/3602 604/3603
f 563/3604 604/3605 603/3606
f 564/3607 565/3608 605/3609
f 564/3610 605/3611 604/3612
f 565/3613 566/3614 606/3615
f 565/3616 606/3617 605/3618
f 566/3619 567/3620 607/3621
f 566/3622 607/3623 606/3624
f 567/3625 568/3626 608/3627
f 567/3628 608/3629 607/3630
f 568/3631 569/3632 609/3633
f 568/3634 609/3635 608/3636
f 569/3637 570/3638 610/3639
f 569/3640 610/3641 609/3642
f 570/3643 571/3644 611/3645
f 570/3646 611/3647 610/3648
f 571/3649 572/3650 612/3651
f 571/3652 612/3653 611/3654
f 572/3655 573/3656 613/3657
f 572/3658 613/3659 612/3660
f 573/3661 574/3662 614/3663
f 573/3664 614/3665 613/3666
f 574/3667 575/3668 615/3669
f 574/3670 615/3671 614/3672
f 575/3673 576/3674 616/3675
f 575/3676 616/3677 615/3678
f 576/3679 577/3680 617/3681
f 576/3682 617/3683 616/3684
f 577/3685 578/3686 618/3687
f 577/3688 618/3689 617/3690
f 578/3691 579/3692 619/3693
f 578/3694 619/3695 618/3696
f 579/3697 580/3698 620/3699
f 579/3700 620/3701 619/3702
f 580/3703 581/3704 621/3705
f 580/3706 621/3707 620/3708
f 581/3709 582/3710 622/3711
f 581/3712 622/3713 621/3714
f 582/3715 583/3716 623/3717
f 582/3718 623/3719 622/3720
f 583/3721 584/3722 624/3723
f 583/3724 624/3725 623/3726
f 584/3727 585/3728 625/3729
f 584/3730 625/3731 624/3732
f 585/3733 586/3734 626/3735
f 585/3736 626/3737 625/3738
f 586/3739 587/3740 627/3741
f 586/3742 627/3743 626/3744
f 587/3745 588/3746 628/3747
f 587/3748 628/3749 627/3750
f 588/3751 589/3752 629/3753
f 588/3754 629/3755 628/3756
f 589/3757 590/3758 630/3759
f 589/3760 630/3761 629/3762
f 590/3763 591/3764 631/3765
f 590/3766 631/3767 630/3768
f 591/3769 592/3770 632/3771
f 591/3772 632/3773 631/3774
f 592/3775 593/3776 633/3777
f 592/3778 633/3779 632/3780
f 593/3781 594/3782 634/3783
f 593/3784 634/3785 633/3786
f 594/3787 595/3788 635/3789
f 594/3790 635/3791 634/3792
f 595/3793 596/3794 636/3795
f 595/3796 636/3797 635/3798
f 596/3799 597/3800 637/3801
f 596/3802 637/3803 636/3804
f 597/3805 598/3806 638/3807
f 597/3808 638/3809 637/3810
f 598/3811 599/3812 639/3813
f 598/3814 639/3815 638/3816
f 599/3817 600/3818 640/3819
f 599/3820 640/3821 639/3822
f 600/3823 601/3824 641/3825
f 600/3826 641/3827 640/3828
f 601/3829 602/3830 642/3831
f 601/3832 642/3833 641/3834
f 602/3835 563/3836 603/3837
f 602/3838 603/3839 642/3840
f 603/3841 604/3842 644/3843
f 603/3844 644/3845 643/3846
f 604/3847 605/3848 645/3849
f 604/3850 645/3851 644/3852
f 605/3853 606/3854 646/3855
f 605/3856 646/3857 645/3858
f 606/3859 607/3860 647/3861
f 606/3862 647/3863 646/3864
f 607/3865 608/3866 648/3867
f 607/3868 648/3869 647/3870
f 608/3871 609/3872 649/3873
f 608/3874 649/3875 648/3876
f 609/3877 610/3878 650/3879
f 609/3880 650/3881 649/3882
f 610/3883 611/3884 651/3885
f 610/3886 651/3887 650/3888
f 611/3889 612/3890 652/3891
f 611/3892 652/3893 651/3894
f 612/3895 613/3896 653/3897
f 612/3898 653/3899 652/3900
f 613/3901 614/3902 654/3903
f 613/3904 654/3905 653/3906
f 614/3907 615/3908 655/3909
f 614/3910 655/3911 654/3912
f 615/3913 616/3914 656/3915
f 615/3916 656/3917 655/3918
f 616/3919 617/3920 657/3921
f 616/3922 657/3923 656/3924
f 617/3925 618/3926 658/3927
f 617/3928 658/3929 657/3930
f 618/3931 619/3932 659/3933
f 618/3934 659/3935 658/3936
f 619/3937 620/3938 660/3939
f 619/3940 660/3941 659/3942
f 620/3943 621/3944 661/3945
f 620/3946 661/3947 660/3948
f 621/3949 622/3950 662/3951
f 621/3952 662/3953 661/3954
f 622/3955 623/3956 663/3957
f 622/3958 663/3959 662/3960
f 623/3961 624/3962 664/3963
f 623/3964 664/3965 663/3966
f 624/3967 625/3968 665/3969
f 624/3970 665/3971 664/3972
f 625/3973 626/3974 666/3975
f 625/3976 666/3977 665/3978
f 626/3979 627/3980 667/3981
f 626/3982 667/3983 666/3984
f 627/3985 628/3986 668/3987
f 627/3988 668/3989 667/3990
f 628/3991 629/3992 669/3993
f 628/3994 669/3995 668/3996
f 629/3997 630/3998 670/3999
f 629/4000 670/4001 669/4002
f 630/4003 631/4004 671/4005
f 630/4006 671/4007 670/4008
f 631/4009 632/4010 672/4011
f 631/4012 672/4013 671/4014
f 632/4015 633/4016 673/4017
f 632/4018 673/4019 672/4020
f 633/4021 634/4022 674/4023
f 633/4024 674/4025 673/4026
f 634/4027 635/4028 675/4029
f 634/4030 675/4031 674/4032
f 635/4033 636/4034 676/4035
f 635/4036 676/4037 675/4038
f 636/4039 637/4040 677/4041
f 636/4042 677/4043 676/4044
f 637/4045 638/4046 678/4047
f 637/4048 678/4049 677/4050
f 638/4051 639/4052 679/4053
f 638/4054 679/4055 678/4056
f 639/4057 640/4058 680/4059
f 639/4060 680/4061 679/4062
f 640/4063 641/4064 681/4065
f 640/4066 681/4067 680/4068
f 641/4069 642/4070 682/4071
f 641/4072 682/4073 681/4074
f 642/4075 603/4076 643/4077
f 642/4078 643/4079 682/4080
f 643/4081 644/4082 684/4083
f 643/4084 684/4085 683/4086
f 644/4087 645/4088 685/4089
f 644/4090 685/4091 684/4092
f 645/4093 646/4094 686/4095
f 645/4096 686/4097 685/4098
f 646/4099 647/4100 687/4101
f 646/4102 687/4103 686/4104
f 647/4105 648/4106 688/4107
f 647/4108 688/4109 687/4110
f 648/4111 649/4112 689/4113
f 648/4114 689/4115 688/4116
f 649/4117 650/4118 690/4119
f 649/4120 690/4121 689/4122
f 650/4123 651/4124 691/4125
f 650/4126 691/4127 690/4128
f 651/4129 652/4130 692/4131
f 651/4132 692/4133 691/4134
f 652/4135 653/4136 693/4137
f 652/4138 693/4139 692/4140
f 653/4141 654/4142 694/4143
f 653/4144 694/4145 693/4146
f 654/4147 655/4148 695/4149
f 654/4150 695/4151 694/4152
f 655/4153 656/4154 696/4155
f 655/4156 696/4157 695/4158
f 656/4159 657/4160 697/4161
f 656/4162 697/4163 696/4164
f 657/4165 658/4166 698/4167
f 657/4168 698/4169 697/4170
f 658/4171 659/4172 699/4173
f 658/4174 699/4175 698/4176
f 659/4177 660/4178 700/4179
f 659/4180 700/4181 699/4182
f 660/4183 661/4184 701/4185
f 660/4186 701/4187 700/4188
f 661/4189 662/4190 702/4191
f 661/4192 702/4193 701/4194
f 662/4195 663/4196 703/4197
f 662/4198 703/4199 702/4200
f 663/4201 664/4202 704/4203
f 663/4204 704/4205 703/4206
f 664/4207 665/4208 705/4209
f 664/4210 705/4211 704/4212
f 665/4213 666/4214 706/4215
f 665/4216 706/4217 705/4218
f 666/4219 667/4220 707/4221
f 666/4222 707/4223 706/4224
f 667/4225 668/4226 708/4227
f 667/4228 708/4229 707/4230
f 668/4231 669/4232 709/4233
f 668/4234 709/4235 708/4236
f 669/4237 670/4238 710/4239
f 669/4240 710/4241 709/4242
f 670/4243 671/4244 711/4245
f 670/4246 711/4247 710/4248
f 671/4249 672/4250 712/4251
f 671/4252 712/4253 711/4254
f 672/4255 673/4256 713/4257
f 672/4258 713/4259 712/4260
f 673/4261 674/4262 714/4263
f 673/4264 714/4265 713/4266
f 674/4267 675/4268 715/4269
f 674/4270 715/4271 714/4272
f 675/4273 676/4274 716/4275
f 675/4276 716/4277 715/4278
f 676/4279 677/4280 717/4281
f 676/4282 717/4283 716/4284
f 677/4285 678/4286 718/4287
f 677/4288 718/4289 717/4290
f 678/4291 679/4292 719/4293
f 678/4294 719/4295 718/4296
f 679/4297 680/4298 720/4299
f 679/4300 720/4301 719/4302
f 680/4303 681/4304 721/4305
f 680/4306 721/4307 720/4308
f 681/4309 682/4310 722/4311
f 681/4312 722/4313 721/4314
f 682/4315 643/4316 683/4317
f 682/4318 683/4319 722/4320
f 683/4321 684/4322 724/4323
f 683/4324 724/4325 723/4326
f 684/4327 685/4328 725/4329
f 684/4330 725/4331 724/4332
f 685/4333 686/4334 726/4335
f 685/4336 726/4337 725/4338
f 686/4339 687/4340 727/4341
f 686/4342 727/4343 726/4344
f 687/4345 688/4346 728/4347
f 687/4348 728/4349 727/4350
f 688/4351 689/4352 729/4353
f 688/4354 729/4355 728/4356
f 689/4357 690/4358 730/4359
f 689/4360 730/4361 729/4362
f 690/4363 691/4364 731/4365
f 690/4366 731/4367 730/4368
f 691/4369 692/4370 732/4371
f 691/4372 732/4373 731/4374
f 692/4375 693/4376 733/4377
f 692/4378 733/4379 732/4380
f 693/4381 694/4382 734/4383
f 693/4384 734/4385 733/4386
f 694/4387 695/4388 735/4389
f 694/4390 735/4391 734/4392
f 695/4393 696/4394 736/4395
f 695/4396 736/4397 735/4398
f 696/4399 697/4400 737/4401
f 696/4402 737/4403 736/4404
f 697/4405 698/4406 738/4407
f 697/4408 738/4409 737/4410
f 698/4411 699/4412 739/4413
f 698/4414 739/4415 738/4416
f 699/4417 700/4418 740/4419
f 699/4420 740/4421 739/4422
f 700/4423 701/4424 741/4425
f 700/4426 741/4427 740/4428
f 701/4429 702/4430 742/4431
f 701/4432 742/4433 741/4434
f 702/4435 703/4436 743/4437
f 702/4438 743/4439 742/4440
f 703/4441 704/4442 744/4443
f 703/4444 744/4445 743/4446
f 704/4447 705/4448 745/4449
f 704/4450 745/4451 744/4452
f 705/4453 706/4454 746/4455
f 705/4456 746/4457 745/4458
f 706/4459 707/4460 747/4461
f 706/4462 747/4463 746/4464
f 707/4465 708/4466 748/4467
f 707/4468 748/4469 747/4470
f 708/4471 709/4472 749/4473
f 708/4474 749/4475 748/4476
f 709/4477 710/4478 750/4479
f 709/4480 750/4481 749/4482
f 710/4483 711/4484 751/4485
f 710/4486 751/4487 750/4488
f 711/4489 712/4490 752/4491
f 711/4492 752/4493 751/4494
f 712/4495 713/4496 753/4497
f 712/4498 753/4499 752/4500
f 713/4501 714/4502 754/4503
f 713/4504 754/4505 753/4506
f 714/4507 715/4508 755/4509
f 714/4510 755/4511 754/4512
f 715/4513 716/4514 756/4515
f 715/4516 756/4517 755/4518
f 716/4519 717/4520 757/4521
f 716/4522 757/4523 756/4524
f 717/4525 718/4526 758/4527
f 717/4528 758/4529 757/4530
f 718/4531 719/4532 759/4533
f 718/4534 759/4535 758/4536
f 719/4537 720/4538 760/4539
f 719/4540 760/4541 759/4542
f 720/4543 721/4544 761/4545
f 720/4546 761/4547 760/4548
f 721/4549 722/4550 762/4551
f 721/4552 762/4553 761/4554
f 722/4555 683/4556 723/4557
f 722/4558 723/4559 762/4560
f 723/4561 724/4562 764/4563
f 723/4564 764/4565 763/4566
f 724/4567 725/4568 765/4569
f 724/4570 765/4571 764/4572
f 725/4573 726/4574 766/4575
f 725/4576 766/4577 765/4578
f 726/4579 727/4580 767/4581
f 726/4582 767/4583 766/4584
f 727/4585 728/4586 768/4587
f 727/4588 768/4589 767/4590
f 728/4591 729/4592 769/4593
f 728/4594 769/4595 768/4596
f 729/4597 730/4598 770/4599
f 729/4600 770/4601 769/4602
f 730/4603 731/4604 771/4605
f 730/4606 771/4607 770/4608
f 731/4609 732/4610 772/4611
f 731/4612 772/4613 771/4614
f 732/4615 733/4616 773/4617
f 732/4618 773/4619 772/4620
f 733/4621 734/4622 774/4623
f 733/4624 774/4625 773/4626
f 734/4627 735/4628 775/4629
f 734/4630 775/4631 774/4632
f 735/4633 736/4634 776/4635
f 735/4636 776/4637 775/4638
f 736/4639 737/4640 777/4641
f 736/4642 777/4643 776/4644
f 737/4645 738/4646 778/4647
f 737/4648 778/4649 777/4650
f 738/4651 739/4652 779/4653
f 738/4654 779/4655 778/4656
f 739/4657 740/4658 780/4659
f 739/4660 780/4661 779/4662
f 740/4663 741/4664 781/4665
f 740/4666 781/4667 780/4668
f 741/4669 742/4670 782/4671
f 741/4672 782/4673 781/4674
f 742/4675 743/4676 783/4677
f 742/4678 783/4679 782/4680
f 743/4681 744/4682 784/4683
f 743/4684 784/4685 783/4686
f 744/4687 745/4688 785/4689
f 744/4690 785/4691 784/4692
f 745/4693 746/4694 786/4695
f 745/4696 786/4697 785/4698
f 746/4699 747/4700 787/4701
f 746/4702 787/4703 786/4704
f 747/4705 748/4706 788/4707
f 747/4708 788/4709 787/4710
f 748/4711 749/4712 789/4713
f 748/4714 789/4715 788/4716
f 749/4717 750/4718 790/4719
f 749/4720 790/4721 789/4722
f 750/4723 751/4724 791/4725
f 750/4726 791/4727 790/4728
f 751/4729 752/4730 792/4731
f 751/4732 792/4733 791/4734
f 752/4735 753/4736 793/4737
f 752/4738 793/4739 792/4740
f 753/4741 754/4742 794/4743
f 753/4744 794/4745 793/4746
f 754/4747 755/4748 795/4749
f 754/4750 795/4751 794/4752
f 755/4753 756/4754 796/4755
f 755/4756 796/4757 795/4758
f 756/4759 757/4760 797/4761
f 756/4762 797/4763 796/4764
f 757/4765 758/4766 798/4767
f 757/4768 798/4769 797/4770
f 758/4771 759/4772 799/4773
f 758/4774 799/4775 798/4776
f 759/4777 760/4778 800/4779
f 759/4780 800/4781 799/4782
f 760/4783 761/4784 801/4785
f 760/4786 801/4787 800/4788
f 761/4789 762/4790 802/4791
f 761/4792 802/4793 801/4794
f 762/4795 723/4796 763/4797
f 762/4798 763/4799 802/4800
f 763/4801 764/4802 804/4803
f 763/4804 804/4805 803/4806
f 764/4807 765/4808 805/4809
f 764/4810 805/4811 804/4812
f 765/4813 766/4814 806/4815
f 765/4816 806/4817 805/4818
f 766/4819 767/4820 807/4821
f 766/4822 807/4823 806/4824
f 767/4825 768/4826 808/4827
f 767/4828 808/4829 807/4830
f 768/4831 769/4832 809/4833
f 768/4834 809/4835 808/4836
f 769/4837 770/4838 810/4839
f 769/4840 810/4841 809/4842
f 770/4843 771/4844 811/4845
f 770/4846 811/4847 810/4848
f 771/4849 772/4850 812/4851
f 771/4852 812/4853 811/4854
f 772/4855 773/4856 813/4857
f 772/4858 813/4859 812/4860
f 773/4861 774/4862 814/4863
f 773/4864 814/4865 813/4866
f 774/4867 775/4868 815/4869
f 774/4870 815/4871 814/4872
f 775/4873 776/4874 816/4875
f 775/4876 816/4877 815/4878
f 776/4879 777/4880 817/4881
f 776/4882 817/4883 816/4884
f 777/4885 778/4886 818/4887
f 777/4888 818/4889 817/4890
f 778/4891 779/4892 819/4893
f 778/4894 819/4895 818/4896
f 779/4897 780/4898 820/4899
f 779/4900 820/4901 819/4902
f 780/4903 781/4904 821/4905
f 780/4906 821/4907 820/4908
f 781/4909 782/4910 822/4911
f 781/4912 822/4913 821/4914
f 782/4915 783/4916 823/4917
f 782/4918 823/4919 822/4920
f 783/4921 784/4922 824/4923
f 783/4924 824/4925 823/4926
f 784/4927 785/4928 825/4929
f 784/4930 825/4931 824/4932
f 785/4933 786/4934 826/4935
f 785/4936 826/4937 825/4938
f 786/4939 787/4940 827/4941
f 786/4942 827/4943 826/4944
f 787/4945 788/4946 828/4947
f 787/4948 828/4949 827/4950
f 788/4951 789/4952 829/4953
f 788/4954 829/4955 828/4956
f 789/4957 790/4958 830/4959
f 789/4960 830/4961 829/4962
f 790/4963 791/4964 831/4965
f 790/4966 831/4967 830/4968
f 791/4969 792/4970 832/4971
f 791/4972 832/4973 831/4974
f 792/4975 793/4976 833/4977
f 792/4978 833/4979 832/4980
f 793/4981 794/4982 834/4983
f 793/4984 834/4985 833/4986
f 794/4987 795/4988 835/4989
f 794/4990 835/4991 834/4992
f 795/4993 796/4994 836/4995
f 795/4996 836/4997 835/4998
f 796/4999 797/5000 837/5001
f 796/5002 837/5003 836/5004
f 797/5005 798/5006 838/5007
f 797/5008 838/5009 837/5010
f 798/5011 799/5012 839/5013
f 798/5014 839/5015 838/5016
f 799/5017 800/5018 840/5019
f 799/5020 840/5021 839/5022
f 800/5023 801/5024 841/5025
f 800/5026 841/5027 840/5028
f 801/5029 802/5030 842/5031
f 801/5032 842/5033 841/5034
f 802/5035 763/5036 803/5037
f 802/5038 803/5039 842/5040
f 803/5041 804/5042 844/5043
f 803/5044 844/5045 843/5046
f 804/5047 805/5048 845/5049
f 804/5050 845/5051 844/5052
f 805/5053 806/5054 846/5055
f 805/5056 846/5057 845/5058
f 806/5059 807/5060 847/5061
f 806/5062 847/5063 846/5064
f 807/5065 808/5066 848/5067
f 807/5068 848/5069 847/5070
f 808/5071 809/5072 849/5073
f 808/5074 849/5075 848/5076
f 809/5077 810/5078 850/5079
f 809/5080 850/5081 849/5082
f 810/5083 811/5084 851/5085
f 810/5086 851/5087 850/5088
f 811/5089 812/5090 852/5091
f 811/5092 852/5093 851/5094
f 812/5095 813/5096 853/5097
f 812/5098 853/5099 852/5100
f 813/5101 814/5102 854/5103
f 813/5104 854/5105 853/5106
f 814/5107 815/5108 855/5109
f 814/5110 855/5111 854/5112
f 815/5113 816/5114 856/5115
f 815/5116 856/5117 855/5118
f 816/5119 817/5120 857/5121
f 816/5122 857/5123 856/5124
f 817/5125 818/5126 858/5127
f 817/5128 858/5129 857/5130
f 818/5131 819/5132 859/5133
f 818/5134 859/5135 858/5136
f 819/5137 820/5138 860/5139
f 819/5140 860/5141 859/5142
f 820/5143 821/5144 861/5145
f 820/5146 861/5147 860/5148
f 821/5149 822/5150 862/5151
f 821/5152 862/5153 861/5154
f 822/5155 823/5156 863/5157
f 822/5158 863/5159 862/5160
f 823/5161 824/5162 864/5163
f 823/5164 864/5165 863/5166
f 824/5167 825/5168 865/5169
f 824/5170 865/5171 864/5172
f 825/5173 826/5174 866/5175
f 825/5176 866/5177 865/5178
f 826/5179 827/5180 867/5181
f 826/5182 867/5183 866/5184
f 827/5185 828/5186 868/5187
f 827/5188 868/5189 867/5190
f 828/5191 829/5192 869/5193
f 828/5194 869/5195 868/5196
f 829/5197 830/5198 870/5199
f 829/5200 870/5201 869/5202
f 830/5203 831/5204 871/5205
f 830/5206 871/5207 870/5208
f 831/5209 832/5210 872/5211
f 831/5212 872/5213 871/5214
f 832/5215 833/5216 873/5217
f 832/5218 873/5219 872/5220
f 833/5221 834/5222 874/5223
f 833/5224 874/5225 873/5226
f 834/5227 835/5228 875/5229
f 834/5230 875/5231 874/5232
f 835/5233 836/5234 876/5235
f 835/5236 876/5237 875/5238
f 836/5239 837/5240 877/5241
f 836/5242 877/5243 876/5244
f 837/5245 838/5246 878/5247
f 837/5248 878/5249 877/5250
f 838/5251 839/5252 879/5253
f 838/5254 879/5255 878/5256
f 839/5257 840/5258 880/5259
f 839/5260 880/5261 879/5262
f 840/5263 841/5264 881/5265
f 840/5266 881/5267 880/5268
f 841/5269 842/5270 882/5271
f 841/5272 882/5273 881/5274
f 842/5275 803/5276 843/5277
f 842/5278 843/5279 882/5280
f 843/5281 844/5282 884/5283
f 843/5284 884/5285 883/5286
f 844/5287 845/5288 885/5289
f 844/5290 885/5291 884/5292
f 845/5293 846/5294 886/5295
f 845/5296 886/5297 885/5298
f 846/5299 847/5300 887/5301
f 846/5302 887/5303 886/5304
f 847/5305 848/5306 888/5307
f 847/5308 888/5309 887/5310
f 848/5311 849/5312 889/5313
f 848/5314 889/5315 888/5316
f 849/5317 850/5318 890/5319
f 849/5320 890/5321 889/5322
f 850/5323 851/5324 891/5325
f 850/5326 891/5327 890/5328
f 851/5329 852/5330 892/5331
f 851/5332 892/5333 891/5334
f 852/5335 853/5336 893/5337
f 852/5338 893/5339 892/5340
f 853/5341 854/5342 894/5343
f 853/5344 894/5345 893/5346
f 854/5347 855/5348 895/5349
f 854/5350 895/5351 894/5352
f 855/5353 856/5354 896/5355
f 855/5356 896/5357 895/5358
f 856/5359 857/5360 897/5361
f 856/5362 897/5363 896/5364
f 857/5365 858/5366 898/5367
f 857/5368 898/5369 897/5370
f 858/5371 859/5372 899/5373
f 858/5374 899/5375 898/5376
f 859/5377 860/5378 900/5379
f 859/5380 900/5381 899/5382
f 860/5383 861/5384 901/5385
f 860/5386 901/5387 900/5388
f 861/5389 862/5390 902/5391
f 861/5392 902/5393 901/5394
f 862/5395 863/5396 903/5397
f 862/5398 903/5399 902/5400
f 863/5401 864/5402 904/5403
f 863/5404 904/5405 903/5406
f 864/5407 865/5408 905/5409
f 864/5410 905/5411 904/5412
f 865/5413 866/5414 906/5415
f 865/5416 906/5417 905/5418
f 866/5419 867/5420 907/5421
f 866/5422 907/5423 906/5424
f 867/5425 868/5426 908/5427
f 867/5428 908/5429 907/5430
f 868/5431 869/5432 909/5433
f 868/5434 909/5435 908/5436
f 869/5437 870/5438 910/5439
f 869/5440 910/5441 909/5442
f 870/5443 871/5444 911/5445
f 870/5446 911/5447 910/5448
f 871/5449 872/5450 912/5451
f 871/5452 912/5453 911/5454
f 872/5455 873/5456 913/5457
f 872/5458 913/5459 912/5460
f 873/5461 874/5462 914/5463
f 873/5464 914/5465 913/5466
f 874/5467 875/5468 915/5469
f 874/5470 915/5471 914/5472
f 875/5473 876/5474 916/5475
f 875/5476 916/5477 915/5478
f 876/5479 877/5480 917/5481
f 876/5482 917/5483 916/5484
f 877/5485 878/5486 918/5487
f 877/5488 918/5489 917/5490
f 878/5491 879/5492 919/5493
f 878/5494 919/5495 918/5496
f 879/5497 880/5498 920/5499
f 879/5500 920/5501 919/5502
f 880/5503 881/5504 921/5505
f 880/5506 921/5507 920/5508
f 881/5509 882/5510 922/5511
f 881/5512 922/5513 921/5514
f 882/5515 843/5516 883/5517
f 882/5518 883/5519 922/5520
f 883/5521 884/5522 924/5523
f 883/5524 924/5525 923/5526
f 884/5527 885/5528 925/5529
f 884/5530 925/5531 924/5532
f 885/5533 886/5534 926/5535
f 885/5536 926/5537 925/5538
f 886/5539 887/5540 927/5541
f 886/5542 927/5543 926/5544
f 887/5545 888/5546 928/5547
f 887/5548 928/5549 927/5550
f 888/5551 889/5552 929/5553
f 888/5554 929/5555 928/5556
f 889/5557 890/5558 930/5559
f 889/5560 930/5561 929/5562
f 890/5563 891/5564 931/5565
f 890/5566 931/5567 930/5568
f 891/5569 892/5570 932/5571
f 891/5572 932/5573 931/5574
f 892/5575 893/5576 933/5577
f 892/5578 933/5579 932/5580
f 893/5581 894/5582 934/5583
f 893/5584 934/5585 933/5586
f 894/5587 895/5588 935/5589
f 894/5590 935/5591 934/5592
f 895/5593 896/5594 936/5595
f 895/5596 936/5597 935/5598
f 896/5599 897/5600 937/5601
f 896/5602 937/5603 936/5604
f 897/5605 898/5606 938/5607
f 897/5608 938/5609 937/5610
f 898/5611 899/5612 939/5613
f 898/5614 939/5615 938/5616
f 899/5617 900/5618 940/5619
f 899/5620 940/5621 939/5622
f 900/5623 901/5624 941/5625
f 900/5626 941/5627 940/5628
f 901/5629 902/5630 942/5631
f 901/5632 942/5633 941/5634
f 902/5635 903/5636 943/5637
f 902/5638 943/5639 942/5640
f 903/5641 904/5642 944/5643
f 903/5644 944/5645 943/5646
f 904/5647 905/5648 945/5649
f 904/5650 945/5651 944/5652
f 905/5653 906/5654 946/5655
f 905/5656 946/5657 945/5658
f 906/5659 907/5660 947/5661
f 906/5662 947/5663 946/5664
f 907/5665 908/5666 948/5667
f 907/5668 948/5669 947/5670
f 908/5671 909/5672 949/5673
f 908/5674 949/5675 948/5676
f 909/5677 910/5678 950/5679
f 909/5680 950/5681 949/5682
f 910/5683 911/5684 951/5685
f 910/5686 951/5687 950/5688
f 911/5689 912/5690 952/5691
f 911/5692 952/5693 951/5694
f 912/5695 913/5696 953/5697
f 912/5698 953/5699 952/5700
f 913/5701 914/5702 954/5703
f 913/5704 954/5705 953/5706
f 914/5707 915/5708 955/5709
f 914/5710 955/5711 954/5712
f 915/5713 916/5714 956/5715
f 915/5716 956/5717 955/5718
f 916/5719 917/5720 957/5721
f 916/5722 957/5723 956/5724
f 917/5725 918/5726 958/5727
f 917/5728 958/5729 957/5730
f 918/5731 919/5732 959/5733
f 918/5734 959/5735 958/5736
f 919/5737 920/5738 960/5739
f 919/5740 960/5741 959/5742
f 920/5743 921/5744 961/5745
f 920/5746 961/5747 960/5748
f 921/5749 922/5750 962/5751
f 921/5752 962/5753 961/5754
f 922/5755 883/5756 923/5757
f 922/5758 923/5759 962/5760
f 923/5761 924/5762 964/5763
f 923/5764 964/5765 963/5766
f 924/5767 925/5768 965/5769
f 924/5770 965/5771 964/5772
f 925/5773 926/5774 966/5775
f 925/5776 966/5777 965/5778
f 926/5779 927/5780 967/5781
f 926/5782 967/5783 966/5784
f 927/5785 928/5786 968/5787
f 927/5788 968/5789 967/5790
f 928/5791 929/5792 969/5793
f 928/5794 969/5795 968/5796
f 929/5797 930/5798 970/5799
f 929/5800 970/5801 969/5802
f 930/5803 931/5804 971/5805
f 930/5806 971/5807 970/5808
f 931/5809 932/5810 972/5811
f 931/5812 972/5813 971/5814
f 932/5815 933/5816 973/5817
f 932/5818 973/5819 972/5820
f 933/5821 934/5822 974/5823
f 933/5824 974/5825 973/5826
f 934/5827 935/5828 975/5829
f 934/5830 975/5831 974/5832
f 935/5833 936/5834 976/5835
f 935/5836 976/5837 975/5838
f 936/5839 937/5840 977/5841
f 936/5842 977/5843 976/5844
f 937/5845 938/5846 978/5847
f 937/5848 978/5849 977/5850
f 938/5851 939/5852 979/5853
f 938/5854 979/5855 978/5856
f 939/5857 940/5858 980/5859
f 939/5860 980/5861 979/5862
f 940/5863 941/5864 981/5865
f 940/5866 981/5867 980/5868
f 941/5869 942/5870 982/5871
f 941/5872 982/5873 981/5874
f 942/5875 943/5876 983/5877
f 942/5878 983/5879 982/5880
f 943/5881 944/5882 984/5883
f 943/5884 984/5885 983/5886
f 944/5887 945/5888 985/5889
f 944/5890 985/5891 984/5892
f 945/5893 946/5894 986/5895
f 945/5896 986/5897 985/5898
f 946/5899 947/5900 987/5901
f 946/5902 987/5903 986/5904
f 947/5905 948/5906 988/5907
f 947/5908 988/5909 987/5910
f 948/5911 949/5912 989/5913
f 948/5914 989/5915 988/5916
f 949/5917 950/5918 990/5919
f 949/5920 990/5921 989/5922
f 950/5923 951/5924 991/5925
f 950/5926 991/5927 990/5928
f 951/5929 952/5930 992/5931
f 951/5932 992/5933 991/5934
f 952/5935 953/5936 993/5937
f 952/5938 993/5939 992/5940
f 953/5941 954/5942 994/5943
f 953/5944 994/5945 993/5946
f 954/5947 955/5948 995/5949
f 954/5950 995/5951 994/5952
f 955/5953 956/5954 996/5955
f 955/5956 996/5957 995/5958
f 956/5959 957/5960 997/5961
f 956/5962 997/5963 996/5964
f 957/5965 958/5966 998/5967
f 957/5968 998/5969 997/5970
f 958/5971 959/5972 999/5973
f 958/5974 999/5975 998/5976
f 959/5977 960/5978 1000/5979
f 959/5980 1000/5981 999/5982
f 960/5983 961/5984 1001/5985
f 960/5986 1001/5987 1000/5988
f 961/5989 962/5990 1002/5991
f 961/5992 1002/5993 1001/5994
f 962/5995 923/5996 963/5997
f 962/5998 963/5999 1002/6000
f 963/6001 964/6002 1004/6003
f 963/6004 1004/6005 1003/6006
f 964/6007 965/6008 1005/6009
f 964/6010 1005/6011 1004/6012
f 965/6013 966/6014 1006/6015
f 965/6016 1006/6017 1005/6018
f 966/6019 967/6020 1007/6021
f 966/6022 1007/6023 1006/6024
f 967/6025 968/6026 1008/6027
f 967/6028 1008/6029 1007/6030
f 968/6031 969/6032 1009/6033
f 968/6034 1009/6035 1008/6036
f 969/6037 970/6038 1010/6039
f 969/6040 1010/6041 1009/6042
f 970/6043 971/6044 1011/6045
f 970/6046 1011/6047 1010/6048
f 971/6049 972/6050 1012/6051
f 971/6052 1012/6053 1011/6054
f 972/6055 973/6056 1013/6057
f 972/6058 1013/6059 1012/6060
f 973/6061 974/6062 1014/6063
f 973/6064 1014/6065 1013/6066
f 974/6067 975/6068 1015/6069
f 974/6070 1015/6071 1014/6072
f 975/6073 976/6074 1016/6075
f 975/6076 1016/6077 1015/6078
f 976/6079 977/6080 1017/6081
f 976/6082 1017/6083 1016/6084
f 977/6085 978/6086 1018/6087
f 977/6088 1018/6089 1017/6090
f 978/6091 979/6092 1019/6093
f 978/6094 1019/6095 1018/6096
f 979/6097 980/6098 1020/6099
f 979/6100 1020/6101 1019/6102
f 980/6103 981/6104 1021/6105
f 980/6106 1021/6107 1020/6108
f 981/6109 982/6110 1022/6111
f 981/6112 1022/6113 1021/6114
f 982/6115 983/6116 1023/6117
f 982/6118 1023/6119 1022/6120
f 983/6121 984/6122 1024/6123
f 983/6124 1024/6125 1023/6126
f 984/6127 985/6128 1025/6129
f 984/6130 1025/6131 1024/6132
f 985/6133 986/6134 1026/6135
f 985/6136 1026/6137 1025/6138
f 986/6139 987/6140 1027/6141
f 986/6142 1027/6143 1026/6144
f 987/6145 988/6146 1028/6147
f 987/6148 1028/6149 1027/6150
f 988/6151 989/6152 1029/6153
f 988/6154 1029/6155 1028/6156
f 989/6157 990/6158 1030/6159
f 989/6160 1030/6161 1029/6162
f 990/6163 991/6164 1031/6165
f 990/6166 1031/6167 1030/6168
f 991/6169 992/6170 1032/6171
f 991/6172 1032/6173 1031/6174
f 992/6175 993/6176 1033/6177
f 992/6178 1033/6179 1032/6180
f 993/6181 994/6182 1034/6183
f 993/6184 1034/6185 1033/6186
f 994/6187 995/6188 1035/6189
f 994/6190 1035/6191 1034/6192
f 995/6193 996/6194 1036/6195
f 995/6196 1036/6197 1035/6198
f 996/6199 997/6200 1037/6201
f 996/6202 1037/6203 1036/6204
f 997/6205 998/6206 1038/6207
f 997/6208 1038/6209 1037/6210
f 998/6211 999/6212 1039/6213
f 998/6214 1039/6215 1038/6216
f 999/6217 1000/6218 1040/6219
f 999/6220 1040/6221 1039/6222
f 1000/6223 1001/6224 1041/6225
f 1000/6226 1041/6227 1040/6228
f 1001/6229 1002/6230 1042/6231
f 1001/6232 1042/6233 1041/6234
f 1002/6235 963/6236 1003/6237
f 1002/6238 1003/6239 1042/6240
f 1003/6241 1004/6242 1044/6243
f 1003/6244 1044/6245 1043/6246
f 1004/6247 1005/6248 1045/6249
f 1004/6250 1045/6251 1044/6252
f 1005/6253 1006/6254 1046/6255
f 1005/6256 1046/6257 1045/6258
f 1006/6259 1007/6260 1047/6261
f 1006/6262 1047/6263 1046/6264
f 1007/6265 1008/6266 1048/6267
f 1007/6268 1048/6269 1047/6270
f 1008/6271 1009/6272 1049/6273
f 1008/6274 1049/6275 1048/6276
f 1009/6277 1010/6278 1050/6279
f 1009/6280 1050/6281 1049/6282
f 1010/6283 1011/6284 1051/6285
f 1010/6286 1051/6287 1050/6288
f 1011/6289 1012/6290 1052/6291
f 1011/6292 1052/6293 1051/6294
f 1012/6295 1013/6296 1053/6297
f 1012/6298 1053/6299 1052/6300
f 1013/6301 1014/6302 1054/6303
f 1013/6304 1054/6305 1053/6306
f 1014/6307 1015/6308 1055/6309
f 1014/6310 1055/6311 1054/6312
f 1015/6313 1016/6314 1056/6315
f 1015/6316 1056/6317 1055/6318
f 1016/6319 1017/6320 1057/6321
f 1016/6322 1057/6323 1056/6324
f 1017/6325 1018/6326 1058/6327
f 1017/6328 1058/6329 1057/6330
f 1018/6331 1019/6332 1059/6333
f 1018/6334 1059/6335 1058/6336
f 1019/6337 1020/6338 1060/6339
f 1019/6340 1060/6341 1059/6342
f 1020/6343 1021/6344 1061/6345
f 1020/6346 1061/6347 1060/6348
f 1021/6349 1022/6350 1062/6351
f 1021/6352 1062/6353 1061/6354
f 1022/6355 1023/6356 1063/6357
f 1022/6358 1063/6359 1062/6360
f 1023/6361 1024/6362 1064/6363
f 1023/6364 1064/6365 1063/6366
f 1024/6367 1025/6368 1065/6369
f 1024/6370 1065/6371 1064/6372
f 1025/6373 1026/6374 1066/6375
f 1025/6376 1066/6377 1065/6378
f 1026/6379 1027/6380 1067/6381
f 1026/6382 1067/6383 1066/6384
f 1027/6385 1028/6386 1068/6387
f 1027/6388 1068/6389 1067/6390
f 1028/6391 1029/6392 1069/6393
f 1028/6394 1069/6395 1068/6396
f 1029/6397 1030/6398 1070/6399
f 1029/6400 1070/6401 1069/6402
f 1030/6403 1031/6404 1071/6405
f 1030/6406 1071/6407 1070/6408
f 1031/6409 1032/6410 1072/6411
f 1031/6412 1072/6413 1071/6414
f 1032/6415 1033/6416 1073/6417
f 1032/6418 1073/6419 1072/6420
f 1033/6421 1034/6422 1074/6423
f 1033/6424 1074/6425 1073/6426
f 1034/6427 1035/6428 1075/6429
f 1034/6430 1075/6431 1074/6432
f 1035/6433 1036/6434 1076/6435
f 1035/6436 1076/6437 1075/6438
f 1036/6439 1037/6440 1077/6441
f 1036/6442 1077/6443 1076/6444
f 1037/6445 1038/6446 1078/6447
f 1037/6448 1078/6449 1077/6450
f 1038/6451 1039/6452 1079/6453
f 1038/6454 1079/6455 1078/6456
f 1039/6457 1040/6458 1080/6459
f 1039/6460 1080/6461 1079/6462
f 1040/6463 1041/6464 1081/6465
f 1040/6466 1081/6467 1080/6468
f 1041/6469 1042/6470 1082/6471
f 1041/6472 1082/6473 1081/6474
f 1042/6475 1003/6476 1043/6477
f 1042/6478 1043/6479 1082/6480
f 1043/6481 1044/6482 1084/6483
f 1043/6484 1084/6485 1083/6486
f 1044/6487 1045/6488 1085/6489
f 1044/6490 1085/6491 1084/6492
f 1045/6493 1046/6494 1086/6495
f 1045/6496 1086/6497 1085/6498
f 1046/6499 1047/6500 1087/6501
f 1046/6502 1087/6503 1086/6504
f 1047/6505 1048/6506 1088/6507
f 1047/6508 1088/6509 1087/6510
f 1048/6511 1049/6512 1089/6513
f 1048/6514 1089/6515 1088/6516
f 1049/6517 1050/6518 1090/6519
f 1049/6520 1090/6521 1089/6522
f 1050/6523 1051/6524 1091/6525
f 1050/6526 1091/6527 1090/6528
f 1051/6529 1052/6530 1092/6531
f 1051/6532 1092/6533 1091/6534
f 1052/6535 1053/6536 1093/6537
f 1052/6538 1093/6539 1092/6540
f 1053/6541 1054/6542 1094/6543
f 1053/6544 1094/6545 1093/6546
f 1054/6547 1055/6548 1095/6549
f 1054/6550 1095/6551 1094/6552
f 1055/6553 1056/6554 1096/6555
f 1055/6556 1096/6557 1095/6558
f 1056/6559 1057/6560 1097/6561
f 1056/6562 1097/6563 1096/6564
f 1057/6565 1058/6566 1098/6567
f 1057/6568 1098/6569 1097/6570
f 1058/6571 1059/6572 1099/6573
f 1058/6574 1099/6575 1098/6576
f 1059/6577 1060/6578 1100/6579
f 1059/6580 1100/6581 1099/6582
f 1060/6583 1061/6584 1101/6585
f 1060/6586 1101/6587 1100/6588
f 1061/6589 1062/6590 1102/6591
f 1061/6592 1102/6593 1101/6594
f 1062/6595 1063/6596 1103/6597
f 1062/6598 1103/6599 1102/6600
f 1063/6601 1064/6602 1104/6603
f 1063/6604 1104/6605 1103/6606
f 1064/6607 1065/6608 1105/6609
f 1064/6610 1105/6611 1104/6612
f 1065/6613 1066/6614 1106/6615
f 1065/6616 1106/6617 1105/6618
f 1066/6619 1067/6620 1107/6621
f 1066/6622 1107/6623 1106/6624
f 1067/6625 1068/6626 1108/6627
f 1067/6628 1108/6629 1107/6630
f 1068/6631 1069/6632 1109/6633
f 1068/6634 1109/6635 1108/6636
f 1069/6637 1070/6638 1110/6639
f 1069/6640 1110/6641 1109/6642
f 1070/6643 1071/6644 1111/6645
f 1070/6646 1111/6647 1110/6648
f 1071/6649 1072/6650 1112/6651
f 1071/6652 1112/6653 1111/6654
f 1072/6655 1073/6656 1113/6657
f 1072/6658 1113/6659 1112/6660
f 1073/6661 1074/6662 1114/6663
f 1073/6664 1114/6665 1113/6666
f 1074/6667 1075/6668 1115/6669
f 1074/6670 1115/6671 1114/6672
f 1075/6673 1076/6674 1116/6675
f 1075/6676 1116/6677 1115/6678
f 1076/6679 1077/6680 1117/6681
f 1076/6682 1117/6683 1116/6684
f 1077/6685 1078/6686 1118/6687
f 1077/6688 1118/6689 1117/6690
f 1078/6691 1079/6692 1119/6693
f 1078/6694 1119/6695 1118/6696
f 1079/6697 1080/6698 1120/6699
f 1079/6700 1120/6701 1119/6702
f 1080/6703 1081/6704 1121/6705
f 1080/6706 1121/6707 1120/6708
f 1081/6709 1082/6710 1122/6711
f 1081/6712 1122/6713 1121/6714
f 1082/6715 1043/6716 1083/6717
f 1082/6718 1083/6719 1122/6720
f 1083/6721 1084/6722 1124/6723
f 1083/6724 1124/6725 1123/6726
f 1084/6727 1085/6728 1125/6729
f 1084/6730 1125/6731 1124/6732
f 1085/6733 1086/6734 1126/6735
f 1085/6736 1126/6737 1125/6738
f 1086/6739 1087/6740 1127/6741
f 1086/6742 1127/6743 1126/6744
f 1087/6745 1088/6746 1128/6747
f 1087/6748 1128/6749 1127/6750
f 1088/6751 1089/6752 1129/6753
f 1088/6754 1129/6755 1128/6756
f 1089/6757 1090/6758 1130/6759
f 1089/6760 1130/6761 1129/6762
f 1090/6763 1091/6764 1131/6765
f 1090/6766 1131/6767 1130/6768
f 1091/6769 1092/6770 1132/6771
f 1091/6772 1132/6773 1131/6774
f 1092/6775 1093/6776 1133/6777
f 1092/6778 1133/6779 1132/6780
f 1093/6781 1094/6782 1134/6783
f 1093/6784 1134/6785 1133/6786
f 1094/6787 1095/6788 1135/6789
f 1094/6790 1135/6791 1134/6792
f 1095/6793 1096/6794 1136/6795
f 1095/6796 1136/6797 1135/6798
f 1096/6799 1097/6800 1137/6801
f 1096/6802 1137/6803 1136/6804
f 1097/6805 1098/6806 1138/6807
f 1097/6808 1138/6809 1137/6810
f 1098/6811 1099/6812 1139/6813
f 1098/6814 1139/6815 1138/6816
f 1099/6817 1100/6818 1140/6819
f 1099/6820 1140/6821 1139/6822
f 1100/6823 1101/6824 1141/6825
f 1100/6826 1141/6827 1140/6828
f 1101/6829 1102/6830 1142/6831
f 1101/6832 1142/6833 1141/6834
f 1102/6835 1103/6836 1143/6837
f 1102/6838 1143/6839 1142/6840
f 1103/6841 1104/6842 1144/6843
f 1103/6844 1144/6845 1143/6846
f 1104/6847 1105/6848 1145/6849
f 1104/6850 1145/6851 1144/6852
f 1105/6853 1106/6854 1146/6855
f 1105/6856 1146/6857 1145/6858
f 1106/6859 1107/6860 1147/6861
f 1106/6862 1147/6863 1146/6864
f 1107/6865 1108/6866 1148/6867
f 1107/6868 1148/6869 1147/6870
f 1108/6871 1109/6872 1149/6873
f 1108/6874 1149/6875 1148/6876
f 1109/6877 1110/6878 1150/6879
f 1109/6880 1150/6881 1149/6882
f 1110/6883 1111/6884 1151/6885
f 1110/6886 1151/6887 1150/6888
f 1111/6889 1112/6890 1152/6891
f 1111/6892 1152/6893 1151/6894
f 1112/6895 1113/6896 1153/6897
f 1112/6898 1153/6899 1152/6900
f 1113/6901 1114/6902 1154/6903
f 1113/6904 1154/6905 1153/6906
f 1114/6907 1115/6908 1155/6909
f 1114/6910 1155/6911 1154/6912
f 1115/6913 1116/6914 1156/6915
f 1115/6916 1156/6917 1155/6918
f 1116/6919 1117/6920 1157/6921
f 1116/6922 1157/6923 1156/6924
f 1117/6925 1118/6926 1158/6927
f 1117/6928 1158/6929 1157/6930
f 1118/6931 1119/6932 1159/6933
f 1118/6934 1159/6935 1158/6936
f 1119/6937 1120/6938 1160/6939
f 1119/6940 1160/6941 1159/6942
f 1120/6943 1121/6944 1161/6945
f 1120/6946 1161/6947 1160/6948
f 1121/6949 1122/6950 1162/6951
f 1121/6952 1162/6953 1161/6954
f 1122/6955 1083/6956 1123/6957
f 1122/6958 1123/6959 1162/6960
usemtl Shell
f 1165/6961 1168/6962 1167/6963
f 1165/6964 1167/6965 1166/6966
f 1169/6967 1170/6968 1171/6969
f 1169/6970 1171/6971 1172/6972
f 1165/6973 1166/6974 1170/6975
f 1165/6976 1170/6977 1169/6978
f 1168/6979 1172/6980 1171/6981
f 1168/6982 1171/6983 1167/6984
f 1165/6985 1169/6986 1172/6987
f 1165/6988 1172/6989 1168/6990
f 1166/6991 1167/6992 1171/6993
f 1166/6994 1171/6995 1170/6996
f 1173/6997 1176/6998 1175/6999
f 1173/7000 1175/7001 1174/7002
f 1177/7003 1178/7004 1179/7005
f 1177/7006 1179/7007 1180/7008
f 1173/7009 1174/7010 1178/7011
f 1173/7012 1178/7013 1177/7014
f 1176/7015 1180/7016 1179/7017
f 1176/7018 1179/7019 1175/7020
f 1173/7021 1177/7022 1180/7023
f 1173/7024 1180/7025 1176/7026
f 1174/7027 1175/7028 1179/7029
f 1174/7030 1179/7031 1178/7032
f 1181/7033 1184/7034 1183/7035
f 1181/7036 1183/7037 1182/7038
f 1185/7039 1186/7040 1187/7041
f 1185/7042 1187/7043 1188/7044
f 1181/7045 1182/7046 1186/7047
f 1181/7048 1186/7049 1185/7050
f 1184/7051 1188/7052 1187/7053
f 1184/7054 1187/7055 1183/7056
f 1181/7057 1185/7058 1188/7059
f 1181/7060 1188/7061 1184/7062
f 1182/7063 1183/7064 1187/7065
f 1182/7066 1187/7067 1186/7068
f 1189/7069 1192/7070 1191/7071
f 1189/7072 1191/7073 1190/7074
f 1193/7075 1194/7076 1195/7077
f 1193/7078 1195/7079 1196/7080
f 1189/7081 1190/7082 1194/7083
f 1189/7084 1194/7085 1193/7086
f 1192/7087 1196/7088 1195/7089
f 1192/7090 1195/7091 1191/7092
f 1189/7093 1193/7094 1196/7095
f 1189/7096 1196/7097 1192/7098
f 1190/7099 1191/7100 1195/7101
f 1190/7102 1195/7103 1194/7104
f 1197/7105 1200/7106 1199/7107
f 1197/7108 1199/7109 1198/7110
f 1201/7111 1202/7112 1203/7113
f 1201/7114 1203/7115 1204/7116
f 1197/7117 1198/7118 1202/7119
f 1197/7120 1202/7121 1201/7122
f 1200/7123 1204/7124 1203/7125
f 1200/7126 1203/7127 1199/7128
f 1197/7129 1201/7130 1204/7131
f 1197/7132 1204/7133 1200/7134
f 1198/7135 1199/7136 1203/7137
f 1198/7138 1203/7139 1202/7140
f 1205/7141 1208/7142 1207/7143
f 1205/7144 1207/7145 1206/7146
f 1209/7147 1210/7148 1211/7149
f 1209/7150 1211/7151 1212/7152
f 1205/7153 1206/7154 1210/7155
f 1205/7156 1210/7157 1209/7158
f 1208/7159 1212/7160 1211/7161
f 1208/7162 1211/7163 1207/7164
f 1205/7165 1209/7166 1212/7167
f 1205/7168 1212/7169 1208/7170
f 1206/7171 1207/7172 1211/7173
f 1206/7174 1211/7175 1210/7176
f 1213/7177 1216/7178 1215/7179
f 1213/7180 1215/7181 1214/7182
f 1217/7183 1218/7184 1219/7185
f 1217/7186 1219/7187 1220/7188
f 1213/7189 1214/7190 1218/7191
f 1213/7192 1218/7193 1217/7194
f 1216/7195 1220/7196 1219/7197
f 1216/7198 1219/7199 1215/7200
f 1213/7201 1217/7202 1220/7203
f 1213/7204 1220/7205 1216/7206
f 1214/7207 1215/7208 1219/7209
f 1214/7210 1219/7211 1218/7212
f 1221/7213 1224/7214 1223/7215
f 1221/7216 1223/7217 1222/7218
f 1225/7219 1226/7220 1227/7221
f 1225/7222 1227/7223 1228/7224
f 1221/7225 1222/7226 1226/7227
f 1221/7228 1226/7229 1225/7230
f 1224/7231 1228/7232 1227/7233
f 1224/7234 1227/7235 1223/7236
f 1221/7237 1225/7238 1228/7239
f 1221/7240 1228/7241 1224/7242
f 1222/7243 1223/7244 1227/7245
f 1222/7246 1227/7247 1226/7248
f 1229/7249 1232/7250 1231/7251
f 1229/7252 1231/7253 1230/7254
f 1233/7255 1234/7256 1235/7257
f 1233/7258 1235/7259 1236/7260
f 1229/7261 1230/7262 1234/7263
f 1229/7264 1234/7265 1233/7266
f 1232/7267 1236/7268 1235/7269
f 1232/7270 1235/7271 1231/7272
f 1229/7273 1233/7274 1236/7275
f 1229/7276 1236/7277 1232/7278
f 1230/7279 1231/7280 1235/7281
f 1230/7282 1235/7283 1234/7284
f 1237/7285 1240/7286 1239/7287
f 1237/7288 1239/7289 1238/7290
f 1241/7291 1242/7292 1243/7293
f 1241/7294 1243/7295 1244/7296
f 1237/7297 1238/7298 1242/7299
f 1237/7300 1242/7301 1241/7302
f 1240/7303 1244/7304 1243/7305
f 1240/7306 1243/7307 1239/7308
f 1237/7309 1241/7310 1244/7311
f 1237/7312 1244/7313 1240/7314
f 1238/7315 1239/7316 1243/7317
f 1238/7318 1243/7319 1242/7320
f 1245/7321 1248/7322 1247/7323
f 1245/7324 1247/7325 1246/7326
f 1249/7327 1250/7328 1251/7329
f 1249/7330 1251/7331 1252/7332
f 1245/7333 1246/7334 1250/7335
f 1245/7336 1250/7337 1249/7338
f 1248/7339 1252/7340 1251/7341
f 1248/7342 1251/7343 1247/7344
f 1245/7345 1249/7346 1252/7347
f 1245/7348 1252/7349 1248/7350
f 1246/7351 1247/7352 1251/7353
f 1246/7354 1251/7355 1250/7356
f 1253/7357 1256/7358 1255/7359
f 1253/7360 1255/7361 1254/7362
f 1257/7363 1258/7364 1259/7365
f 1257/7366 1259/7367 1260/7368
f 1253/7369 1254/7370 1258/7371
f 1253/7372 1258/7373 1257/7374
f 1256/7375 1260/7376 1259/7377
f 1256/7378 1259/7379 1255/7380
f 1253/7381 1257/7382 1260/7383
f 1253/7384 1260/7385 1256/7386
f 1254/7387 1255/7388 1259/7389
f 1254/7390 1259/7391 1258/7392
f 1261/7393 1264/7394 1263/7395
f 1261/7396 1263/7397 1262/7398
f 1265/7399 1266/7400 1267/7401
f 1265/7402 1267/7403 1268/7404
f 1261/7405 1262/7406 1266/7407
f 1261/7408 1266/7409 1265/7410
f 1264/7411 1268/7412 1267/7413
f 1264/7414 1267/7415 1263/7416
f 1261/7417 1265/7418 1268/7419
f 1261/7420 1268/7421 1264/7422
f 1262/7423 1263/7424 1267/7425
f 1262/7426 1267/7427 1266/7428
f 1269/7429 1272/7430 1271/7431
f 1269/7432 1271/7433 1270/7434
f 1273/7435 1274/7436 1275/7437
f 1273/7438 1275/7439 1276/7440
f 1269/7441 1270/7442 1274/7443
f 1269/7444 1274/7445 1273/7446
f 1272/7447 1276/7448 1275/7449
f 1272/7450 1275/7451 1271/7452
f 1269/7453 1273/7454 1276/7455
f 1269/7456 1276/7457 1272/7458
f 1270/7459 1271/7460 1275/7461
f 1270/7462 1275/7463 1274/7464
f 1277/7465 1280/7466 1279/7467
f 1277/7468 1279/7469 1278/7470
f 1281/7471 1282/7472 1283/7473
f 1281/7474 1283/7475 1284/7476
f 1277/7477 1278/7478 1282/7479
f 1277/7480 1282/7481 1281/7482
f 1280/7483 1284/7484 1283/7485
f 1280/7486 1283/7487 1279/7488
f 1277/7489 1281/7490 1284/7491
f 1277/7492 1284/7493 1280/7494
f 1278/7495 1279/7496 1283/7497
f 1278/7498 1283/7499 1282/7500
f 1285/7501 1288/7502 1287/7503
f 1285/7504 1287/7505 1286/7506
f 1289/7507 1290/7508 1291/7509
f 1289/7510 1291/7511 1292/7512
f 1285/7513 1286/7514 1290/7515
f 1285/7516 1290/7517 1289/7518
f 1288/7519 1292/7520 1291/7521
f 1288/7522 1291/7523 1287/7524
f 1285/7525 1289/7526 1292/7527
f 1285/7528 1292/7529 1288/7530
f 1286/7531 1287/7532 1291/7533
f 1286/7534 1291/7535 1290/7536
usemtl Mechanism
f 1293/7537 1296/7538 1295/7539
f 1293/7540 1295/7541 1294/7542
f 1297/7543 1298/7544 1299/7545
f 1297/7546 1299/7547 1300/7548
f 1293/7549 1294/7550 1298/7551
f 1293/7552 1298/7553 1297/7554
f 1296/7555 1300/7556 1299/7557
f 1296/7558 1299/7559 1295/7560
f 1293/7561 1297/7562 1300/7563
f 1293/7564 1300/7565 1296/7566
f 1294/7567 1295/7568 1299/7569
f 1294/7570 1299/7571 1298/7572
f 1301/7573 1304/7574 1303/7575
f 1301/7576 1303/7577 1302/7578
f 1305/7579 1306/7580 1307/7581
f 1305/7582 1307/7583 1308/7584
f 1301/7585 1302/7586 1306/7587
f 1301/7588 1306/7589 1305/7590
f 1304/7591 1308/7592 1307/7593
f 1304/7594 1307/7595 1303/7596
f 1301/7597 1305/7598 1308/7599
f 1301/7600 1308/7601 1304/7602
f 1302/7603 1303/7604 1307/7605
f 1302/7606 1307/7607 1306/7608
f 1309/7609 1312/7610 1311/7611
f 1309/7612 1311/7613 1310/7614
f 1313/7615 1314/7616 1315/7617
f 1313/7618 1315/7619 1316/7620
f 1309/7621 1310/7622 1314/7623
f 1309/7624 1314/7625 1313/7626
f 1312/7627 1316/7628 1315/7629
f 1312/7630 1315/7631 1311/7632
f 1309/7633 1313/7634 1316/7635
f 1309/7636 1316/7637 1312/7638
f 1310/7639 1311/7640 1315/7641
f 1310/7642 1315/7643 1314/7644
f 1317/7645 1320/7646 1319/7647
f 1317/7648 1319/7649 1318/7650
f 1321/7651 1322/7652 1323/7653
f 1321/7654 1323/7655 1324/7656
f 1317/7657 1318/7658 1322/7659
f 1317/7660 1322/7661 1321/7662
f 1320/7663 1324/7664 1323/7665
f 1320/7666 1323/7667 1319/7668
f 1317/7669 1321/7670 1324/7671
f 1317/7672 1324/7673 1320/7674
f 1318/7675 1319/7676 1323/7677
f 1318/7678 1323/7679 1322/7680
f 1325/7681 1328/7682 1327/7683
f 1325/7684 1327/7685 1326/7686
f 1329/7687 1330/7688 1331/7689
f 1329/7690 1331/7691 1332/7692
f 1325/7693 1326/7694 1330/7695
f 1325/7696 1330/7697 1329/7698
f 1328/7699 1332/7700 1331/7701
f 1328/7702 1331/7703 1327/7704
f 1325/7705 1329/7706 1332/7707
f 1325/7708 1332/7709 1328/7710
f 1326/7711 1327/7712 1331/7713
f 1326/7714 1331/7715 1330/7716
f 1333/7717 1336/7718 1335/7719
f 1333/7720 1335/7721 1334/7722
f 1337/7723 1338/7724 1339/7725
f 1337/7726 1339/7727 1340/7728
f 1333/7729 1334/7730 1338/7731
f 1333/7732 1338/7733 1337/7734
f 1336/7735 1340/7736 1339/7737
f 1336/7738 1339/7739 1335/7740
f 1333/7741 1337/7742 1340/7743
f 1333/7744 1340/7745 1336/7746
f 1334/7747 1335/7748 1339/7749
f 1334/7750 1339/7751 1338/7752
f 1341/7753 1344/7754 1343/7755
f 1341/7756 1343/7757 1342/7758
f 1345/7759 1346/7760 1347/7761
f 1345/7762 1347/7763 1348/7764
f 1341/7765 1342/7766 1346/7767
f 1341/7768 1346/7769 1345/7770
f 1344/7771 1348/7772 1347/7773
f 1344/7774 1347/7775 1343/7776
f 1341/7777 1345/7778 1348/7779
f 1341/7780 1348/7781 1344/7782
f 1342/7783 1343/7784 1347/7785
f 1342/7786 1347/7787 1346/7788
f 1349/7789 1352/7790 1351/7791
f 1349/7792 1351/7793 1350/7794
f 1353/7795 1354/7796 1355/7797
f 1353/7798 1355/7799 1356/7800
f 1349/7801 1350/7802 1354/7803
f 1349/7804 1354/7805 1353/7806
f 1352/7807 1356/7808 1355/7809
f 1352/7810 1355/7811 1351/7812
f 1349/7813 1353/7814 1356/7815
f 1349/7816 1356/7817 1352/7818
f 1350/7819 1351/7820 1355/7821
f 1350/7822 1355/7823 1354/7824
f 1357/7825 1359/7826 1360/7827
f 1357/7828 1360/7829 1358/7830
f 1359/7831 1361/7832 1362/7833
f 1359/7834 1362/7835 1360/7836
f 1361/7837 1363/7838 1364/7839
f 1361/7840 1364/7841 1362/7842
f 1363/7843 1365/7844 1366/7845
f 1363/7846 1366/7847 1364/7848
f 1365/7849 1367/7850 1368/7851
f 1365/7852 1368/7853 1366/7854
f 1367/7855 1369/7856 1370/7857
f 1367/7858 1370/7859 1368/7860
f 1369/7861 1371/7862 1372/7863
f 1369/7864 1372/7865 1370/7866
f 1371/7867 1373/7868 1374/7869
f 1371/7870 1374/7871 1372/7872
f 1373/7873 1375/7874 1376/7875
f 1373/7876 1376/7877 1374/7878
f 1375/7879 1377/7880 1378/7881
f 1375/7882 1378/7883 1376/7884
f 1377/7885 1379/7886 1380/7887
f 1377/7888 1380/7889 1378/7890
f 1379/7891 1381/7892 1382/7893
f 1379/7894 1382/7895 1380/7896
f 1381/7897 1383/7898 1384/7899
f 1381/7900 1384/7901 1382/7902
f 1383/7903 1385/7904 1386/7905
f 1383/7906 1386/7907 1384/7908
f 1385/7909 1387/7910 1388/7911
f 1385/7912 1388/7913 1386/7914
f 1387/7915 1389/7916 1390/7917
f 1387/7918 1390/7919 1388/7920
f 1389/7921 1391/7922 1392/7923
f 1389/7924 1392/7925 1390/7926
f 1391/7927 1393/7928 1394/7929
f 1391/7930 1394/7931 1392/7932
f 1393/7933 1395/7934 1396/7935
f 1393/7936 1396/7937 1394/7938
f 1395/7939 1397/7940 1398/7941
f 1395/7942 1398/7943 1396/7944
f 1397/7945 1399/7946 1400/7947
f 1397/7948 1400/7949 1398/7950
f 1399/7951 1401/7952 1402/7953
f 1399/7954 1402/7955 1400/7956
f 1401/7957 1403/7958 1404/7959
f 1401/7960 1404/7961 1402/7962
f 1403/7963 1405/7964 1406/7965
f 1403/7966 1406/7967 1404/7968
f 1405/7969 1407/7970 1408/7971
f 1405/7972 1408/7973 1406/7974
f 1407/7975 1409/7976 1410/7977
f 1407/7978 1410/7979 1408/7980
f 1409/7981 1411/7982 1412/7983
f 1409/7984 1412/7985 1410/7986
f 1411/7987 1413/7988 1414/7989
f 1411/7990 1414/7991 1412/7992
f 1413/7993 1415/7994 1416/7995
f 1413/7996 1416/7997 1414/7998
f 1415/7999 1417/8000 1418/8001
f 1415/8002 1418/8003 1416/8004
f 1417/8005 1419/8006 1420/8007
f 1417/8008 1420/8009 1418/8010
f 1419/8011 1421/8012 1422/8013
f 1419/8014 1422/8015 1420/8016
f 1421/8017 1423/8018 1424/8019
f 1421/8020 1424/8021 1422/8022
f 1423/8023 1425/8024 1426/8025
f 1423/8026 1426/8027 1424/8028
f 1425/8029 1427/8030 1428/8031
f 1425/8032 1428/8033 1426/8034
f 1427/8035 1429/8036 1430/8037
f 1427/8038 1430/8039 1428/8040
f 1429/8041 1431/8042 1432/8043
f 1429/8044 1432/8045 1430/8046
f 1431/8047 1433/8048 1434/8049
f 1431/8050 1434/8051 1432/8052
f 1433/8053 1435/8054 1436/8055
f 1433/8056 1436/8057 1434/8058
f 1435/8059 1437/8060 1438/8061
f 1435/8062 1438/8063 1436/8064
f 1437/8065 1439/8066 1440/8067
f 1437/8068 1440/8069 1438/8070
f 1439/8071 1441/8072 1442/8073
f 1439/8074 1442/8075 1440/8076
f 1441/8077 1443/8078 1444/8079
f 1441/8080 1444/8081 1442/8082
f 1443/8083 1445/8084 1446/8085
f 1443/8086 1446/8087 1444/8088
f 1445/8089 1447/8090 1448/8091
f 1445/8092 1448/8093 1446/8094
f 1447/8095 1449/8096 1450/8097
f 1447/8098 1450/8099 1448/8100
f 1449/8101 1451/8102 1452/8103
f 1449/8104 1452/8105 1450/8106
f 1451/8107 1357/8108 1358/8109
f 1451/8110 1358/8111 1452/8112
f 1453/8113 1359/8114 1357/8115
f 1454/8116 1358/8117 1360/8118
f 1453/8119 1361/8120 1359/8121
f 1454/8122 1360/8123 1362/8124
f 1453/8125 1363/8126 1361/8127
f 1454/8128 1362/8129 1364/8130
f 1453/8131 1365/8132 1363/8133
f 1454/8134 1364/8135 1366/8136
f 1453/8137 1367/8138 1365/8139
f 1454/8140 1366/8141 1368/8142
f 1453/8143 1369/8144 1367/8145
f 1454/8146 1368/8147 1370/8148
f 1453/8149 1371/8150 1369/8151
f 1454/8152 1370/8153 1372/8154
f 1453/8155 1373/8156 1371/8157
f 1454/8158 1372/8159 1374/8160
f 1453/8161 1375/8162 1373/8163
f 1454/8164 1374/8165 1376/8166
f 1453/8167 1377/8168 1375/8169
f 1454/8170 1376/8171 1378/8172
f 1453/8173 1379/8174 1377/8175
f 1454/8176 1378/8177 1380/8178
f 1453/8179 1381/8180 1379/8181
f 1454/8182 1380/8183 1382/8184
f 1453/8185 1383/8186 1381/8187
f 1454/8188 1382/8189 1384/8190
f 1453/8191 1385/8192 1383/8193
f 1454/8194 1384/8195 1386/8196
f 1453/8197 1387/8198 1385/8199
f 1454/8200 1386/8201 1388/8202
f 1453/8203 1389/8204 1387/8205
f 1454/8206 1388/8207 1390/8208
f 1453/8209 1391/8210 1389/8211
f 1454/8212 1390/8213 1392/8214
f 1453/8215 1393/8216 1391/8217
f 1454/8218 1392/8219 1394/8220
f 1453/8221 1395/8222 1393/8223
f 1454/8224 1394/8225 1396/8226
f 1453/8227 1397/8228 1395/8229
f 1454/8230 1396/8231 1398/8232
f 1453/8233 1399/8234 1397/8235
f 1454/8236 1398/8237 1400/8238
f 1453/8239 1401/8240 1399/8241
f 1454/8242 1400/8243 1402/8244
f 1453/8245 1403/8246 1401/8247
f 1454/8248 1402/8249 1404/8250
f 1453/8251 1405/8252 1403/8253
f 1454/8254 1404/8255 1406/8256
f 1453/8257 1407/8258 1405/8259
f 1454/8260 1406/8261 1408/8262
f 1453/8263 1409/8264 1407/8265
f 1454/8266 1408/8267 1410/8268
f 1453/8269 1411/8270 1409/8271
f 1454/8272 1410/8273 1412/8274
f 1453/8275 1413/8276 1411/8277
f 1454/8278 1412/8279 1414/8280
f 1453/8281 1415/8282 1413/8283
f 1454/8284 1414/8285 1416/8286
f 1453/8287 1417/8288 1415/8289
f 1454/8290 1416/8291 1418/8292
f 1453/8293 1419/8294 1417/8295
f 1454/8296 1418/8297 1420/8298
f 1453/8299 1421/8300 1419/8301
f 1454/8302 1420/8303 1422/8304
f 1453/8305 1423/8306 1421/8307
f 1454/8308 1422/8309 1424/8310
f 1453/8311 1425/8312 1423/8313
f 1454/8314 1424/8315 1426/8316
f 1453/8317 1427/8318 1425/8319
f 1454/8320 1426/8321 1428/8322
f 1453/8323 1429/8324 1427/8325
f 1454/8326 1428/8327 1430/8328
f 1453/8329 1431/8330 1429/8331
f 1454/8332 1430/8333 1432/8334
f 1453/8335 1433/8336 1431/8337
f 1454/8338 1432/8339 1434/8340
f 1453/8341 1435/8342 1433/8343
f 1454/8344 1434/8345 1436/8346
f 1453/8347 1437/8348 1435/8349
f 1454/8350 1436/8351 1438/8352
f 1453/8353 1439/8354 1437/8355
f 1454/8356 1438/8357 1440/8358
f 1453/8359 1441/8360 1439/8361
f 1454/8362 1440/8363 1442/8364
f 1453/8365 1443/8366 1441/8367
f 1454/8368 1442/8369 1444/8370
f 1453/8371 1445/8372 1443/8373
f 1454/8374 1444/8375 1446/8376
f 1453/8377 1447/8378 1445/8379
f 1454/8380 1446/8381 1448/8382
f 1453/8383 1449/8384 1447/8385
f 1454/8386 1448/8387 1450/8388
f 1453/8389 1451/8390 1449/8391
f 1454/8392 1450/8393 1452/8394
f 1453/8395 1357/8396 1451/8397
f 1454/8398 1452/8399 1358/8400
usemtl Shell
f 1455/8401 1463/8402 1464/8403
f 1455/8404 1464/8405 1456/8406
f 1456/8407 1464/8408 1465/8409
f 1456/8410 1465/8411 1457/8412
f 1457/8413 1465/8414 1466/8415
f 1457/8416 1466/8417 1458/8418
f 1458/8419 1466/8420 1467/8421
f 1458/8422 1467/8423 1459/8424
f 1459/8425 1467/8426 1468/8427
f 1459/8428 1468/8429 1460/8430
f 1460/8431 1468/8432 1469/8433
f 1460/8434 1469/8435 1461/8436
f 1461/8437 1469/8438 1470/8439
f 1461/8440 1470/8441 1462/8442
f 1462/8443 1470/8444 1463/8445
f 1462/8446 1463/8447 1455/8448
f 1463/8449 1471/8450 1472/8451
f 1463/8452 1472/8453 1464/8454
f 1464/8455 1472/8456 1473/8457
f 1464/8458 1473/8459 1465/8460
f 1465/8461 1473/8462 1474/8463
f 1465/8464 1474/8465 1466/8466
f 1466/8467 1474/8468 1475/8469
f 1466/8470 1475/8471 1467/8472
f 1467/8473 1475/8474 1476/8475
f 1467/8476 1476/8477 1468/8478
f 1468/8479 1476/8480 1477/8481
f 1468/8482 1477/8483 1469/8484
f 1469/8485 1477/8486 1478/8487
f 1469/8488 1478/8489 1470/8490
f 1470/8491 1478/8492 1471/8493
f 1470/8494 1471/8495 1463/8496
f 1471/8497 1479/8498 1480/8499
f 1471/8500 1480/8501 1472/8502
f 1472/8503 1480/8504 1481/8505
f 1472/8506 1481/8507 1473/8508
f 1473/8509 1481/8510 1482/8511
f 1473/8512 1482/8513 1474/8514
f 1474/8515 1482/8516 1483/8517
f 1474/8518 1483/8519 1475/8520
f 1475/8521 1483/8522 1484/8523
f 1475/8524 1484/8525 1476/8526
f 1476/8527 1484/8528 1485/8529
f 1476/8530 1485/8531 1477/8532
f 1477/8533 1485/8534 1486/8535
f 1477/8536 1486/8537 1478/8538
f 1478/8539 1486/8540 1479/8541
f 1478/8542 1479/8543 1471/8544
f 1479/8545 1487/8546 1488/8547
f 1479/8548 1488/8549 1480/8550
f 1480/8551 1488/8552 1489/8553
f 1480/8554 1489/8555 1481/8556
f 1481/8557 1489/8558 1490/8559
f 1481/8560 1490/8561 1482/8562
f 1482/8563 1490/8564 1491/8565
f 1482/8566 1491/8567 1483/8568
f 1483/8569 1491/8570 1492/8571
f 1483/8572 1492/8573 1484/8574
f 1484/8575 1492/8576 1493/8577
f 1484/8578 1493/8579 1485/8580
f 1485/8581 1493/8582 1494/8583
f 1485/8584 1494/8585 1486/8586
f 1486/8587 1494/8588 1487/8589
f 1486/8590 1487/8591 1479/8592
f 1487/8593 1495/8594 1496/8595
f 1487/8596 1496/8597 1488/8598
f 1488/8599 1496/8600 1497/8601
f 1488/8602 1497/8603 1489/8604
f 1489/8605 1497/8606 1498/8607
f 1489/8608 1498/8609 1490/8610
f 1490/8611 1498/8612 1499/8613
f 1490/8614 1499/8615 1491/8616
f 1491/8617 1499/8618 1500/8619
f 1491/8620 1500/8621 1492/8622
f 1492/8623 1500/8624 1501/8625
f 1492/8626 1501/8627 1493/8628
f 1493/8629 1501/8630 1502/8631
f 1493/8632 1502/8633 1494/8634
f 1494/8635 1502/8636 1495/8637
f 1494/8638 1495/8639 1487/8640
f 1495/8641 1503/8642 1504/8643
f 1495/8644 1504/8645 1496/8646
f 1496/8647 1504/8648 1505/8649
f 1496/8650 1505/8651 1497/8652
f 1497/8653 1505/8654 1506/8655
f 1497/8656 1506/8657 1498/8658
f 1498/8659 1506/8660 1507/8661
f 1498/8662 1507/8663 1499/8664
f 1499/8665 1507/8666 1508/8667
f 1499/8668 1508/8669 1500/8670
f 1500/8671 1508/8672 1509/8673
f 1500/8674 1509/8675 1501/8676
f 1501/8677 1509/8678 1510/8679
f 1501/8680 1510/8681 1502/8682
f 1502/8683 1510/8684 1503/8685
f 1502/8686 1503/8687 1495/8688
f 1503/8689 1511/8690 1512/8691
f 1503/8692 1512/8693 1504/8694
f 1504/8695 1512/8696 1513/8697
f 1504/8698 1513/8699 1505/8700
f 1505/8701 1513/8702 1514/8703
f 1505/8704 1514/8705 1506/8706
f 1506/8707 1514/8708 1515/8709
f 1506/8710 1515/8711 1507/8712
f 1507/8713 1515/8714 1516/8715
f 1507/8716 1516/8717 1508/8718
f 1508/8719 1516/8720 1517/8721
f 1508/8722 1517/8723 1509/8724
f 1509/8725 1517/8726 1518/8727
f 1509/8728 1518/8729 1510/8730
f 1510/8731 1518/8732 1511/8733
f 1510/8734 1511/8735 1503/8736
f 1511/8737 1519/8738 1520/8739
f 1511/8740 1520/8741 1512/8742
f 1512/8743 1520/8744 1521/8745
f 1512/8746 1521/8747 1513/8748
f 1513/8749 1521/8750 1522/8751
f 1513/8752 1522/8753 1514/8754
f 1514/8755 1522/8756 1523/8757
f 1514/8758 1523/8759 1515/8760
f 1515/8761 1523/8762 1524/8763
f 1515/8764 1524/8765 1516/8766
f 1516/8767 1524/8768 1525/8769
f 1516/8770 1525/8771 1517/8772
f 1517/8773 1525/8774 1526/8775
f 1517/8776 1526/8777 1518/8778
f 1518/8779 1526/8780 1519/8781
f 1518/8782 1519/8783 1511/8784
f 1519/8785 1527/8786 1528/8787
f 1519/8788 1528/8789 1520/8790
f 1520/8791 1528/8792 1529/8793
f 1520/8794 1529/8795 1521/8796
f 1521/8797 1529/8798 1530/8799
f 1521/8800 1530/8801 1522/8802
f 1522/8803 1530/8804 1531/8805
f 1522/8806 1531/8807 1523/8808
f 1523/8809 1531/8810 1532/8811
f 1523/8812 1532/8813 1524/8814
f 1524/8815 1532/8816 1533/8817
f 1524/8818 1533/8819 1525/8820
f 1525/8821 1533/8822 1534/8823
f 1525/8824 1534/8825 1526/8826
f 1526/8827 1534/8828 1527/8829
f 1526/8830 1527/8831 1519/8832
f 1527/8833 1535/8834 1536/8835
f 1527/8836 1536/8837 1528/8838
f 1528/8839 1536/8840 1537/8841
f 1528/8842 1537/8843 1529/8844
f 1529/8845 1537/8846 1538/8847
f 1529/8848 1538/8849 1530/8850
f 1530/8851 1538/8852 1539/8853
f 1530/8854 1539/8855 1531/8856
f 1531/8857 1539/8858 1540/8859
f 1531/8860 1540/8861 1532/8862
f 1532/8863 1540/8864 1541/8865
f 1532/8866 1541/8867 1533/8868
f 1533/8869 1541/8870 1542/8871
f 1533/8872 1542/8873 1534/8874
f 1534/8875 1542/8876 1535/8877
f 1534/8878 1535/8879 1527/8880
f 1535/8881 1543/8882 1544/8883
f 1535/8884 1544/8885 1536/8886
f 1536/8887 1544/8888 1545/8889
f 1536/8890 1545/8891 1537/8892
f 1537/8893 1545/8894 1546/8895
f 1537/8896 1546/8897 1538/8898
f 1538/8899 1546/8900 1547/8901
f 1538/8902 1547/8903 1539/8904
f 1539/8905 1547/8906 1548/8907
f 1539/8908 1548/8909 1540/8910
f 1540/8911 1548/8912 1549/8913
f 1540/8914 1549/8915 1541/8916
f 1541/8917 1549/8918 1550/8919
f 1541/8920 1550/8921 1542/8922
f 1542/8923 1550/8924 1543/8925
f 1542/8926 1543/8927 1535/8928
f 1543/8929 1551/8930 1552/8931
f 1543/8932 1552/8933 1544/8934
f 1544/8935 1552/8936 1553/8937
f 1544/8938 1553/8939 1545/8940
f 1545/8941 1553/8942 1554/8943
f 1545/8944 1554/8945 1546/8946
f 1546/8947 1554/8948 1555/8949
f 1546/8950 1555/8951 1547/8952
f 1547/8953 1555/8954 1556/8955
f 1547/8956 1556/8957 1548/8958
f 1548/8959 1556/8960 1557/8961
f 1548/8962 1557/8963 1549/8964
f 1549/8965 1557/8966 1558/8967
f 1549/8968 1558/8969 1550/8970
f 1550/8971 1558/8972 1551/8973
f 1550/8974 1551/8975 1543/8976
f 1551/8977 1559/8978 1560/8979
f 1551/8980 1560/8981 1552/8982
f 1552/8983 1560/8984 1561/8985
f 1552/8986 1561/8987 1553/8988
f 1553/8989 1561/8990 1562/8991
f 1553/8992 1562/8993 1554/8994
f 1554/8995 1562/8996 1563/8997
f 1554/8998 1563/8999 1555/9000
f 1555/9001 1563/9002 1564/9003
f 1555/9004 1564/9005 1556/9006
f 1556/9007 1564/9008 1565/9009
f 1556/9010 1565/9011 1557/9012
f 1557/9013 1565/9014 1566/9015
f 1557/9016 1566/9017 1558/9018
f 1558/9019 1566/9020 1559/9021
f 1558/9022 1559/9023 1551/9024
f 1559/9025 1567/9026 1568/9027
f 1559/9028 1568/9029 1560/9030
f 1560/9031 1568/9032 1569/9033
f 1560/9034 1569/9035 1561/9036
f 1561/9037 1569/9038 1570/9039
f 1561/9040 1570/9041 1562/9042
f 1562/9043 1570/9044 1571/9045
f 1562/9046 1571/9047 1563/9048
f 1563/9049 1571/9050 1572/9051
f 1563/9052 1572/9053 1564/9054
f 1564/9055 1572/9056 1573/9057
f 1564/9058 1573/9059 1565/9060
f 1565/9061 1573/9062 1574/9063
f 1565/9064 1574/9065 1566/9066
f 1566/9067 1574/9068 1567/9069
f 1566/9070 1567/9071 1559/9072
f 1567/9073 1575/9074 1576/9075
f 1567/9076 1576/9077 1568/9078
f 1568/9079 1576/9080 1577/9081
f 1568/9082 1577/9083 1569/9084
f 1569/9085 1577/9086 1578/9087
f 1569/9088 1578/9089 1570/9090
f 1570/9091 1578/9092 1579/9093
f 1570/9094 1579/9095 1571/9096
f 1571/9097 1579/9098 1580/9099
f 1571/9100 1580/9101 1572/9102
f 1572/9103 1580/9104 1581/9105
f 1572/9106 1581/9107 1573/9108
f 1573/9109 1581/9110 1582/9111
f 1573/9112 1582/9113 1574/9114
f 1574/9115 1582/9116 1575/9117
f 1574/9118 1575/9119 1567/9120
f 1575/9121 1583/9122 1584/9123
f 1575/9124 1584/9125 1576/9126
f 1576/9127 1584/9128 1585/9129
f 1576/9130 1585/9131 1577/9132
f 1577/9133 1585/9134 1586/9135
f 1577/9136 1586/9137 1578/9138
f 1578/9139 1586/9140 1587/9141
f 1578/9142 1587/9143 1579/9144
f 1579/9145 1587/9146 1588/9147
f 1579/9148 1588/9149 1580/9150
f 1580/9151 1588/9152 1589/9153
f 1580/9154 1589/9155 1581/9156
f 1581/9157 1589/9158 1590/9159
f 1581/9160 1590/9161 1582/9162
f 1582/9163 1590/9164 1583/9165
f 1582/9166 1583/9167 1575/9168
f 1583/9169 1591/9170 1592/9171
f 1583/9172 1592/9173 1584/9174
f 1584/9175 1592/9176 1593/9177
f 1584/9178 1593/9179 1585/9180
f 1585/9181 1593/9182 1594/9183
f 1585/9184 1594/9185 1586/9186
f 1586/9187 1594/9188 1595/9189
f 1586/9190 1595/9191 1587/9192
f 1587/9193 1595/9194 1596/9195
f 1587/9196 1596/9197 1588/9198
f 1588/9199 1596/9200 1597/9201
f 1588/9202 1597/9203 1589/9204
f 1589/9205 1597/9206 1598/9207
f 1589/9208 1598/9209 1590/9210
f 1590/9211 1598/9212 1591/9213
f 1590/9214 1591/9215 1583/9216
f 1591/9217 1599/9218 1600/9219
f 1591/9220 1600/9221 1592/9222
f 1592/9223 1600/9224 1601/9225
f 1592/9226 1601/9227 1593/9228
f 1593/9229 1601/9230 1602/9231
f 1593/9232 1602/9233 1594/9234
f 1594/9235 1602/9236 1603/9237
f 1594/9238 1603/9239 1595/9240
f 1595/9241 1603/9242 1604/9243
f 1595/9244 1604/9245 1596/9246
f 1596/9247 1604/9248 1605/9249
f 1596/9250 1605/9251 1597/9252
f 1597/9253 1605/9254 1606/9255
f 1597/9256 1606/9257 1598/9258
f 1598/9259 1606/9260 1599/9261
f 1598/9262 1599/9263 1591/9264
f 1599/9265 1607/9266 1608/9267
f 1599/9268 1608/9269 1600/9270
f 1600/9271 1608/9272 1609/9273
f 1600/9274 1609/9275 1601/9276
f 1601/9277 1609/9278 1610/9279
f 1601/9280 1610/9281 1602/9282
f 1602/9283 1610/9284 1611/9285
f 1602/9286 1611/9287 1603/9288
f 1603/9289 1611/9290 1612/9291
f 1603/9292 1612/9293 1604/9294
f 1604/9295 1612/9296 1613/9297
f 1604/9298 1613/9299 1605/9300
f 1605/9301 1613/9302 1614/9303
f 1605/9304 1614/9305 1606/9306
f 1606/9307 1614/9308 1607/9309
f 1606/9310 1607/9311 1599/9312
f 1607/9313 1615/9314 1616/9315
f 1607/9316 1616/9317 1608/9318
f 1608/9319 1616/9320 1617/9321
f 1608/9322 1617/9323 1609/9324
f 1609/9325 1617/9326 1618/9327
f 1609/9328 1618/9329 1610/9330
f 1610/9331 1618/9332 1619/9333
f 1610/9334 1619/9335 1611/9336
f 1611/9337 1619/9338 1620/9339
f 1611/9340 1620/9341 1612/9342
f 1612/9343 1620/9344 1621/9345
f 1612/9346 1621/9347 1613/9348
f 1613/9349 1621/9350 1622/9351
f 1613/9352 1622/9353 1614/9354
f 1614/9355 1622/9356 1615/9357
f 1614/9358 1615/9359 1607/9360
f 1615/9361 1623/9362 1624/9363
f 1615/9364 1624/9365 1616/9366
f 1616/9367 1624/9368 1625/9369
f 1616/9370 1625/9371 1617/9372
f 1617/9373 1625/9374 1626/9375
f 1617/9376 1626/9377 1618/9378
f 1618/9379 1626/9380 1627/9381
f 1618/9382 1627/9383 1619/9384
f 1619/9385 1627/9386 1628/9387
f 1619/9388 1628/9389 1620/9390
f 1620/9391 1628/9392 1629/9393
f 1620/9394 1629/9395 1621/9396
f 1621/9397 1629/9398 1630/9399
f 1621/9400 1630/9401 1622/9402
f 1622/9403 1630/9404 1623/9405
f 1622/9406 1623/9407 1615/9408
f 1623/9409 1631/9410 1632/9411
f 1623/9412 1632/9413 1624/9414
f 1624/9415 1632/9416 1633/9417
f 1624/9418 1633/9419 1625/9420
f 1625/9421 1633/9422 1634/9423
f 1625/9424 1634/9425 1626/9426
f 1626/9427 1634/9428 1635/9429
f 1626/9430 1635/9431 1627/9432
f 1627/9433 1635/9434 1636/9435
f 1627/9436 1636/9437 1628/9438
f 1628/9439 1636/9440 1637/9441
f 1628/9442 1637/9443 1629/9444
f 1629/9445 1637/9446 1638/9447
f 1629/9448 1638/9449 1630/9450
f 1630/9451 1638/9452 1631/9453
f 1630/9454 1631/9455 1623/9456
f 1631/9457 1639/9458 1640/9459
f 1631/9460 1640/9461 1632/9462
f 1632/9463 1640/9464 1641/9465
f 1632/9466 1641/9467 1633/9468
f 1633/9469 1641/9470 1642/9471
f 1633/9472 1642/9473 1634/9474
f 1634/9475 1642/9476 1643/9477
f 1634/9478 1643/9479 1635/9480
f 1635/9481 1643/9482 1644/9483
f 1635/9484 1644/9485 1636/9486
f 1636/9487 1644/9488 1645/9489
f 1636/9490 1645/9491 1637/9492
f 1637/9493 1645/9494 1646/9495
f 1637/9496 1646/9497 1638/9498
f 1638/9499 1646/9500 1639/9501
f 1638/9502 1639/9503 1631/9504
f 1639/9505 1647/9506 1648/9507
f 1639/9508 1648/9509 1640/9510
f 1640/9511 1648/9512 1649/9513
f 1640/9514 1649/9515 1641/9516
f 1641/9517 1649/9518 1650/9519
f 1641/9520 1650/9521 1642/9522
f 1642/9523 1650/9524 1651/9525
f 1642/9526 1651/9527 1643/9528
f 1643/9529 1651/9530 1652/9531
f 1643/9532 1652/9533 1644/9534
f 1644/9535 1652/9536 1653/9537
f 1644/9538 1653/9539 1645/9540
f 1645/9541 1653/9542 1654/9543
f 1645/9544 1654/9545 1646/9546
f 1646/9547 1654/9548 1647/9549
f 1646/9550 1647/9551 1639/9552
f 1647/9553 1655/9554 1656/9555
f 1647/9556 1656/9557 1648/9558
f 1648/9559 1656/9560 1657/9561
f 1648/9562 1657/9563 1649/9564
f 1649/9565 1657/9566 1658/9567
f 1649/9568 1658/9569 1650/9570
f 1650/9571 1658/9572 1659/9573
f 1650/9574 1659/9575 1651/9576
f 1651/9577 1659/9578 1660/9579
f 1651/9580 1660/9581 1652/9582
f 1652/9583 1660/9584 1661/9585
f 1652/9586 1661/9587 1653/9588
f 1653/9589 1661/9590 1662/9591
f 1653/9592 1662/9593 1654/9594
f 1654/9595 1662/9596 1655/9597
f 1654/9598 1655/9599 1647/9600
f 1655/9601 1663/9602 1664/9603
f 1655/9604 1664/9605 1656/9606
f 1656/9607 1664/9608 1665/9609
f 1656/9610 1665/9611 1657/9612
f 1657/9613 1665/9614 1666/9615
f 1657/9616 1666/9617 1658/9618
f 1658/9619 1666/9620 1667/9621
f 1658/9622 1667/9623 1659/9624
f 1659/9625 1667/9626 1668/9627
f 1659/9628 1668/9629 1660/9630
f 1660/9631 1668/9632 1669/9633
f 1660/9634 1669/9635 1661/9636
f 1661/9637 1669/9638 1670/9639
f 1661/9640 1670/9641 1662/9642
f 1662/9643 1670/9644 1663/9645
f 1662/9646 1663/9647 1655/9648
f 1663/9649 1671/9650 1672/9651
f 1663/9652 1672/9653 1664/9654
f 1664/9655 1672/9656 1673/9657
f 1664/9658 1673/9659 1665/9660
f 1665/9661 1673/9662 1674/9663
f 1665/9664 1674/9665 1666/9666
f 1666/9667 1674/9668 1675/9669
f 1666/9670 1675/9671 1667/9672
f 1667/9673 1675/9674 1676/9675
f 1667/9676 1676/9677 1668/9678
f 1668/9679 1676/9680 1677/9681
f 1668/9682 1677/9683 1669/9684
f 1669/9685 1677/9686 1678/9687
f 1669/9688 1678/9689 1670/9690
f 1670/9691 1678/9692 1671/9693
f 1670/9694 1671/9695 1663/9696
f 1671/9697 1679/9698 1680/9699
f 1671/9700 1680/9701 1672/9702
f 1672/9703 1680/9704 1681/9705
f 1672/9706 1681/9707 1673/9708
f 1673/9709 1681/9710 1682/9711
f 1673/9712 1682/9713 1674/9714
f 1674/9715 1682/9716 1683/9717
f 1674/9718 1683/9719 1675/9720
f 1675/9721 1683/9722 1684/9723
f 1675/9724 1684/9725 1676/9726
f 1676/9727 1684/9728 1685/9729
f 1676/9730 1685/9731 1677/9732
f 1677/9733 1685/9734 1686/9735
f 1677/9736 1686/9737 1678/9738
f 1678/9739 1686/9740 1679/9741
f 1678/9742 1679/9743 1671/9744
f 1679/9745 1687/9746 1688/9747
f 1679/9748 1688/9749 1680/9750
f 1680/9751 1688/9752 1689/9753
f 1680/9754 1689/9755 1681/9756
f 1681/9757 1689/9758 1690/9759
f 1681/9760 1690/9761 1682/9762
f 1682/9763 1690/9764 1691/9765
f 1682/9766 1691/9767 1683/9768
f 1683/9769 1691/9770 1692/9771
f 1683/9772 1692/9773 1684/9774
f 1684/9775 1692/9776 1693/9777
f 1684/9778 1693/9779 1685/9780
f 1685/9781 1693/9782 1694/9783
f 1685/9784 1694/9785 1686/9786
f 1686/9787 1694/9788 1687/9789
f 1686/9790 1687/9791 1679/9792
f 1687/9793 1695/9794 1696/9795
f 1687/9796 1696/9797 1688/9798
f 1688/9799 1696/9800 1697/9801
f 1688/9802 1697/9803 1689/9804
f 1689/9805 1697/9806 1698/9807
f 1689/9808 1698/9809 1690/9810
f 1690/9811 1698/9812 1699/9813
f 1690/9814 1699/9815 1691/9816
f 1691/9817 1699/9818 1700/9819
f 1691/9820 1700/9821 1692/9822
f 1692/9823 1700/9824 1701/9825
f 1692/9826 1701/9827 1693/9828
f 1693/9829 1701/9830 1702/9831
f 1693/9832 1702/9833 1694/9834
f 1694/9835 1702/9836 1695/9837
f 1694/9838 1695/9839 1687/9840
f 1695/9841 1703/9842 1704/9843
f 1695/9844 1704/9845 1696/9846
f 1696/9847 1704/9848 1705/9849
f 1696/9850 1705/9851 1697/9852
f 1697/9853 1705/9854 1706/9855
f 1697/9856 1706/9857 1698/9858
f 1698/9859 1706/9860 1707/9861
f 1698/9862 1707/9863 1699/9864
f 1699/9865 1707/9866 1708/9867
f 1699/9868 1708/9869 1700/9870
f 1700/9871 1708/9872 1709/9873
f 1700/9874 1709/9875 1701/9876
f 1701/9877 1709/9878 1710/9879
f 1701/9880 1710/9881 1702/9882
f 1702/9883 1710/9884 1703/9885
f 1702/9886 1703/9887 1695/9888
f 1703/9889 1711/9890 1712/9891
f 1703/9892 1712/9893 1704/9894
f 1704/9895 1712/9896 1713/9897
f 1704/9898 1713/9899 1705/9900
f 1705/9901 1713/9902 1714/9903
f 1705/9904 1714/9905 1706/9906
f 1706/9907 1714/9908 1715/9909
f 1706/9910 1715/9911 1707/9912
f 1707/9913 1715/9914 1716/9915
f 1707/9916 1716/9917 1708/9918
f 1708/9919 1716/9920 1717/9921
f 1708/9922 1717/9923 1709/9924
f 1709/9925 1717/9926 1718/9927
f 1709/9928 1718/9929 1710/9930
f 1710/9931 1718/9932 1711/9933
f 1710/9934 1711/9935 1703/9936
f 1711/9937 1719/9938 1720/9939
f 1711/9940 1720/9941 1712/9942
f 1712/9943 1720/9944 1721/9945
f 1712/9946 1721/9947 1713/9948
f 1713/9949 1721/9950 1722/9951
f 1713/9952 1722/9953 1714/9954
f 1714/9955 1722/9956 1723/9957
f 1714/9958 1723/9959 1715/9960
f 1715/9961 1723/9962 1724/9963
f 1715/9964 1724/9965 1716/9966
f 1716/9967 1724/9968 1725/9969
f 1716/9970 1725/9971 1717/9972
f 1717/9973 1725/9974 1726/9975
f 1717/9976 1726/9977 1718/9978
f 1718/9979 1726/9980 1719/9981
f 1718/9982 1719/9983 1711/9984
f 1719/9985 1727/9986 1728/9987
f 1719/9988 1728/9989 1720/9990
f 1720/9991 1728/9992 1729/9993
f 1720/9994 1729/9995 1721/9996
f 1721/9997 1729/9998 1730/9999
f 1721/10000 1730/10001 1722/10002
f 1722/10003 1730/10004 1731/10005
f 1722/10006 1731/10007 1723/10008
f 1723/10009 1731/10010 1732/10011
f 1723/10012 1732/10013 1724/10014
f 1724/10015 1732/10016 1733/10017
f 1724/10018 1733/10019 1725/10020
f 1725/10021 1733/10022 1734/10023
f 1725/10024 1734/10025 1726/10026
f 1726/10027 1734/10028 1727/10029
f 1726/10030 1727/10031 1719/10032
f 1727/10033 1735/10034 1736/10035
f 1727/10036 1736/10037 1728/10038
f 1728/10039 1736/10040 1737/10041
f 1728/10042 1737/10043 1729/10044
f 1729/10045 1737/10046 1738/10047
f 1729/10048 1738/10049 1730/10050
f 1730/10051 1738/10052 1739/10053
f 1730/10054 1739/10055 1731/10056
f 1731/10057 1739/10058 1740/10059
f 1731/10060 1740/10061 1732/10062
f 1732/10063 1740/10064 1741/10065
f 1732/10066 1741/10067 1733/10068
f 1733/10069 1741/10070 1742/10071
f 1733/10072 1742/10073 1734/10074
f 1734/10075 1742/10076 1735/10077
f 1734/10078 1735/10079 1727/10080
f 1735/10081 1743/10082 1744/10083
f 1735/10084 1744/10085 1736/10086
f 1736/10087 1744/10088 1745/10089
f 1736/10090 1745/10091 1737/10092
f 1737/10093 1745/10094 1746/10095
f 1737/10096 1746/10097 1738/10098
f 1738/10099 1746/10100 1747/10101
f 1738/10102 1747/10103 1739/10104
f 1739/10105 1747/10106 1748/10107
f 1739/10108 1748/10109 1740/10110
f 1740/10111 1748/10112 1749/10113
f 1740/10114 1749/10115 1741/10116
f 1741/10117 1749/10118 1750/10119
f 1741/10120 1750/10121 1742/10122
f 1742/10123 1750/10124 1743/10125
f 1742/10126 1743/10127 1735/10128
f 1743/10129 1751/10130 1752/10131
f 1743/10132 1752/10133 1744/10134
f 1744/10135 1752/10136 1753/10137
f 1744/10138 1753/10139 1745/10140
f 1745/10141 1753/10142 1754/10143
f 1745/10144 1754/10145 1746/10146
f 1746/10147 1754/10148 1755/10149
f 1746/10150 1755/10151 1747/10152
f 1747/10153 1755/10154 1756/10155
f 1747/10156 1756/10157 1748/10158
f 1748/10159 1756/10160 1757/10161
f 1748/10162 1757/10163 1749/10164
f 1749/10165 1757/10166 1758/10167
f 1749/10168 1758/10169 1750/10170
f 1750/10171 1758/10172 1751/10173
f 1750/10174 1751/10175 1743/10176
f 1751/10177 1759/10178 1760/10179
f 1751/10180 1760/10181 1752/10182
f 1752/10183 1760/10184 1761/10185
f 1752/10186 1761/10187 1753/10188
f 1753/10189 1761/10190 1762/10191
f 1753/10192 1762/10193 1754/10194
f 1754/10195 1762/10196 1763/10197
f 1754/10198 1763/10199 1755/10200
f 1755/10201 1763/10202 1764/10203
f 1755/10204 1764/10205 1756/10206
f 1756/10207 1764/10208 1765/10209
f 1756/10210 1765/10211 1757/10212
f 1757/10213 1765/10214 1766/10215
f 1757/10216 1766/10217 1758/10218
f 1758/10219 1766/10220 1759/10221
f 1758/10222 1759/10223 1751/10224
f 1759/10225 1767/10226 1768/10227
f 1759/10228 1768/10229 1760/10230
f 1760/10231 1768/10232 1769/10233
f 1760/10234 1769/10235 1761/10236
f 1761/10237 1769/10238 1770/10239
f 1761/10240 1770/10241 1762/10242
f 1762/10243 1770/10244 1771/10245
f 1762/10246 1771/10247 1763/10248
f 1763/10249 1771/10250 1772/10251
f 1763/10252 1772/10253 1764/10254
f 1764/10255 1772/10256 1773/10257
f 1764/10258 1773/10259 1765/10260
f 1765/10261 1773/10262 1774/10263
f 1765/10264 1774/10265 1766/10266
f 1766/10267 1774/10268 1767/10269
f 1766/10270 1767/10271 1759/10272
f 1767/10273 1775/10274 1776/10275
f 1767/10276 1776/10277 1768/10278
f 1768/10279 1776/10280 1777/10281
f 1768/10282 1777/10283 1769/10284
f 1769/10285 1777/10286 1778/10287
f 1769/10288 1778/10289 1770/10290
f 1770/10291 1778/10292 1779/10293
f 1770/10294 1779/10295 1771/10296
f 1771/10297 1779/10298 1780/10299
f 1771/10300 1780/10301 1772/10302
f 1772/10303 1780/10304 1781/10305
f 1772/10306 1781/10307 1773/10308
f 1773/10309 1781/10310 1782/10311
f 1773/10312 1782/10313 1774/10314
f 1774/10315 1782/10316 1775/10317
f 1774/10318 1775/10319 1767/10320
f 1775/10321 1783/10322 1784/10323
f 1775/10324 1784/10325 1776/10326
f 1776/10327 1784/10328 1785/10329
f 1776/10330 1785/10331 1777/10332
f 1777/10333 1785/10334 1786/10335
f 1777/10336 1786/10337 1778/10338
f 1778/10339 1786/10340 1787/10341
f 1778/10342 1787/10343 1779/10344
f 1779/10345 1787/10346 1788/10347
f 1779/10348 1788/10349 1780/10350
f 1780/10351 1788/10352 1789/10353
f 1780/10354 1789/10355 1781/10356
f 1781/10357 1789/10358 1790/10359
f 1781/10360 1790/10361 1782/10362
f 1782/10363 1790/10364 1783/10365
f 1782/10366 1783/10367 1775/10368
f 1783/10369 1791/10370 1792/10371
f 1783/10372 1792/10373 1784/10374
f 1784/10375 1792/10376 1793/10377
f 1784/10378 1793/10379 1785/10380
f 1785/10381 1793/10382 1794/10383
f 1785/10384 1794/10385 1786/10386
f 1786/10387 1794/10388 1795/10389
f 1786/10390 1795/10391 1787/10392
f 1787/10393 1795/10394 1796/10395
f 1787/10396 1796/10397 1788/10398
f 1788/10399 1796/10400 1797/10401
f 1788/10402 1797/10403 1789/10404
f 1789/10405 1797/10406 1798/10407
f 1789/10408 1798/10409 1790/10410
f 1790/10411 1798/10412 1791/10413
f 1790/10414 1791/10415 1783/10416
f 1791/10417 1799/10418 1800/10419
f 1791/10420 1800/10421 1792/10422
f 1792/10423 1800/10424 1801/10425
f 1792/10426 1801/10427 1793/10428
f 1793/10429 1801/10430 1802/10431
f 1793/10432 1802/10433 1794/10434
f 1794/10435 1802/10436 1803/10437
f 1794/10438 1803/10439 1795/10440
f 1795/10441 1803/10442 1804/10443
f 1795/10444 1804/10445 1796/10446
f 1796/10447 1804/10448 1805/10449
f 1796/10450 1805/10451 1797/10452
f 1797/10453 1805/10454 1806/10455
f 1797/10456 1806/10457 1798/10458
f 1798/10459 1806/10460 1799/10461
f 1798/10462 1799/10463 1791/10464
f 1799/10465 1807/10466 1808/10467
f 1799/10468 1808/10469 1800/10470
f 1800/10471 1808/10472 1809/10473
f 1800/10474 1809/10475 1801/10476
f 1801/10477 1809/10478 1810/10479
f 1801/10480 1810/10481 1802/10482
f 1802/10483 1810/10484 1811/10485
f 1802/10486 1811/10487 1803/10488
f 1803/10489 1811/10490 1812/10491
f 1803/10492 1812/10493 1804/10494
f 1804/10495 1812/10496 1813/10497
f 1804/10498 1813/10499 1805/10500
f 1805/10501 1813/10502 1814/10503
f 1805/10504 1814/10505 1806/10506
f 1806/10507 1814/10508 1807/10509
f 1806/10510 1807/10511 1799/10512
f 1807/10513 1815/10514 1816/10515
f 1807/10516 1816/10517 1808/10518
f 1808/10519 1816/10520 1817/10521
f 1808/10522 1817/10523 1809/10524
f 1809/10525 1817/10526 1818/10527
f 1809/10528 1818/10529 1810/10530
f 1810/10531 1818/10532 1819/10533
f 1810/10534 1819/10535 1811/10536
f 1811/10537 1819/10538 1820/10539
f 1811/10540 1820/10541 1812/10542
f 1812/10543 1820/10544 1821/10545
f 1812/10546 1821/10547 1813/10548
f 1813/10549 1821/10550 1822/10551
f 1813/10552 1822/10553 1814/10554
f 1814/10555 1822/10556 1815/10557
f 1814/10558 1815/10559 1807/10560
f 1815/10561 1823/10562 1824/10563
f 1815/10564 1824/10565 1816/10566
f 1816/10567 1824/10568 1825/10569
f 1816/10570 1825/10571 1817/10572
f 1817/10573 1825/10574 1826/10575
f 1817/10576 1826/10577 1818/10578
f 1818/10579 1826/10580 1827/10581
f 1818/10582 1827/10583 1819/10584
f 1819/10585 1827/10586 1828/10587
f 1819/10588 1828/10589 1820/10590
f 1820/10591 1828/10592 1829/10593
f 1820/10594 1829/10595 1821/10596
f 1821/10597 1829/10598 1830/10599
f 1821/10600 1830/10601 1822/10602
f 1822/10603 1830/10604 1823/10605
f 1822/10606 1823/10607 1815/10608
f 1823/10609 1831/10610 1832/10611
f 1823/10612 1832/10613 1824/10614
f 1824/10615 1832/10616 1833/10617
f 1824/10618 1833/10619 1825/10620
f 1825/10621 1833/10622 1834/10623
f 1825/10624 1834/10625 1826/10626
f 1826/10627 1834/10628 1835/10629
f 1826/10630 1835/10631 1827/10632
f 1827/10633 1835/10634 1836/10635
f 1827/10636 1836/10637 1828/10638
f 1828/10639 1836/10640 1837/10641
f 1828/10642 1837/10643 1829/10644
f 1829/10645 1837/10646 1838/10647
f 1829/10648 1838/10649 1830/10650
f 1830/10651 1838/10652 1831/10653
f 1830/10654 1831/10655 1823/10656
f 1831/10657 1455/10658 1456/10659
f 1831/10660 1456/10661 1832/10662
f 1832/10663 1456/10664 1457/10665
f 1832/10666 1457/10667 1833/10668
f 1833/10669 1457/10670 1458/10671
f 1833/10672 1458/10673 1834/10674
f 1834/10675 1458/10676 1459/10677
f 1834/10678 1459/10679 1835/10680
f 1835/10681 1459/10682 1460/10683
f 1835/10684 1460/10685 1836/10686
f 1836/10687 1460/10688 1461/10689
f 1836/10690 1461/10691 1837/10692
f 1837/10693 1461/10694 1462/10695
f 1837/10696 1462/10697 1838/10698
f 1838/10699 1462/10700 1455/10701
f 1838/10702 1455/10703 1831/10704
usemtl Optic
f 1839/10705 1847/10706 1848/10707
f 1839/10708 1848/10709 1840/10710
f 1840/10711 1848/10712 1849/10713
f 1840/10714 1849/10715 1841/10716
f 1841/10717 1849/10718 1850/10719
f 1841/10720 1850/10721 1842/10722
f 1842/10723 1850/10724 1851/10725
f 1842/10726 1851/10727 1843/10728
f 1843/10729 1851/10730 1852/10731
f 1843/10732 1852/10733 1844/10734
f 1844/10735 1852/10736 1853/10737
f 1844/10738 1853/10739 1845/10740
f 1845/10741 1853/10742 1854/10743
f 1845/10744 1854/10745 1846/10746
f 1846/10747 1854/10748 1847/10749
f 1846/10750 1847/10751 1839/10752
f 1847/10753 1855/10754 1856/10755
f 1847/10756 1856/10757 1848/10758
f 1848/10759 1856/10760 1857/10761
f 1848/10762 1857/10763 1849/10764
f 1849/10765 1857/10766 1858/10767
f 1849/10768 1858/10769 1850/10770
f 1850/10771 1858/10772 1859/10773
f 1850/10774 1859/10775 1851/10776
f 1851/10777 1859/10778 1860/10779
f 1851/10780 1860/10781 1852/10782
f 1852/10783 1860/10784 1861/10785
f 1852/10786 1861/10787 1853/10788
f 1853/10789 1861/10790 1862/10791
f 1853/10792 1862/10793 1854/10794
f 1854/10795 1862/10796 1855/10797
f 1854/10798 1855/10799 1847/10800
f 1855/10801 1863/10802 1864/10803
f 1855/10804 1864/10805 1856/10806
f 1856/10807 1864/10808 1865/10809
f 1856/10810 1865/10811 1857/10812
f 1857/10813 1865/10814 1866/10815
f 1857/10816 1866/10817 1858/10818
f 1858/10819 1866/10820 1867/10821
f 1858/10822 1867/10823 1859/10824
f 1859/10825 1867/10826 1868/10827
f 1859/10828 1868/10829 1860/10830
f 1860/10831 1868/10832 1869/10833
f 1860/10834 1869/10835 1861/10836
f 1861/10837 1869/10838 1870/10839
f 1861/10840 1870/10841 1862/10842
f 1862/10843 1870/10844 1863/10845
f 1862/10846 1863/10847 1855/10848
f 1863/10849 1871/10850 1872/10851
f 1863/10852 1872/10853 1864/10854
f 1864/10855 1872/10856 1873/10857
f 1864/10858 1873/10859 1865/10860
f 1865/10861 1873/10862 1874/10863
f 1865/10864 1874/10865 1866/10866
f 1866/10867 1874/10868 1875/10869
f 1866/10870 1875/10871 1867/10872
f 1867/10873 1875/10874 1876/10875
f 1867/10876 1876/10877 1868/10878
f 1868/10879 1876/10880 1877/10881
f 1868/10882 1877/10883 1869/10884
f 1869/10885 1877/10886 1878/10887
f 1869/10888 1878/10889 1870/10890
f 1870/10891 1878/10892 1871/10893
f 1870/10894 1871/10895 1863/10896
f 1871/10897 1879/10898 1880/10899
f 1871/10900 1880/10901 1872/10902
f 1872/10903 1880/10904 1881/10905
f 1872/10906 1881/10907 1873/10908
f 1873/10909 1881/10910 1882/10911
f 1873/10912 1882/10913 1874/10914
f 1874/10915 1882/10916 1883/10917
f 1874/10918 1883/10919 1875/10920
f 1875/10921 1883/10922 1884/10923
f 1875/10924 1884/10925 1876/10926
f 1876/10927 1884/10928 1885/10929
f 1876/10930 1885/10931 1877/10932
f 1877/10933 1885/10934 1886/10935
f 1877/10936 1886/10937 1878/10938
f 1878/10939 1886/10940 1879/10941
f 1878/10942 1879/10943 1871/10944
f 1879/10945 1887/10946 1888/10947
f 1879/10948 1888/10949 1880/10950
f 1880/10951 1888/10952 1889/10953
f 1880/10954 1889/10955 1881/10956
f 1881/10957 1889/10958 1890/10959
f 1881/10960 1890/10961 1882/10962
f 1882/10963 1890/10964 1891/10965
f 1882/10966 1891/10967 1883/10968
f 1883/10969 1891/10970 1892/10971
f 1883/10972 1892/10973 1884/10974
f 1884/10975 1892/10976 1893/10977
f 1884/10978 1893/10979 1885/10980
f 1885/10981 1893/10982 1894/10983
f 1885/10984 1894/10985 1886/10986
f 1886/10987 1894/10988 1887/10989
f 1886/10990 1887/10991 1879/10992
f 1887/10993 1895/10994 1896/10995
f 1887/10996 1896/10997 1888/10998
f 1888/10999 1896/11000 1897/11001
f 1888/11002 1897/11003 1889/11004
f 1889/11005 1897/11006 1898/11007
f 1889/11008 1898/11009 1890/11010
f 1890/11011 1898/11012 1899/11013
f 1890/11014 1899/11015 1891/11016
f 1891/11017 1899/11018 1900/11019
f 1891/11020 1900/11021 1892/11022
f 1892/11023 1900/11024 1901/11025
f 1892/11026 1901/11027 1893/11028
f 1893/11029 1901/11030 1902/11031
f 1893/11032 1902/11033 1894/11034
f 1894/11035 1902/11036 1895/11037
f 1894/11038 1895/11039 1887/11040
f 1895/11041 1903/11042 1904/11043
f 1895/11044 1904/11045 1896/11046
f 1896/11047 1904/11048 1905/11049
f 1896/11050 1905/11051 1897/11052
f 1897/11053 1905/11054 1906/11055
f 1897/11056 1906/11057 1898/11058
f 1898/11059 1906/11060 1907/11061
f 1898/11062 1907/11063 1899/11064
f 1899/11065 1907/11066 1908/11067
f 1899/11068 1908/11069 1900/11070
f 1900/11071 1908/11072 1909/11073
f 1900/11074 1909/11075 1901/11076
f 1901/11077 1909/11078 1910/11079
f 1901/11080 1910/11081 1902/11082
f 1902/11083 1910/11084 1903/11085
f 1902/11086 1903/11087 1895/11088
f 1903/11089 1911/11090 1912/11091
f 1903/11092 1912/11093 1904/11094
f 1904/11095 1912/11096 1913/11097
f 1904/11098 1913/11099 1905/11100
f 1905/11101 1913/11102 1914/11103
f 1905/11104 1914/11105 1906/11106
f 1906/11107 1914/11108 1915/11109
f 1906/11110 1915/11111 1907/11112
f 1907/11113 1915/11114 1916/11115
f 1907/11116 1916/11117 1908/11118
f 1908/11119 1916/11120 1917/11121
f 1908/11122 1917/11123 1909/11124
f 1909/11125 1917/11126 1918/11127
f 1909/11128 1918/11129 1910/11130
f 1910/11131 1918/11132 1911/11133
f 1910/11134 1911/11135 1903/11136
f 1911/11137 1919/11138 1920/11139
f 1911/11140 1920/11141 1912/11142
f 1912/11143 1920/11144 1921/11145
f 1912/11146 1921/11147 1913/11148
f 1913/11149 1921/11150 1922/11151
f 1913/11152 1922/11153 1914/11154
f 1914/11155 1922/11156 1923/11157
f 1914/11158 1923/11159 1915/11160
f 1915/11161 1923/11162 1924/11163
f 1915/11164 1924/11165 1916/11166
f 1916/11167 1924/11168 1925/11169
f 1916/11170 1925/11171 1917/11172
f 1917/11173 1925/11174 1926/11175
f 1917/11176 1926/11177 1918/11178
f 1918/11179 1926/11180 1919/11181
f 1918/11182 1919/11183 1911/11184
f 1919/11185 1927/11186 1928/11187
f 1919/11188 1928/11189 1920/11190
f 1920/11191 1928/11192 1929/11193
f 1920/11194 1929/11195 1921/11196
f 1921/11197 1929/11198 1930/11199
f 1921/11200 1930/11201 1922/11202
f 1922/11203 1930/11204 1931/11205
f 1922/11206 1931/11207 1923/11208
f 1923/11209 1931/11210 1932/11211
f 1923/11212 1932/11213 1924/11214
f 1924/11215 1932/11216 1933/11217
f 1924/11218 1933/11219 1925/11220
f 1925/11221 1933/11222 1934/11223
f 1925/11224 1934/11225 1926/11226
f 1926/11227 1934/11228 1927/11229
f 1926/11230 1927/11231 1919/11232
f 1927/11233 1935/11234 1936/11235
f 1927/11236 1936/11237 1928/11238
f 1928/11239 1936/11240 1937/11241
f 1928/11242 1937/11243 1929/11244
f 1929/11245 1937/11246 1938/11247
f 1929/11248 1938/11249 1930/11250
f 1930/11251 1938/11252 1939/11253
f 1930/11254 1939/11255 1931/11256
f 1931/11257 1939/11258 1940/11259
f 1931/11260 1940/11261 1932/11262
f 1932/11263 1940/11264 1941/11265
f 1932/11266 1941/11267 1933/11268
f 1933/11269 1941/11270 1942/11271
f 1933/11272 1942/11273 1934/11274
f 1934/11275 1942/11276 1935/11277
f 1934/11278 1935/11279 1927/11280
f 1935/11281 1943/11282 1944/11283
f 1935/11284 1944/11285 1936/11286
f 1936/11287 1944/11288 1945/11289
f 1936/11290 1945/11291 1937/11292
f 1937/11293 1945/11294 1946/11295
f 1937/11296 1946/11297 1938/11298
f 1938/11299 1946/11300 1947/11301
f 1938/11302 1947/11303 1939/11304
f 1939/11305 1947/11306 1948/11307
f 1939/11308 1948/11309 1940/11310
f 1940/11311 1948/11312 1949/11313
f 1940/11314 1949/11315 1941/11316
f 1941/11317 1949/11318 1950/11319
f 1941/11320 1950/11321 1942/11322
f 1942/11323 1950/11324 1943/11325
f 1942/11326 1943/11327 1935/11328
f 1943/11329 1951/11330 1952/11331
f 1943/11332 1952/11333 1944/11334
f 1944/11335 1952/11336 1953/11337
f 1944/11338 1953/11339 1945/11340
f 1945/11341 1953/11342 1954/11343
f 1945/11344 1954/11345 1946/11346
f 1946/11347 1954/11348 1955/11349
f 1946/11350 1955/11351 1947/11352
f 1947/11353 1955/11354 1956/11355
f 1947/11356 1956/11357 1948/11358
f 1948/11359 1956/11360 1957/11361
f 1948/11362 1957/11363 1949/11364
f 1949/11365 1957/11366 1958/11367
f 1949/11368 1958/11369 1950/11370
f 1950/11371 1958/11372 1951/11373
f 1950/11374 1951/11375 1943/11376
f 1951/11377 1959/11378 1960/11379
f 1951/11380 1960/11381 1952/11382
f 1952/11383 1960/11384 1961/11385
f 1952/11386 1961/11387 1953/11388
f 1953/11389 1961/11390 1962/11391
f 1953/11392 1962/11393 1954/11394
f 1954/11395 1962/11396 1963/11397
f 1954/11398 1963/11399 1955/11400
f 1955/11401 1963/11402 1964/11403
f 1955/11404 1964/11405 1956/11406
f 1956/11407 1964/11408 1965/11409
f 1956/11410 1965/11411 1957/11412
f 1957/11413 1965/11414 1966/11415
f 1957/11416 1966/11417 1958/11418
f 1958/11419 1966/11420 1959/11421
f 1958/11422 1959/11423 1951/11424
f 1959/11425 1967/11426 1968/11427
f 1959/11428 1968/11429 1960/11430
f 1960/11431 1968/11432 1969/11433
f 1960/11434 1969/11435 1961/11436
f 1961/11437 1969/11438 1970/11439
f 1961/11440 1970/11441 1962/11442
f 1962/11443 1970/11444 1971/11445
f 1962/11446 1971/11447 1963/11448
f 1963/11449 1971/11450 1972/11451
f 1963/11452 1972/11453 1964/11454
f 1964/11455 1972/11456 1973/11457
f 1964/11458 1973/11459 1965/11460
f 1965/11461 1973/11462 1974/11463
f 1965/11464 1974/11465 1966/11466
f 1966/11467 1974/11468 1967/11469
f 1966/11470 1967/11471 1959/11472
f 1967/11473 1975/11474 1976/11475
f 1967/11476 1976/11477 1968/11478
f 1968/11479 1976/11480 1977/11481
f 1968/11482 1977/11483 1969/11484
f 1969/11485 1977/11486 1978/11487
f 1969/11488 1978/11489 1970/11490
f 1970/11491 1978/11492 1979/11493
f 1970/11494 1979/11495 1971/11496
f 1971/11497 1979/11498 1980/11499
f 1971/11500 1980/11501 1972/11502
f 1972/11503 1980/11504 1981/11505
f 1972/11506 1981/11507 1973/11508
f 1973/11509 1981/11510 1982/11511
f 1973/11512 1982/11513 1974/11514
f 1974/11515 1982/11516 1975/11517
f 1974/11518 1975/11519 1967/11520
f 1975/11521 1983/11522 1984/11523
f 1975/11524 1984/11525 1976/11526
f 1976/11527 1984/11528 1985/11529
f 1976/11530 1985/11531 1977/11532
f 1977/11533 1985/11534 1986/11535
f 1977/11536 1986/11537 1978/11538
f 1978/11539 1986/11540 1987/11541
f 1978/11542 1987/11543 1979/11544
f 1979/11545 1987/11546 1988/11547
f 1979/11548 1988/11549 1980/11550
f 1980/11551 1988/11552 1989/11553
f 1980/11554 1989/11555 1981/11556
f 1981/11557 1989/11558 1990/11559
f 1981/11560 1990/11561 1982/11562
f 1982/11563 1990/11564 1983/11565
f 1982/11566 1983/11567 1975/11568
f 1983/11569 1991/11570 1992/11571
f 1983/11572 1992/11573 1984/11574
f 1984/11575 1992/11576 1993/11577
f 1984/11578 1993/11579 1985/11580
f 1985/11581 1993/11582 1994/11583
f 1985/11584 1994/11585 1986/11586
f 1986/11587 1994/11588 1995/11589
f 1986/11590 1995/11591 1987/11592
f 1987/11593 1995/11594 1996/11595
f 1987/11596 1996/11597 1988/11598
f 1988/11599 1996/11600 1997/11601
f 1988/11602 1997/11603 1989/11604
f 1989/11605 1997/11606 1998/11607
f 1989/11608 1998/11609 1990/11610
f 1990/11611 1998/11612 1991/11613
f 1990/11614 1991/11615 1983/11616
f 1991/11617 1999/11618 2000/11619
f 1991/11620 2000/11621 1992/11622
f 1992/11623 2000/11624 2001/11625
f 1992/11626 2001/11627 1993/11628
f 1993/11629 2001/11630 2002/11631
f 1993/11632 2002/11633 1994/11634
f 1994/11635 2002/11636 2003/11637
f 1994/11638 2003/11639 1995/11640
f 1995/11641 2003/11642 2004/11643
f 1995/11644 2004/11645 1996/11646
f 1996/11647 2004/11648 2005/11649
f 1996/11650 2005/11651 1997/11652
f 1997/11653 2005/11654 2006/11655
f 1997/11656 2006/11657 1998/11658
f 1998/11659 2006/11660 1999/11661
f 1998/11662 1999/11663 1991/11664
f 1999/11665 2007/11666 2008/11667
f 1999/11668 2008/11669 2000/11670
f 2000/11671 2008/11672 2009/11673
f 2000/11674 2009/11675 2001/11676
f 2001/11677 2009/11678 2010/11679
f 2001/11680 2010/11681 2002/11682
f 2002/11683 2010/11684 2011/11685
f 2002/11686 2011/11687 2003/11688
f 2003/11689 2011/11690 2012/11691
f 2003/11692 2012/11693 2004/11694
f 2004/11695 2012/11696 2013/11697
f 2004/11698 2013/11699 2005/11700
f 2005/11701 2013/11702 2014/11703
f 2005/11704 2014/11705 2006/11706
f 2006/11707 2014/11708 2007/11709
f 2006/11710 2007/11711 1999/11712
f 2007/11713 2015/11714 2016/11715
f 2007/11716 2016/11717 2008/11718
f 2008/11719 2016/11720 2017/11721
f 2008/11722 2017/11723 2009/11724
f 2009/11725 2017/11726 2018/11727
f 2009/11728 2018/11729 2010/11730
f 2010/11731 2018/11732 2019/11733
f 2010/11734 2019/11735 2011/11736
f 2011/11737 2019/11738 2020/11739
f 2011/11740 2020/11741 2012/11742
f 2012/11743 2020/11744 2021/11745
f 2012/11746 2021/11747 2013/11748
f 2013/11749 2021/11750 2022/11751
f 2013/11752 2022/11753 2014/11754
f 2014/11755 2022/11756 2015/11757
f 2014/11758 2015/11759 2007/11760
f 2015/11761 2023/11762 2024/11763
f 2015/11764 2024/11765 2016/11766
f 2016/11767 2024/11768 2025/11769
f 2016/11770 2025/11771 2017/11772
f 2017/11773 2025/11774 2026/11775
f 2017/11776 2026/11777 2018/11778
f 2018/11779 2026/11780 2027/11781
f 2018/11782 2027/11783 2019/11784
f 2019/11785 2027/11786 2028/11787
f 2019/11788 2028/11789 2020/11790
f 2020/11791 2028/11792 2029/11793
f 2020/11794 2029/11795 2021/11796
f 2021/11797 2029/11798 2030/11799
f 2021/11800 2030/11801 2022/11802
f 2022/11803 2030/11804 2023/11805
f 2022/11806 2023/11807 2015/11808
f 2023/11809 2031/11810 2032/11811
f 2023/11812 2032/11813 2024/11814
f 2024/11815 2032/11816 2033/11817
f 2024/11818 2033/11819 2025/11820
f 2025/11821 2033/11822 2034/11823
f 2025/11824 2034/11825 2026/11826
f 2026/11827 2034/11828 2035/11829
f 2026/11830 2035/11831 2027/11832
f 2027/11833 2035/11834 2036/11835
f 2027/11836 2036/11837 2028/11838
f 2028/11839 2036/11840 2037/11841
f 2028/11842 2037/11843 2029/11844
f 2029/11845 2037/11846 2038/11847
f 2029/11848 2038/11849 2030/11850
f 2030/11851 2038/11852 2031/11853
f 2030/11854 2031/11855 2023/11856
f 2031/11857 2039/11858 2040/11859
f 2031/11860 2040/11861 2032/11862
f 2032/11863 2040/11864 2041/11865
f 2032/11866 2041/11867 2033/11868
f 2033/11869 2041/11870 2042/11871
f 2033/11872 2042/11873 2034/11874
f 2034/11875 2042/11876 2043/11877
f 2034/11878 2043/11879 2035/11880
f 2035/11881 2043/11882 2044/11883
f 2035/11884 2044/11885 2036/11886
f 2036/11887 2044/11888 2045/11889
f 2036/11890 2045/11891 2037/11892
f 2037/11893 2045/11894 2046/11895
f 2037/11896 2046/11897 2038/11898
f 2038/11899 2046/11900 2039/11901
f 2038/11902 2039/11903 2031/11904
f 2039/11905 2047/11906 2048/11907
f 2039/11908 2048/11909 2040/11910
f 2040/11911 2048/11912 2049/11913
f 2040/11914 2049/11915 2041/11916
f 2041/11917 2049/11918 2050/11919
f 2041/11920 2050/11921 2042/11922
f 2042/11923 2050/11924 2051/11925
f 2042/11926 2051/11927 2043/11928
f 2043/11929 2051/11930 2052/11931
f 2043/11932 2052/11933 2044/11934
f 2044/11935 2052/11936 2053/11937
f 2044/11938 2053/11939 2045/11940
f 2045/11941 2053/11942 2054/11943
f 2045/11944 2054/11945 2046/11946
f 2046/11947 2054/11948 2047/11949
f 2046/11950 2047/11951 2039/11952
f 2047/11953 2055/11954 2056/11955
f 2047/11956 2056/11957 2048/11958
f 2048/11959 2056/11960 2057/11961
f 2048/11962 2057/11963 2049/11964
f 2049/11965 2057/11966 2058/11967
f 2049/11968 2058/11969 2050/11970
f 2050/11971 2058/11972 2059/11973
f 2050/11974 2059/11975 2051/11976
f 2051/11977 2059/11978 2060/11979
f 2051/11980 2060/11981 2052/11982
f 2052/11983 2060/11984 2061/11985
f 2052/11986 2061/11987 2053/11988
f 2053/11989 2061/11990 2062/11991
f 2053/11992 2062/11993 2054/11994
f 2054/11995 2062/11996 2055/11997
f 2054/11998 2055/11999 2047/12000
f 2055/12001 2063/12002 2064/12003
f 2055/12004 2064/12005 2056/12006
f 2056/12007 2064/12008 2065/12009
f 2056/12010 2065/12011 2057/12012
f 2057/12013 2065/12014 2066/12015
f 2057/12016 2066/12017 2058/12018
f 2058/12019 2066/12020 2067/12021
f 2058/12022 2067/12023 2059/12024
f 2059/12025 2067/12026 2068/12027
f 2059/12028 2068/12029 2060/12030
f 2060/12031 2068/12032 2069/12033
f 2060/12034 2069/12035 2061/12036
f 2061/12037 2069/12038 2070/12039
f 2061/12040 2070/12041 2062/12042
f 2062/12043 2070/12044 2063/12045
f 2062/12046 2063/12047 2055/12048
f 2063/12049 2071/12050 2072/12051
f 2063/12052 2072/12053 2064/12054
f 2064/12055 2072/12056 2073/12057
f 2064/12058 2073/12059 2065/12060
f 2065/12061 2073/12062 2074/12063
f 2065/12064 2074/12065 2066/12066
f 2066/12067 2074/12068 2075/12069
f 2066/12070 2075/12071 2067/12072
f 2067/12073 2075/12074 2076/12075
f 2067/12076 2076/12077 2068/12078
f 2068/12079 2076/12080 2077/12081
f 2068/12082 2077/12083 2069/12084
f 2069/12085 2077/12086 2078/12087
f 2069/12088 2078/12089 2070/12090
f 2070/12091 2078/12092 2071/12093
f 2070/12094 2071/12095 2063/12096
f 2071/12097 2079/12098 2080/12099
f 2071/12100 2080/12101 2072/12102
f 2072/12103 2080/12104 2081/12105
f 2072/12106 2081/12107 2073/12108
f 2073/12109 2081/12110 2082/12111
f 2073/12112 2082/12113 2074/12114
f 2074/12115 2082/12116 2083/12117
f 2074/12118 2083/12119 2075/12120
f 2075/12121 2083/12122 2084/12123
f 2075/12124 2084/12125 2076/12126
f 2076/12127 2084/12128 2085/12129
f 2076/12130 2085/12131 2077/12132
f 2077/12133 2085/12134 2086/12135
f 2077/12136 2086/12137 2078/12138
f 2078/12139 2086/12140 2079/12141
f 2078/12142 2079/12143 2071/12144
f 2079/12145 2087/12146 2088/12147
f 2079/12148 2088/12149 2080/12150
f 2080/12151 2088/12152 2089/12153
f 2080/12154 2089/12155 2081/12156
f 2081/12157 2089/12158 2090/12159
f 2081/12160 2090/12161 2082/12162
f 2082/12163 2090/12164 2091/12165
f 2082/12166 2091/12167 2083/12168
f 2083/12169 2091/12170 2092/12171
f 2083/12172 2092/12173 2084/12174
f 2084/12175 2092/12176 2093/12177
f 2084/12178 2093/12179 2085/12180
f 2085/12181 2093/12182 2094/12183
f 2085/12184 2094/12185 2086/12186
f 2086/12187 2094/12188 2087/12189
f 2086/12190 2087/12191 2079/12192
f 2087/12193 2095/12194 2096/12195
f 2087/12196 2096/12197 2088/12198
f 2088/12199 2096/12200 2097/12201
f 2088/12202 2097/12203 2089/12204
f 2089/12205 2097/12206 2098/12207
f 2089/12208 2098/12209 2090/12210
f 2090/12211 2098/12212 2099/12213
f 2090/12214 2099/12215 2091/12216
f 2091/12217 2099/12218 2100/12219
f 2091/12220 2100/12221 2092/12222
f 2092/12223 2100/12224 2101/12225
f 2092/12226 2101/12227 2093/12228
f 2093/12229 2101/12230 2102/12231
f 2093/12232 2102/12233 2094/12234
f 2094/12235 2102/12236 2095/12237
f 2094/12238 2095/12239 2087/12240
f 2095/12241 2103/12242 2104/12243
f 2095/12244 2104/12245 2096/12246
f 2096/12247 2104/12248 2105/12249
f 2096/12250 2105/12251 2097/12252
f 2097/12253 2105/12254 2106/12255
f 2097/12256 2106/12257 2098/12258
f 2098/12259 2106/12260 2107/12261
f 2098/12262 2107/12263 2099/12264
f 2099/12265 2107/12266 2108/12267
f 2099/12268 2108/12269 2100/12270
f 2100/12271 2108/12272 2109/12273
f 2100/12274 2109/12275 2101/12276
f 2101/12277 2109/12278 2110/12279
f 2101/12280 2110/12281 2102/12282
f 2102/12283 2110/12284 2103/12285
f 2102/12286 2103/12287 2095/12288
f 2103/12289 2111/12290 2112/12291
f 2103/12292 2112/12293 2104/12294
f 2104/12295 2112/12296 2113/12297
f 2104/12298 2113/12299 2105/12300
f 2105/12301 2113/12302 2114/12303
f 2105/12304 2114/12305 2106/12306
f 2106/12307 2114/12308 2115/12309
f 2106/12310 2115/12311 2107/12312
f 2107/12313 2115/12314 2116/12315
f 2107/12316 2116/12317 2108/12318
f 2108/12319 2116/12320 2117/12321
f 2108/12322 2117/12323 2109/12324
f 2109/12325 2117/12326 2118/12327
f 2109/12328 2118/12329 2110/12330
f 2110/12331 2118/12332 2111/12333
f 2110/12334 2111/12335 2103/12336
f 2111/12337 2119/12338 2120/12339
f 2111/12340 2120/12341 2112/12342
f 2112/12343 2120/12344 2121/12345
f 2112/12346 2121/12347 2113/12348
f 2113/12349 2121/12350 2122/12351
f 2113/12352 2122/12353 2114/12354
f 2114/12355 2122/12356 2123/12357
f 2114/12358 2123/12359 2115/12360
f 2115/12361 2123/12362 2124/12363
f 2115/12364 2124/12365 2116/12366
f 2116/12367 2124/12368 2125/12369
f 2116/12370 2125/12371 2117/12372
f 2117/12373 2125/12374 2126/12375
f 2117/12376 2126/12377 2118/12378
f 2118/12379 2126/12380 2119/12381
f 2118/12382 2119/12383 2111/12384
f 2119/12385 2127/12386 2128/12387
f 2119/12388 2128/12389 2120/12390
f 2120/12391 2128/12392 2129/12393
f 2120/12394 2129/12395 2121/12396
f 2121/12397 2129/12398 2130/12399
f 2121/12400 2130/12401 2122/12402
f 2122/12403 2130/12404 2131/12405
f 2122/12406 2131/12407 2123/12408
f 2123/12409 2131/12410 2132/12411
f 2123/12412 2132/12413 2124/12414
f 2124/12415 2132/12416 2133/12417
f 2124/12418 2133/12419 2125/12420
f 2125/12421 2133/12422 2134/12423
f 2125/12424 2134/12425 2126/12426
f 2126/12427 2134/12428 2127/12429
f 2126/12430 2127/12431 2119/12432
f 2127/12433 2135/12434 2136/12435
f 2127/12436 2136/12437 2128/12438
f 2128/12439 2136/12440 2137/12441
f 2128/12442 2137/12443 2129/12444
f 2129/12445 2137/12446 2138/12447
f 2129/12448 2138/12449 2130/12450
f 2130/12451 2138/12452 2139/12453
f 2130/12454 2139/12455 2131/12456
f 2131/12457 2139/12458 2140/12459
f 2131/12460 2140/12461 2132/12462
f 2132/12463 2140/12464 2141/12465
f 2132/12466 2141/12467 2133/12468
f 2133/12469 2141/12470 2142/12471
f 2133/12472 2142/12473 2134/12474
f 2134/12475 2142/12476 2135/12477
f 2134/12478 2135/12479 2127/12480
f 2135/12481 2143/12482 2144/12483
f 2135/12484 2144/12485 2136/12486
f 2136/12487 2144/12488 2145/12489
f 2136/12490 2145/12491 2137/12492
f 2137/12493 2145/12494 2146/12495
f 2137/12496 2146/12497 2138/12498
f 2138/12499 2146/12500 2147/12501
f 2138/12502 2147/12503 2139/12504
f 2139/12505 2147/12506 2148/12507
f 2139/12508 2148/12509 2140/12510
f 2140/12511 2148/12512 2149/12513
f 2140/12514 2149/12515 2141/12516
f 2141/12517 2149/12518 2150/12519
f 2141/12520 2150/12521 2142/12522
f 2142/12523 2150/12524 2143/12525
f 2142/12526 2143/12527 2135/12528
f 2143/12529 2151/12530 2152/12531
f 2143/12532 2152/12533 2144/12534
f 2144/12535 2152/12536 2153/12537
f 2144/12538 2153/12539 2145/12540
f 2145/12541 2153/12542 2154/12543
f 2145/12544 2154/12545 2146/12546
f 2146/12547 2154/12548 2155/12549
f 2146/12550 2155/12551 2147/12552
f 2147/12553 2155/12554 2156/12555
f 2147/12556 2156/12557 2148/12558
f 2148/12559 2156/12560 2157/12561
f 2148/12562 2157/12563 2149/12564
f 2149/12565 2157/12566 2158/12567
f 2149/12568 2158/12569 2150/12570
f 2150/12571 2158/12572 2151/12573
f 2150/12574 2151/12575 2143/12576
f 2151/12577 1839/12578 1840/12579
f 2151/12580 1840/12581 2152/12582
f 2152/12583 1840/12584 1841/12585
f 2152/12586 1841/12587 2153/12588
f 2153/12589 1841/12590 1842/12591
f 2153/12592 1842/12593 2154/12594
f 2154/12595 1842/12596 1843/12597
f 2154/12598 1843/12599 2155/12600
f 2155/12601 1843/12602 1844/12603
f 2155/12604 1844/12605 2156/12606
f 2156/12607 1844/12608 1845/12609
f 2156/12610 1845/12611 2157/12612
f 2157/12613 1845/12614 1846/12615
f 2157/12616 1846/12617 2158/12618
f 2158/12619 1846/12620 1839/12621
f 2158/12622 1839/12623 2151/12624
f 2159/12625 2161/12626 2162/12627
f 2159/12628 2162/12629 2160/12630
f 2161/12631 2163/12632 2164/12633
f 2161/12634 2164/12635 2162/12636
f 2163/12637 2165/12638 2166/12639
f 2163/12640 2166/12641 2164/12642
f 2165/12643 2167/12644 2168/12645
f 2165/12646 2168/12647 2166/12648
f 2167/12649 2169/12650 2170/12651
f 2167/12652 2170/12653 2168/12654
f 2169/12655 2171/12656 2172/12657
f 2169/12658 2172/12659 2170/12660
f 2171/12661 2173/12662 2174/12663
f 2171/12664 2174/12665 2172/12666
f 2173/12667 2175/12668 2176/12669
f 2173/12670 2176/12671 2174/12672
f 2175/12673 2177/12674 2178/12675
f 2175/12676 2178/12677 2176/12678
f 2177/12679 2179/12680 2180/12681
f 2177/12682 2180/12683 2178/12684
f 2179/12685 2181/12686 2182/12687
f 2179/12688 2182/12689 2180/12690
f 2181/12691 2183/12692 2184/12693
f 2181/12694 2184/12695 2182/12696
f 2183/12697 2185/12698 2186/12699
f 2183/12700 2186/12701 2184/12702
f 2185/12703 2187/12704 2188/12705
f 2185/12706 2188/12707 2186/12708
f 2187/12709 2189/12710 2190/12711
f 2187/12712 2190/12713 2188/12714
f 2189/12715 2191/12716 2192/12717
f 2189/12718 2192/12719 2190/12720
f 2191/12721 2193/12722 2194/12723
f 2191/12724 2194/12725 2192/12726
f 2193/12727 2195/12728 2196/12729
f 2193/12730 2196/12731 2194/12732
f 2195/12733 2197/12734 2198/12735
f 2195/12736 2198/12737 2196/12738
f 2197/12739 2199/12740 2200/12741
f 2197/12742 2200/12743 2198/12744
f 2199/12745 2201/12746 2202/12747
f 2199/12748 2202/12749 2200/12750
f 2201/12751 2203/12752 2204/12753
f 2201/12754 2204/12755 2202/12756
f 2203/12757 2205/12758 2206/12759
f 2203/12760 2206/12761 2204/12762
f 2205/12763 2207/12764 2208/12765
f 2205/12766 2208/12767 2206/12768
f 2207/12769 2209/12770 2210/12771
f 2207/12772 2210/12773 2208/12774
f 2209/12775 2211/12776 2212/12777
f 2209/12778 2212/12779 2210/12780
f 2211/12781 2213/12782 2214/12783
f 2211/12784 2214/12785 2212/12786
f 2213/12787 2215/12788 2216/12789
f 2213/12790 2216/12791 2214/12792
f 2215/12793 2217/12794 2218/12795
f 2215/12796 2218/12797 2216/12798
f 2217/12799 2219/12800 2220/12801
f 2217/12802 2220/12803 2218/12804
f 2219/12805 2221/12806 2222/12807
f 2219/12808 2222/12809 2220/12810
f 2221/12811 2223/12812 2224/12813
f 2221/12814 2224/12815 2222/12816
f 2223/12817 2225/12818 2226/12819
f 2223/12820 2226/12821 2224/12822
f 2225/12823 2227/12824 2228/12825
f 2225/12826 2228/12827 2226/12828
f 2227/12829 2229/12830 2230/12831
f 2227/12832 2230/12833 2228/12834
f 2229/12835 2231/12836 2232/12837
f 2229/12838 2232/12839 2230/12840
f 2231/12841 2233/12842 2234/12843
f 2231/12844 2234/12845 2232/12846
f 2233/12847 2235/12848 2236/12849
f 2233/12850 2236/12851 2234/12852
f 2235/12853 2237/12854 2238/12855
f 2235/12856 2238/12857 2236/12858
f 2237/12859 2159/12860 2160/12861
f 2237/12862 2160/12863 2238/12864
f 2239/12865 2161/12866 2159/12867
f 2240/12868 2160/12869 2162/12870
f 2239/12871 2163/12872 2161/12873
f 2240/12874 2162/12875 2164/12876
f 2239/12877 2165/12878 2163/12879
f 2240/12880 2164/12881 2166/12882
f 2239/12883 2167/12884 2165/12885
f 2240/12886 2166/12887 2168/12888
f 2239/12889 2169/12890 2167/12891
f 2240/12892 2168/12893 2170/12894
f 2239/12895 2171/12896 2169/12897
f 2240/12898 2170/12899 2172/12900
f 2239/12901 2173/12902 2171/12903
f 2240/12904 2172/12905 2174/12906
f 2239/12907 2175/12908 2173/12909
f 2240/12910 2174/12911 2176/12912
f 2239/12913 2177/12914 2175/12915
f 2240/12916 2176/12917 2178/12918
f 2239/12919 2179/12920 2177/12921
f 2240/12922 2178/12923 2180/12924
f 2239/12925 2181/12926 2179/12927
f 2240/12928 2180/12929 2182/12930
f 2239/12931 2183/12932 2181/12933
f 2240/12934 2182/12935 2184/12936
f 2239/12937 2185/12938 2183/12939
f 2240/12940 2184/12941 2186/12942
f 2239/12943 2187/12944 2185/12945
f 2240/12946 2186/12947 2188/12948
f 2239/12949 2189/12950 2187/12951
f 2240/12952 2188/12953 2190/12954
f 2239/12955 2191/12956 2189/12957
f 2240/12958 2190/12959 2192/12960
f 2239/12961 2193/12962 2191/12963
f 2240/12964 2192/12965 2194/12966
f 2239/12967 2195/12968 2193/12969
f 2240/12970 2194/12971 2196/12972
f 2239/12973 2197/12974 2195/12975
f 2240/12976 2196/12977 2198/12978
f 2239/12979 2199/12980 2197/12981
f 2240/12982 2198/12983 2200/12984
f 2239/12985 2201/12986 2199/12987
f 2240/12988 2200/12989 2202/12990
f 2239/12991 2203/12992 2201/12993
f 2240/12994 2202/12995 2204/12996
f 2239/12997 2205/12998 2203/12999
f 2240/13000 2204/13001 2206/13002
f 2239/13003 2207/13004 2205/13005
f 2240/13006 2206/13007 2208/13008
f 2239/13009 2209/13010 2207/13011
f 2240/13012 2208/13013 2210/13014
f 2239/13015 2211/13016 2209/13017
f 2240/13018 2210/13019 2212/13020
f 2239/13021 2213/13022 2211/13023
f 2240/13024 2212/13025 2214/13026
f 2239/13027 2215/13028 2213/13029
f 2240/13030 2214/13031 2216/13032
f 2239/13033 2217/13034 2215/13035
f 2240/13036 2216/13037 2218/13038
f 2239/13039 2219/13040 2217/13041
f 2240/13042 2218/13043 2220/13044
f 2239/13045 2221/13046 2219/13047
f 2240/13048 2220/13049 2222/13050
f 2239/13051 2223/13052 2221/13053
f 2240/13054 2222/13055 2224/13056
f 2239/13057 2225/13058 2223/13059
f 2240/13060 2224/13061 2226/13062
f 2239/13063 2227/13064 2225/13065
f 2240/13066 2226/13067 2228/13068
f 2239/13069 2229/13070 2227/13071
f 2240/13072 2228/13073 2230/13074
f 2239/13075 2231/13076 2229/13077
f 2240/13078 2230/13079 2232/13080
f 2239/13081 2233/13082 2231/13083
f 2240/13084 2232/13085 2234/13086
f 2239/13087 2235/13088 2233/13089
f 2240/13090 2234/13091 2236/13092
f 2239/13093 2237/13094 2235/13095
f 2240/13096 2236/13097 2238/13098
f 2239/13099 2159/13100 2237/13101
f 2240/13102 2238/13103 2160/13104
f 2657/13105 2242/13106 2241/13107
f 2625/13108 2626/13109 2658/13110
f 2657/13111 2243/13112 2242/13113
f 2626/13114 2627/13115 2658/13116
f 2657/13117 2244/13118 2243/13119
f 2627/13120 2628/13121 2658/13122
f 2657/13123 2245/13124 2244/13125
f 2628/13126 2629/13127 2658/13128
f 2657/13129 2246/13130 2245/13131
f 2629/13132 2630/13133 2658/13134
f 2657/13135 2247/13136 2246/13137
f 2630/13138 2631/13139 2658/13140
f 2657/13141 2248/13142 2247/13143
f 2631/13144 2632/13145 2658/13146
f 2657/13147 2249/13148 2248/13149
f 2632/13150 2633/13151 2658/13152
f 2657/13153 2250/13154 2249/13155
f 2633/13156 2634/13157 2658/13158
f 2657/13159 2251/13160 2250/13161
f 2634/13162 2635/13163 2658/13164
f 2657/13165 2252/13166 2251/13167
f 2635/13168 2636/13169 2658/13170
f 2657/13171 2253/13172 2252/13173
f 2636/13174 2637/13175 2658/13176
f 2657/13177 2254/13178 2253/13179
f 2637/13180 2638/13181 2658/13182
f 2657/13183 2255/13184 2254/13185
f 2638/13186 2639/13187 2658/13188
f 2657/13189 2256/13190 2255/13191
f 2639/13192 2640/13193 2658/13194
f 2657/13195 2257/13196 2256/13197
f 2640/13198 2641/13199 2658/13200
f 2657/13201 2258/13202 2257/13203
f 2641/13204 2642/13205 2658/13206
f 2657/13207 2259/13208 2258/13209
f 2642/13210 2643/13211 2658/13212
f 2657/13213 2260/13214 2259/13215
f 2643/13216 2644/13217 2658/13218
f 2657/13219 2261/13220 2260/13221
f 2644/13222 2645/13223 2658/13224
f 2657/13225 2262/13226 2261/13227
f 2645/13228 2646/13229 2658/13230
f 2657/13231 2263/13232 2262/13233
f 2646/13234 2647/13235 2658/13236
f 2657/13237 2264/13238 2263/13239
f 2647/13240 2648/13241 2658/13242
f 2657/13243 2265/13244 2264/13245
f 2648/13246 2649/13247 2658/13248
f 2657/13249 2266/13250 2265/13251
f 2649/13252 2650/13253 2658/13254
f 2657/13255 2267/13256 2266/13257
f 2650/13258 2651/13259 2658/13260
f 2657/13261 2268/13262 2267/13263
f 2651/13264 2652/13265 2658/13266
f 2657/13267 2269/13268 2268/13269
f 2652/13270 2653/13271 2658/13272
f 2657/13273 2270/13274 2269/13275
f 2653/13276 2654/13277 2658/13278
f 2657/13279 2271/13280 2270/13281
f 2654/13282 2655/13283 2658/13284
f 2657/13285 2272/13286 2271/13287
f 2655/13288 2656/13289 2658/13290
f 2657/13291 2241/13292 2272/13293
f 2656/13294 2625/13295 2658/13296
f 2241/13297 2242/13298 2274/13299
f 2241/13300 2274/13301 2273/13302
f 2242/13303 2243/13304 2275/13305
f 2242/13306 2275/13307 2274/13308
f 2243/13309 2244/13310 2276/13311
f 2243/13312 2276/13313 2275/13314
f 2244/13315 2245/13316 2277/13317
f 2244/13318 2277/13319 2276/13320
f 2245/13321 2246/13322 2278/13323
f 2245/13324 2278/13325 2277/13326
f 2246/13327 2247/13328 2279/13329
f 2246/13330 2279/13331 2278/13332
f 2247/13333 2248/13334 2280/13335
f 2247/13336 2280/13337 2279/13338
f 2248/13339 2249/13340 2281/13341
f 2248/13342 2281/13343 2280/13344
f 2249/13345 2250/13346 2282/13347
f 2249/13348 2282/13349 2281/13350
f 2250/13351 2251/13352 2283/13353
f 2250/13354 2283/13355 2282/13356
f 2251/13357 2252/13358 2284/13359
f 2251/13360 2284/13361 2283/13362
f 2252/13363 2253/13364 2285/13365
f 2252/13366 2285/13367 2284/13368
f 2253/13369 2254/13370 2286/13371
f 2253/13372 2286/13373 2285/13374
f 2254/13375 2255/13376 2287/13377
f 2254/13378 2287/13379 2286/13380
f 2255/13381 2256/13382 2288/13383
f 2255/13384 2288/13385 2287/13386
f 2256/13387 2257/13388 2289/13389
f 2256/13390 2289/13391 2288/13392
f 2257/13393 2258/13394 2290/13395
f 2257/13396 2290/13397 2289/13398
f 2258/13399 2259/13400 2291/13401
f 2258/13402 2291/13403 2290/13404
f 2259/13405 2260/13406 2292/13407
f 2259/13408 2292/13409 2291/13410
f 2260/13411 2261/13412 2293/13413
f 2260/13414 2293/13415 2292/13416
f 2261/13417 2262/13418 2294/13419
f 2261/13420 2294/13421 2293/13422
f 2262/13423 2263/13424 2295/13425
f 2262/13426 2295/13427 2294/13428
f 2263/13429 2264/13430 2296/13431
f 2263/13432 2296/13433 2295/13434
f 2264/13435 2265/13436 2297/13437
f 2264/13438 2297/13439 2296/13440
f 2265/13441 2266/13442 2298/13443
f 2265/13444 2298/13445 2297/13446
f 2266/13447 2267/13448 2299/13449
f 2266/13450 2299/13451 2298/13452
f 2267/13453 2268/13454 2300/13455
f 2267/13456 2300/13457 2299/13458
f 2268/13459 2269/13460 2301/13461
f 2268/13462 2301/13463 2300/13464
f 2269/13465 2270/13466 2302/13467
f 2269/13468 2302/13469 2301/13470
f 2270/13471 2271/13472 2303/13473
f 2270/13474 2303/13475 2302/13476
f 2271/13477 2272/13478 2304/13479
f 2271/13480 2304/13481 2303/13482
f 2272/13483 2241/13484 2273/13485
f 2272/13486 2273/13487 2304/13488
f 2273/13489 2274/13490 2306/13491
f 2273/13492 2306/13493 2305/13494
f 2274/13495 2275/13496 2307/13497
f 2274/13498 2307/13499 2306/13500
f 2275/13501 2276/13502 2308/13503
f 2275/13504 2308/13505 2307/13506
f 2276/13507 2277/13508 2309/13509
f 2276/13510 2309/13511 2308/13512
f 2277/13513 2278/13514 2310/13515
f 2277/13516 2310/13517 2309/13518
f 2278/13519 2279/13520 2311/13521
f 2278/13522 2311/13523 2310/13524
f 2279/13525 2280/13526 2312/13527
f 2279/13528 2312/13529 2311/13530
f 2280/13531 2281/13532 2313/13533
f 2280/13534 2313/13535 2312/13536
f 2281/13537 2282/13538 2314/13539
f 2281/13540 2314/13541 2313/13542
f 2282/13543 2283/13544 2315/13545
f 2282/13546 2315/13547 2314/13548
f 2283/13549 2284/13550 2316/13551
f 2283/13552 2316/13553 2315/13554
f 2284/13555 2285/13556 2317/13557
f 2284/13558 2317/13559 2316/13560
f 2285/13561 2286/13562 2318/13563
f 2285/13564 2318/13565 2317/13566
f 2286/13567 2287/13568 2319/13569
f 2286/13570 2319/13571 2318/13572
f 2287/13573 2288/13574 2320/13575
f 2287/13576 2320/13577 2319/13578
f 2288/13579 2289/13580 2321/13581
f 2288/13582 2321/13583 2320/13584
f 2289/13585 2290/13586 2322/13587
f 2289/13588 2322/13589 2321/13590
f 2290/13591 2291/13592 2323/13593
f 2290/13594 2323/13595 2322/13596
f 2291/13597 2292/13598 2324/13599
f 2291/13600 2324/13601 2323/13602
f 2292/13603 2293/13604 2325/13605
f 2292/13606 2325/13607 2324/13608
f 2293/13609 2294/13610 2326/13611
f 2293/13612 2326/13613 2325/13614
f 2294/13615 2295/13616 2327/13617
f 2294/13618 2327/13619 2326/13620
f 2295/13621 2296/13622 2328/13623
f 2295/13624 2328/13625 2327/13626
f 2296/13627 2297/13628 2329/13629
f 2296/13630 2329/13631 2328/13632
f 2297/13633 2298/13634 2330/13635
f 2297/13636 2330/13637 2329/13638
f 2298/13639 2299/13640 2331/13641
f 2298/13642 2331/13643 2330/13644
f 2299/13645 2300/13646 2332/13647
f 2299/13648 2332/13649 2331/13650
f 2300/13651 2301/13652 2333/13653
f 2300/13654 2333/13655 2332/13656
f 2301/13657 2302/13658 2334/13659
f 2301/13660 2334/13661 2333/13662
f 2302/13663 2303/13664 2335/13665
f 2302/13666 2335/13667 2334/13668
f 2303/13669 2304/13670 2336/13671
f 2303/13672 2336/13673 2335/13674
f 2304/13675 2273/13676 2305/13677
f 2304/13678 2305/13679 2336/13680
f 2305/13681 2306/13682 2338/13683
f 2305/13684 2338/13685 2337/13686
f 2306/13687 2307/13688 2339/13689
f 2306/13690 2339/13691 2338/13692
f 2307/13693 2308/13694 2340/13695
f 2307/13696 2340/13697 2339/13698
f 2308/13699 2309/13700 2341/13701
f 2308/13702 2341/13703 2340/13704
f 2309/13705 2310/13706 2342/13707
f 2309/13708 2342/13709 2341/13710
f 2310/13711 2311/13712 2343/13713
f 2310/13714 2343/13715 2342/13716
f 2311/13717 2312/13718 2344/13719
f 2311/13720 2344/13721 2343/13722
f 2312/13723 2313/13724 2345/13725
f 2312/13726 2345/13727 2344/13728
f 2313/13729 2314/13730 2346/13731
f 2313/13732 2346/13733 2345/13734
f 2314/13735 2315/13736 2347/13737
f 2314/13738 2347/13739 2346/13740
f 2315/13741 2316/13742 2348/13743
f 2315/13744 2348/13745 2347/13746
f 2316/13747 2317/13748 2349/13749
f 2316/13750 2349/13751 2348/13752
f 2317/13753 2318/13754 2350/13755
f 2317/13756 2350/13757 2349/13758
f 2318/13759 2319/13760 2351/13761
f 2318/13762 2351/13763 2350/13764
f 2319/13765 2320/13766 2352/13767
f 2319/13768 2352/13769 2351/13770
f 2320/13771 2321/13772 2353/13773
f 2320/13774 2353/13775 2352/13776
f 2321/13777 2322/13778 2354/13779
f 2321/13780 2354/13781 2353/13782
f 2322/13783 2323/13784 2355/13785
f 2322/13786 2355/13787 2354/13788
f 2323/13789 2324/13790 2356/13791
f 2323/13792 2356/13793 2355/13794
f 2324/13795 2325/13796 2357/13797
f 2324/13798 2357/13799 2356/13800
f 2325/13801 2326/13802 2358/13803
f 2325/13804 2358/13805 2357/13806
f 2326/13807 2327/13808 2359/13809
f 2326/13810 2359/13811 2358/13812
f 2327/13813 2328/13814 2360/13815
f 2327/13816 2360/13817 2359/13818
f 2328/13819 2329/13820 2361/13821
f 2328/13822 2361/13823 2360/13824
f 2329/13825 2330/13826 2362/13827
f 2329/13828 2362/13829 2361/13830
f 2330/13831 2331/13832 2363/13833
f 2330/13834 2363/13835 2362/13836
f 2331/13837 2332/13838 2364/13839
f 2331/13840 2364/13841 2363/13842
f 2332/13843 2333/13844 2365/13845
f 2332/13846 2365/13847 2364/13848
f 2333/13849 2334/13850 2366/13851
f 2333/13852 2366/13853 2365/13854
f 2334/13855 2335/13856 2367/13857
f 2334/13858 2367/13859 2366/13860
f 2335/13861 2336/13862 2368/13863
f 2335/13864 2368/13865 2367/13866
f 2336/13867 2305/13868 2337/13869
f 2336/13870 2337/13871 2368/13872
f 2337/13873 2338/13874 2370/13875
f 2337/13876 2370/13877 2369/13878
f 2338/13879 2339/13880 2371/13881
f 2338/13882 2371/13883 2370/13884
f 2339/13885 2340/13886 2372/13887
f 2339/13888 2372/13889 2371/13890
f 2340/13891 2341/13892 2373/13893
f 2340/13894 2373/13895 2372/13896
f 2341/13897 2342/13898 2374/13899
f 2341/13900 2374/13901 2373/13902
f 2342/13903 2343/13904 2375/13905
f 2342/13906 2375/13907 2374/13908
f 2343/13909 2344/13910 2376/13911
f 2343/13912 2376/13913 2375/13914
f 2344/13915 2345/13916 2377/13917
f 2344/13918 2377/13919 2376/13920
f 2345/13921 2346/13922 2378/13923
f 2345/13924 2378/13925 2377/13926
f 2346/13927 2347/13928 2379/13929
f 2346/13930 2379/13931 2378/13932
f 2347/13933 2348/13934 2380/13935
f 2347/13936 2380/13937 2379/13938
f 2348/13939 2349/13940 2381/13941
f 2348/13942 2381/13943 2380/13944
f 2349/13945 2350/13946 2382/13947
f 2349/13948 2382/13949 2381/13950
f 2350/13951 2351/13952 2383/13953
f 2350/13954 2383/13955 2382/13956
f 2351/13957 2352/13958 2384/13959
f 2351/13960 2384/13961 2383/13962
f 2352/13963 2353/13964 2385/13965
f 2352/13966 2385/13967 2384/13968
f 2353/13969 2354/13970 2386/13971
f 2353/13972 2386/13973 2385/13974
f 2354/13975 2355/13976 2387/13977
f 2354/13978 2387/13979 2386/13980
f 2355/13981 2356/13982 2388/13983
f 2355/13984 2388/13985 2387/13986
f 2356/13987 2357/13988 2389/13989
f 2356/13990 2389/13991 2388/13992
f 2357/13993 2358/13994 2390/13995
f 2357/13996 2390/13997 2389/13998
f 2358/13999 2359/14000 2391/14001
f 2358/14002 2391/14003 2390/14004
f 2359/14005 2360/14006 2392/14007
f 2359/14008 2392/14009 2391/14010
f 2360/14011 2361/14012 2393/14013
f 2360/14014 2393/14015 2392/14016
f 2361/14017 2362/14018 2394/14019
f 2361/14020 2394/14021 2393/14022
f 2362/14023 2363/14024 2395/14025
f 2362/14026 2395/14027 2394/14028
f 2363/14029 2364/14030 2396/14031
f 2363/14032 2396/14033 2395/14034
f 2364/14035 2365/14036 2397/14037
f 2364/14038 2397/14039 2396/14040
f 2365/14041 2366/14042 2398/14043
f 2365/14044 2398/14045 2397/14046
f 2366/14047 2367/14048 2399/14049
f 2366/14050 2399/14051 2398/14052
f 2367/14053 2368/14054 2400/14055
f 2367/14056 2400/14057 2399/14058
f 2368/14059 2337/14060 2369/14061
f 2368/14062 2369/14063 2400/14064
f 2369/14065 2370/14066 2402/14067
f 2369/14068 2402/14069 2401/14070
f 2370/14071 2371/14072 2403/14073
f 2370/14074 2403/14075 2402/14076
f 2371/14077 2372/14078 2404/14079
f 2371/14080 2404/14081 2403/14082
f 2372/14083 2373/14084 2405/14085
f 2372/14086 2405/14087 2404/14088
f 2373/14089 2374/14090 2406/14091
f 2373/14092 2406/14093 2405/14094
f 2374/14095 2375/14096 2407/14097
f 2374/14098 2407/14099 2406/14100
f 2375/14101 2376/14102 2408/14103
f 2375/14104 2408/14105 2407/14106
f 2376/14107 2377/14108 2409/14109
f 2376/14110 2409/14111 2408/14112
f 2377/14113 2378/14114 2410/14115
f 2377/14116 2410/14117 2409/14118
f 2378/14119 2379/14120 2411/14121
f 2378/14122 2411/14123 2410/14124
f 2379/14125 2380/14126 2412/14127
f 2379/14128 2412/14129 2411/14130
f 2380/14131 2381/14132 2413/14133
f 2380/14134 2413/14135 2412/14136
f 2381/14137 2382/14138 2414/14139
f 2381/14140 2414/14141 2413/14142
f 2382/14143 2383/14144 2415/14145
f 2382/14146 2415/14147 2414/14148
f 2383/14149 2384/14150 2416/14151
f 2383/14152 2416/14153 2415/14154
f 2384/14155 2385/14156 2417/14157
f 2384/14158 2417/14159 2416/14160
f 2385/14161 2386/14162 2418/14163
f 2385/14164 2418/14165 2417/14166
f 2386/14167 2387/14168 2419/14169
f 2386/14170 2419/14171 2418/14172
f 2387/14173 2388/14174 2420/14175
f 2387/14176 2420/14177 2419/14178
f 2388/14179 2389/14180 2421/14181
f 2388/14182 2421/14183 2420/14184
f 2389/14185 2390/14186 2422/14187
f 2389/14188 2422/14189 2421/14190
f 2390/14191 2391/14192 2423/14193
f 2390/14194 2423/14195 2422/14196
f 2391/14197 2392/14198 2424/14199
f 2391/14200 2424/14201 2423/14202
f 2392/14203 2393/14204 2425/14205
f 2392/14206 2425/14207 2424/14208
f 2393/14209 2394/14210 2426/14211
f 2393/14212 2426/14213 2425/14214
f 2394/14215 2395/14216 2427/14217
f 2394/14218 2427/14219 2426/14220
f 2395/14221 2396/14222 2428/14223
f 2395/14224 2428/14225 2427/14226
f 2396/14227 2397/14228 2429/14229
f 2396/14230 2429/14231 2428/14232
f 2397/14233 2398/14234 2430/14235
f 2397/14236 2430/14237 2429/14238
f 2398/14239 2399/14240 2431/14241
f 2398/14242 2431/14243 2430/14244
f 2399/14245 2400/14246 2432/14247
f 2399/14248 2432/14249 2431/14250
f 2400/14251 2369/14252 2401/14253
f 2400/14254 2401/14255 2432/14256
f 2401/14257 2402/14258 2434/14259
f 2401/14260 2434/14261 2433/14262
f 2402/14263 2403/14264 2435/14265
f 2402/14266 2435/14267 2434/14268
f 2403/14269 2404/14270 2436/14271
f 2403/14272 2436/14273 2435/14274
f 2404/14275 2405/14276 2437/14277
f 2404/14278 2437/14279 2436/14280
f 2405/14281 2406/14282 2438/14283
f 2405/14284 2438/14285 2437/14286
f 2406/14287 2407/14288 2439/14289
f 2406/14290 2439/14291 2438/14292
f 2407/14293 2408/14294 2440/14295
f 2407/14296 2440/14297 2439/14298
f 2408/14299 2409/14300 2441/14301
f 2408/14302 2441/14303 2440/14304
f 2409/14305 2410/14306 2442/14307
f 2409/14308 2442/14309 2441/14310
f 2410/14311 2411/14312 2443/14313
f 2410/14314 2443/14315 2442/14316
f 2411/14317 2412/14318 2444/14319
f 2411/14320 2444/14321 2443/14322
f 2412/14323 2413/14324 2445/14325
f 2412/14326 2445/14327 2444/14328
f 2413/14329 2414/14330 2446/14331
f 2413/14332 2446/14333 2445/14334
f 2414/14335 2415/14336 2447/14337
f 2414/14338 2447/14339 2446/14340
f 2415/14341 2416/14342 2448/14343
f 2415/14344 2448/14345 2447/14346
f 2416/14347 2417/14348 2449/14349
f 2416/14350 2449/14351 2448/14352
f 2417/14353 2418/14354 2450/14355
f 2417/14356 2450/14357 2449/14358
f 2418/14359 2419/14360 2451/14361
f 2418/14362 2451/14363 2450/14364
f 2419/14365 2420/14366 2452/14367
f 2419/14368 2452/14369 2451/14370
f 2420/14371 2421/14372 2453/14373
f 2420/14374 2453/14375 2452/14376
f 2421/14377 2422/14378 2454/14379
f 2421/14380 2454/14381 2453/14382
f 2422/14383 2423/14384 2455/14385
f 2422/14386 2455/14387 2454/14388
f 2423/14389 2424/14390 2456/14391
f 2423/14392 2456/14393 2455/14394
f 2424/14395 2425/14396 2457/14397
f 2424/14398 2457/14399 2456/14400
f 2425/14401 2426/14402 2458/14403
f 2425/14404 2458/14405 2457/14406
f 2426/14407 2427/14408 2459/14409
f 2426/14410 2459/14411 2458/14412
f 2427/14413 2428/14414 2460/14415
f 2427/14416 2460/14417 2459/14418
f 2428/14419 2429/14420 2461/14421
f 2428/14422 2461/14423 2460/14424
f 2429/14425 2430/14426 2462/14427
f 2429/14428 2462/14429 2461/14430
f 2430/14431 2431/14432 2463/14433
f 2430/14434 2463/14435 2462/14436
f 2431/14437 2432/14438 2464/14439
f 2431/14440 2464/14441 2463/14442
f 2432/14443 2401/14444 2433/14445
f 2432/14446 2433/14447 2464/14448
f 2433/14449 2434/14450 2466/14451
f 2433/14452 2466/14453 2465/14454
f 2434/14455 2435/14456 2467/14457
f 2434/14458 2467/14459 2466/14460
f 2435/14461 2436/14462 2468/14463
f 2435/14464 2468/14465 2467/14466
f 2436/14467 2437/14468 2469/14469
f 2436/14470 2469/14471 2468/14472
f 2437/14473 2438/14474 2470/14475
f 2437/14476 2470/14477 2469/14478
f 2438/14479 2439/14480 2471/14481
f 2438/14482 2471/14483 2470/14484
f 2439/14485 2440/14486 2472/14487
f 2439/14488 2472/14489 2471/14490
f 2440/14491 2441/14492 2473/14493
f 2440/14494 2473/14495 2472/14496
f 2441/14497 2442/14498 2474/14499
f 2441/14500 2474/14501 2473/14502
f 2442/14503 2443/14504 2475/14505
f 2442/14506 2475/14507 2474/14508
f 2443/14509 2444/14510 2476/14511
f 2443/14512 2476/14513 2475/14514
f 2444/14515 2445/14516 2477/14517
f 2444/14518 2477/14519 2476/14520
f 2445/14521 2446/14522 2478/14523
f 2445/14524 2478/14525 2477/14526
f 2446/14527 2447/14528 2479/14529
f 2446/14530 2479/14531 2478/14532
f 2447/14533 2448/14534 2480/14535
f 2447/14536 2480/14537 2479/14538
f 2448/14539 2449/14540 2481/14541
f 2448/14542 2481/14543 2480/14544
f 2449/14545 2450/14546 2482/14547
f 2449/14548 2482/14549 2481/14550
f 2450/14551 2451/14552 2483/14553
f 2450/14554 2483/14555 2482/14556
f 2451/14557 2452/14558 2484/14559
f 2451/14560 2484/14561 2483/14562
f 2452/14563 2453/14564 2485/14565
f 2452/14566 2485/14567 2484/14568
f 2453/14569 2454/14570 2486/14571
f 2453/14572 2486/14573 2485/14574
f 2454/14575 2455/14576 2487/14577
f 2454/14578 2487/14579 2486/14580
f 2455/14581 2456/14582 2488/14583
f 2455/14584 2488/14585 2487/14586
f 2456/14587 2457/14588 2489/14589
f 2456/14590 2489/14591 2488/14592
f 2457/14593 2458/14594 2490/14595
f 2457/14596 2490/14597 2489/14598
f 2458/14599 2459/14600 2491/14601
f 2458/14602 2491/14603 2490/14604
f 2459/14605 2460/14606 2492/14607
f 2459/14608 2492/14609 2491/14610
f 2460/14611 2461/14612 2493/14613
f 2460/14614 2493/14615 2492/14616
f 2461/14617 2462/14618 2494/14619
f 2461/14620 2494/14621 2493/14622
f 2462/14623 2463/14624 2495/14625
f 2462/14626 2495/14627 2494/14628
f 2463/14629 2464/14630 2496/14631
f 2463/14632 2496/14633 2495/14634
f 2464/14635 2433/14636 2465/14637
f 2464/14638 2465/14639 2496/14640
f 2465/14641 2466/14642 2498/14643
f 2465/14644 2498/14645 2497/14646
f 2466/14647 2467/14648 2499/14649
f 2466/14650 2499/14651 2498/14652
f 2467/14653 2468/14654 2500/14655
f 2467/14656 2500/14657 2499/14658
f 2468/14659 2469/14660 2501/14661
f 2468/14662 2501/14663 2500/14664
f 2469/14665 2470/14666 2502/14667
f 2469/14668 2502/14669 2501/14670
f 2470/14671 2471/14672 2503/14673
f 2470/14674 2503/14675 2502/14676
f 2471/14677 2472/14678 2504/14679
f 2471/14680 2504/14681 2503/14682
f 2472/14683 2473/14684 2505/14685
f 2472/14686 2505/14687 2504/14688
f 2473/14689 2474/14690 2506/14691
f 2473/14692 2506/14693 2505/14694
f 2474/14695 2475/14696 2507/14697
f 2474/14698 2507/14699 2506/14700
f 2475/14701 2476/14702 2508/14703
f 2475/14704 2508/14705 2507/14706
f 2476/14707 2477/14708 2509/14709
f 2476/14710 2509/14711 2508/14712
f 2477/14713 2478/14714 2510/14715
f 2477/14716 2510/14717 2509/14718
f 2478/14719 2479/14720 2511/14721
f 2478/14722 2511/14723 2510/14724
f 2479/14725 2480/14726 2512/14727
f 2479/14728 2512/14729 2511/14730
f 2480/14731 2481/14732 2513/14733
f 2480/14734 2513/14735 2512/14736
f 2481/14737 2482/14738 2514/14739
f 2481/14740 2514/14741 2513/14742
f 2482/14743 2483/14744 2515/14745
f 2482/14746 2515/14747 2514/14748
f 2483/14749 2484/14750 2516/14751
f 2483/14752 2516/14753 2515/14754
f 2484/14755 2485/14756 2517/14757
f 2484/14758 2517/14759 2516/14760
f 2485/14761 2486/14762 2518/14763
f 2485/14764 2518/14765 2517/14766
f 2486/14767 2487/14768 2519/14769
f 2486/14770 2519/14771 2518/14772
f 2487/14773 2488/14774 2520/14775
f 2487/14776 2520/14777 2519/14778
f 2488/14779 2489/14780 2521/14781
f 2488/14782 2521/14783 2520/14784
f 2489/14785 2490/14786 2522/14787
f 2489/14788 2522/14789 2521/14790
f 2490/14791 2491/14792 2523/14793
f 2490/14794 2523/14795 2522/14796
f 2491/14797 2492/14798 2524/14799
f 2491/14800 2524/14801 2523/14802
f 2492/14803 2493/14804 2525/14805
f 2492/14806 2525/14807 2524/14808
f 2493/14809 2494/14810 2526/14811
f 2493/14812 2526/14813 2525/14814
f 2494/14815 2495/14816 2527/14817
f 2494/14818 2527/14819 2526/14820
f 2495/14821 2496/14822 2528/14823
f 2495/14824 2528/14825 2527/14826
f 2496/14827 2465/14828 2497/14829
f 2496/14830 2497/14831 2528/14832
f 2497/14833 2498/14834 2530/14835
f 2497/14836 2530/14837 2529/14838
f 2498/14839 2499/14840 2531/14841
f 2498/14842 2531/14843 2530/14844
f 2499/14845 2500/14846 2532/14847
f 2499/14848 2532/14849 2531/14850
f 2500/14851 2501/14852 2533/14853
f 2500/14854 2533/14855 2532/14856
f 2501/14857 2502/14858 2534/14859
f 2501/14860 2534/14861 2533/14862
f 2502/14863 2503/14864 2535/14865
f 2502/14866 2535/14867 2534/14868
f 2503/14869 2504/14870 2536/14871
f 2503/14872 2536/14873 2535/14874
f 2504/14875 2505/14876 2537/14877
f 2504/14878 2537/14879 2536/14880
f 2505/14881 2506/14882 2538/14883
f 2505/14884 2538/14885 2537/14886
f 2506/14887 2507/14888 2539/14889
f 2506/14890 2539/14891 2538/14892
f 2507/14893 2508/14894 2540/14895
f 2507/14896 2540/14897 2539/14898
f 2508/14899 2509/14900 2541/14901
f 2508/14902 2541/14903 2540/14904
f 2509/14905 2510/14906 2542/14907
f 2509/14908 2542/14909 2541/14910
f 2510/14911 2511/14912 2543/14913
f 2510/14914 2543/14915 2542/14916
f 2511/14917 2512/14918 2544/14919
f 2511/14920 2544/14921 2543/14922
f 2512/14923 2513/14924 2545/14925
f 2512/14926 2545/14927 2544/14928
f 2513/14929 2514/14930 2546/14931
f 2513/14932 2546/14933 2545/14934
f 2514/14935 2515/14936 2547/14937
f 2514/14938 2547/14939 2546/14940
f 2515/14941 2516/14942 2548/14943
f 2515/14944 2548/14945 2547/14946
f 2516/14947 2517/14948 2549/14949
f 2516/14950 2549/14951 2548/14952
f 2517/14953 2518/14954 2550/14955
f 2517/14956 2550/14957 2549/14958
f 2518/14959 2519/14960 2551/14961
f 2518/14962 2551/14963 2550/14964
f 2519/14965 2520/14966 2552/14967
f 2519/14968 2552/14969 2551/14970
f 2520/14971 2521/14972 2553/14973
f 2520/14974 2553/14975 2552/14976
f 2521/14977 2522/14978 2554/14979
f 2521/14980 2554/14981 2553/14982
f 2522/14983 2523/14984 2555/14985
f 2522/14986 2555/14987 2554/14988
f 2523/14989 2524/14990 2556/14991
f 2523/14992 2556/14993 2555/14994
f 2524/14995 2525/14996 2557/14997
f 2524/14998 2557/14999 2556/15000
f 2525/15001 2526/15002 2558/15003
f 2525/15004 2558/15005 2557/15006
f 2526/15007 2527/15008 2559/15009
f 2526/15010 2559/15011 2558/15012
f 2527/15013 2528/15014 2560/15015
f 2527/15016 2560/15017 2559/15018
f 2528/15019 2497/15020 2529/15021
f 2528/15022 2529/15023 2560/15024
f 2529/15025 2530/15026 2562/15027
f 2529/15028 2562/15029 2561/15030
f 2530/15031 2531/15032 2563/15033
f 2530/15034 2563/15035 2562/15036
f 2531/15037 2532/15038 2564/15039
f 2531/15040 2564/15041 2563/15042
f 2532/15043 2533/15044 2565/15045
f 2532/15046 2565/15047 2564/15048
f 2533/15049 2534/15050 2566/15051
f 2533/15052 2566/15053 2565/15054
f 2534/15055 2535/15056 2567/15057
f 2534/15058 2567/15059 2566/15060
f 2535/15061 2536/15062 2568/15063
f 2535/15064 2568/15065 2567/15066
f 2536/15067 2537/15068 2569/15069
f 2536/15070 2569/15071 2568/15072
f 2537/15073 2538/15074 2570/15075
f 2537/15076 2570/15077 2569/15078
f 2538/15079 2539/15080 2571/15081
f 2538/15082 2571/15083 2570/15084
f 2539/15085 2540/15086 2572/15087
f 2539/15088 2572/15089 2571/15090
f 2540/15091 2541/15092 2573/15093
f 2540/15094 2573/15095 2572/15096
f 2541/15097 2542/15098 2574/15099
f 2541/15100 2574/15101 2573/15102
f 2542/15103 2543/15104 2575/15105
f 2542/15106 2575/15107 2574/15108
f 2543/15109 2544/15110 2576/15111
f 2543/15112 2576/15113 2575/15114
f 2544/15115 2545/15116 2577/15117
f 2544/15118 2577/15119 2576/15120
f 2545/15121 2546/15122 2578/15123
f 2545/15124 2578/15125 2577/15126
f 2546/15127 2547/15128 2579/15129
f 2546/15130 2579/15131 2578/15132
f 2547/15133 2548/15134 2580/15135
f 2547/15136 2580/15137 2579/15138
f 2548/15139 2549/15140 2581/15141
f 2548/15142 2581/15143 2580/15144
f 2549/15145 2550/15146 2582/15147
f 2549/15148 2582/15149 2581/15150
f 2550/15151 2551/15152 2583/15153
f 2550/15154 2583/15155 2582/15156
f 2551/15157 2552/15158 2584/15159
f 2551/15160 2584/15161 2583/15162
f 2552/15163 2553/15164 2585/15165
f 2552/15166 2585/15167 2584/15168
f 2553/15169 2554/15170 2586/15171
f 2553/15172 2586/15173 2585/15174
f 2554/15175 2555/15176 2587/15177
f 2554/15178 2587/15179 2586/15180
f 2555/15181 2556/15182 2588/15183
f 2555/15184 2588/15185 2587/15186
f 2556/15187 2557/15188 2589/15189
f 2556/15190 2589/15191 2588/15192
f 2557/15193 2558/15194 2590/15195
f 2557/15196 2590/15197 2589/15198
f 2558/15199 2559/15200 2591/15201
f 2558/15202 2591/15203 2590/15204
f 2559/15205 2560/15206 2592/15207
f 2559/15208 2592/15209 2591/15210
f 2560/15211 2529/15212 2561/15213
f 2560/15214 2561/15215 2592/15216
f 2561/15217 2562/15218 2594/15219
f 2561/15220 2594/15221 2593/15222
f 2562/15223 2563/15224 2595/15225
f 2562/15226 2595/15227 2594/15228
f 2563/15229 2564/15230 2596/15231
f 2563/15232 2596/15233 2595/15234
f 2564/15235 2565/15236 2597/15237
f 2564/15238 2597/15239 2596/15240
f 2565/15241 2566/15242 2598/15243
f 2565/15244 2598/15245 2597/15246
f 2566/15247 2567/15248 2599/15249
f 2566/15250 2599/15251 2598/15252
f 2567/15253 2568/15254 2600/15255
f 2567/15256 2600/15257 2599/15258
f 2568/15259 2569/15260 2601/15261
f 2568/15262 2601/15263 2600/15264
f 2569/15265 2570/15266 2602/15267
f 2569/15268 2602/15269 2601/15270
f 2570/15271 2571/15272 2603/15273
f 2570/15274 2603/15275 2602/15276
f 2571/15277 2572/15278 2604/15279
f 2571/15280 2604/15281 2603/15282
f 2572/15283 2573/15284 2605/15285
f 2572/15286 2605/15287 2604/15288
f 2573/15289 2574/15290 2606/15291
f 2573/15292 2606/15293 2605/15294
f 2574/15295 2575/15296 2607/15297
f 2574/15298 2607/15299 2606/15300
f 2575/15301 2576/15302 2608/15303
f 2575/15304 2608/15305 2607/15306
f 2576/15307 2577/15308 2609/15309
f 2576/15310 2609/15311 2608/15312
f 2577/15313 2578/15314 2610/15315
f 2577/15316 2610/15317 2609/15318
f 2578/15319 2579/15320 2611/15321
f 2578/15322 2611/15323 2610/15324
f 2579/15325 2580/15326 2612/15327
f 2579/15328 2612/15329 2611/15330
f 2580/15331 2581/15332 2613/15333
f 2580/15334 2613/15335 2612/15336
f 2581/15337 2582/15338 2614/15339
f 2581/15340 2614/15341 2613/15342
f 2582/15343 2583/15344 2615/15345
f 2582/15346 2615/15347 2614/15348
f 2583/15349 2584/15350 2616/15351
f 2583/15352 2616/15353 2615/15354
f 2584/15355 2585/15356 2617/15357
f 2584/15358 2617/15359 2616/15360
f 2585/15361 2586/15362 2618/15363
f 2585/15364 2618/15365 2617/15366
f 2586/15367 2587/15368 2619/15369
f 2586/15370 2619/15371 2618/15372
f 2587/15373 2588/15374 2620/15375
f 2587/15376 2620/15377 2619/15378
f 2588/15379 2589/15380 2621/15381
f 2588/15382 2621/15383 2620/15384
f 2589/15385 2590/15386 2622/15387
f 2589/15388 2622/15389 2621/15390
f 2590/15391 2591/15392 2623/15393
f 2590/15394 2623/15395 2622/15396
f 2591/15397 2592/15398 2624/15399
f 2591/15400 2624/15401 2623/15402
f 2592/15403 2561/15404 2593/15405
f 2592/15406 2593/15407 2624/15408
f 2593/15409 2594/15410 2626/15411
f 2593/15412 2626/15413 2625/15414
f 2594/15415 2595/15416 2627/15417
f 2594/15418 2627/15419 2626/15420
f 2595/15421 2596/15422 2628/15423
f 2595/15424 2628/15425 2627/15426
f 2596/15427 2597/15428 2629/15429
f 2596/15430 2629/15431 2628/15432
f 2597/15433 2598/15434 2630/15435
f 2597/15436 2630/15437 2629/15438
f 2598/15439 2599/15440 2631/15441
f 2598/15442 2631/15443 2630/15444
f 2599/15445 2600/15446 2632/15447
f 2599/15448 2632/15449 2631/15450
f 2600/15451 2601/15452 2633/15453
f 2600/15454 2633/15455 2632/15456
f 2601/15457 2602/15458 2634/15459
f 2601/15460 2634/15461 2633/15462
f 2602/15463 2603/15464 2635/15465
f 2602/15466 2635/15467 2634/15468
f 2603/15469 2604/15470 2636/15471
f 2603/15472 2636/15473 2635/15474
f 2604/15475 2605/15476 2637/15477
f 2604/15478 2637/15479 2636/15480
f 2605/15481 2606/15482 2638/15483
f 2605/15484 2638/15485 2637/15486
f 2606/15487 2607/15488 2639/15489
f 2606/15490 2639/15491 2638/15492
f 2607/15493 2608/15494 2640/15495
f 2607/15496 2640/15497 2639/15498
f 2608/15499 2609/15500 2641/15501
f 2608/15502 2641/15503 2640/15504
f 2609/15505 2610/15506 2642/15507
f 2609/15508 2642/15509 2641/15510
f 2610/15511 2611/15512 2643/15513
f 2610/15514 2643/15515 2642/15516
f 2611/15517 2612/15518 2644/15519
f 2611/15520 2644/15521 2643/15522
f 2612/15523 2613/15524 2645/15525
f 2612/15526 2645/15527 2644/15528
f 2613/15529 2614/15530 2646/15531
f 2613/15532 2646/15533 2645/15534
f 2614/15535 2615/15536 2647/15537
f 2614/15538 2647/15539 2646/15540
f 2615/15541 2616/15542 2648/15543
f 2615/15544 2648/15545 2647/15546
f 2616/15547 2617/15548 2649/15549
f 2616/15550 2649/15551 2648/15552
f 2617/15553 2618/15554 2650/15555
f 2617/15556 2650/15557 2649/15558
f 2618/15559 2619/15560 2651/15561
f 2618/15562 2651/15563 2650/15564
f 2619/15565 2620/15566 2652/15567
f 2619/15568 2652/15569 2651/15570
f 2620/15571 2621/15572 2653/15573
f 2620/15574 2653/15575 2652/15576
f 2621/15577 2622/15578 2654/15579
f 2621/15580 2654/15581 2653/15582
f 2622/15583 2623/15584 2655/15585
f 2622/15586 2655/15587 2654/15588
f 2623/15589 2624/15590 2656/15591
f 2623/15592 2656/15593 2655/15594
f 2624/15595 2593/15596 2625/15597
f 2624/15598 2625/15599 2656/15600
