# Generated by Scripts/EnergyBallGimmicks/generate_energy_ball_gimmick_meshes.py
mtllib SM_EnergyBallEmitter.mtl
o SM_EnergyBallEmitter
g SM_EnergyBallEmitter
v -8.000000 57.000000 0.000000
v 2.000000 57.000000 0.000000
v -8.000000 56.512357 7.439993
v 2.000000 56.512357 7.439993
v -8.000000 55.057772 14.752686
v 2.000000 55.057772 14.752686
v -8.000000 52.661133 21.812956
v 2.000000 52.661133 21.812956
v -8.000000 49.363448 28.500000
v 2.000000 49.363448 28.500000
v -8.000000 45.221140 34.699401
v 2.000000 45.221140 34.699401
v -8.000000 40.305087 40.305087
v 2.000000 40.305087 40.305087
v -8.000000 34.699401 45.221140
v 2.000000 34.699401 45.221140
v -8.000000 28.500000 49.363448
v 2.000000 28.500000 49.363448
v -8.000000 21.812956 52.661133
v 2.000000 21.812956 52.661133
v -8.000000 14.752686 55.057772
v 2.000000 14.752686 55.057772
v -8.000000 7.439993 56.512357
v 2.000000 7.439993 56.512357
v -8.000000 0.000000 57.000000
v 2.000000 0.000000 57.000000
v -8.000000 -7.439993 56.512357
v 2.000000 -7.439993 56.512357
v -8.000000 -14.752686 55.057772
v 2.000000 -14.752686 55.057772
v -8.000000 -21.812956 52.661133
v 2.000000 -21.812956 52.661133
v -8.000000 -28.500000 49.363448
v 2.000000 -28.500000 49.363448
v -8.000000 -34.699401 45.221140
v 2.000000 -34.699401 45.221140
v -8.000000 -40.305087 40.305087
v 2.000000 -40.305087 40.305087
v -8.000000 -45.221140 34.699401
v 2.000000 -45.221140 34.699401
v -8.000000 -49.363448 28.500000
v 2.000000 -49.363448 28.500000
v -8.000000 -52.661133 21.812956
v 2.000000 -52.661133 21.812956
v -8.000000 -55.057772 14.752686
v 2.000000 -55.057772 14.752686
v -8.000000 -56.512357 7.439993
v 2.000000 -56.512357 7.439993
v -8.000000 -57.000000 0.000000
v 2.000000 -57.000000 0.000000
v -8.000000 -56.512357 -7.439993
v 2.000000 -56.512357 -7.439993
v -8.000000 -55.057772 -14.752686
v 2.000000 -55.057772 -14.752686
v -8.000000 -52.661133 -21.812956
v 2.000000 -52.661133 -21.812956
v -8.000000 -49.363448 -28.500000
v 2.000000 -49.363448 -28.500000
v -8.000000 -45.221140 -34.699401
v 2.000000 -45.221140 -34.699401
v -8.000000 -40.305087 -40.305087
v 2.000000 -40.305087 -40.305087
v -8.000000 -34.699401 -45.221140
v 2.000000 -34.699401 -45.221140
v -8.000000 -28.500000 -49.363448
v 2.000000 -28.500000 -49.363448
v -8.000000 -21.812956 -52.661133
v 2.000000 -21.812956 -52.661133
v -8.000000 -14.752686 -55.057772
v 2.000000 -14.752686 -55.057772
v -8.000000 -7.439993 -56.512357
v 2.000000 -7.439993 -56.512357
v -8.000000 -0.000000 -57.000000
v 2.000000 -0.000000 -57.000000
v -8.000000 7.439993 -56.512357
v 2.000000 7.439993 -56.512357
v -8.000000 14.752686 -55.057772
v 2.000000 14.752686 -55.057772
v -8.000000 21.812956 -52.661133
v 2.000000 21.812956 -52.661133
v -8.000000 28.500000 -49.363448
v 2.000000 28.500000 -49.363448
v -8.000000 34.699401 -45.221140
v 2.000000 34.699401 -45.221140
v -8.000000 40.305087 -40.305087
v 2.000000 40.305087 -40.305087
v -8.000000 45.221140 -34.699401
v 2.000000 45.221140 -34.699401
v -8.000000 49.363448 -28.500000
v 2.000000 49.363448 -28.500000
v -8.000000 52.661133 -21.812956
v 2.000000 52.661133 -21.812956
v -8.000000 55.057772 -14.752686
v 2.000000 55.057772 -14.752686
v -8.000000 56.512357 -7.439993
v 2.000000 56.512357 -7.439993
v -8.000000 0.000000 0.000000
v 2.000000 0.000000 0.000000
v 1.000000 54.000000 0.000000
v 4.535534 52.535534 0.000000
v 6.000000 49.000000 0.000000
v 4.535534 45.464466 0.000000
v 1.000000 44.000000 0.000000
v -2.535534 45.464466 0.000000
v -4.000000 49.000000 0.000000
v -2.535534 52.535534 0.000000
v 1.000000 53.538023 7.048414
v 4.535534 52.086085 6.857263
v 6.000000 48.580798 6.395783
v 4.535534 45.075511 5.934304
v 1.000000 43.623574 5.743152
v -2.535534 45.075511 5.934304
v -4.000000 48.580798 6.395783
v -2.535534 52.086085 6.857263
v 1.000000 52.159995 13.976228
v 4.535534 50.745429 13.597197
v 6.000000 47.330365 12.682133
v 4.535534 43.915302 11.767070
v 1.000000 42.500736 11.388038
v -2.535534 43.915302 11.767070
v -4.000000 47.330365 12.682133
v -2.535534 50.745429 13.597197
v 1.000000 49.889495 20.664905
v 4.535534 48.536505 20.104478
v 6.000000 45.270097 18.751488
v 4.535534 42.003690 17.398498
v 1.000000 40.650699 16.838071
v -2.535534 42.003690 17.398498
v -4.000000 45.270097 18.751488
v -2.535534 48.536505 20.104478
v 1.000000 46.765372 27.000000
v 4.535534 45.497107 26.267767
v 6.000000 42.435245 24.500000
v 4.535534 39.373383 22.732233
v 1.000000 38.105118 22.000000
v -2.535534 39.373383 22.732233
v -4.000000 42.435245 24.500000
v -2.535534 45.497107 26.267767
v 1.000000 42.841080 32.873117
v 4.535534 41.679241 31.981607
v 6.000000 38.874314 29.829310
v 4.535534 36.069386 27.677013
v 1.000000 34.907547 26.785503
v -2.535534 36.069386 27.677013
v -4.000000 38.874314 29.829310
v -2.535534 41.679241 31.981607
v 1.000000 38.183766 38.183766
v 4.535534 37.148232 37.148232
v 6.000000 34.648232 34.648232
v 4.535534 32.148232 32.148232
v 1.000000 31.112698 31.112698
v -2.535534 32.148232 32.148232
v -4.000000 34.648232 34.648232
v -2.535534 37.148232 37.148232
v 1.000000 32.873117 42.841080
v 4.535534 31.981607 41.679241
v 6.000000 29.829310 38.874314
v 4.535534 27.677013 36.069386
v 1.000000 26.785503 34.907547
v -2.535534 27.677013 36.069386
v -4.000000 29.829310 38.874314
v -2.535534 31.981607 41.679241
v 1.000000 27.000000 46.765372
v 4.535534 26.267767 45.497107
v 6.000000 24.500000 42.435245
v 4.535534 22.732233 39.373383
v 1.000000 22.000000 38.105118
v -2.535534 22.732233 39.373383
v -4.000000 24.500000 42.435245
v -2.535534 26.267767 45.497107
v 1.000000 20.664905 49.889495
v 4.535534 20.104478 48.536505
v 6.000000 18.751488 45.270097
v 4.535534 17.398498 42.003690
v 1.000000 16.838071 40.650699
v -2.535534 17.398498 42.003690
v -4.000000 18.751488 45.270097
v -2.535534 20.104478 48.536505
v 1.000000 13.976228 52.159995
v 4.535534 13.597197 50.745429
v 6.000000 12.682133 47.330365
v 4.535534 11.767070 43.915302
v 1.000000 11.388038 42.500736
v -2.535534 11.767070 43.915302
v -4.000000 12.682133 47.330365
v -2.535534 13.597197 50.745429
v 1.000000 7.048414 53.538023
v 4.535534 6.857263 52.086085
v 6.000000 6.395783 48.580798
v 4.535534 5.934304 45.075511
v 1.000000 5.743152 43.623574
v -2.535534 5.934304 45.075511
v -4.000000 6.395783 48.580798
v -2.535534 6.857263 52.086085
v 1.000000 0.000000 54.000000
v 4.535534 0.000000 52.535534
v 6.000000 0.000000 49.000000
v 4.535534 0.000000 45.464466
v 1.000000 0.000000 44.000000
v -2.535534 0.000000 45.464466
v -4.000000 0.000000 49.000000
v -2.535534 0.000000 52.535534
v 1.000000 -7.048414 53.538023
v 4.535534 -6.857263 52.086085
v 6.000000 -6.395783 48.580798
v 4.535534 -5.934304 45.075511
v 1.000000 -5.743152 43.623574
v -2.535534 -5.934304 45.075511
v -4.000000 -6.395783 48.580798
v -2.535534 -6.857263 52.086085
v 1.000000 -13.976228 52.159995
v 4.535534 -13.597197 50.745429
v 6.000000 -12.682133 47.330365
v 4.535534 -11.767070 43.915302
v 1.000000 -11.388038 42.500736
v -2.535534 -11.767070 43.915302
v -4.000000 -12.682133 47.330365
v -2.535534 -13.597197 50.745429
v 1.000000 -20.664905 49.889495
v 4.535534 -20.104478 48.536505
v 6.000000 -18.751488 45.270097
v 4.535534 -17.398498 42.003690
v 1.000000 -16.838071 40.650699
v -2.535534 -17.398498 42.003690
v -4.000000 -18.751488 45.270097
v -2.535534 -20.104478 48.536505
v 1.000000 -27.000000 46.765372
v 4.535534 -26.267767 45.497107
v 6.000000 -24.500000 42.435245
v 4.535534 -22.732233 39.373383
v 1.000000 -22.000000 38.105118
v -2.535534 -22.732233 39.373383
v -4.000000 -24.500000 42.435245
v -2.535534 -26.267767 45.497107
v 1.000000 -32.873117 42.841080
v 4.535534 -31.981607 41.679241
v 6.000000 -29.829310 38.874314
v 4.535534 -27.677013 36.069386
v 1.000000 -26.785503 34.907547
v -2.535534 -27.677013 36.069386
v -4.000000 -29.829310 38.874314
v -2.535534 -31.981607 41.679241
v 1.000000 -38.183766 38.183766
v 4.535534 -37.148232 37.148232
v 6.000000 -34.648232 34.648232
v 4.535534 -32.148232 32.148232
v 1.000000 -31.112698 31.112698
v -2.535534 -32.148232 32.148232
v -4.000000 -34.648232 34.648232
v -2.535534 -37.148232 37.148232
v 1.000000 -42.841080 32.873117
v 4.535534 -41.679241 31.981607
v 6.000000 -38.874314 29.829310
v 4.535534 -36.069386 27.677013
v 1.000000 -34.907547 26.785503
v -2.535534 -36.069386 27.677013
v -4.000000 -38.874314 29.829310
v -2.535534 -41.679241 31.981607
v 1.000000 -46.765372 27.000000
v 4.535534 -45.497107 26.267767
v 6.000000 -42.435245 24.500000
v 4.535534 -39.373383 22.732233
v 1.000000 -38.105118 22.000000
v -2.535534 -39.373383 22.732233
v -4.000000 -42.435245 24.500000
v -2.535534 -45.497107 26.267767
v 1.000000 -49.889495 20.664905
v 4.535534 -48.536505 20.104478
v 6.000000 -45.270097 18.751488
v 4.535534 -42.003690 17.398498
v 1.000000 -40.650699 16.838071
v -2.535534 -42.003690 17.398498
v -4.000000 -45.270097 18.751488
v -2.535534 -48.536505 20.104478
v 1.000000 -52.159995 13.976228
v 4.535534 -50.745429 13.597197
v 6.000000 -47.330365 12.682133
v 4.535534 -43.915302 11.767070
v 1.000000 -42.500736 11.388038
v -2.535534 -43.915302 11.767070
v -4.000000 -47.330365 12.682133
v -2.535534 -50.745429 13.597197
v 1.000000 -53.538023 7.048414
v 4.535534 -52.086085 6.857263
v 6.000000 -48.580798 6.395783
v 4.535534 -45.075511 5.934304
v 1.000000 -43.623574 5.743152
v -2.535534 -45.075511 5.934304
v -4.000000 -48.580798 6.395783
v -2.535534 -52.086085 6.857263
v 1.000000 -54.000000 0.000000
v 4.535534 -52.535534 0.000000
v 6.000000 -49.000000 0.000000
v 4.535534 -45.464466 0.000000
v 1.000000 -44.000000 0.000000
v -2.535534 -45.464466 0.000000
v -4.000000 -49.000000 0.000000
v -2.535534 -52.535534 0.000000
v 1.000000 -53.538023 -7.048414
v 4.535534 -52.086085 -6.857263
v 6.000000 -48.580798 -6.395783
v 4.535534 -45.075511 -5.934304
v 1.000000 -43.623574 -5.743152
v -2.535534 -45.075511 -5.934304
v -4.000000 -48.580798 -6.395783
v -2.535534 -52.086085 -6.857263
v 1.000000 -52.159995 -13.976228
v 4.535534 -50.745429 -13.597197
v 6.000000 -47.330365 -12.682133
v 4.535534 -43.915302 -11.767070
v 1.000000 -42.500736 -11.388038
v -2.535534 -43.915302 -11.767070
v -4.000000 -47.330365 -12.682133
v -2.535534 -50.745429 -13.597197
v 1.000000 -49.889495 -20.664905
v 4.535534 -48.536505 -20.104478
v 6.000000 -45.270097 -18.751488
v 4.535534 -42.003690 -17.398498
v 1.000000 -40.650699 -16.838071
v -2.535534 -42.003690 -17.398498
v -4.000000 -45.270097 -18.751488
v -2.535534 -48.536505 -20.104478
v 1.000000 -46.765372 -27.000000
v 4.535534 -45.497107 -26.267767
v 6.000000 -42.435245 -24.500000
v 4.535534 -39.373383 -22.732233
v 1.000000 -38.105118 -22.000000
v -2.535534 -39.373383 -22.732233
v -4.000000 -42.435245 -24.500000
v -2.535534 -45.497107 -26.267767
v 1.000000 -42.841080 -32.873117
v 4.535534 -41.679241 -31.981607
v 6.000000 -38.874314 -29.829310
v 4.535534 -36.069386 -27.677013
v 1.000000 -34.907547 -26.785503
v -2.535534 -36.069386 -27.677013
v -4.000000 -38.874314 -29.829310
v -2.535534 -41.679241 -31.981607
v 1.000000 -38.183766 -38.183766
v 4.535534 -37.148232 -37.148232
v 6.000000 -34.648232 -34.648232
v 4.535534 -32.148232 -32.148232
v 1.000000 -31.112698 -31.112698
v -2.535534 -32.148232 -32.148232
v -4.000000 -34.648232 -34.648232
v -2.535534 -37.148232 -37.148232
v 1.000000 -32.873117 -42.841080
v 4.535534 -31.981607 -41.679241
v 6.000000 -29.829310 -38.874314
v 4.535534 -27.677013 -36.069386
v 1.000000 -26.785503 -34.907547
v -2.535534 -27.677013 -36.069386
v -4.000000 -29.829310 -38.874314
v -2.535534 -31.981607 -41.679241
v 1.000000 -27.000000 -46.765372
v 4.535534 -26.267767 -45.497107
v 6.000000 -24.500000 -42.435245
v 4.535534 -22.732233 -39.373383
v 1.000000 -22.000000 -38.105118
v -2.535534 -22.732233 -39.373383
v -4.000000 -24.500000 -42.435245
v -2.535534 -26.267767 -45.497107
v 1.000000 -20.664905 -49.889495
v 4.535534 -20.104478 -48.536505
v 6.000000 -18.751488 -45.270097
v 4.535534 -17.398498 -42.003690
v 1.000000 -16.838071 -40.650699
v -2.535534 -17.398498 -42.003690
v -4.000000 -18.751488 -45.270097
v -2.535534 -20.104478 -48.536505
v 1.000000 -13.976228 -52.159995
v 4.535534 -13.597197 -50.745429
v 6.000000 -12.682133 -47.330365
v 4.535534 -11.767070 -43.915302
v 1.000000 -11.388038 -42.500736
v -2.535534 -11.767070 -43.915302
v -4.000000 -12.682133 -47.330365
v -2.535534 -13.597197 -50.745429
v 1.000000 -7.048414 -53.538023
v 4.535534 -6.857263 -52.086085
v 6.000000 -6.395783 -48.580798
v 4.535534 -5.934304 -45.075511
v 1.000000 -5.743152 -43.623574
v -2.535534 -5.934304 -45.075511
v -4.000000 -6.395783 -48.580798
v -2.535534 -6.857263 -52.086085
v 1.000000 -0.000000 -54.000000
v 4.535534 -0.000000 -52.535534
v 6.000000 -0.000000 -49.000000
v 4.535534 -0.000000 -45.464466
v 1.000000 -0.000000 -44.000000
v -2.535534 -0.000000 -45.464466
v -4.000000 -0.000000 -49.000000
v -2.535534 -0.000000 -52.535534
v 1.000000 7.048414 -53.538023
v 4.535534 6.857263 -52.086085
v 6.000000 6.395783 -48.580798
v 4.535534 5.934304 -45.075511
v 1.000000 5.743152 -43.623574
v -2.535534 5.934304 -45.075511
v -4.000000 6.395783 -48.580798
v -2.535534 6.857263 -52.086085
v 1.000000 13.976228 -52.159995
v 4.535534 13.597197 -50.745429
v 6.000000 12.682133 -47.330365
v 4.535534 11.767070 -43.915302
v 1.000000 11.388038 -42.500736
v -2.535534 11.767070 -43.915302
v -4.000000 12.682133 -47.330365
v -2.535534 13.597197 -50.745429
v 1.000000 20.664905 -49.889495
v 4.535534 20.104478 -48.536505
v 6.000000 18.751488 -45.270097
v 4.535534 17.398498 -42.003690
v 1.000000 16.838071 -40.650699
v -2.535534 17.398498 -42.003690
v -4.000000 18.751488 -45.270097
v -2.535534 20.104478 -48.536505
v 1.000000 27.000000 -46.765372
v 4.535534 26.267767 -45.497107
v 6.000000 24.500000 -42.435245
v 4.535534 22.732233 -39.373383
v 1.000000 22.000000 -38.105118
v -2.535534 22.732233 -39.373383
v -4.000000 24.500000 -42.435245
v -2.535534 26.267767 -45.497107
v 1.000000 32.873117 -42.841080
v 4.535534 31.981607 -41.679241
v 6.000000 29.829310 -38.874314
v 4.535534 27.677013 -36.069386
v 1.000000 26.785503 -34.907547
v -2.535534 27.677013 -36.069386
v -4.000000 29.829310 -38.874314
v -2.535534 31.981607 -41.679241
v 1.000000 38.183766 -38.183766
v 4.535534 37.148232 -37.148232
v 6.000000 34.648232 -34.648232
v 4.535534 32.148232 -32.148232
v 1.000000 31.112698 -31.112698
v -2.535534 32.148232 -32.148232
v -4.000000 34.648232 -34.648232
v -2.535534 37.148232 -37.148232
v 1.000000 42.841080 -32.873117
v 4.535534 41.679241 -31.981607
v 6.000000 38.874314 -29.829310
v 4.535534 36.069386 -27.677013
v 1.000000 34.907547 -26.785503
v -2.535534 36.069386 -27.677013
v -4.000000 38.874314 -29.829310
v -2.535534 41.679241 -31.981607
v 1.000000 46.765372 -27.000000
v 4.535534 45.497107 -26.267767
v 6.000000 42.435245 -24.500000
v 4.535534 39.373383 -22.732233
v 1.000000 38.105118 -22.000000
v -2.535534 39.373383 -22.732233
v -4.000000 42.435245 -24.500000
v -2.535534 45.497107 -26.267767
v 1.000000 49.889495 -20.664905
v 4.535534 48.536505 -20.104478
v 6.000000 45.270097 -18.751488
v 4.535534 42.003690 -17.398498
v 1.000000 40.650699 -16.838071
v -2.535534 42.003690 -17.398498
v -4.000000 45.270097 -18.751488
v -2.535534 48.536505 -20.104478
v 1.000000 52.159995 -13.976228
v 4.535534 50.745429 -13.597197
v 6.000000 47.330365 -12.682133
v 4.535534 43.915302 -11.767070
v 1.000000 42.500736 -11.388038
v -2.535534 43.915302 -11.767070
v -4.000000 47.330365 -12.682133
v -2.535534 50.745429 -13.597197
v 1.000000 53.538023 -7.048414
v 4.535534 52.086085 -6.857263
v 6.000000 48.580798 -6.395783
v 4.535534 45.075511 -5.934304
v 1.000000 43.623574 -5.743152
v -2.535534 45.075511 -5.934304
v -4.000000 48.580798 -6.395783
v -2.535534 52.086085 -6.857263
v -5.544233 8.856057 0.000000
v -5.544233 8.747024 1.385393
v -5.544233 8.422611 2.736672
v -5.544233 7.890805 4.020566
v -5.544233 7.164701 5.205460
v -5.544233 6.262178 6.262178
v -5.544233 5.205460 7.164701
v -5.544233 4.020566 7.890805
v -5.544233 2.736672 8.422611
v -5.544233 1.385393 8.747024
v -5.544233 0.000000 8.856057
v -5.544233 -1.385393 8.747024
v -5.544233 -2.736672 8.422611
v -5.544233 -4.020566 7.890805
v -5.544233 -5.205460 7.164701
v -5.544233 -6.262178 6.262178
v -5.544233 -7.164701 5.205460
v -5.544233 -7.890805 4.020566
v -5.544233 -8.422611 2.736672
v -5.544233 -8.747024 1.385393
v -5.544233 -8.856057 0.000000
v -5.544233 -8.747024 -1.385393
v -5.544233 -8.422611 -2.736672
v -5.544233 -7.890805 -4.020566
v -5.544233 -7.164701 -5.205460
v -5.544233 -6.262178 -6.262178
v -5.544233 -5.205460 -7.164701
v -5.544233 -4.020566 -7.890805
v -5.544233 -2.736672 -8.422611
v -5.544233 -1.385393 -8.747024
v -5.544233 -0.000000 -8.856057
v -5.544233 1.385393 -8.747024
v -5.544233 2.736672 -8.422611
v -5.544233 4.020566 -7.890805
v -5.544233 5.205460 -7.164701
v -5.544233 6.262178 -6.262178
v -5.544233 7.164701 -5.205460
v -5.544233 7.890805 -4.020566
v -5.544233 8.422611 -2.736672
v -5.544233 8.747024 -1.385393
v -4.190779 17.443027 0.000000
v -4.190779 17.228275 2.728691
v -4.190779 16.589305 5.390192
v -4.190779 15.541851 7.918969
v -4.190779 14.111706 10.252754
v -4.190779 12.334083 12.334083
v -4.190779 10.252754 14.111706
v -4.190779 7.918969 15.541851
v -4.190779 5.390192 16.589305
v -4.190779 2.728691 17.228275
v -4.190779 0.000000 17.443027
v -4.190779 -2.728691 17.228275
v -4.190779 -5.390192 16.589305
v -4.190779 -7.918969 15.541851
v -4.190779 -10.252754 14.111706
v -4.190779 -12.334083 12.334083
v -4.190779 -14.111706 10.252754
v -4.190779 -15.541851 7.918969
v -4.190779 -16.589305 5.390192
v -4.190779 -17.228275 2.728691
v -4.190779 -17.443027 0.000000
v -4.190779 -17.228275 -2.728691
v -4.190779 -16.589305 -5.390192
v -4.190779 -15.541851 -7.918969
v -4.190779 -14.111706 -10.252754
v -4.190779 -12.334083 -12.334083
v -4.190779 -10.252754 -14.111706
v -4.190779 -7.918969 -15.541851
v -4.190779 -5.390192 -16.589305
v -4.190779 -2.728691 -17.228275
v -4.190779 -0.000000 -17.443027
v -4.190779 2.728691 -17.228275
v -4.190779 5.390192 -16.589305
v -4.190779 7.918969 -15.541851
v -4.190779 10.252754 -14.111706
v -4.190779 12.334083 -12.334083
v -4.190779 14.111706 -10.252754
v -4.190779 15.541851 -7.918969
v -4.190779 16.589305 -5.390192
v -4.190779 17.228275 -2.728691
v -1.980762 25.500000 0.000000
v -1.980762 25.186053 3.989079
v -1.980762 24.251941 7.879933
v -1.980762 22.720666 11.576758
v -1.980762 20.629933 14.988524
v -1.980762 18.031223 18.031223
v -1.980762 14.988524 20.629933
v -1.980762 11.576758 22.720666
v -1.980762 7.879933 24.251941
v -1.980762 3.989079 25.186053
v -1.980762 0.000000 25.500000
v -1.980762 -3.989079 25.186053
v -1.980762 -7.879933 24.251941
v -1.980762 -11.576758 22.720666
v -1.980762 -14.988524 20.629933
v -1.980762 -18.031223 18.031223
v -1.980762 -20.629933 14.988524
v -1.980762 -22.720666 11.576758
v -1.980762 -24.251941 7.879933
v -1.980762 -25.186053 3.989079
v -1.980762 -25.500000 0.000000
v -1.980762 -25.186053 -3.989079
v -1.980762 -24.251941 -7.879933
v -1.980762 -22.720666 -11.576758
v -1.980762 -20.629933 -14.988524
v -1.980762 -18.031223 -18.031223
v -1.980762 -14.988524 -20.629933
v -1.980762 -11.576758 -22.720666
v -1.980762 -7.879933 -24.251941
v -1.980762 -3.989079 -25.186053
v -1.980762 -0.000000 -25.500000
v -1.980762 3.989079 -25.186053
v -1.980762 7.879933 -24.251941
v -1.980762 11.576758 -22.720666
v -1.980762 14.988524 -20.629933
v -1.980762 18.031223 -18.031223
v -1.980762 20.629933 -14.988524
v -1.980762 22.720666 -11.576758
v -1.980762 24.251941 -7.879933
v -1.980762 25.186053 -3.989079
v 1.018667 32.782168 0.000000
v 1.018667 32.378565 5.128261
v 1.018667 31.177695 10.130247
v 1.018667 29.209126 14.882793
v 1.018667 26.521331 19.268875
v 1.018667 23.180493 23.180493
v 1.018667 19.268875 26.521331
v 1.018667 14.882793 29.209126
v 1.018667 10.130247 31.177695
v 1.018667 5.128261 32.378565
v 1.018667 0.000000 32.782168
v 1.018667 -5.128261 32.378565
v 1.018667 -10.130247 31.177695
v 1.018667 -14.882793 29.209126
v 1.018667 -19.268875 26.521331
v 1.018667 -23.180493 23.180493
v 1.018667 -26.521331 19.268875
v 1.018667 -29.209126 14.882793
v 1.018667 -31.177695 10.130247
v 1.018667 -32.378565 5.128261
v 1.018667 -32.782168 0.000000
v 1.018667 -32.378565 -5.128261
v 1.018667 -31.177695 -10.130247
v 1.018667 -29.209126 -14.882793
v 1.018667 -26.521331 -19.268875
v 1.018667 -23.180493 -23.180493
v 1.018667 -19.268875 -26.521331
v 1.018667 -14.882793 -29.209126
v 1.018667 -10.130247 -31.177695
v 1.018667 -5.128261 -32.378565
v 1.018667 -0.000000 -32.782168
v 1.018667 5.128261 -32.378565
v 1.018667 10.130247 -31.177695
v 1.018667 14.882793 -29.209126
v 1.018667 19.268875 -26.521331
v 1.018667 23.180493 -23.180493
v 1.018667 26.521331 -19.268875
v 1.018667 29.209126 -14.882793
v 1.018667 31.177695 -10.130247
v 1.018667 32.378565 -5.128261
v 4.716372 39.068267 0.000000
v 4.716372 38.587271 6.111623
v 4.716372 37.156130 12.072758
v 4.716372 34.810080 17.736622
v 4.716372 31.606892 22.963751
v 4.716372 27.625436 27.625436
v 4.716372 22.963751 31.606892
v 4.716372 17.736622 34.810080
v 4.716372 12.072758 37.156130
v 4.716372 6.111623 38.587271
v 4.716372 0.000000 39.068267
v 4.716372 -6.111623 38.587271
v 4.716372 -12.072758 37.156130
v 4.716372 -17.736622 34.810080
v 4.716372 -22.963751 31.606892
v 4.716372 -27.625436 27.625436
v 4.716372 -31.606892 22.963751
v 4.716372 -34.810080 17.736622
v 4.716372 -37.156130 12.072758
v 4.716372 -38.587271 6.111623
v 4.716372 -39.068267 0.000000
v 4.716372 -38.587271 -6.111623
v 4.716372 -37.156130 -12.072758
v 4.716372 -34.810080 -17.736622
v 4.716372 -31.606892 -22.963751
v 4.716372 -27.625436 -27.625436
v 4.716372 -22.963751 -31.606892
v 4.716372 -17.736622 -34.810080
v 4.716372 -12.072758 -37.156130
v 4.716372 -6.111623 -38.587271
v 4.716372 -0.000000 -39.068267
v 4.716372 6.111623 -38.587271
v 4.716372 12.072758 -37.156130
v 4.716372 17.736622 -34.810080
v 4.716372 22.963751 -31.606892
v 4.716372 27.625436 -27.625436
v 4.716372 31.606892 -22.963751
v 4.716372 34.810080 -17.736622
v 4.716372 37.156130 -12.072758
v 4.716372 38.587271 -6.111623
v 9.000000 44.167296 0.000000
v 9.000000 43.623523 6.909287
v 9.000000 42.005594 13.648445
v 9.000000 39.353349 20.051533
v 9.000000 35.732093 25.960885
v 9.000000 31.230994 31.230994
v 9.000000 25.960885 35.732093
v 9.000000 20.051533 39.353349
v 9.000000 13.648445 42.005594
v 9.000000 6.909287 43.623523
v 9.000000 0.000000 44.167296
v 9.000000 -6.909287 43.623523
v 9.000000 -13.648445 42.005594
v 9.000000 -20.051533 39.353349
v 9.000000 -25.960885 35.732093
v 9.000000 -31.230994 31.230994
v 9.000000 -35.732093 25.960885
v 9.000000 -39.353349 20.051533
v 9.000000 -42.005594 13.648445
v 9.000000 -43.623523 6.909287
v 9.000000 -44.167296 0.000000
v 9.000000 -43.623523 -6.909287
v 9.000000 -42.005594 -13.648445
v 9.000000 -39.353349 -20.051533
v 9.000000 -35.732093 -25.960885
v 9.000000 -31.230994 -31.230994
v 9.000000 -25.960885 -35.732093
v 9.000000 -20.051533 -39.353349
v 9.000000 -13.648445 -42.005594
v 9.000000 -6.909287 -43.623523
v 9.000000 -0.000000 -44.167296
v 9.000000 6.909287 -43.623523
v 9.000000 13.648445 -42.005594
v 9.000000 20.051533 -39.353349
v 9.000000 25.960885 -35.732093
v 9.000000 31.230994 -31.230994
v 9.000000 35.732093 -25.960885
v 9.000000 39.353349 -20.051533
v 9.000000 42.005594 -13.648445
v 9.000000 43.623523 -6.909287
v 13.739396 47.924324 0.000000
v 13.739396 47.334296 7.497016
v 13.739396 45.578740 14.809430
v 13.739396 42.700885 21.757188
v 13.739396 38.771592 28.169211
v 13.739396 33.887614 33.887614
v 13.739396 28.169211 38.771592
v 13.739396 21.757188 42.700885
v 13.739396 14.809430 45.578740
v 13.739396 7.497016 47.334296
v 13.739396 0.000000 47.924324
v 13.739396 -7.497016 47.334296
v 13.739396 -14.809430 45.578740
v 13.739396 -21.757188 42.700885
v 13.739396 -28.169211 38.771592
v 13.739396 -33.887614 33.887614
v 13.739396 -38.771592 28.169211
v 13.739396 -42.700885 21.757188
v 13.739396 -45.578740 14.809430
v 13.739396 -47.334296 7.497016
v 13.739396 -47.924324 0.000000
v 13.739396 -47.334296 -7.497016
v 13.739396 -45.578740 -14.809430
v 13.739396 -42.700885 -21.757188
v 13.739396 -38.771592 -28.169211
v 13.739396 -33.887614 -33.887614
v 13.739396 -28.169211 -38.771592
v 13.739396 -21.757188 -42.700885
v 13.739396 -14.809430 -45.578740
v 13.739396 -7.497016 -47.334296
v 13.739396 -0.000000 -47.924324
v 13.739396 7.497016 -47.334296
v 13.739396 14.809430 -45.578740
v 13.739396 21.757188 -42.700885
v 13.739396 28.169211 -38.771592
v 13.739396 33.887614 -33.887614
v 13.739396 38.771592 -28.169211
v 13.739396 42.700885 -21.757188
v 13.739396 45.578740 -14.809430
v 13.739396 47.334296 -7.497016
v 18.790555 50.225195 0.000000
v 18.790555 49.606840 7.856952
v 18.790555 47.766999 15.520439
v 18.790555 44.750977 22.801762
v 18.790555 40.633037 29.521629
v 18.790555 35.514576 35.514576
v 18.790555 29.521629 40.633037
v 18.790555 22.801762 44.750977
v 18.790555 15.520439 47.766999
v 18.790555 7.856952 49.606840
v 18.790555 0.000000 50.225195
v 18.790555 -7.856952 49.606840
v 18.790555 -15.520439 47.766999
v 18.790555 -22.801762 44.750977
v 18.790555 -29.521629 40.633037
v 18.790555 -35.514576 35.514576
v 18.790555 -40.633037 29.521629
v 18.790555 -44.750977 22.801762
v 18.790555 -47.766999 15.520439
v 18.790555 -49.606840 7.856952
v 18.790555 -50.225195 0.000000
v 18.790555 -49.606840 -7.856952
v 18.790555 -47.766999 -15.520439
v 18.790555 -44.750977 -22.801762
v 18.790555 -40.633037 -29.521629
v 18.790555 -35.514576 -35.514576
v 18.790555 -29.521629 -40.633037
v 18.790555 -22.801762 -44.750977
v 18.790555 -15.520439 -47.766999
v 18.790555 -7.856952 -49.606840
v 18.790555 -0.000000 -50.225195
v 18.790555 7.856952 -49.606840
v 18.790555 15.520439 -47.766999
v 18.790555 22.801762 -44.750977
v 18.790555 29.521629 -40.633037
v 18.790555 35.514576 -35.514576
v 18.790555 40.633037 -29.521629
v 18.790555 44.750977 -22.801762
v 18.790555 47.766999 -15.520439
v 18.790555 49.606840 -7.856952
v 24.000000 51.000000 0.000000
v 24.000000 50.372105 7.978158
v 24.000000 48.503882 15.759867
v 24.000000 45.441333 23.153515
v 24.000000 41.259867 29.977048
v 24.000000 36.062446 36.062446
v 24.000000 29.977048 41.259867
v 24.000000 23.153515 45.441333
v 24.000000 15.759867 48.503882
v 24.000000 7.978158 50.372105
v 24.000000 0.000000 51.000000
v 24.000000 -7.978158 50.372105
v 24.000000 -15.759867 48.503882
v 24.000000 -23.153515 45.441333
v 24.000000 -29.977048 41.259867
v 24.000000 -36.062446 36.062446
v 24.000000 -41.259867 29.977048
v 24.000000 -45.441333 23.153515
v 24.000000 -48.503882 15.759867
v 24.000000 -50.372105 7.978158
v 24.000000 -51.000000 0.000000
v 24.000000 -50.372105 -7.978158
v 24.000000 -48.503882 -15.759867
v 24.000000 -45.441333 -23.153515
v 24.000000 -41.259867 -29.977048
v 24.000000 -36.062446 -36.062446
v 24.000000 -29.977048 -41.259867
v 24.000000 -23.153515 -45.441333
v 24.000000 -15.759867 -48.503882
v 24.000000 -7.978158 -50.372105
v 24.000000 -0.000000 -51.000000
v 24.000000 7.978158 -50.372105
v 24.000000 15.759867 -48.503882
v 24.000000 23.153515 -45.441333
v 24.000000 29.977048 -41.259867
v 24.000000 36.062446 -36.062446
v 24.000000 41.259867 -29.977048
v 24.000000 45.441333 -23.153515
v 24.000000 48.503882 -15.759867
v 24.000000 50.372105 -7.978158
v 29.209445 50.225195 0.000000
v 29.209445 49.606840 7.856952
v 29.209445 47.766999 15.520439
v 29.209445 44.750977 22.801762
v 29.209445 40.633037 29.521629
v 29.209445 35.514576 35.514576
v 29.209445 29.521629 40.633037
v 29.209445 22.801762 44.750977
v 29.209445 15.520439 47.766999
v 29.209445 7.856952 49.606840
v 29.209445 0.000000 50.225195
v 29.209445 -7.856952 49.606840
v 29.209445 -15.520439 47.766999
v 29.209445 -22.801762 44.750977
v 29.209445 -29.521629 40.633037
v 29.209445 -35.514576 35.514576
v 29.209445 -40.633037 29.521629
v 29.209445 -44.750977 22.801762
v 29.209445 -47.766999 15.520439
v 29.209445 -49.606840 7.856952
v 29.209445 -50.225195 0.000000
v 29.209445 -49.606840 -7.856952
v 29.209445 -47.766999 -15.520439
v 29.209445 -44.750977 -22.801762
v 29.209445 -40.633037 -29.521629
v 29.209445 -35.514576 -35.514576
v 29.209445 -29.521629 -40.633037
v 29.209445 -22.801762 -44.750977
v 29.209445 -15.520439 -47.766999
v 29.209445 -7.856952 -49.606840
v 29.209445 -0.000000 -50.225195
v 29.209445 7.856952 -49.606840
v 29.209445 15.520439 -47.766999
v 29.209445 22.801762 -44.750977
v 29.209445 29.521629 -40.633037
v 29.209445 35.514576 -35.514576
v 29.209445 40.633037 -29.521629
v 29.209445 44.750977 -22.801762
v 29.209445 47.766999 -15.520439
v 29.209445 49.606840 -7.856952
v 34.260604 47.924324 0.000000
v 34.260604 47.334296 7.497016
v 34.260604 45.578740 14.809430
v 34.260604 42.700885 21.757188
v 34.260604 38.771592 28.169211
v 34.260604 33.887614 33.887614
v 34.260604 28.169211 38.771592
v 34.260604 21.757188 42.700885
v 34.260604 14.809430 45.578740
v 34.260604 7.497016 47.334296
v 34.260604 0.000000 47.924324
v 34.260604 -7.497016 47.334296
v 34.260604 -14.809430 45.578740
v 34.260604 -21.757188 42.700885
v 34.260604 -28.169211 38.771592
v 34.260604 -33.887614 33.887614
v 34.260604 -38.771592 28.169211
v 34.260604 -42.700885 21.757188
v 34.260604 -45.578740 14.809430
v 34.260604 -47.334296 7.497016
v 34.260604 -47.924324 0.000000
v 34.260604 -47.334296 -7.497016
v 34.260604 -45.578740 -14.809430
v 34.260604 -42.700885 -21.757188
v 34.260604 -38.771592 -28.169211
v 34.260604 -33.887614 -33.887614
v 34.260604 -28.169211 -38.771592
v 34.260604 -21.757188 -42.700885
v 34.260604 -14.809430 -45.578740
v 34.260604 -7.497016 -47.334296
v 34.260604 -0.000000 -47.924324
v 34.260604 7.497016 -47.334296
v 34.260604 14.809430 -45.578740
v 34.260604 21.757188 -42.700885
v 34.260604 28.169211 -38.771592
v 34.260604 33.887614 -33.887614
v 34.260604 38.771592 -28.169211
v 34.260604 42.700885 -21.757188
v 34.260604 45.578740 -14.809430
v 34.260604 47.334296 -7.497016
v 39.000000 44.167296 0.000000
v 39.000000 43.623523 6.909287
v 39.000000 42.005594 13.648445
v 39.000000 39.353349 20.051533
v 39.000000 35.732093 25.960885
v 39.000000 31.230994 31.230994
v 39.000000 25.960885 35.732093
v 39.000000 20.051533 39.353349
v 39.000000 13.648445 42.005594
v 39.000000 6.909287 43.623523
v 39.000000 0.000000 44.167296
v 39.000000 -6.909287 43.623523
v 39.000000 -13.648445 42.005594
v 39.000000 -20.051533 39.353349
v 39.000000 -25.960885 35.732093
v 39.000000 -31.230994 31.230994
v 39.000000 -35.732093 25.960885
v 39.000000 -39.353349 20.051533
v 39.000000 -42.005594 13.648445
v 39.000000 -43.623523 6.909287
v 39.000000 -44.167296 0.000000
v 39.000000 -43.623523 -6.909287
v 39.000000 -42.005594 -13.648445
v 39.000000 -39.353349 -20.051533
v 39.000000 -35.732093 -25.960885
v 39.000000 -31.230994 -31.230994
v 39.000000 -25.960885 -35.732093
v 39.000000 -20.051533 -39.353349
v 39.000000 -13.648445 -42.005594
v 39.000000 -6.909287 -43.623523
v 39.000000 -0.000000 -44.167296
v 39.000000 6.909287 -43.623523
v 39.000000 13.648445 -42.005594
v 39.000000 20.051533 -39.353349
v 39.000000 25.960885 -35.732093
v 39.000000 31.230994 -31.230994
v 39.000000 35.732093 -25.960885
v 39.000000 39.353349 -20.051533
v 39.000000 42.005594 -13.648445
v 39.000000 43.623523 -6.909287
v 43.283628 39.068267 0.000000
v 43.283628 38.587271 6.111623
v 43.283628 37.156130 12.072758
v 43.283628 34.810080 17.736622
v 43.283628 31.606892 22.963751
v 43.283628 27.625436 27.625436
v 43.283628 22.963751 31.606892
v 43.283628 17.736622 34.810080
v 43.283628 12.072758 37.156130
v 43.283628 6.111623 38.587271
v 43.283628 0.000000 39.068267
v 43.283628 -6.111623 38.587271
v 43.283628 -12.072758 37.156130
v 43.283628 -17.736622 34.810080
v 43.283628 -22.963751 31.606892
v 43.283628 -27.625436 27.625436
v 43.283628 -31.606892 22.963751
v 43.283628 -34.810080 17.736622
v 43.283628 -37.156130 12.072758
v 43.283628 -38.587271 6.111623
v 43.283628 -39.068267 0.000000
v 43.283628 -38.587271 -6.111623
v 43.283628 -37.156130 -12.072758
v 43.283628 -34.810080 -17.736622
v 43.283628 -31.606892 -22.963751
v 43.283628 -27.625436 -27.625436
v 43.283628 -22.963751 -31.606892
v 43.283628 -17.736622 -34.810080
v 43.283628 -12.072758 -37.156130
v 43.283628 -6.111623 -38.587271
v 43.283628 -0.000000 -39.068267
v 43.283628 6.111623 -38.587271
v 43.283628 12.072758 -37.156130
v 43.283628 17.736622 -34.810080
v 43.283628 22.963751 -31.606892
v 43.283628 27.625436 -27.625436
v 43.283628 31.606892 -22.963751
v 43.283628 34.810080 -17.736622
v 43.283628 37.156130 -12.072758
v 43.283628 38.587271 -6.111623
v 46.981333 32.782168 0.000000
v 46.981333 32.378565 5.128261
v 46.981333 31.177695 10.130247
v 46.981333 29.209126 14.882793
v 46.981333 26.521331 19.268875
v 46.981333 23.180493 23.180493
v 46.981333 19.268875 26.521331
v 46.981333 14.882793 29.209126
v 46.981333 10.130247 31.177695
v 46.981333 5.128261 32.378565
v 46.981333 0.000000 32.782168
v 46.981333 -5.128261 32.378565
v 46.981333 -10.130247 31.177695
v 46.981333 -14.882793 29.209126
v 46.981333 -19.268875 26.521331
v 46.981333 -23.180493 23.180493
v 46.981333 -26.521331 19.268875
v 46.981333 -29.209126 14.882793
v 46.981333 -31.177695 10.130247
v 46.981333 -32.378565 5.128261
v 46.981333 -32.782168 0.000000
v 46.981333 -32.378565 -5.128261
v 46.981333 -31.177695 -10.130247
v 46.981333 -29.209126 -14.882793
v 46.981333 -26.521331 -19.268875
v 46.981333 -23.180493 -23.180493
v 46.981333 -19.268875 -26.521331
v 46.981333 -14.882793 -29.209126
v 46.981333 -10.130247 -31.177695
v 46.981333 -5.128261 -32.378565
v 46.981333 -0.000000 -32.782168
v 46.981333 5.128261 -32.378565
v 46.981333 10.130247 -31.177695
v 46.981333 14.882793 -29.209126
v 46.981333 19.268875 -26.521331
v 46.981333 23.180493 -23.180493
v 46.981333 26.521331 -19.268875
v 46.981333 29.209126 -14.882793
v 46.981333 31.177695 -10.130247
v 46.981333 32.378565 -5.128261
v 49.980762 25.500000 0.000000
v 49.980762 25.186053 3.989079
v 49.980762 24.251941 7.879933
v 49.980762 22.720666 11.576758
v 49.980762 20.629933 14.988524
v 49.980762 18.031223 18.031223
v 49.980762 14.988524 20.629933
v 49.980762 11.576758 22.720666
v 49.980762 7.879933 24.251941
v 49.980762 3.989079 25.186053
v 49.980762 0.000000 25.500000
v 49.980762 -3.989079 25.186053
v 49.980762 -7.879933 24.251941
v 49.980762 -11.576758 22.720666
v 49.980762 -14.988524 20.629933
v 49.980762 -18.031223 18.031223
v 49.980762 -20.629933 14.988524
v 49.980762 -22.720666 11.576758
v 49.980762 -24.251941 7.879933
v 49.980762 -25.186053 3.989079
v 49.980762 -25.500000 0.000000
v 49.980762 -25.186053 -3.989079
v 49.980762 -24.251941 -7.879933
v 49.980762 -22.720666 -11.576758
v 49.980762 -20.629933 -14.988524
v 49.980762 -18.031223 -18.031223
v 49.980762 -14.988524 -20.629933
v 49.980762 -11.576758 -22.720666
v 49.980762 -7.879933 -24.251941
v 49.980762 -3.989079 -25.186053
v 49.980762 -0.000000 -25.500000
v 49.980762 3.989079 -25.186053
v 49.980762 7.879933 -24.251941
v 49.980762 11.576758 -22.720666
v 49.980762 14.988524 -20.629933
v 49.980762 18.031223 -18.031223
v 49.980762 20.629933 -14.988524
v 49.980762 22.720666 -11.576758
v 49.980762 24.251941 -7.879933
v 49.980762 25.186053 -3.989079
v 52.190779 17.443027 0.000000
v 52.190779 17.228275 2.728691
v 52.190779 16.589305 5.390192
v 52.190779 15.541851 7.918969
v 52.190779 14.111706 10.252754
v 52.190779 12.334083 12.334083
v 52.190779 10.252754 14.111706
v 52.190779 7.918969 15.541851
v 52.190779 5.390192 16.589305
v 52.190779 2.728691 17.228275
v 52.190779 0.000000 17.443027
v 52.190779 -2.728691 17.228275
v 52.190779 -5.390192 16.589305
v 52.190779 -7.918969 15.541851
v 52.190779 -10.252754 14.111706
v 52.190779 -12.334083 12.334083
v 52.190779 -14.111706 10.252754
v 52.190779 -15.541851 7.918969
v 52.190779 -16.589305 5.390192
v 52.190779 -17.228275 2.728691
v 52.190779 -17.443027 0.000000
v 52.190779 -17.228275 -2.728691
v 52.190779 -16.589305 -5.390192
v 52.190779 -15.541851 -7.918969
v 52.190779 -14.111706 -10.252754
v 52.190779 -12.334083 -12.334083
v 52.190779 -10.252754 -14.111706
v 52.190779 -7.918969 -15.541851
v 52.190779 -5.390192 -16.589305
v 52.190779 -2.728691 -17.228275
v 52.190779 -0.000000 -17.443027
v 52.190779 2.728691 -17.228275
v 52.190779 5.390192 -16.589305
v 52.190779 7.918969 -15.541851
v 52.190779 10.252754 -14.111706
v 52.190779 12.334083 -12.334083
v 52.190779 14.111706 -10.252754
v 52.190779 15.541851 -7.918969
v 52.190779 16.589305 -5.390192
v 52.190779 17.228275 -2.728691
v 53.544233 8.856057 0.000000
v 53.544233 8.747024 1.385393
v 53.544233 8.422611 2.736672
v 53.544233 7.890805 4.020566
v 53.544233 7.164701 5.205460
v 53.544233 6.262178 6.262178
v 53.544233 5.205460 7.164701
v 53.544233 4.020566 7.890805
v 53.544233 2.736672 8.422611
v 53.544233 1.385393 8.747024
v 53.544233 0.000000 8.856057
v 53.544233 -1.385393 8.747024
v 53.544233 -2.736672 8.422611
v 53.544233 -4.020566 7.890805
v 53.544233 -5.205460 7.164701
v 53.544233 -6.262178 6.262178
v 53.544233 -7.164701 5.205460
v 53.544233 -7.890805 4.020566
v 53.544233 -8.422611 2.736672
v 53.544233 -8.747024 1.385393
v 53.544233 -8.856057 0.000000
v 53.544233 -8.747024 -1.385393
v 53.544233 -8.422611 -2.736672
v 53.544233 -7.890805 -4.020566
v 53.544233 -7.164701 -5.205460
v 53.544233 -6.262178 -6.262178
v 53.544233 -5.205460 -7.164701
v 53.544233 -4.020566 -7.890805
v 53.544233 -2.736672 -8.422611
v 53.544233 -1.385393 -8.747024
v 53.544233 -0.000000 -8.856057
v 53.544233 1.385393 -8.747024
v 53.544233 2.736672 -8.422611
v 53.544233 4.020566 -7.890805
v 53.544233 5.205460 -7.164701
v 53.544233 6.262178 -6.262178
v 53.544233 7.164701 -5.205460
v 53.544233 7.890805 -4.020566
v 53.544233 8.422611 -2.736672
v 53.544233 8.747024 -1.385393
v -6.000000 0.000000 0.000000
v 54.000000 0.000000 0.000000
v 2.000000 39.824029 12.022759
v 50.000000 39.824029 12.022759
v 50.000000 52.814410 19.522759
v 2.000000 52.814410 19.522759
v 2.000000 30.324029 28.477241
v 50.000000 30.324029 28.477241
v 50.000000 43.314410 35.977241
v 2.000000 43.314410 35.977241
v 2.000000 9.500000 40.500000
v 50.000000 9.500000 40.500000
v 50.000000 9.500000 55.500000
v 2.000000 9.500000 55.500000
v 2.000000 -9.500000 40.500000
v 50.000000 -9.500000 40.500000
v 50.000000 -9.500000 55.500000
v 2.000000 -9.500000 55.500000
v 2.000000 -30.324029 28.477241
v 50.000000 -30.324029 28.477241
v 50.000000 -43.314410 35.977241
v 2.000000 -43.314410 35.977241
v 2.000000 -39.824029 12.022759
v 50.000000 -39.824029 12.022759
v 50.000000 -52.814410 19.522759
v 2.000000 -52.814410 19.522759
v 2.000000 -39.824029 -12.022759
v 50.000000 -39.824029 -12.022759
v 50.000000 -52.814410 -19.522759
v 2.000000 -52.814410 -19.522759
v 2.000000 -30.324029 -28.477241
v 50.000000 -30.324029 -28.477241
v 50.000000 -43.314410 -35.977241
v 2.000000 -43.314410 -35.977241
v 2.000000 -9.500000 -40.500000
v 50.000000 -9.500000 -40.500000
v 50.000000 -9.500000 -55.500000
v 2.000000 -9.500000 -55.500000
v 2.000000 9.500000 -40.500000
v 50.000000 9.500000 -40.500000
v 50.000000 9.500000 -55.500000
v 2.000000 9.500000 -55.500000
v 2.000000 30.324029 -28.477241
v 50.000000 30.324029 -28.477241
v 50.000000 43.314410 -35.977241
v 2.000000 43.314410 -35.977241
v 2.000000 39.824029 -12.022759
v 50.000000 39.824029 -12.022759
v 50.000000 52.814410 -19.522759
v 2.000000 52.814410 -19.522759
v 37.000000 28.864737 8.004809
v 61.000000 28.864737 8.004809
v 61.000000 39.257042 14.004809
v 37.000000 39.257042 14.004809
v 37.000000 21.364737 20.995191
v 61.000000 21.364737 20.995191
v 61.000000 31.757042 26.995191
v 37.000000 31.757042 26.995191
v 37.000000 7.500000 29.000000
v 61.000000 7.500000 29.000000
v 61.000000 7.500000 41.000000
v 37.000000 7.500000 41.000000
v 37.000000 -7.500000 29.000000
v 61.000000 -7.500000 29.000000
v 61.000000 -7.500000 41.000000
v 37.000000 -7.500000 41.000000
v 37.000000 -21.364737 20.995191
v 61.000000 -21.364737 20.995191
v 61.000000 -31.757042 26.995191
v 37.000000 -31.757042 26.995191
v 37.000000 -28.864737 8.004809
v 61.000000 -28.864737 8.004809
v 61.000000 -39.257042 14.004809
v 37.000000 -39.257042 14.004809
v 37.000000 -28.864737 -8.004809
v 61.000000 -28.864737 -8.004809
v 61.000000 -39.257042 -14.004809
v 37.000000 -39.257042 -14.004809
v 37.000000 -21.364737 -20.995191
v 61.000000 -21.364737 -20.995191
v 61.000000 -31.757042 -26.995191
v 37.000000 -31.757042 -26.995191
v 37.000000 -7.500000 -29.000000
v 61.000000 -7.500000 -29.000000
v 61.000000 -7.500000 -41.000000
v 37.000000 -7.500000 -41.000000
v 37.000000 7.500000 -29.000000
v 61.000000 7.500000 -29.000000
v 61.000000 7.500000 -41.000000
v 37.000000 7.500000 -41.000000
v 37.000000 21.364737 -20.995191
v 61.000000 21.364737 -20.995191
v 61.000000 31.757042 -26.995191
v 37.000000 31.757042 -26.995191
v 37.000000 28.864737 -8.004809
v 61.000000 28.864737 -8.004809
v 61.000000 39.257042 -14.004809
v 37.000000 39.257042 -14.004809
v 12.000000 28.846788 12.035898
v 50.000000 28.846788 12.035898
v 50.000000 34.042940 15.035898
v 12.000000 34.042940 15.035898
v 12.000000 24.846788 18.964102
v 50.000000 24.846788 18.964102
v 50.000000 30.042940 21.964102
v 12.000000 30.042940 21.964102
v 12.000000 4.000000 31.000000
v 50.000000 4.000000 31.000000
v 50.000000 4.000000 37.000000
v 12.000000 4.000000 37.000000
v 12.000000 -4.000000 31.000000
v 50.000000 -4.000000 31.000000
v 50.000000 -4.000000 37.000000
v 12.000000 -4.000000 37.000000
v 12.000000 -24.846788 18.964102
v 50.000000 -24.846788 18.964102
v 50.000000 -30.042940 21.964102
v 12.000000 -30.042940 21.964102
v 12.000000 -28.846788 12.035898
v 50.000000 -28.846788 12.035898
v 50.000000 -34.042940 15.035898
v 12.000000 -34.042940 15.035898
v 12.000000 -28.846788 -12.035898
v 50.000000 -28.846788 -12.035898
v 50.000000 -34.042940 -15.035898
v 12.000000 -34.042940 -15.035898
v 12.000000 -24.846788 -18.964102
v 50.000000 -24.846788 -18.964102
v 50.000000 -30.042940 -21.964102
v 12.000000 -30.042940 -21.964102
v 12.000000 -4.000000 -31.000000
v 50.000000 -4.000000 -31.000000
v 50.000000 -4.000000 -37.000000
v 12.000000 -4.000000 -37.000000
v 12.000000 4.000000 -31.000000
v 50.000000 4.000000 -31.000000
v 50.000000 4.000000 -37.000000
v 12.000000 4.000000 -37.000000
v 12.000000 24.846788 -18.964102
v 50.000000 24.846788 -18.964102
v 50.000000 30.042940 -21.964102
v 12.000000 30.042940 -21.964102
v 12.000000 28.846788 -12.035898
v 50.000000 28.846788 -12.035898
v 50.000000 34.042940 -15.035898
v 12.000000 34.042940 -15.035898
v 28.000000 38.000000 0.000000
v 52.000000 31.000000 0.000000
v 28.000000 37.532157 5.944510
v 52.000000 30.618339 4.849468
v 28.000000 36.140148 11.742646
v 52.000000 29.482752 9.579527
v 28.000000 33.858248 17.251639
v 52.000000 27.621202 14.073705
v 28.000000 30.742646 22.335840
v 52.000000 25.079527 18.221343
v 28.000000 26.870058 26.870058
v 52.000000 21.920310 21.920310
v 28.000000 22.335840 30.742646
v 52.000000 18.221343 25.079527
v 28.000000 17.251639 33.858248
v 52.000000 14.073705 27.621202
v 28.000000 11.742646 36.140148
v 52.000000 9.579527 29.482752
v 28.000000 5.944510 37.532157
v 52.000000 4.849468 30.618339
v 28.000000 0.000000 38.000000
v 52.000000 0.000000 31.000000
v 28.000000 -5.944510 37.532157
v 52.000000 -4.849468 30.618339
v 28.000000 -11.742646 36.140148
v 52.000000 -9.579527 29.482752
v 28.000000 -17.251639 33.858248
v 52.000000 -14.073705 27.621202
v 28.000000 -22.335840 30.742646
v 52.000000 -18.221343 25.079527
v 28.000000 -26.870058 26.870058
v 52.000000 -21.920310 21.920310
v 28.000000 -30.742646 22.335840
v 52.000000 -25.079527 18.221343
v 28.000000 -33.858248 17.251639
v 52.000000 -27.621202 14.073705
v 28.000000 -36.140148 11.742646
v 52.000000 -29.482752 9.579527
v 28.000000 -37.532157 5.944510
v 52.000000 -30.618339 4.849468
v 28.000000 -38.000000 0.000000
v 52.000000 -31.000000 0.000000
v 28.000000 -37.532157 -5.944510
v 52.000000 -30.618339 -4.849468
v 28.000000 -36.140148 -11.742646
v 52.000000 -29.482752 -9.579527
v 28.000000 -33.858248 -17.251639
v 52.000000 -27.621202 -14.073705
v 28.000000 -30.742646 -22.335840
v 52.000000 -25.079527 -18.221343
v 28.000000 -26.870058 -26.870058
v 52.000000 -21.920310 -21.920310
v 28.000000 -22.335840 -30.742646
v 52.000000 -18.221343 -25.079527
v 28.000000 -17.251639 -33.858248
v 52.000000 -14.073705 -27.621202
v 28.000000 -11.742646 -36.140148
v 52.000000 -9.579527 -29.482752
v 28.000000 -5.944510 -37.532157
v 52.000000 -4.849468 -30.618339
v 28.000000 -0.000000 -38.000000
v 52.000000 -0.000000 -31.000000
v 28.000000 5.944510 -37.532157
v 52.000000 4.849468 -30.618339
v 28.000000 11.742646 -36.140148
v 52.000000 9.579527 -29.482752
v 28.000000 17.251639 -33.858248
v 52.000000 14.073705 -27.621202
v 28.000000 22.335840 -30.742646
v 52.000000 18.221343 -25.079527
v 28.000000 26.870058 -26.870058
v 52.000000 21.920310 -21.920310
v 28.000000 30.742646 -22.335840
v 52.000000 25.079527 -18.221343
v 28.000000 33.858248 -17.251639
v 52.000000 27.621202 -14.073705
v 28.000000 36.140148 -11.742646
v 52.000000 29.482752 -9.579527
v 28.000000 37.532157 -5.944510
v 52.000000 30.618339 -4.849468
v 28.000000 0.000000 0.000000
v 52.000000 0.000000 0.000000
v 47.000000 34.500000 0.000000
v 49.474874 33.474874 0.000000
v 50.500000 31.000000 0.000000
v 49.474874 28.525126 0.000000
v 47.000000 27.500000 0.000000
v 44.525126 28.525126 0.000000
v 43.500000 31.000000 0.000000
v 44.525126 33.474874 0.000000
v 47.000000 34.075248 5.396989
v 49.474874 33.062742 5.236624
v 50.500000 30.618339 4.849468
v 49.474874 28.173935 4.462313
v 47.000000 27.161429 4.301948
v 44.525126 28.173935 4.462313
v 43.500000 30.618339 4.849468
v 44.525126 33.062742 5.236624
v 47.000000 32.811450 10.661086
v 49.474874 31.836497 10.344305
v 50.500000 29.482752 9.579527
v 49.474874 27.129007 8.814749
v 47.000000 26.154054 8.497967
v 44.525126 27.129007 8.814749
v 43.500000 29.482752 9.579527
v 44.525126 31.836497 10.344305
v 47.000000 30.739725 15.662672
v 49.474874 29.826331 15.197275
v 50.500000 27.621202 14.073705
v 49.474874 25.416074 12.950136
v 47.000000 24.502679 12.484739
v 44.525126 25.416074 12.950136
v 43.500000 27.621202 14.073705
v 44.525126 29.826331 15.197275
v 47.000000 27.911086 20.278591
v 49.474874 27.081742 19.676037
v 50.500000 25.079527 18.221343
v 49.474874 23.077312 16.766649
v 47.000000 22.247967 16.164094
v 44.525126 23.077312 16.766649
v 43.500000 25.079527 18.221343
v 44.525126 27.081742 19.676037
v 47.000000 24.395184 24.395184
v 49.474874 23.670310 23.670310
v 50.500000 21.920310 21.920310
v 49.474874 20.170310 20.170310
v 47.000000 19.445436 19.445436
v 44.525126 20.170310 20.170310
v 43.500000 21.920310 21.920310
v 44.525126 23.670310 23.670310
v 47.000000 20.278591 27.911086
v 49.474874 19.676037 27.081742
v 50.500000 18.221343 25.079527
v 49.474874 16.766649 23.077312
v 47.000000 16.164094 22.247967
v 44.525126 16.766649 23.077312
v 43.500000 18.221343 25.079527
v 44.525126 19.676037 27.081742
v 47.000000 15.662672 30.739725
v 49.474874 15.197275 29.826331
v 50.500000 14.073705 27.621202
v 49.474874 12.950136 25.416074
v 47.000000 12.484739 24.502679
v 44.525126 12.950136 25.416074
v 43.500000 14.073705 27.621202
v 44.525126 15.197275 29.826331
v 47.000000 10.661086 32.811450
v 49.474874 10.344305 31.836497
v 50.500000 9.579527 29.482752
v 49.474874 8.814749 27.129007
v 47.000000 8.497967 26.154054
v 44.525126 8.814749 27.129007
v 43.500000 9.579527 29.482752
v 44.525126 10.344305 31.836497
v 47.000000 5.396989 34.075248
v 49.474874 5.236624 33.062742
v 50.500000 4.849468 30.618339
v 49.474874 4.462313 28.173935
v 47.000000 4.301948 27.161429
v 44.525126 4.462313 28.173935
v 43.500000 4.849468 30.618339
v 44.525126 5.236624 33.062742
v 47.000000 0.000000 34.500000
v 49.474874 0.000000 33.474874
v 50.500000 0.000000 31.000000
v 49.474874 0.000000 28.525126
v 47.000000 0.000000 27.500000
v 44.525126 0.000000 28.525126
v 43.500000 0.000000 31.000000
v 44.525126 0.000000 33.474874
v 47.000000 -5.396989 34.075248
v 49.474874 -5.236624 33.062742
v 50.500000 -4.849468 30.618339
v 49.474874 -4.462313 28.173935
v 47.000000 -4.301948 27.161429
v 44.525126 -4.462313 28.173935
v 43.500000 -4.849468 30.618339
v 44.525126 -5.236624 33.062742
v 47.000000 -10.661086 32.811450
v 49.474874 -10.344305 31.836497
v 50.500000 -9.579527 29.482752
v 49.474874 -8.814749 27.129007
v 47.000000 -8.497967 26.154054
v 44.525126 -8.814749 27.129007
v 43.500000 -9.579527 29.482752
v 44.525126 -10.344305 31.836497
v 47.000000 -15.662672 30.739725
v 49.474874 -15.197275 29.826331
v 50.500000 -14.073705 27.621202
v 49.474874 -12.950136 25.416074
v 47.000000 -12.484739 24.502679
v 44.525126 -12.950136 25.416074
v 43.500000 -14.073705 27.621202
v 44.525126 -15.197275 29.826331
v 47.000000 -20.278591 27.911086
v 49.474874 -19.676037 27.081742
v 50.500000 -18.221343 25.079527
v 49.474874 -16.766649 23.077312
v 47.000000 -16.164094 22.247967
v 44.525126 -16.766649 23.077312
v 43.500000 -18.221343 25.079527
v 44.525126 -19.676037 27.081742
v 47.000000 -24.395184 24.395184
v 49.474874 -23.670310 23.670310
v 50.500000 -21.920310 21.920310
v 49.474874 -20.170310 20.170310
v 47.000000 -19.445436 19.445436
v 44.525126 -20.170310 20.170310
v 43.500000 -21.920310 21.920310
v 44.525126 -23.670310 23.670310
v 47.000000 -27.911086 20.278591
v 49.474874 -27.081742 19.676037
v 50.500000 -25.079527 18.221343
v 49.474874 -23.077312 16.766649
v 47.000000 -22.247967 16.164094
v 44.525126 -23.077312 16.766649
v 43.500000 -25.079527 18.221343
v 44.525126 -27.081742 19.676037
v 47.000000 -30.739725 15.662672
v 49.474874 -29.826331 15.197275
v 50.500000 -27.621202 14.073705
v 49.474874 -25.416074 12.950136
v 47.000000 -24.502679 12.484739
v 44.525126 -25.416074 12.950136
v 43.500000 -27.621202 14.073705
v 44.525126 -29.826331 15.197275
v 47.000000 -32.811450 10.661086
v 49.474874 -31.836497 10.344305
v 50.500000 -29.482752 9.579527
v 49.474874 -27.129007 8.814749
v 47.000000 -26.154054 8.497967
v 44.525126 -27.129007 8.814749
v 43.500000 -29.482752 9.579527
v 44.525126 -31.836497 10.344305
v 47.000000 -34.075248 5.396989
v 49.474874 -33.062742 5.236624
v 50.500000 -30.618339 4.849468
v 49.474874 -28.173935 4.462313
v 47.000000 -27.161429 4.301948
v 44.525126 -28.173935 4.462313
v 43.500000 -30.618339 4.849468
v 44.525126 -33.062742 5.236624
v 47.000000 -34.500000 0.000000
v 49.474874 -33.474874 0.000000
v 50.500000 -31.000000 0.000000
v 49.474874 -28.525126 0.000000
v 47.000000 -27.500000 0.000000
v 44.525126 -28.525126 0.000000
v 43.500000 -31.000000 0.000000
v 44.525126 -33.474874 0.000000
v 47.000000 -34.075248 -5.396989
v 49.474874 -33.062742 -5.236624
v 50.500000 -30.618339 -4.849468
v 49.474874 -28.173935 -4.462313
v 47.000000 -27.161429 -4.301948
v 44.525126 -28.173935 -4.462313
v 43.500000 -30.618339 -4.849468
v 44.525126 -33.062742 -5.236624
v 47.000000 -32.811450 -10.661086
v 49.474874 -31.836497 -10.344305
v 50.500000 -29.482752 -9.579527
v 49.474874 -27.129007 -8.814749
v 47.000000 -26.154054 -8.497967
v 44.525126 -27.129007 -8.814749
v 43.500000 -29.482752 -9.579527
v 44.525126 -31.836497 -10.344305
v 47.000000 -30.739725 -15.662672
v 49.474874 -29.826331 -15.197275
v 50.500000 -27.621202 -14.073705
v 49.474874 -25.416074 -12.950136
v 47.000000 -24.502679 -12.484739
v 44.525126 -25.416074 -12.950136
v 43.500000 -27.621202 -14.073705
v 44.525126 -29.826331 -15.197275
v 47.000000 -27.911086 -20.278591
v 49.474874 -27.081742 -19.676037
v 50.500000 -25.079527 -18.221343
v 49.474874 -23.077312 -16.766649
v 47.000000 -22.247967 -16.164094
v 44.525126 -23.077312 -16.766649
v 43.500000 -25.079527 -18.221343
v 44.525126 -27.081742 -19.676037
v 47.000000 -24.395184 -24.395184
v 49.474874 -23.670310 -23.670310
v 50.500000 -21.920310 -21.920310
v 49.474874 -20.170310 -20.170310
v 47.000000 -19.445436 -19.445436
v 44.525126 -20.170310 -20.170310
v 43.500000 -21.920310 -21.920310
v 44.525126 -23.670310 -23.670310
v 47.000000 -20.278591 -27.911086
v 49.474874 -19.676037 -27.081742
v 50.500000 -18.221343 -25.079527
v 49.474874 -16.766649 -23.077312
v 47.000000 -16.164094 -22.247967
v 44.525126 -16.766649 -23.077312
v 43.500000 -18.221343 -25.079527
v 44.525126 -19.676037 -27.081742
v 47.000000 -15.662672 -30.739725
v 49.474874 -15.197275 -29.826331
v 50.500000 -14.073705 -27.621202
v 49.474874 -12.950136 -25.416074
v 47.000000 -12.484739 -24.502679
v 44.525126 -12.950136 -25.416074
v 43.500000 -14.073705 -27.621202
v 44.525126 -15.197275 -29.826331
v 47.000000 -10.661086 -32.811450
v 49.474874 -10.344305 -31.836497
v 50.500000 -9.579527 -29.482752
v 49.474874 -8.814749 -27.129007
v 47.000000 -8.497967 -26.154054
v 44.525126 -8.814749 -27.129007
v 43.500000 -9.579527 -29.482752
v 44.525126 -10.344305 -31.836497
v 47.000000 -5.396989 -34.075248
v 49.474874 -5.236624 -33.062742
v 50.500000 -4.849468 -30.618339
v 49.474874 -4.462313 -28.173935
v 47.000000 -4.301948 -27.161429
v 44.525126 -4.462313 -28.173935
v 43.500000 -4.849468 -30.618339
v 44.525126 -5.236624 -33.062742
v 47.000000 -0.000000 -34.500000
v 49.474874 -0.000000 -33.474874
v 50.500000 -0.000000 -31.000000
v 49.474874 -0.000000 -28.525126
v 47.000000 -0.000000 -27.500000
v 44.525126 -0.000000 -28.525126
v 43.500000 -0.000000 -31.000000
v 44.525126 -0.000000 -33.474874
v 47.000000 5.396989 -34.075248
v 49.474874 5.236624 -33.062742
v 50.500000 4.849468 -30.618339
v 49.474874 4.462313 -28.173935
v 47.000000 4.301948 -27.161429
v 44.525126 4.462313 -28.173935
v 43.500000 4.849468 -30.618339
v 44.525126 5.236624 -33.062742
v 47.000000 10.661086 -32.811450
v 49.474874 10.344305 -31.836497
v 50.500000 9.579527 -29.482752
v 49.474874 8.814749 -27.129007
v 47.000000 8.497967 -26.154054
v 44.525126 8.814749 -27.129007
v 43.500000 9.579527 -29.482752
v 44.525126 10.344305 -31.836497
v 47.000000 15.662672 -30.739725
v 49.474874 15.197275 -29.826331
v 50.500000 14.073705 -27.621202
v 49.474874 12.950136 -25.416074
v 47.000000 12.484739 -24.502679
v 44.525126 12.950136 -25.416074
v 43.500000 14.073705 -27.621202
v 44.525126 15.197275 -29.826331
v 47.000000 20.278591 -27.911086
v 49.474874 19.676037 -27.081742
v 50.500000 18.221343 -25.079527
v 49.474874 16.766649 -23.077312
v 47.000000 16.164094 -22.247967
v 44.525126 16.766649 -23.077312
v 43.500000 18.221343 -25.079527
v 44.525126 19.676037 -27.081742
v 47.000000 24.395184 -24.395184
v 49.474874 23.670310 -23.670310
v 50.500000 21.920310 -21.920310
v 49.474874 20.170310 -20.170310
v 47.000000 19.445436 -19.445436
v 44.525126 20.170310 -20.170310
v 43.500000 21.920310 -21.920310
v 44.525126 23.670310 -23.670310
v 47.000000 27.911086 -20.278591
v 49.474874 27.081742 -19.676037
v 50.500000 25.079527 -18.221343
v 49.474874 23.077312 -16.766649
v 47.000000 22.247967 -16.164094
v 44.525126 23.077312 -16.766649
v 43.500000 25.079527 -18.221343
v 44.525126 27.081742 -19.676037
v 47.000000 30.739725 -15.662672
v 49.474874 29.826331 -15.197275
v 50.500000 27.621202 -14.073705
v 49.474874 25.416074 -12.950136
v 47.000000 24.502679 -12.484739
v 44.525126 25.416074 -12.950136
v 43.500000 27.621202 -14.073705
v 44.525126 29.826331 -15.197275
v 47.000000 32.811450 -10.661086
v 49.474874 31.836497 -10.344305
v 50.500000 29.482752 -9.579527
v 49.474874 27.129007 -8.814749
v 47.000000 26.154054 -8.497967
v 44.525126 27.129007 -8.814749
v 43.500000 29.482752 -9.579527
v 44.525126 31.836497 -10.344305
v 47.000000 34.075248 -5.396989
v 49.474874 33.062742 -5.236624
v 50.500000 30.618339 -4.849468
v 49.474874 28.173935 -4.462313
v 47.000000 27.161429 -4.301948
v 44.525126 28.173935 -4.462313
v 43.500000 30.618339 -4.849468
v 44.525126 33.062742 -5.236624
v 49.000000 27.000000 0.000000
v 64.000000 22.000000 0.000000
v 49.000000 26.667585 4.223731
v 64.000000 21.729143 3.441558
v 49.000000 25.678526 8.343459
v 64.000000 20.923243 6.798374
v 49.000000 24.057176 12.257743
v 64.000000 19.602144 9.987791
v 49.000000 21.843459 15.870202
v 64.000000 17.798374 12.931276
v 49.000000 19.091883 19.091883
v 64.000000 15.556349 15.556349
v 49.000000 15.870202 21.843459
v 64.000000 12.931276 17.798374
v 49.000000 12.257743 24.057176
v 64.000000 9.987791 19.602144
v 49.000000 8.343459 25.678526
v 64.000000 6.798374 20.923243
v 49.000000 4.223731 26.667585
v 64.000000 3.441558 21.729143
v 49.000000 0.000000 27.000000
v 64.000000 0.000000 22.000000
v 49.000000 -4.223731 26.667585
v 64.000000 -3.441558 21.729143
v 49.000000 -8.343459 25.678526
v 64.000000 -6.798374 20.923243
v 49.000000 -12.257743 24.057176
v 64.000000 -9.987791 19.602144
v 49.000000 -15.870202 21.843459
v 64.000000 -12.931276 17.798374
v 49.000000 -19.091883 19.091883
v 64.000000 -15.556349 15.556349
v 49.000000 -21.843459 15.870202
v 64.000000 -17.798374 12.931276
v 49.000000 -24.057176 12.257743
v 64.000000 -19.602144 9.987791
v 49.000000 -25.678526 8.343459
v 64.000000 -20.923243 6.798374
v 49.000000 -26.667585 4.223731
v 64.000000 -21.729143 3.441558
v 49.000000 -27.000000 0.000000
v 64.000000 -22.000000 0.000000
v 49.000000 -26.667585 -4.223731
v 64.000000 -21.729143 -3.441558
v 49.000000 -25.678526 -8.343459
v 64.000000 -20.923243 -6.798374
v 49.000000 -24.057176 -12.257743
v 64.000000 -19.602144 -9.987791
v 49.000000 -21.843459 -15.870202
v 64.000000 -17.798374 -12.931276
v 49.000000 -19.091883 -19.091883
v 64.000000 -15.556349 -15.556349
v 49.000000 -15.870202 -21.843459
v 64.000000 -12.931276 -17.798374
v 49.000000 -12.257743 -24.057176
v 64.000000 -9.987791 -19.602144
v 49.000000 -8.343459 -25.678526
v 64.000000 -6.798374 -20.923243
v 49.000000 -4.223731 -26.667585
v 64.000000 -3.441558 -21.729143
v 49.000000 -0.000000 -27.000000
v 64.000000 -0.000000 -22.000000
v 49.000000 4.223731 -26.667585
v 64.000000 3.441558 -21.729143
v 49.000000 8.343459 -25.678526
v 64.000000 6.798374 -20.923243
v 49.000000 12.257743 -24.057176
v 64.000000 9.987791 -19.602144
v 49.000000 15.870202 -21.843459
v 64.000000 12.931276 -17.798374
v 49.000000 19.091883 -19.091883
v 64.000000 15.556349 -15.556349
v 49.000000 21.843459 -15.870202
v 64.000000 17.798374 -12.931276
v 49.000000 24.057176 -12.257743
v 64.000000 19.602144 -9.987791
v 49.000000 25.678526 -8.343459
v 64.000000 20.923243 -6.798374
v 49.000000 26.667585 -4.223731
v 64.000000 21.729143 -3.441558
v 49.000000 0.000000 0.000000
v 64.000000 0.000000 0.000000
v 63.000000 26.000000 0.000000
v 65.121320 25.121320 0.000000
v 66.000000 23.000000 0.000000
v 65.121320 20.878680 0.000000
v 63.000000 20.000000 0.000000
v 60.878680 20.878680 0.000000
v 60.000000 23.000000 0.000000
v 60.878680 25.121320 0.000000
v 63.000000 25.679897 4.067296
v 65.121320 24.812035 3.929840
v 66.000000 22.716832 3.597993
v 65.121320 20.621628 3.266145
v 63.000000 19.753767 3.128689
v 60.878680 20.621628 3.266145
v 60.000000 22.716832 3.597993
v 60.878680 24.812035 3.929840
v 63.000000 24.727469 8.034442
v 65.121320 23.891795 7.762915
v 66.000000 21.874300 7.107391
v 65.121320 19.856804 6.451867
v 63.000000 19.021130 6.180340
v 60.878680 19.856804 6.451867
v 60.000000 21.874300 7.107391
v 60.878680 23.891795 7.762915
v 63.000000 23.166170 11.803753
v 65.121320 22.383260 11.404841
v 66.000000 20.493150 10.441781
v 65.121320 18.603040 9.478722
v 63.000000 17.820130 9.079810
v 60.878680 18.603040 9.478722
v 60.000000 20.493150 10.441781
v 60.878680 22.383260 11.404841
v 63.000000 21.034442 15.282417
v 65.121320 20.323575 14.765942
v 66.000000 18.607391 13.519061
v 65.121320 16.891207 12.272180
v 63.000000 16.180340 11.755705
v 60.878680 16.891207 12.272180
v 60.000000 18.607391 13.519061
v 60.878680 20.323575 14.765942
v 63.000000 18.384776 18.384776
v 65.121320 17.763456 17.763456
v 66.000000 16.263456 16.263456
v 65.121320 14.763456 14.763456
v 63.000000 14.142136 14.142136
v 60.878680 14.763456 14.763456
v 60.000000 16.263456 16.263456
v 60.878680 17.763456 17.763456
v 63.000000 15.282417 21.034442
v 65.121320 14.765942 20.323575
v 66.000000 13.519061 18.607391
v 65.121320 12.272180 16.891207
v 63.000000 11.755705 16.180340
v 60.878680 12.272180 16.891207
v 60.000000 13.519061 18.607391
v 60.878680 14.765942 20.323575
v 63.000000 11.803753 23.166170
v 65.121320 11.404841 22.383260
v 66.000000 10.441781 20.493150
v 65.121320 9.478722 18.603040
v 63.000000 9.079810 17.820130
v 60.878680 9.478722 18.603040
v 60.000000 10.441781 20.493150
v 60.878680 11.404841 22.383260
v 63.000000 8.034442 24.727469
v 65.121320 7.762915 23.891795
v 66.000000 7.107391 21.874300
v 65.121320 6.451867 19.856804
v 63.000000 6.180340 19.021130
v 60.878680 6.451867 19.856804
v 60.000000 7.107391 21.874300
v 60.878680 7.762915 23.891795
v 63.000000 4.067296 25.679897
v 65.121320 3.929840 24.812035
v 66.000000 3.597993 22.716832
v 65.121320 3.266145 20.621628
v 63.000000 3.128689 19.753767
v 60.878680 3.266145 20.621628
v 60.000000 3.597993 22.716832
v 60.878680 3.929840 24.812035
v 63.000000 0.000000 26.000000
v 65.121320 0.000000 25.121320
v 66.000000 0.000000 23.000000
v 65.121320 0.000000 20.878680
v 63.000000 0.000000 20.000000
v 60.878680 0.000000 20.878680
v 60.000000 0.000000 23.000000
v 60.878680 0.000000 25.121320
v 63.000000 -4.067296 25.679897
v 65.121320 -3.929840 24.812035
v 66.000000 -3.597993 22.716832
v 65.121320 -3.266145 20.621628
v 63.000000 -3.128689 19.753767
v 60.878680 -3.266145 20.621628
v 60.000000 -3.597993 22.716832
v 60.878680 -3.929840 24.812035
v 63.000000 -8.034442 24.727469
v 65.121320 -7.762915 23.891795
v 66.000000 -7.107391 21.874300
v 65.121320 -6.451867 19.856804
v 63.000000 -6.180340 19.021130
v 60.878680 -6.451867 19.856804
v 60.000000 -7.107391 21.874300
v 60.878680 -7.762915 23.891795
v 63.000000 -11.803753 23.166170
v 65.121320 -11.404841 22.383260
v 66.000000 -10.441781 20.493150
v 65.121320 -9.478722 18.603040
v 63.000000 -9.079810 17.820130
v 60.878680 -9.478722 18.603040
v 60.000000 -10.441781 20.493150
v 60.878680 -11.404841 22.383260
v 63.000000 -15.282417 21.034442
v 65.121320 -14.765942 20.323575
v 66.000000 -13.519061 18.607391
v 65.121320 -12.272180 16.891207
v 63.000000 -11.755705 16.180340
v 60.878680 -12.272180 16.891207
v 60.000000 -13.519061 18.607391
v 60.878680 -14.765942 20.323575
v 63.000000 -18.384776 18.384776
v 65.121320 -17.763456 17.763456
v 66.000000 -16.263456 16.263456
v 65.121320 -14.763456 14.763456
v 63.000000 -14.142136 14.142136
v 60.878680 -14.763456 14.763456
v 60.000000 -16.263456 16.263456
v 60.878680 -17.763456 17.763456
v 63.000000 -21.034442 15.282417
v 65.121320 -20.323575 14.765942
v 66.000000 -18.607391 13.519061
v 65.121320 -16.891207 12.272180
v 63.000000 -16.180340 11.755705
v 60.878680 -16.891207 12.272180
v 60.000000 -18.607391 13.519061
v 60.878680 -20.323575 14.765942
v 63.000000 -23.166170 11.803753
v 65.121320 -22.383260 11.404841
v 66.000000 -20.493150 10.441781
v 65.121320 -18.603040 9.478722
v 63.000000 -17.820130 9.079810
v 60.878680 -18.603040 9.478722
v 60.000000 -20.493150 10.441781
v 60.878680 -22.383260 11.404841
v 63.000000 -24.727469 8.034442
v 65.121320 -23.891795 7.762915
v 66.000000 -21.874300 7.107391
v 65.121320 -19.856804 6.451867
v 63.000000 -19.021130 6.180340
v 60.878680 -19.856804 6.451867
v 60.000000 -21.874300 7.107391
v 60.878680 -23.891795 7.762915
v 63.000000 -25.679897 4.067296
v 65.121320 -24.812035 3.929840
v 66.000000 -22.716832 3.597993
v 65.121320 -20.621628 3.266145
v 63.000000 -19.753767 3.128689
v 60.878680 -20.621628 3.266145
v 60.000000 -22.716832 3.597993
v 60.878680 -24.812035 3.929840
v 63.000000 -26.000000 0.000000
v 65.121320 -25.121320 0.000000
v 66.000000 -23.000000 0.000000
v 65.121320 -20.878680 0.000000
v 63.000000 -20.000000 0.000000
v 60.878680 -20.878680 0.000000
v 60.000000 -23.000000 0.000000
v 60.878680 -25.121320 0.000000
v 63.000000 -25.679897 -4.067296
v 65.121320 -24.812035 -3.929840
v 66.000000 -22.716832 -3.597993
v 65.121320 -20.621628 -3.266145
v 63.000000 -19.753767 -3.128689
v 60.878680 -20.621628 -3.266145
v 60.000000 -22.716832 -3.597993
v 60.878680 -24.812035 -3.929840
v 63.000000 -24.727469 -8.034442
v 65.121320 -23.891795 -7.762915
v 66.000000 -21.874300 -7.107391
v 65.121320 -19.856804 -6.451867
v 63.000000 -19.021130 -6.180340
v 60.878680 -19.856804 -6.451867
v 60.000000 -21.874300 -7.107391
v 60.878680 -23.891795 -7.762915
v 63.000000 -23.166170 -11.803753
v 65.121320 -22.383260 -11.404841
v 66.000000 -20.493150 -10.441781
v 65.121320 -18.603040 -9.478722
v 63.000000 -17.820130 -9.079810
v 60.878680 -18.603040 -9.478722
v 60.000000 -20.493150 -10.441781
v 60.878680 -22.383260 -11.404841
v 63.000000 -21.034442 -15.282417
v 65.121320 -20.323575 -14.765942
v 66.000000 -18.607391 -13.519061
v 65.121320 -16.891207 -12.272180
v 63.000000 -16.180340 -11.755705
v 60.878680 -16.891207 -12.272180
v 60.000000 -18.607391 -13.519061
v 60.878680 -20.323575 -14.765942
v 63.000000 -18.384776 -18.384776
v 65.121320 -17.763456 -17.763456
v 66.000000 -16.263456 -16.263456
v 65.121320 -14.763456 -14.763456
v 63.000000 -14.142136 -14.142136
v 60.878680 -14.763456 -14.763456
v 60.000000 -16.263456 -16.263456
v 60.878680 -17.763456 -17.763456
v 63.000000 -15.282417 -21.034442
v 65.121320 -14.765942 -20.323575
v 66.000000 -13.519061 -18.607391
v 65.121320 -12.272180 -16.891207
v 63.000000 -11.755705 -16.180340
v 60.878680 -12.272180 -16.891207
v 60.000000 -13.519061 -18.607391
v 60.878680 -14.765942 -20.323575
v 63.000000 -11.803753 -23.166170
v 65.121320 -11.404841 -22.383260
v 66.000000 -10.441781 -20.493150
v 65.121320 -9.478722 -18.603040
v 63.000000 -9.079810 -17.820130
v 60.878680 -9.478722 -18.603040
v 60.000000 -10.441781 -20.493150
v 60.878680 -11.404841 -22.383260
v 63.000000 -8.034442 -24.727469
v 65.121320 -7.762915 -23.891795
v 66.000000 -7.107391 -21.874300
v 65.121320 -6.451867 -19.856804
v 63.000000 -6.180340 -19.021130
v 60.878680 -6.451867 -19.856804
v 60.000000 -7.107391 -21.874300
v 60.878680 -7.762915 -23.891795
v 63.000000 -4.067296 -25.679897
v 65.121320 -3.929840 -24.812035
v 66.000000 -3.597993 -22.716832
v 65.121320 -3.266145 -20.621628
v 63.000000 -3.128689 -19.753767
v 60.878680 -3.266145 -20.621628
v 60.000000 -3.597993 -22.716832
v 60.878680 -3.929840 -24.812035
v 63.000000 -0.000000 -26.000000
v 65.121320 -0.000000 -25.121320
v 66.000000 -0.000000 -23.000000
v 65.121320 -0.000000 -20.878680
v 63.000000 -0.000000 -20.000000
v 60.878680 -0.000000 -20.878680
v 60.000000 -0.000000 -23.000000
v 60.878680 -0.000000 -25.121320
v 63.000000 4.067296 -25.679897
v 65.121320 3.929840 -24.812035
v 66.000000 3.597993 -22.716832
v 65.121320 3.266145 -20.621628
v 63.000000 3.128689 -19.753767
v 60.878680 3.266145 -20.621628
v 60.000000 3.597993 -22.716832
v 60.878680 3.929840 -24.812035
v 63.000000 8.034442 -24.727469
v 65.121320 7.762915 -23.891795
v 66.000000 7.107391 -21.874300
v 65.121320 6.451867 -19.856804
v 63.000000 6.180340 -19.021130
v 60.878680 6.451867 -19.856804
v 60.000000 7.107391 -21.874300
v 60.878680 7.762915 -23.891795
v 63.000000 11.803753 -23.166170
v 65.121320 11.404841 -22.383260
v 66.000000 10.441781 -20.493150
v 65.121320 9.478722 -18.603040
v 63.000000 9.079810 -17.820130
v 60.878680 9.478722 -18.603040
v 60.000000 10.441781 -20.493150
v 60.878680 11.404841 -22.383260
v 63.000000 15.282417 -21.034442
v 65.121320 14.765942 -20.323575
v 66.000000 13.519061 -18.607391
v 65.121320 12.272180 -16.891207
v 63.000000 11.755705 -16.180340
v 60.878680 12.272180 -16.891207
v 60.000000 13.519061 -18.607391
v 60.878680 14.765942 -20.323575
v 63.000000 18.384776 -18.384776
v 65.121320 17.763456 -17.763456
v 66.000000 16.263456 -16.263456
v 65.121320 14.763456 -14.763456
v 63.000000 14.142136 -14.142136
v 60.878680 14.763456 -14.763456
v 60.000000 16.263456 -16.263456
v 60.878680 17.763456 -17.763456
v 63.000000 21.034442 -15.282417
v 65.121320 20.323575 -14.765942
v 66.000000 18.607391 -13.519061
v 65.121320 16.891207 -12.272180
v 63.000000 16.180340 -11.755705
v 60.878680 16.891207 -12.272180
v 60.000000 18.607391 -13.519061
v 60.878680 20.323575 -14.765942
v 63.000000 23.166170 -11.803753
v 65.121320 22.383260 -11.404841
v 66.000000 20.493150 -10.441781
v 65.121320 18.603040 -9.478722
v 63.000000 17.820130 -9.079810
v 60.878680 18.603040 -9.478722
v 60.000000 20.493150 -10.441781
v 60.878680 22.383260 -11.404841
v 63.000000 24.727469 -8.034442
v 65.121320 23.891795 -7.762915
v 66.000000 21.874300 -7.107391
v 65.121320 19.856804 -6.451867
v 63.000000 19.021130 -6.180340
v 60.878680 19.856804 -6.451867
v 60.000000 21.874300 -7.107391
v 60.878680 23.891795 -7.762915
v 63.000000 25.679897 -4.067296
v 65.121320 24.812035 -3.929840
v 66.000000 22.716832 -3.597993
v 65.121320 20.621628 -3.266145
v 63.000000 19.753767 -3.128689
v 60.878680 20.621628 -3.266145
v 60.000000 22.716832 -3.597993
v 60.878680 24.812035 -3.929840
v 62.000000 18.000000 0.000000
v 68.000000 15.000000 0.000000
v 62.000000 17.778390 2.815820
v 68.000000 14.815325 2.346517
v 62.000000 17.119017 5.562306
v 68.000000 14.265848 4.635255
v 62.000000 16.038117 8.171829
v 68.000000 13.365098 6.809857
v 62.000000 14.562306 10.580135
v 68.000000 12.135255 8.816779
v 62.000000 12.727922 12.727922
v 68.000000 10.606602 10.606602
v 62.000000 10.580135 14.562306
v 68.000000 8.816779 12.135255
v 62.000000 8.171829 16.038117
v 68.000000 6.809857 13.365098
v 62.000000 5.562306 17.119017
v 68.000000 4.635255 14.265848
v 62.000000 2.815820 17.778390
v 68.000000 2.346517 14.815325
v 62.000000 0.000000 18.000000
v 68.000000 0.000000 15.000000
v 62.000000 -2.815820 17.778390
v 68.000000 -2.346517 14.815325
v 62.000000 -5.562306 17.119017
v 68.000000 -4.635255 14.265848
v 62.000000 -8.171829 16.038117
v 68.000000 -6.809857 13.365098
v 62.000000 -10.580135 14.562306
v 68.000000 -8.816779 12.135255
v 62.000000 -12.727922 12.727922
v 68.000000 -10.606602 10.606602
v 62.000000 -14.562306 10.580135
v 68.000000 -12.135255 8.816779
v 62.000000 -16.038117 8.171829
v 68.000000 -13.365098 6.809857
v 62.000000 -17.119017 5.562306
v 68.000000 -14.265848 4.635255
v 62.000000 -17.778390 2.815820
v 68.000000 -14.815325 2.346517
v 62.000000 -18.000000 0.000000
v 68.000000 -15.000000 0.000000
v 62.000000 -17.778390 -2.815820
v 68.000000 -14.815325 -2.346517
v 62.000000 -17.119017 -5.562306
v 68.000000 -14.265848 -4.635255
v 62.000000 -16.038117 -8.171829
v 68.000000 -13.365098 -6.809857
v 62.000000 -14.562306 -10.580135
v 68.000000 -12.135255 -8.816779
v 62.000000 -12.727922 -12.727922
v 68.000000 -10.606602 -10.606602
v 62.000000 -10.580135 -14.562306
v 68.000000 -8.816779 -12.135255
v 62.000000 -8.171829 -16.038117
v 68.000000 -6.809857 -13.365098
v 62.000000 -5.562306 -17.119017
v 68.000000 -4.635255 -14.265848
v 62.000000 -2.815820 -17.778390
v 68.000000 -2.346517 -14.815325
v 62.000000 -0.000000 -18.000000
v 68.000000 -0.000000 -15.000000
v 62.000000 2.815820 -17.778390
v 68.000000 2.346517 -14.815325
v 62.000000 5.562306 -17.119017
v 68.000000 4.635255 -14.265848
v 62.000000 8.171829 -16.038117
v 68.000000 6.809857 -13.365098
v 62.000000 10.580135 -14.562306
v 68.000000 8.816779 -12.135255
v 62.000000 12.727922 -12.727922
v 68.000000 10.606602 -10.606602
v 62.000000 14.562306 -10.580135
v 68.000000 12.135255 -8.816779
v 62.000000 16.038117 -8.171829
v 68.000000 13.365098 -6.809857
v 62.000000 17.119017 -5.562306
v 68.000000 14.265848 -4.635255
v 62.000000 17.778390 -2.815820
v 68.000000 14.815325 -2.346517
v 62.000000 0.000000 0.000000
v 68.000000 0.000000 0.000000
v 64.102223 3.364648 0.000000
v 64.102223 3.299997 0.656410
v 64.102223 3.108529 1.287595
v 64.102223 2.797602 1.869298
v 64.102223 2.379165 2.379165
v 64.102223 1.869298 2.797602
v 64.102223 1.287595 3.108529
v 64.102223 0.656410 3.299997
v 64.102223 0.000000 3.364648
v 64.102223 -0.656410 3.299997
v 64.102223 -1.287595 3.108529
v 64.102223 -1.869298 2.797602
v 64.102223 -2.379165 2.379165
v 64.102223 -2.797602 1.869298
v 64.102223 -3.108529 1.287595
v 64.102223 -3.299997 0.656410
v 64.102223 -3.364648 0.000000
v 64.102223 -3.299997 -0.656410
v 64.102223 -3.108529 -1.287595
v 64.102223 -2.797602 -1.869298
v 64.102223 -2.379165 -2.379165
v 64.102223 -1.869298 -2.797602
v 64.102223 -1.287595 -3.108529
v 64.102223 -0.656410 -3.299997
v 64.102223 -0.000000 -3.364648
v 64.102223 0.656410 -3.299997
v 64.102223 1.287595 -3.108529
v 64.102223 1.869298 -2.797602
v 64.102223 2.379165 -2.379165
v 64.102223 2.797602 -1.869298
v 64.102223 3.108529 -1.287595
v 64.102223 3.299997 -0.656410
v 64.401924 6.500000 0.000000
v 64.401924 6.375104 1.268087
v 64.401924 6.005217 2.487442
v 64.401924 5.404552 3.611207
v 64.401924 4.596194 4.596194
v 64.401924 3.611207 5.404552
v 64.401924 2.487442 6.005217
v 64.401924 1.268087 6.375104
v 64.401924 0.000000 6.500000
v 64.401924 -1.268087 6.375104
v 64.401924 -2.487442 6.005217
v 64.401924 -3.611207 5.404552
v 64.401924 -4.596194 4.596194
v 64.401924 -5.404552 3.611207
v 64.401924 -6.005217 2.487442
v 64.401924 -6.375104 1.268087
v 64.401924 -6.500000 0.000000
v 64.401924 -6.375104 -1.268087
v 64.401924 -6.005217 -2.487442
v 64.401924 -5.404552 -3.611207
v 64.401924 -4.596194 -4.596194
v 64.401924 -3.611207 -5.404552
v 64.401924 -2.487442 -6.005217
v 64.401924 -1.268087 -6.375104
v 64.401924 -0.000000 -6.500000
v 64.401924 1.268087 -6.375104
v 64.401924 2.487442 -6.005217
v 64.401924 3.611207 -5.404552
v 64.401924 4.596194 -4.596194
v 64.401924 5.404552 -3.611207
v 64.401924 6.005217 -2.487442
v 64.401924 6.375104 -1.268087
v 64.878680 9.192388 0.000000
v 64.878680 9.015759 1.793346
v 64.878680 8.492659 3.517775
v 64.878680 7.643191 5.107017
v 64.878680 6.500000 6.500000
v 64.878680 5.107017 7.643191
v 64.878680 3.517775 8.492659
v 64.878680 1.793346 9.015759
v 64.878680 0.000000 9.192388
v 64.878680 -1.793346 9.015759
v 64.878680 -3.517775 8.492659
v 64.878680 -5.107017 7.643191
v 64.878680 -6.500000 6.500000
v 64.878680 -7.643191 5.107017
v 64.878680 -8.492659 3.517775
v 64.878680 -9.015759 1.793346
v 64.878680 -9.192388 0.000000
v 64.878680 -9.015759 -1.793346
v 64.878680 -8.492659 -3.517775
v 64.878680 -7.643191 -5.107017
v 64.878680 -6.500000 -6.500000
v 64.878680 -5.107017 -7.643191
v 64.878680 -3.517775 -8.492659
v 64.878680 -1.793346 -9.015759
v 64.878680 -0.000000 -9.192388
v 64.878680 1.793346 -9.015759
v 64.878680 3.517775 -8.492659
v 64.878680 5.107017 -7.643191
v 64.878680 6.500000 -6.500000
v 64.878680 7.643191 -5.107017
v 64.878680 8.492659 -3.517775
v 64.878680 9.015759 -1.793346
v 65.500000 11.258330 0.000000
v 65.500000 11.042005 2.196391
v 65.500000 10.401341 4.308376
v 65.500000 9.360959 6.254793
v 65.500000 7.960842 7.960842
v 65.500000 6.254793 9.360959
v 65.500000 4.308376 10.401341
v 65.500000 2.196391 11.042005
v 65.500000 0.000000 11.258330
v 65.500000 -2.196391 11.042005
v 65.500000 -4.308376 10.401341
v 65.500000 -6.254793 9.360959
v 65.500000 -7.960842 7.960842
v 65.500000 -9.360959 6.254793
v 65.500000 -10.401341 4.308376
v 65.500000 -11.042005 2.196391
v 65.500000 -11.258330 0.000000
v 65.500000 -11.042005 -2.196391
v 65.500000 -10.401341 -4.308376
v 65.500000 -9.360959 -6.254793
v 65.500000 -7.960842 -7.960842
v 65.500000 -6.254793 -9.360959
v 65.500000 -4.308376 -10.401341
v 65.500000 -2.196391 -11.042005
v 65.500000 -0.000000 -11.258330
v 65.500000 2.196391 -11.042005
v 65.500000 4.308376 -10.401341
v 65.500000 6.254793 -9.360959
v 65.500000 7.960842 -7.960842
v 65.500000 9.360959 -6.254793
v 65.500000 10.401341 -4.308376
v 65.500000 11.042005 -2.196391
v 66.223543 12.557036 0.000000
v 66.223543 12.315756 2.449756
v 66.223543 11.601188 4.805370
v 66.223543 10.440794 6.976315
v 66.223543 8.879165 8.879165
v 66.223543 6.976315 10.440794
v 66.223543 4.805370 11.601188
v 66.223543 2.449756 12.315756
v 66.223543 0.000000 12.557036
v 66.223543 -2.449756 12.315756
v 66.223543 -4.805370 11.601188
v 66.223543 -6.976315 10.440794
v 66.223543 -8.879165 8.879165
v 66.223543 -10.440794 6.976315
v 66.223543 -11.601188 4.805370
v 66.223543 -12.315756 2.449756
v 66.223543 -12.557036 0.000000
v 66.223543 -12.315756 -2.449756
v 66.223543 -11.601188 -4.805370
v 66.223543 -10.440794 -6.976315
v 66.223543 -8.879165 -8.879165
v 66.223543 -6.976315 -10.440794
v 66.223543 -4.805370 -11.601188
v 66.223543 -2.449756 -12.315756
v 66.223543 -0.000000 -12.557036
v 66.223543 2.449756 -12.315756
v 66.223543 4.805370 -11.601188
v 66.223543 6.976315 -10.440794
v 66.223543 8.879165 -8.879165
v 66.223543 10.440794 -6.976315
v 66.223543 11.601188 -4.805370
v 66.223543 12.315756 -2.449756
v 67.000000 13.000000 0.000000
v 67.000000 12.750209 2.536174
v 67.000000 12.010434 4.974885
v 67.000000 10.809105 7.222413
v 67.000000 9.192388 9.192388
v 67.000000 7.222413 10.809105
v 67.000000 4.974885 12.010434
v 67.000000 2.536174 12.750209
v 67.000000 0.000000 13.000000
v 67.000000 -2.536174 12.750209
v 67.000000 -4.974885 12.010434
v 67.000000 -7.222413 10.809105
v 67.000000 -9.192388 9.192388
v 67.000000 -10.809105 7.222413
v 67.000000 -12.010434 4.974885
v 67.000000 -12.750209 2.536174
v 67.000000 -13.000000 0.000000
v 67.000000 -12.750209 -2.536174
v 67.000000 -12.010434 -4.974885
v 67.000000 -10.809105 -7.222413
v 67.000000 -9.192388 -9.192388
v 67.000000 -7.222413 -10.809105
v 67.000000 -4.974885 -12.010434
v 67.000000 -2.536174 -12.750209
v 67.000000 -0.000000 -13.000000
v 67.000000 2.536174 -12.750209
v 67.000000 4.974885 -12.010434
v 67.000000 7.222413 -10.809105
v 67.000000 9.192388 -9.192388
v 67.000000 10.809105 -7.222413
v 67.000000 12.010434 -4.974885
v 67.000000 12.750209 -2.536174
v 67.776457 12.557036 0.000000
v 67.776457 12.315756 2.449756
v 67.776457 11.601188 4.805370
v 67.776457 10.440794 6.976315
v 67.776457 8.879165 8.879165
v 67.776457 6.976315 10.440794
v 67.776457 4.805370 11.601188
v 67.776457 2.449756 12.315756
v 67.776457 0.000000 12.557036
v 67.776457 -2.449756 12.315756
v 67.776457 -4.805370 11.601188
v 67.776457 -6.976315 10.440794
v 67.776457 -8.879165 8.879165
v 67.776457 -10.440794 6.976315
v 67.776457 -11.601188 4.805370
v 67.776457 -12.315756 2.449756
v 67.776457 -12.557036 0.000000
v 67.776457 -12.315756 -2.449756
v 67.776457 -11.601188 -4.805370
v 67.776457 -10.440794 -6.976315
v 67.776457 -8.879165 -8.879165
v 67.776457 -6.976315 -10.440794
v 67.776457 -4.805370 -11.601188
v 67.776457 -2.449756 -12.315756
v 67.776457 -0.000000 -12.557036
v 67.776457 2.449756 -12.315756
v 67.776457 4.805370 -11.601188
v 67.776457 6.976315 -10.440794
v 67.776457 8.879165 -8.879165
v 67.776457 10.440794 -6.976315
v 67.776457 11.601188 -4.805370
v 67.776457 12.315756 -2.449756
v 68.500000 11.258330 0.000000
v 68.500000 11.042005 2.196391
v 68.500000 10.401341 4.308376
v 68.500000 9.360959 6.254793
v 68.500000 7.960842 7.960842
v 68.500000 6.254793 9.360959
v 68.500000 4.308376 10.401341
v 68.500000 2.196391 11.042005
v 68.500000 0.000000 11.258330
v 68.500000 -2.196391 11.042005
v 68.500000 -4.308376 10.401341
v 68.500000 -6.254793 9.360959
v 68.500000 -7.960842 7.960842
v 68.500000 -9.360959 6.254793
v 68.500000 -10.401341 4.308376
v 68.500000 -11.042005 2.196391
v 68.500000 -11.258330 0.000000
v 68.500000 -11.042005 -2.196391
v 68.500000 -10.401341 -4.308376
v 68.500000 -9.360959 -6.254793
v 68.500000 -7.960842 -7.960842
v 68.500000 -6.254793 -9.360959
v 68.500000 -4.308376 -10.401341
v 68.500000 -2.196391 -11.042005
v 68.500000 -0.000000 -11.258330
v 68.500000 2.196391 -11.042005
v 68.500000 4.308376 -10.401341
v 68.500000 6.254793 -9.360959
v 68.500000 7.960842 -7.960842
v 68.500000 9.360959 -6.254793
v 68.500000 10.401341 -4.308376
v 68.500000 11.042005 -2.196391
v 69.121320 9.192388 0.000000
v 69.121320 9.015759 1.793346
v 69.121320 8.492659 3.517775
v 69.121320 7.643191 5.107017
v 69.121320 6.500000 6.500000
v 69.121320 5.107017 7.643191
v 69.121320 3.517775 8.492659
v 69.121320 1.793346 9.015759
v 69.121320 0.000000 9.192388
v 69.121320 -1.793346 9.015759
v 69.121320 -3.517775 8.492659
v 69.121320 -5.107017 7.643191
v 69.121320 -6.500000 6.500000
v 69.121320 -7.643191 5.107017
v 69.121320 -8.492659 3.517775
v 69.121320 -9.015759 1.793346
v 69.121320 -9.192388 0.000000
v 69.121320 -9.015759 -1.793346
v 69.121320 -8.492659 -3.517775
v 69.121320 -7.643191 -5.107017
v 69.121320 -6.500000 -6.500000
v 69.121320 -5.107017 -7.643191
v 69.121320 -3.517775 -8.492659
v 69.121320 -1.793346 -9.015759
v 69.121320 -0.000000 -9.192388
v 69.121320 1.793346 -9.015759
v 69.121320 3.517775 -8.492659
v 69.121320 5.107017 -7.643191
v 69.121320 6.500000 -6.500000
v 69.121320 7.643191 -5.107017
v 69.121320 8.492659 -3.517775
v 69.121320 9.015759 -1.793346
v 69.598076 6.500000 0.000000
v 69.598076 6.375104 1.268087
v 69.598076 6.005217 2.487442
v 69.598076 5.404552 3.611207
v 69.598076 4.596194 4.596194
v 69.598076 3.611207 5.404552
v 69.598076 2.487442 6.005217
v 69.598076 1.268087 6.375104
v 69.598076 0.000000 6.500000
v 69.598076 -1.268087 6.375104
v 69.598076 -2.487442 6.005217
v 69.598076 -3.611207 5.404552
v 69.598076 -4.596194 4.596194
v 69.598076 -5.404552 3.611207
v 69.598076 -6.005217 2.487442
v 69.598076 -6.375104 1.268087
v 69.598076 -6.500000 0.000000
v 69.598076 -6.375104 -1.268087
v 69.598076 -6.005217 -2.487442
v 69.598076 -5.404552 -3.611207
v 69.598076 -4.596194 -4.596194
v 69.598076 -3.611207 -5.404552
v 69.598076 -2.487442 -6.005217
v 69.598076 -1.268087 -6.375104
v 69.598076 -0.000000 -6.500000
v 69.598076 1.268087 -6.375104
v 69.598076 2.487442 -6.005217
v 69.598076 3.611207 -5.404552
v 69.598076 4.596194 -4.596194
v 69.598076 5.404552 -3.611207
v 69.598076 6.005217 -2.487442
v 69.598076 6.375104 -1.268087
v 69.897777 3.364648 0.000000
v 69.897777 3.299997 0.656410
v 69.897777 3.108529 1.287595
v 69.897777 2.797602 1.869298
v 69.897777 2.379165 2.379165
v 69.897777 1.869298 2.797602
v 69.897777 1.287595 3.108529
v 69.897777 0.656410 3.299997
v 69.897777 0.000000 3.364648
v 69.897777 -0.656410 3.299997
v 69.897777 -1.287595 3.108529
v 69.897777 -1.869298 2.797602
v 69.897777 -2.379165 2.379165
v 69.897777 -2.797602 1.869298
v 69.897777 -3.108529 1.287595
v 69.897777 -3.299997 0.656410
v 69.897777 -3.364648 0.000000
v 69.897777 -3.299997 -0.656410
v 69.897777 -3.108529 -1.287595
v 69.897777 -2.797602 -1.869298
v 69.897777 -2.379165 -2.379165
v 69.897777 -1.869298 -2.797602
v 69.897777 -1.287595 -3.108529
v 69.897777 -0.656410 -3.299997
v 69.897777 -0.000000 -3.364648
v 69.897777 0.656410 -3.299997
v 69.897777 1.287595 -3.108529
v 69.897777 1.869298 -2.797602
v 69.897777 2.379165 -2.379165
v 69.897777 2.797602 -1.869298
v 69.897777 3.108529 -1.287595
v 69.897777 3.299997 -0.656410
v 64.000000 0.000000 0.000000
v 70.000000 0.000000 0.000000
vt 0.000000 0.000000
vt 1.000000 0.000000
vt 0.000000 1.000000
vt 0.000000 0.000000
vt 1.000000 0.000000
vt 0.000000 1.000000
vt 0.000000 0.000000
vt 1.000000 0.000000
vt 0.000000 1.000000
vt 0.000000 0.000000
vt 1.000000 0.000000
vt 0.000000 1.000000
vt 0.000000 0.000000
vt 1.000000 0.000000
vt 0.000000 1.000000
vt 0.000000 0.000000
vt 1.000000 0.000000
vt 0.000000 1.000000
vt 0.000000 0.000000
vt 1.000000 0.000000
vt 0.000000 1.000000
vt 0.000000 0.000000
vt 1.000000 0.000000
vt 0.000000 1.000000
vt 0.000000 0.000000
vt 1.000000 0.000000
vt 0.000000 1.000000
vt 0.000000 0.000000
vt 1.000000 0.000000
vt 0.000000 1.000000
vt 0.000000 0.000000
vt 1.000000 0.000000
vt 0.000000 1.000000
vt 0.000000 0.000000
vt 1.000000 0.000000
vt 0.000000 1.000000
vt 0.000000 0.000000
vt 1.000000 0.000000
vt 0.000000 1.000000
vt 0.000000 0.000000
vt 1.000000 0.000000
vt 0.000000 1.000000
vt 0.000000 0.000000
vt 1.000000 0.000000
vt 0.000000 1.000000
vt 0.000000 0.000000
vt 1.000000 0.000000
vt 0.000000 1.000000
vt 0.000000 0.000000
vt 1.000000 0.000000
vt 0.000000 1.000000
vt 0.000000 0.000000
vt 1.000000 0.000000
vt 0.000000 1.000000
vt 0.000000 0.000000
vt 1.000000 0.000000
vt 0.000000 1.000000
vt 0.000000 0.000000
vt 1.000000 0.000000
vt 0.000000 1.000000
vt 0.000000 0.000000
vt 1.000000 0.000000
vt 0.000000 1.000000
vt 0.000000 0.000000
vt 1.000000 0.000000
vt 0.000000 1.000000
vt 0.000000 0.000000
vt 1.000000 0.000000
vt 0.000000 1.000000
vt 0.000000 0.000000
vt 1.000000 0.000000
vt 0.000000 1.000000
vt 0.000000 0.000000
vt 1.000000 0.000000
vt 0.000000 1.000000
vt 0.000000 0.000000
vt 1.000000 0.000000
vt 0.000000 1.000000
vt 0.000000 0.000000
vt 1.000000 0.000000
vt 0.000000 1.000000
vt 0.000000 0.000000
vt 1.000000 0.000000
vt 0.000000 1.000000
vt 0.000000 0.000000
vt 1.000000 0.000000
vt 0.000000 1.000000
vt 0.000000 0.000000
vt 1.000000 0.000000
vt 0.000000 1.000000
vt 0.000000 0.000000
vt 1.000000 0.000000
vt 0.000000 1.000000
vt 0.000000 0.000000
vt 1.000000 0.000000
vt 0.000000 1.000000
vt 0.000000 0.000000
vt 1.000000 0.000000
vt 0.000000 1.000000
vt 0.000000 0.000000
vt 1.000000 0.000000
vt 0.000000 1.000000
vt 0.000000 0.000000
vt 1.000000 0.000000
vt 0.000000 1.000000
vt 0.000000 0.000000
vt 1.000000 0.000000
vt 0.000000 1.000000
vt 0.000000 0.000000
vt 1.000000 0.000000
vt 0.000000 1.000000
vt 0.000000 0.000000
vt 1.000000 0.000000
vt 0.000000 1.000000
vt 0.000000 0.000000
vt 1.000000 0.000000
vt 0.000000 1.000000
vt 0.000000 0.000000
vt 1.000000 0.000000
vt 0.000000 1.000000
vt 0.000000 0.000000
vt 1.000000 0.000000
vt 0.000000 1.000000
vt 0.000000 0.000000
vt 1.000000 0.000000
vt 0.000000 1.000000
vt 0.000000 0.000000
vt 1.000000 0.000000
vt 0.000000 1.000000
vt 0.000000 0.000000
vt 1.000000 0.000000
vt 0.000000 1.000000
vt 0.000000 0.000000
vt 1.000000 0.000000
vt 0.000000 1.000000
vt 0.000000 0.000000
vt 1.000000 0.000000
vt 0.000000 1.000000
vt 0.000000 0.000000
vt 1.000000 0.000000
vt 0.000000 1.000000
vt 0.000000 0.000000
vt 1.000000 0.000000
vt 0.000000 1.000000
vt 0.000000 0.000000
vt 1.000000 0.000000
vt 0.000000 1.000000
vt 0.000000 0.000000
vt 1.000000 0.000000
vt 0.000000 1.000000
vt 0.000000 0.000000
vt 1.000000 0.000000
vt 0.000000 1.000000
vt 0.000000 0.000000
vt 1.000000 0.000000
vt 0.000000 1.000000
vt 0.000000 0.000000
vt 1.000000 0.000000
vt 0.000000 1.000000
vt 0.000000 0.000000
vt 1.000000 0.000000
vt 0.000000 1.000000
vt 0.000000 0.000000
vt 1.000000 0.000000
vt 0.000000 1.000000
vt 0.000000 0.000000
vt 1.000000 0.000000
vt 0.000000 1.000000
vt 0.000000 0.000000
vt 1.000000 0.000000
vt 0.000000 1.000000
vt 0.000000 0.000000
vt 1.000000 0.000000
vt 0.000000 1.000000
vt 0.000000 0.000000
vt 1.000000 0.000000
vt 0.000000 1.000000
vt 0.000000 0.000000
vt 1.000000 0.000000
vt 0.000000 1.000000
vt 0.000000 0.000000
vt 1.000000 0.000000
vt 0.000000 1.000000
vt 0.000000 0.000000
vt 1.000000 0.000000
vt 0.000000 1.000000
vt 0.000000 0.000000
vt 1.000000 0.000000
vt 0.000000 1.000000
vt 0.000000 0.000000
vt 1.000000 0.000000
vt 0.000000 1.000000
vt 0.000000 0.000000
vt 1.000000 0.000000
vt 0.000000 1.000000
vt 0.000000 0.000000
vt 1.000000 0.000000
vt 0.000000 1.000000
vt 0.000000 0.000000
vt 1.000000 0.000000
vt 0.000000 1.000000
vt 0.000000 0.000000
vt 1.000000 0.000000
vt 0.000000 1.000000
vt 0.000000 0.000000
vt 1.000000 0.000000
vt 0.000000 1.000000
vt 0.000000 0.000000
vt 1.000000 0.000000
vt 0.000000 1.000000
vt 0.000000 0.000000
vt 1.000000 0.000000
vt 0.000000 1.000000
vt 0.000000 0.000000
vt 1.000000 0.000000
vt 0.000000 1.000000
vt 0.000000 0.000000
vt 1.000000 0.000000
vt 0.000000 1.000000
vt 0.000000 0.000000
vt 1.000000 0.000000
vt 0.000000 1.000000
vt 0.000000 0.000000
vt 1.000000 0.000000
vt 0.000000 1.000000
vt 0.000000 0.000000
vt 1.000000 0.000000
vt 0.000000 1.000000
vt 0.000000 0.000000
vt 1.000000 0.000000
vt 0.000000 1.000000
vt 0.000000 0.000000
vt 1.000000 0.000000
vt 0.000000 1.000000
vt 0.000000 0.000000
vt 1.000000 0.000000
vt 0.000000 1.000000
vt 0.000000 0.000000
vt 1.000000 0.000000
vt 0.000000 1.000000
vt 0.000000 0.000000
vt 1.000000 0.000000
vt 0.000000 1.000000
vt 0.000000 0.000000
vt 1.000000 0.000000
vt 0.000000 1.000000
vt 0.000000 0.000000
vt 1.000000 0.000000
vt 0.000000 1.000000
vt 0.000000 0.000000
vt 1.000000 0.000000
vt 0.000000 1.000000
vt 0.000000 0.000000
vt 1.000000 0.000000
vt 0.000000 1.000000
vt 0.000000 0.000000
vt 1.000000 0.000000
vt 0.000000 1.000000
vt 0.000000 0.000000
vt 1.000000 0.000000
vt 0.000000 1.000000
vt 0.000000 0.000000
vt 1.000000 0.000000
vt 0.000000 1.000000
vt 0.000000 0.000000
vt 1.000000 0.000000
vt 0.000000 1.000000
vt 0.000000 0.000000
vt 1.000000 0.000000
vt 0.000000 1.000000
vt 0.000000 0.000000
vt 1.000000 0.000000
vt 0.000000 1.000000
vt 0.000000 0.000000
vt 1.000000 0.000000
vt 0.000000 1.000000
vt 0.000000 0.000000
vt 1.000000 0.000000
vt 0.000000 1.000000
vt 0.000000 0.000000
vt 1.000000 0.000000
vt 0.000000 1.000000
vt 0.000000 0.000000
vt 1.000000 0.000000
vt 0.000000 1.000000
vt 0.000000 0.000000
vt 1.000000 0.000000
vt 0.000000 1.000000
vt 0.000000 0.000000
vt 1.000000 0.000000
vt 0.000000 1.000000
vt 0.000000 0.000000
vt 1.000000 0.000000
vt 0.000000 1.000000
vt 0.000000 0.000000
vt 1.000000 0.000000
vt 0.000000 1.000000
vt 0.000000 0.000000
vt 1.000000 0.000000
vt 0.000000 1.000000
vt 0.000000 0.000000
vt 1.000000 0.000000
vt 0.000000 1.000000
vt 0.000000 0.000000
vt 1.000000 0.000000
vt 0.000000 1.000000
vt 0.000000 0.000000
vt 1.000000 0.000000
vt 0.000000 1.000000
vt 0.000000 0.000000
vt 1.000000 0.000000
vt 0.000000 1.000000
vt 0.000000 0.000000
vt 1.000000 0.000000
vt 0.000000 1.000000
vt 0.000000 0.000000
vt 1.000000 0.000000
vt 0.000000 1.000000
vt 0.000000 0.000000
vt 1.000000 0.000000
vt 0.000000 1.000000
vt 0.000000 0.000000
vt 1.000000 0.000000
vt 0.000000 1.000000
vt 0.000000 0.000000
vt 1.000000 0.000000
vt 0.000000 1.000000
vt 0.000000 0.000000
vt 1.000000 0.000000
vt 0.000000 1.000000
vt 0.000000 0.000000
vt 1.000000 0.000000
vt 0.000000 1.000000
vt 0.000000 0.000000
vt 1.000000 0.000000
vt 0.000000 1.000000
vt 0.000000 0.000000
vt 1.000000 0.000000
vt 0.000000 1.000000
vt 0.000000 0.000000
vt 1.000000 0.000000
vt 0.000000 1.000000
vt 0.000000 0.000000
vt 1.000000 0.000000
vt 0.000000 1.000000
vt 0.000000 0.000000
vt 1.000000 0.000000
vt 0.000000 1.000000
vt 0.000000 0.000000
vt 1.000000 0.000000
vt 0.000000 1.000000
vt 0.000000 0.000000
vt 1.000000 0.000000
vt 0.000000 1.000000
vt 0.000000 0.000000
vt 1.000000 0.000000
vt 0.000000 1.000000
vt 0.000000 0.000000
vt 1.000000 0.000000
vt 0.000000 1.000000
vt 0.000000 0.000000
vt 1.000000 0.000000
vt 0.000000 1.000000
vt 0.000000 0.000000
vt 1.000000 0.000000
vt 0.000000 1.000000
vt 0.000000 0.000000
vt 1.000000 0.000000
vt 0.000000 1.000000
vt 0.000000 0.000000
vt 1.000000 0.000000
vt 0.000000 1.000000
vt 0.000000 0.000000
vt 1.000000 0.000000
vt 0.000000 1.000000
vt 0.000000 0.000000
vt 1.000000 0.000000
vt 0.000000 1.000000
vt 0.000000 0.000000
vt 1.000000 0.000000
vt 0.000000 1.000000
vt 0.000000 0.000000
vt 1.000000 0.000000
vt 0.000000 1.000000
vt 0.000000 0.000000
vt 1.000000 0.000000
vt 0.000000 1.000000
vt 0.000000 0.000000
vt 1.000000 0.000000
vt 0.000000 1.000000
vt 0.000000 0.000000
vt 1.000000 0.000000
vt 0.000000 1.000000
vt 0.000000 0.000000
vt 1.000000 0.000000
vt 0.000000 1.000000
vt 0.000000 0.000000
vt 1.000000 0.000000
vt 0.000000 1.000000
vt 0.000000 0.000000
vt 1.000000 0.000000
vt 0.000000 1.000000
vt 0.000000 0.000000
vt 1.000000 0.000000
vt 0.000000 1.000000
vt 0.000000 0.000000
vt 1.000000 0.000000
vt 0.000000 1.000000
vt 0.000000 0.000000
vt 1.000000 0.000000
vt 0.000000 1.000000
vt 0.000000 0.000000
vt 1.000000 0.000000
vt 0.000000 1.000000
vt 0.000000 0.000000
vt 1.000000 0.000000
vt 0.000000 1.000000
vt 0.000000 0.000000
vt 1.000000 0.000000
vt 0.000000 1.000000
vt 0.000000 0.000000
vt 1.000000 0.000000
vt 0.000000 1.000000
vt 0.000000 0.000000
vt 1.000000 0.000000
vt 0.000000 1.000000
vt 0.000000 0.000000
vt 1.000000 0.000000
vt 0.000000 1.000000
vt 0.000000 0.000000
vt 1.000000 0.000000
vt 0.000000 1.000000
vt 0.000000 0.000000
vt 1.000000 0.000000
vt 0.000000 1.000000
vt 0.000000 0.000000
vt 1.000000 0.000000
vt 0.000000 1.000000
vt 0.000000 0.000000
vt 1.000000 0.000000
vt 0.000000 1.000000
vt 0.000000 0.000000
vt 1.000000 0.000000
vt 0.000000 1.000000
vt 0.000000 0.000000
vt 1.000000 0.000000
vt 0.000000 1.000000
vt 0.000000 0.000000
vt 1.000000 0.000000
vt 0.000000 1.000000
vt 0.000000 0.000000
vt 1.000000 0.000000
vt 0.000000 1.000000
vt 0.000000 0.000000
vt 1.000000 0.000000
vt 0.000000 1.000000
vt 0.000000 0.000000
vt 1.000000 0.000000
vt 0.000000 1.000000
vt 0.000000 0.000000
vt 1.000000 0.000000
vt 0.000000 1.000000
vt 0.000000 0.000000
vt 1.000000 0.000000
vt 0.000000 1.000000
vt 0.000000 0.000000
vt 1.000000 0.000000
vt 0.000000 1.000000
vt 0.000000 0.000000
vt 1.000000 0.000000
vt 0.000000 1.000000
vt 0.000000 0.000000
vt 1.000000 0.000000
vt 0.000000 1.000000
vt 0.000000 0.000000
vt 1.000000 0.000000
vt 0.000000 1.000000
vt 0.000000 0.000000
vt 1.000000 0.000000
vt 0.000000 1.000000
vt 0.000000 0.000000
vt 1.000000 0.000000
vt 0.000000 1.000000
vt 0.000000 0.000000
vt 1.000000 0.000000
vt 0.000000 1.000000
vt 0.000000 0.000000
vt 1.000000 0.000000
vt 0.000000 1.000000
vt 0.000000 0.000000
vt 1.000000 0.000000
vt 0.000000 1.000000
vt 0.000000 0.000000
vt 1.000000 0.000000
vt 0.000000 1.000000
vt 0.000000 0.000000
vt 1.000000 0.000000
vt 0.000000 1.000000
vt 0.000000 0.000000
vt 1.000000 0.000000
vt 0.000000 1.000000
vt 0.000000 0.000000
vt 1.000000 0.000000
vt 0.000000 1.000000
vt 0.000000 0.000000
vt 1.000000 0.000000
vt 0.000000 1.000000
vt 0.000000 0.000000
vt 1.000000 0.000000
vt 0.000000 1.000000
vt 0.000000 0.000000
vt 1.000000 0.000000
vt 0.000000 1.000000
vt 0.000000 0.000000
vt 1.000000 0.000000
vt 0.000000 1.000000
vt 0.000000 0.000000
vt 1.000000 0.000000
vt 0.000000 1.000000
vt 0.000000 0.000000
vt 1.000000 0.000000
vt 0.000000 1.000000
vt 0.000000 0.000000
vt 1.000000 0.000000
vt 0.000000 1.000000
vt 0.000000 0.000000
vt 1.000000 0.000000
vt 0.000000 1.000000
vt 0.000000 0.000000
vt 1.000000 0.000000
vt 0.000000 1.000000
vt 0.000000 0.000000
vt 1.000000 0.000000
vt 0.000000 1.000000
vt 0.000000 0.000000
vt 1.000000 0.000000
vt 0.000000 1.000000
vt 0.000000 0.000000
vt 1.000000 0.000000
vt 0.000000 1.000000
vt 0.000000 0.000000
vt 1.000000 0.000000
vt 0.000000 1.000000
vt 0.000000 0.000000
vt 1.000000 0.000000
vt 0.000000 1.000000
vt 0.000000 0.000000
vt 1.000000 0.000000
vt 0.000000 1.000000
vt 0.000000 0.000000
vt 1.000000 0.000000
vt 0.000000 1.000000
vt 0.000000 0.000000
vt 1.000000 0.000000
vt 0.000000 1.000000
vt 0.000000 0.000000
vt 1.000000 0.000000
vt 0.000000 1.000000
vt 0.000000 0.000000
vt 1.000000 0.000000
vt 0.000000 1.000000
vt 0.000000 0.000000
vt 1.000000 0.000000
vt 0.000000 1.000000
vt 0.000000 0.000000
vt 1.000000 0.000000
vt 0.000000 1.000000
vt 0.000000 0.000000
vt 1.000000 0.000000
vt 0.000000 1.000000
vt 0.000000 0.000000
vt 1.000000 0.000000
vt 0.000000 1.000000
vt 0.000000 0.000000
vt 1.000000 0.000000
vt 0.000000 1.000000
vt 0.000000 0.000000
vt 1.000000 0.000000
vt 0.000000 1.000000
vt 0.000000 0.000000
vt 1.000000 0.000000
vt 0.000000 1.000000
vt 0.000000 0.000000
vt 1.000000 0.000000
vt 0.000000 1.000000
vt 0.000000 0.000000
vt 1.000000 0.000000
vt 0.000000 1.000000
vt 0.000000 0.000000
vt 1.000000 0.000000
vt 0.000000 1.000000
vt 0.000000 0.000000
vt 1.000000 0.000000
vt 0.000000 1.000000
vt 0.000000 0.000000
vt 1.000000 0.000000
vt 0.000000 1.000000
vt 0.000000 0.000000
vt 1.000000 0.000000
vt 0.000000 1.000000
vt 0.000000 0.000000
vt 1.000000 0.000000
vt 0.000000 1.000000
vt 0.000000 0.000000
vt 1.000000 0.000000
vt 0.000000 1.000000
vt 0.000000 0.000000
vt 1.000000 0.000000
vt 0.000000 1.000000
vt 0.000000 0.000000
vt 1.000000 0.000000
vt 0.000000 1.000000
vt 0.000000 0.000000
vt 1.000000 0.000000
vt 0.000000 1.000000
vt 0.000000 0.000000
vt 1.000000 0.000000
vt 0.000000 1.000000
vt 0.000000 0.000000
vt 1.000000 0.000000
vt 0.000000 1.000000
vt 0.000000 0.000000
vt 1.000000 0.000000
vt 0.000000 1.000000
vt 0.000000 0.000000
vt 1.000000 0.000000
vt 0.000000 1.000000
vt 0.000000 0.000000
vt 1.000000 0.000000
vt 0.000000 1.000000
vt 0.000000 0.000000
vt 1.000000 0.000000
vt 0.000000 1.000000
vt 0.000000 0.000000
vt 1.000000 0.000000
vt 0.000000 1.000000
vt 0.000000 0.000000
vt 1.000000 0.000000
vt 0.000000 1.000000
vt 0.000000 0.000000
vt 1.000000 0.000000
vt 0.000000 1.000000
vt 0.000000 0.000000
vt 1.000000 0.000000
vt 0.000000 1.000000
vt 0.000000 0.000000
vt 1.000000 0.000000
vt 0.000000 1.000000
vt 0.000000 0.000000
vt 1.000000 0.000000
vt 0.000000 1.000000
vt 0.000000 0.000000
vt 1.000000 0.000000
vt 0.000000 1.000000
vt 0.000000 0.000000
vt 1.000000 0.000000
vt 0.000000 1.000000
vt 0.000000 0.000000
vt 1.000000 0.000000
vt 0.000000 1.000000
vt 0.000000 0.000000
vt 1.000000 0.000000
vt 0.000000 1.000000
vt 0.000000 0.000000
vt 1.000000 0.000000
vt 0.000000 1.000000
vt 0.000000 0.000000
vt 1.000000 0.000000
vt 0.000000 1.000000
vt 0.000000 0.000000
vt 1.000000 0.000000
vt 0.000000 1.000000
vt 0.000000 0.000000
vt 1.000000 0.000000
vt 0.000000 1.000000
vt 0.000000 0.000000
vt 1.000000 0.000000
vt 0.000000 1.000000
vt 0.000000 0.000000
vt 1.000000 0.000000
vt 0.000000 1.000000
vt 0.000000 0.000000
vt 1.000000 0.000000
vt 0.000000 1.000000
vt 0.000000 0.000000
vt 1.000000 0.000000
vt 0.000000 1.000000
vt 0.000000 0.000000
vt 1.000000 0.000000
vt 0.000000 1.000000
vt 0.000000 0.000000
vt 1.000000 0.000000
vt 0.000000 1.000000
vt 0.000000 0.000000
vt 1.000000 0.000000
vt 0.000000 1.000000
vt 0.000000 0.000000
vt 1.000000 0.000000
vt 0.000000 1.000000
vt 0.000000 0.000000
vt 1.000000 0.000000
vt 0.000000 1.000000
vt 0.000000 0.000000
vt 1.000000 0.000000
vt 0.000000 1.000000
vt 0.000000 0.000000
vt 1.000000 0.000000
vt 0.000000 1.000000
vt 0.000000 0.000000
vt 1.000000 0.000000
vt 0.000000 1.000000
vt 0.000000 0.000000
vt 1.000000 0.000000
vt 0.000000 1.000000
vt 0.000000 0.000000
vt 1.000000 0.000000
vt 0.000000 1.000000
vt 0.000000 0.000000
vt 1.000000 0.000000
vt 0.000000 1.000000
vt 0.000000 0.000000
vt 1.000000 0.000000
vt 0.000000 1.000000
vt 0.000000 0.000000
vt 1.000000 0.000000
vt 0.000000 1.000000
vt 0.000000 0.000000
vt 1.000000 0.000000
vt 0.000000 1.000000
vt 0.000000 0.000000
vt 1.000000 0.000000
vt 0.000000 1.000000
vt 0.000000 0.000000
vt 1.000000 0.000000
vt 0.000000 1.000000
vt 0.000000 0.000000
vt 1.000000 0.000000
vt 0.000000 1.000000
vt 0.000000 0.000000
vt 1.000000 0.000000
vt 0.000000 1.000000
vt 0.000000 0.000000
vt 1.000000 0.000000
vt 0.000000 1.000000
vt 0.000000 0.000000
vt 1.000000 0.000000
vt 0.000000 1.000000
vt 0.000000 0.000000
vt 1.000000 0.000000
vt 0.000000 1.000000
vt 0.000000 0.000000
vt 1.000000 0.000000
vt 0.000000 1.000000
vt 0.000000 0.000000
vt 1.000000 0.000000
vt 0.000000 1.000000
vt 0.000000 0.000000
vt 1.000000 0.000000
vt 0.000000 1.000000
vt 0.000000 0.000000
vt 1.000000 0.000000
vt 0.000000 1.000000
vt 0.000000 0.000000
vt 1.000000 0.000000
vt 0.000000 1.000000
vt 0.000000 0.000000
vt 1.000000 0.000000
vt 0.000000 1.000000
vt 0.000000 0.000000
vt 1.000000 0.000000
vt 0.000000 1.000000
vt 0.000000 0.000000
vt 1.000000 0.000000
vt 0.000000 1.000000
vt 0.000000 0.000000
vt 1.000000 0.000000
vt 0.000000 1.000000
vt 0.000000 0.000000
vt 1.000000 0.000000
vt 0.000000 1.000000
vt 0.000000 0.000000
vt 1.000000 0.000000
vt 0.000000 1.000000
vt 0.000000 0.000000
vt 1.000000 0.000000
vt 0.000000 1.000000
vt 0.000000 0.000000
vt 1.000000 0.000000
vt 0.000000 1.000000
vt 0.000000 0.000000
vt 1.000000 0.000000
vt 0.000000 1.000000
vt 0.000000 0.000000
vt 1.000000 0.000000
vt 0.000000 1.000000
vt 0.000000 0.000000
vt 1.000000 0.000000
vt 0.000000 1.000000
vt 0.000000 0.000000
vt 1.000000 0.000000
vt 0.000000 1.000000
vt 0.000000 0.000000
vt 1.000000 0.000000
vt 0.000000 1.000000
vt 0.000000 0.000000
vt 1.000000 0.000000
vt 0.000000 1.000000
vt 0.000000 0.000000
vt 1.000000 0.000000
vt 0.000000 1.000000
vt 0.000000 0.000000
vt 1.000000 0.000000
vt 0.000000 1.000000
vt 0.000000 0.000000
vt 1.000000 0.000000
vt 0.000000 1.000000
vt 0.000000 0.000000
vt 1.000000 0.000000
vt 0.000000 1.000000
vt 0.000000 0.000000
vt 1.000000 0.000000
vt 0.000000 1.000000
vt 0.000000 0.000000
vt 1.000000 0.000000
vt 0.000000 1.000000
vt 0.000000 0.000000
vt 1.000000 0.000000
vt 0.000000 1.000000
vt 0.000000 0.000000
vt 1.000000 0.000000
vt 0.000000 1.000000
vt 0.000000 0.000000
vt 1.000000 0.000000
vt 0.000000 1.000000
vt 0.000000 0.000000
vt 1.000000 0.000000
vt 0.000000 1.000000
vt 0.000000 0.000000
vt 1.000000 0.000000
vt 0.000000 1.000000
vt 0.000000 0.000000
vt 1.000000 0.000000
vt 0.000000 1.000000
vt 0.000000 0.000000
vt 1.000000 0.000000
vt 0.000000 1.000000
vt 0.000000 0.000000
vt 1.000000 0.000000
vt 0.000000 1.000000
vt 0.000000 0.000000
vt 1.000000 0.000000
vt 0.000000 1.000000
vt 0.000000 0.000000
vt 1.000000 0.000000
vt 0.000000 1.000000
vt 0.000000 0.000000
vt 1.000000 0.000000
vt 0.000000 1.000000
vt 0.000000 0.000000
vt 1.000000 0.000000
vt 0.000000 1.000000
vt 0.000000 0.000000
vt 1.000000 0.000000
vt 0.000000 1.000000
vt 0.000000 0.000000
vt 1.000000 0.000000
vt 0.000000 1.000000
vt 0.000000 0.000000
vt 1.000000 0.000000
vt 0.000000 1.000000
vt 0.000000 0.000000
vt 1.000000 0.000000
vt 0.000000 1.000000
vt 0.000000 0.000000
vt 1.000000 0.000000
vt 0.000000 1.000000
vt 0.000000 0.000000
vt 1.000000 0.000000
vt 0.000000 1.000000
vt 0.000000 0.000000
vt 1.000000 0.000000
vt 0.000000 1.000000
vt 0.000000 0.000000
vt 1.000000 0.000000
vt 0.000000 1.000000
vt 0.000000 0.000000
vt 1.000000 0.000000
vt 0.000000 1.000000
vt 0.000000 0.000000
vt 1.000000 0.000000
vt 0.000000 1.000000
vt 0.000000 0.000000
vt 1.000000 0.000000
vt 0.000000 1.000000
vt 0.000000 0.000000
vt 1.000000 0.000000
vt 0.000000 1.000000
vt 0.000000 0.000000
vt 1.000000 0.000000
vt 0.000000 1.000000
vt 0.000000 0.000000
vt 1.000000 0.000000
vt 0.000000 1.000000
vt 0.000000 0.000000
vt 1.000000 0.000000
vt 0.000000 1.000000
vt 0.000000 0.000000
vt 1.000000 0.000000
vt 0.000000 1.000000
vt 0.000000 0.000000
vt 1.000000 0.000000
vt 0.000000 1.000000
vt 0.000000 0.000000
vt 1.000000 0.000000
vt 0.000000 1.000000
vt 0.000000 0.000000
vt 1.000000 0.000000
vt 0.000000 1.000000
vt 0.000000 0.000000
vt 1.000000 0.000000
vt 0.000000 1.000000
vt 0.000000 0.000000
vt 1.000000 0.000000
vt 0.000000 1.000000
vt 0.000000 0.000000
vt 1.000000 0.000000
vt 0.000000 1.000000
vt 0.000000 0.000000
vt 1.000000 0.000000
vt 0.000000 1.000000
vt 0.000000 0.000000
vt 1.000000 0.000000
vt 0.000000 1.000000
vt 0.000000 0.000000
vt 1.000000 0.000000
vt 0.000000 1.000000
vt 0.000000 0.000000
vt 1.000000 0.000000
vt 0.000000 1.000000
vt 0.000000 0.000000
vt 1.000000 0.000000
vt 0.000000 1.000000
vt 0.000000 0.000000
vt 1.000000 0.000000
vt 0.000000 1.000000
vt 0.000000 0.000000
vt 1.000000 0.000000
vt 0.000000 1.000000
vt 0.000000 0.000000
vt 1.000000 0.000000
vt 0.000000 1.000000
vt 0.000000 0.000000
vt 1.000000 0.000000
vt 0.000000 1.000000
vt 0.000000 0.000000
vt 1.000000 0.000000
vt 0.000000 1.000000
vt 0.000000 0.000000
vt 1.000000 0.000000
vt 0.000000 1.000000
vt 0.000000 0.000000
vt 1.000000 0.000000
vt 0.000000 1.000000
vt 0.000000 0.000000
vt 1.000000 0.000000
vt 0.000000 1.000000
vt 0.000000 0.000000
vt 1.000000 0.000000
vt 0.000000 1.000000
vt 0.000000 0.000000
vt 1.000000 0.000000
vt 0.000000 1.000000
vt 0.000000 0.000000
vt 1.000000 0.000000
vt 0.000000 1.000000
vt 0.000000 0.000000
vt 1.000000 0.000000
vt 0.000000 1.000000
vt 0.000000 0.000000
vt 1.000000 0.000000
vt 0.000000 1.000000
vt 0.000000 0.000000
vt 1.000000 0.000000
vt 0.000000 1.000000
vt 0.000000 0.000000
vt 1.000000 0.000000
vt 0.000000 1.000000
vt 0.000000 0.000000
vt 1.000000 0.000000
vt 0.000000 1.000000
vt 0.000000 0.000000
vt 1.000000 0.000000
vt 0.000000 1.000000
vt 0.000000 0.000000
vt 1.000000 0.000000
vt 0.000000 1.000000
vt 0.000000 0.000000
vt 1.000000 0.000000
vt 0.000000 1.000000
vt 0.000000 0.000000
vt 1.000000 0.000000
vt 0.000000 1.000000
vt 0.000000 0.000000
vt 1.000000 0.000000
vt 0.000000 1.000000
vt 0.000000 0.000000
vt 1.000000 0.000000
vt 0.000000 1.000000
vt 0.000000 0.000000
vt 1.000000 0.000000
vt 0.000000 1.000000
vt 0.000000 0.000000
vt 1.000000 0.000000
vt 0.000000 1.000000
vt 0.000000 0.000000
vt 1.000000 0.000000
vt 0.000000 1.000000
vt 0.000000 0.000000
vt 1.000000 0.000000
vt 0.000000 1.000000
vt 0.000000 0.000000
vt 1.000000 0.000000
vt 0.000000 1.000000
vt 0.000000 0.000000
vt 1.000000 0.000000
vt 0.000000 1.000000
vt 0.000000 0.000000
vt 1.000000 0.000000
vt 0.000000 1.000000
vt 0.000000 0.000000
vt 1.000000 0.000000
vt 0.000000 1.000000
vt 0.000000 0.000000
vt 1.000000 0.000000
vt 0.000000 1.000000
vt 0.000000 0.000000
vt 1.000000 0.000000
vt 0.000000 1.000000
vt 0.000000 0.000000
vt 1.000000 0.000000
vt 0.000000 1.000000
vt 0.000000 0.000000
vt 1.000000 0.000000
vt 0.000000 1.000000
vt 0.000000 0.000000
vt 1.000000 0.000000
vt 0.000000 1.000000
vt 0.000000 0.000000
vt 1.000000 0.000000
vt 0.000000 1.000000
vt 0.000000 0.000000
vt 1.000000 0.000000
vt 0.000000 1.000000
vt 0.000000 0.000000
vt 1.000000 0.000000
vt 0.000000 1.000000
vt 0.000000 0.000000
vt 1.000000 0.000000
vt 0.000000 1.000000
vt 0.000000 0.000000
vt 1.000000 0.000000
vt 0.000000 1.000000
vt 0.000000 0.000000
vt 1.000000 0.000000
vt 0.000000 1.000000
vt 0.000000 0.000000
vt 1.000000 0.000000
vt 0.000000 1.000000
vt 0.000000 0.000000
vt 1.000000 0.000000
vt 0.000000 1.000000
vt 0.000000 0.000000
vt 1.000000 0.000000
vt 0.000000 1.000000
vt 0.000000 0.000000
vt 1.000000 0.000000
vt 0.000000 1.000000
vt 0.000000 0.000000
vt 1.000000 0.000000
vt 0.000000 1.000000
vt 0.000000 0.000000
vt 1.000000 0.000000
vt 0.000000 1.000000
vt 0.000000 0.000000
vt 1.000000 0.000000
vt 0.000000 1.000000
vt 0.000000 0.000000
vt 1.000000 0.000000
vt 0.000000 1.000000
vt 0.000000 0.000000
vt 1.000000 0.000000
vt 0.000000 1.000000
vt 0.000000 0.000000
vt 1.000000 0.000000
vt 0.000000 1.000000
vt 0.000000 0.000000
vt 1.000000 0.000000
vt 0.000000 1.000000
vt 0.000000 0.000000
vt 1.000000 0.000000
vt 0.000000 1.000000
vt 0.000000 0.000000
vt 1.000000 0.000000
vt 0.000000 1.000000
vt 0.000000 0.000000
vt 1.000000 0.000000
vt 0.000000 1.000000
vt 0.000000 0.000000
vt 1.000000 0.000000
vt 0.000000 1.000000
vt 0.000000 0.000000
vt 1.000000 0.000000
vt 0.000000 1.000000
vt 0.000000 0.000000
vt 1.000000 0.000000
vt 0.000000 1.000000
vt 0.000000 0.000000
vt 1.000000 0.000000
vt 0.000000 1.000000
vt 0.000000 0.000000
vt 1.000000 0.000000
vt 0.000000 1.000000
vt 0.000000 0.000000
vt 1.000000 0.000000
vt 0.000000 1.000000
vt 0.000000 0.000000
vt 1.000000 0.000000
vt 0.000000 1.000000
vt 0.000000 0.000000
vt 1.000000 0.000000
vt 0.000000 1.000000
vt 0.000000 0.000000
vt 1.000000 0.000000
vt 0.000000 1.000000
vt 0.000000 0.000000
vt 1.000000 0.000000
vt 0.000000 1.000000
vt 0.000000 0.000000
vt 1.000000 0.000000
vt 0.000000 1.000000
vt 0.000000 0.000000
vt 1.000000 0.000000
vt 0.000000 1.000000
vt 0.000000 0.000000
vt 1.000000 0.000000
vt 0.000000 1.000000
vt 0.000000 0.000000
vt 1.000000 0.000000
vt 0.000000 1.000000
vt 0.000000 0.000000
vt 1.000000 0.000000
vt 0.000000 1.000000
vt 0.000000 0.000000
vt 1.000000 0.000000
vt 0.000000 1.000000
vt 0.000000 0.000000
vt 1.000000 0.000000
vt 0.000000 1.000000
vt 0.000000 0.000000
vt 1.000000 0.000000
vt 0.000000 1.000000
vt 0.000000 0.000000
vt 1.000000 0.000000
vt 0.000000 1.000000
vt 0.000000 0.000000
vt 1.000000 0.000000
vt 0.000000 1.000000
vt 0.000000 0.000000
vt 1.000000 0.000000
vt 0.000000 1.000000
vt 0.000000 0.000000
vt 1.000000 0.000000
vt 0.000000 1.000000
vt 0.000000 0.000000
vt 1.000000 0.000000
vt 0.000000 1.000000
vt 0.000000 0.000000
vt 1.000000 0.000000
vt 0.000000 1.000000
vt 0.000000 0.000000
vt 1.000000 0.000000
vt 0.000000 1.000000
vt 0.000000 0.000000
vt 1.000000 0.000000
vt 0.000000 1.000000
vt 0.000000 0.000000
vt 1.000000 0.000000
vt 0.000000 1.000000
vt 0.000000 0.000000
vt 1.000000 0.000000
vt 0.000000 1.000000
vt 0.000000 0.000000
vt 1.000000 0.000000
vt 0.000000 1.000000
vt 0.000000 0.000000
vt 1.000000 0.000000
vt 0.000000 1.000000
vt 0.000000 0.000000
vt 1.000000 0.000000
vt 0.000000 1.000000
vt 0.000000 0.000000
vt 1.000000 0.000000
vt 0.000000 1.000000
vt 0.000000 0.000000
vt 1.000000 0.000000
vt 0.000000 1.000000
vt 0.000000 0.000000
vt 1.000000 0.000000
vt 0.000000 1.000000
vt 0.000000 0.000000
vt 1.000000 0.000000
vt 0.000000 1.000000
vt 0.000000 0.000000
vt 1.000000 0.000000
vt 0.000000 1.000000
vt 0.000000 0.000000
vt 1.000000 0.000000
vt 0.000000 1.000000
vt 0.000000 0.000000
vt 1.000000 0.000000
vt 0.000000 1.000000
vt 0.000000 0.000000
vt 1.000000 0.000000
vt 0.000000 1.000000
vt 0.000000 0.000000
vt 1.000000 0.000000
vt 0.000000 1.000000
vt 0.000000 0.000000
vt 1.000000 0.000000
vt 0.000000 1.000000
vt 0.000000 0.000000
vt 1.000000 0.000000
vt 0.000000 1.000000
vt 0.000000 0.000000
vt 1.000000 0.000000
vt 0.000000 1.000000
vt 0.000000 0.000000
vt 1.000000 0.000000
vt 0.000000 1.000000
vt 0.000000 0.000000
vt 1.000000 0.000000
vt 0.000000 1.000000
vt 0.000000 0.000000
vt 1.000000 0.000000
vt 0.000000 1.000000
vt 0.000000 0.000000
vt 1.000000 0.000000
vt 0.000000 1.000000
vt 0.000000 0.000000
vt 1.000000 0.000000
vt 0.000000 1.000000
vt 0.000000 0.000000
vt 1.000000 0.000000
vt 0.000000 1.000000
vt 0.000000 0.000000
vt 1.000000 0.000000
vt 0.000000 1.000000
vt 0.000000 0.000000
vt 1.000000 0.000000
vt 0.000000 1.000000
vt 0.000000 0.000000
vt 1.000000 0.000000
vt 0.000000 1.000000
vt 0.000000 0.000000
vt 1.000000 0.000000
vt 0.000000 1.000000
vt 0.000000 0.000000
vt 1.000000 0.000000
vt 0.000000 1.000000
vt 0.000000 0.000000
vt 1.000000 0.000000
vt 0.000000 1.000000
vt 0.000000 0.000000
vt 1.000000 0.000000
vt 0.000000 1.000000
vt 0.000000 0.000000
vt 1.000000 0.000000
vt 0.000000 1.000000
vt 0.000000 0.000000
vt 1.000000 0.000000
vt 0.000000 1.000000
vt 0.000000 0.000000
vt 1.000000 0.000000
vt 0.000000 1.000000
vt 0.000000 0.000000
vt 1.000000 0.000000
vt 0.000000 1.000000
vt 0.000000 0.000000
vt 1.000000 0.000000
vt 0.000000 1.000000
vt 0.000000 0.000000
vt 1.000000 0.000000
vt 0.000000 1.000000
vt 0.000000 0.000000
vt 1.000000 0.000000
vt 0.000000 1.000000
vt 0.000000 0.000000
vt 1.000000 0.000000
vt 0.000000 1.000000
vt 0.000000 0.000000
vt 1.000000 0.000000
vt 0.000000 1.000000
vt 0.000000 0.000000
vt 1.000000 0.000000
vt 0.000000 1.000000
vt 0.000000 0.000000
vt 1.000000 0.000000
vt 0.000000 1.000000
vt 0.000000 0.000000
vt 1.000000 0.000000
vt 0.000000 1.000000
vt 0.000000 0.000000
vt 1.000000 0.000000
vt 0.000000 1.000000
vt 0.000000 0.000000
vt 1.000000 0.000000
vt 0.000000 1.000000
vt 0.000000 0.000000
vt 1.000000 0.000000
vt 0.000000 1.000000
vt 0.000000 0.000000
vt 1.000000 0.000000
vt 0.000000 1.000000
vt 0.000000 0.000000
vt 1.000000 0.000000
vt 0.000000 1.000000
vt 0.000000 0.000000
vt 1.000000 0.000000
vt 0.000000 1.000000
vt 0.000000 0.000000
vt 1.000000 0.000000
vt 0.000000 1.000000
vt 0.000000 0.000000
vt 1.000000 0.000000
vt 0.000000 1.000000
vt 0.000000 0.000000
vt 1.000000 0.000000
vt 0.000000 1.000000
vt 0.000000 0.000000
vt 1.000000 0.000000
vt 0.000000 1.000000
vt 0.000000 0.000000
vt 1.000000 0.000000
vt 0.000000 1.000000
vt 0.000000 0.000000
vt 1.000000 0.000000
vt 0.000000 1.000000
vt 0.000000 0.000000
vt 1.000000 0.000000
vt 0.000000 1.000000
vt 0.000000 0.000000
vt 1.000000 0.000000
vt 0.000000 1.000000
vt 0.000000 0.000000
vt 1.000000 0.000000
vt 0.000000 1.000000
vt 0.000000 0.000000
vt 1.000000 0.000000
vt 0.000000 1.000000
vt 0.000000 0.000000
vt 1.000000 0.000000
vt 0.000000 1.000000
vt 0.000000 0.000000
vt 1.000000 0.000000
vt 0.000000 1.000000
vt 0.000000 0.000000
vt 1.000000 0.000000
vt 0.000000 1.000000
vt 0.000000 0.000000
vt 1.000000 0.000000
vt 0.000000 1.000000
vt 0.000000 0.000000
vt 1.000000 0.000000
vt 0.000000 1.000000
vt 0.000000 0.000000
vt 1.000000 0.000000
vt 0.000000 1.000000
vt 0.000000 0.000000
vt 1.000000 0.000000
vt 0.000000 1.000000
vt 0.000000 0.000000
vt 1.000000 0.000000
vt 0.000000 1.000000
vt 0.000000 0.000000
vt 1.000000 0.000000
vt 0.000000 1.000000
vt 0.000000 0.000000
vt 1.000000 0.000000
vt 0.000000 1.000000
vt 0.000000 0.000000
vt 1.000000 0.000000
vt 0.000000 1.000000
vt 0.000000 0.000000
vt 1.000000 0.000000
vt 0.000000 1.000000
vt 0.000000 0.000000
vt 1.000000 0.000000
vt 0.000000 1.000000
vt 0.000000 0.000000
vt 1.000000 0.000000
vt 0.000000 1.000000
vt 0.000000 0.000000
vt 1.000000 0.000000
vt 0.000000 1.000000
vt 0.000000 0.000000
vt 1.000000 0.000000
vt 0.000000 1.000000
vt 0.000000 0.000000
vt 1.000000 0.000000
vt 0.000000 1.000000
vt 0.000000 0.000000
vt 1.000000 0.000000
vt 0.000000 1.000000
vt 0.000000 0.000000
vt 1.000000 0.000000
vt 0.000000 1.000000
vt 0.000000 0.000000
vt 1.000000 0.000000
vt 0.000000 1.000000
vt 0.000000 0.000000
vt 1.000000 0.000000
vt 0.000000 1.000000
vt 0.000000 0.000000
vt 1.000000 0.000000
vt 0.000000 1.000000
vt 0.000000 0.000000
vt 1.000000 0.000000
vt 0.000000 1.000000
vt 0.000000 0.000000
vt 1.000000 0.000000
vt 0.000000 1.000000
vt 0.000000 0.000000
vt 1.000000 0.000000
vt 0.000000 1.000000
vt 0.000000 0.000000
vt 1.000000 0.000000
vt 0.000000 1.000000
vt 0.000000 0.000000
vt 1.000000 0.000000
vt 0.000000 1.000000
vt 0.000000 0.000000
vt 1.000000 0.000000
vt 0.000000 1.000000
vt 0.000000 0.000000
vt 1.000000 0.000000
vt 0.000000 1.000000
vt 0.000000 0.000000
vt 1.000000 0.000000
vt 0.000000 1.000000
vt 0.000000 0.000000
vt 1.000000 0.000000
vt 0.000000 1.000000
vt 0.000000 0.000000
vt 1.000000 0.000000
vt 0.000000 1.000000
vt 0.000000 0.000000
vt 1.000000 0.000000
vt 0.000000 1.000000
vt 0.000000 0.000000
vt 1.000000 0.000000
vt 0.000000 1.000000
vt 0.000000 0.000000
vt 1.000000 0.000000
vt 0.000000 1.000000
vt 0.000000 0.000000
vt 1.000000 0.000000
vt 0.000000 1.000000
vt 0.000000 0.000000
vt 1.000000 0.000000
vt 0.000000 1.000000
vt 0.000000 0.000000
vt 1.000000 0.000000
vt 0.000000 1.000000
vt 0.000000 0.000000
vt 1.000000 0.000000
vt 0.000000 1.000000
vt 0.000000 0.000000
vt 1.000000 0.000000
vt 0.000000 1.000000
vt 0.000000 0.000000
vt 1.000000 0.000000
vt 0.000000 1.000000
vt 0.000000 0.000000
vt 1.000000 0.000000
vt 0.000000 1.000000
vt 0.000000 0.000000
vt 1.000000 0.000000
vt 0.000000 1.000000
vt 0.000000 0.000000
vt 1.000000 0.000000
vt 0.000000 1.000000
vt 0.000000 0.000000
vt 1.000000 0.000000
vt 0.000000 1.000000
vt 0.000000 0.000000
vt 1.000000 0.000000
vt 0.000000 1.000000
vt 0.000000 0.000000
vt 1.000000 0.000000
vt 0.000000 1.000000
vt 0.000000 0.000000
vt 1.000000 0.000000
vt 0.000000 1.000000
vt 0.000000 0.000000
vt 1.000000 0.000000
vt 0.000000 1.000000
vt 0.000000 0.000000
vt 1.000000 0.000000
vt 0.000000 1.000000
vt 0.000000 0.000000
vt 1.000000 0.000000
vt 0.000000 1.000000
vt 0.000000 0.000000
vt 1.000000 0.000000
vt 0.000000 1.000000
vt 0.000000 0.000000
vt 1.000000 0.000000
vt 0.000000 1.000000
vt 0.000000 0.000000
vt 1.000000 0.000000
vt 0.000000 1.000000
vt 0.000000 0.000000
vt 1.000000 0.000000
vt 0.000000 1.000000
vt 0.000000 0.000000
vt 1.000000 0.000000
vt 0.000000 1.000000
vt 0.000000 0.000000
vt 1.000000 0.000000
vt 0.000000 1.000000
vt 0.000000 0.000000
vt 1.000000 0.000000
vt 0.000000 1.000000
vt 0.000000 0.000000
vt 1.000000 0.000000
vt 0.000000 1.000000
vt 0.000000 0.000000
vt 1.000000 0.000000
vt 0.000000 1.000000
vt 0.000000 0.000000
vt 1.000000 0.000000
vt 0.000000 1.000000
vt 0.000000 0.000000
vt 1.000000 0.000000
vt 0.000000 1.000000
vt 0.000000 0.000000
vt 1.000000 0.000000
vt 0.000000 1.000000
vt 0.000000 0.000000
vt 1.000000 0.000000
vt 0.000000 1.000000
vt 0.000000 0.000000
vt 1.000000 0.000000
vt 0.000000 1.000000
vt 0.000000 0.000000
vt 1.000000 0.000000
vt 0.000000 1.000000
vt 0.000000 0.000000
vt 1.000000 0.000000
vt 0.000000 1.000000
vt 0.000000 0.000000
vt 1.000000 0.000000
vt 0.000000 1.000000
vt 0.000000 0.000000
vt 1.000000 0.000000
vt 0.000000 1.000000
vt 0.000000 0.000000
vt 1.000000 0.000000
vt 0.000000 1.000000
vt 0.000000 0.000000
vt 1.000000 0.000000
vt 0.000000 1.000000
vt 0.000000 0.000000
vt 1.000000 0.000000
vt 0.000000 1.000000
vt 0.000000 0.000000
vt 1.000000 0.000000
vt 0.000000 1.000000
vt 0.000000 0.000000
vt 1.000000 0.000000
vt 0.000000 1.000000
vt 0.000000 0.000000
vt 1.000000 0.000000
vt 0.000000 1.000000
vt 0.000000 0.000000
vt 1.000000 0.000000
vt 0.000000 1.000000
vt 0.000000 0.000000
vt 1.000000 0.000000
vt 0.000000 1.000000
vt 0.000000 0.000000
vt 1.000000 0.000000
vt 0.000000 1.000000
vt 0.000000 0.000000
vt 1.000000 0.000000
vt 0.000000 1.000000
vt 0.000000 0.000000
vt 1.000000 0.000000
vt 0.000000 1.000000
vt 0.000000 0.000000
vt 1.000000 0.000000
vt 0.000000 1.000000
vt 0.000000 0.000000
vt 1.000000 0.000000
vt 0.000000 1.000000
vt 0.000000 0.000000
vt 1.000000 0.000000
vt 0.000000 1.000000
vt 0.000000 0.000000
vt 1.000000 0.000000
vt 0.000000 1.000000
vt 0.000000 0.000000
vt 1.000000 0.000000
vt 0.000000 1.000000
vt 0.000000 0.000000
vt 1.000000 0.000000
vt 0.000000 1.000000
vt 0.000000 0.000000
vt 1.000000 0.000000
vt 0.000000 1.000000
vt 0.000000 0.000000
vt 1.000000 0.000000
vt 0.000000 1.000000
vt 0.000000 0.000000
vt 1.000000 0.000000
vt 0.000000 1.000000
vt 0.000000 0.000000
vt 1.000000 0.000000
vt 0.000000 1.000000
vt 0.000000 0.000000
vt 1.000000 0.000000
vt 0.000000 1.000000
vt 0.000000 0.000000
vt 1.000000 0.000000
vt 0.000000 1.000000
vt 0.000000 0.000000
vt 1.000000 0.000000
vt 0.000000 1.000000
vt 0.000000 0.000000
vt 1.000000 0.000000
vt 0.000000 1.000000
vt 0.000000 0.000000
vt 1.000000 0.000000
vt 0.000000 1.000000
vt 0.000000 0.000000
vt 1.000000 0.000000
vt 0.000000 1.000000
vt 0.000000 0.000000
vt 1.000000 0.000000
vt 0.000000 1.000000
vt 0.000000 0.000000
vt 1.000000 0.000000
vt 0.000000 1.000000
vt 0.000000 0.000000
vt 1.000000 0.000000
vt 0.000000 1.000000
vt 0.000000 0.000000
vt 1.000000 0.000000
vt 0.000000 1.000000
vt 0.000000 0.000000
vt 1.000000 0.000000
vt 0.000000 1.000000
vt 0.000000 0.000000
vt 1.000000 0.000000
vt 0.000000 1.000000
vt 0.000000 0.000000
vt 1.000000 0.000000
vt 0.000000 1.000000
vt 0.000000 0.000000
vt 1.000000 0.000000
vt 0.000000 1.000000
vt 0.000000 0.000000
vt 1.000000 0.000000
vt 0.000000 1.000000
vt 0.000000 0.000000
vt 1.000000 0.000000
vt 0.000000 1.000000
vt 0.000000 0.000000
vt 1.000000 0.000000
vt 0.000000 1.000000
vt 0.000000 0.000000
vt 1.000000 0.000000
vt 0.000000 1.000000
vt 0.000000 0.000000
vt 1.000000 0.000000
vt 0.000000 1.000000
vt 0.000000 0.000000
vt 1.000000 0.000000
vt 0.000000 1.000000
vt 0.000000 0.000000
vt 1.000000 0.000000
vt 0.000000 1.000000
vt 0.000000 0.000000
vt 1.000000 0.000000
vt 0.000000 1.000000
vt 0.000000 0.000000
vt 1.000000 0.000000
vt 0.000000 1.000000
vt 0.000000 0.000000
vt 1.000000 0.000000
vt 0.000000 1.000000
vt 0.000000 0.000000
vt 1.000000 0.000000
vt 0.000000 1.000000
vt 0.000000 0.000000
vt 1.000000 0.000000
vt 0.000000 1.000000
vt 0.000000 0.000000
vt 1.000000 0.000000
vt 0.000000 1.000000
vt 0.000000 0.000000
vt 1.000000 0.000000
vt 0.000000 1.000000
vt 0.000000 0.000000
vt 1.000000 0.000000
vt 0.000000 1.000000
vt 0.000000 0.000000
vt 1.000000 0.000000
vt 0.000000 1.000000
vt 0.000000 0.000000
vt 1.000000 0.000000
vt 0.000000 1.000000
vt 0.000000 0.000000
vt 1.000000 0.000000
vt 0.000000 1.000000
vt 0.000000 0.000000
vt 1.000000 0.000000
vt 0.000000 1.000000
vt 0.000000 0.000000
vt 1.000000 0.000000
vt 0.000000 1.000000
vt 0.000000 0.000000
vt 1.000000 0.000000
vt 0.000000 1.000000
vt 0.000000 0.000000
vt 1.000000 0.000000
vt 0.000000 1.000000
vt 0.000000 0.000000
vt 1.000000 0.000000
vt 0.000000 1.000000
vt 0.000000 0.000000
vt 1.000000 0.000000
vt 0.000000 1.000000
vt 0.000000 0.000000
vt 1.000000 0.000000
vt 0.000000 1.000000
vt 0.000000 0.000000
vt 1.000000 0.000000
vt 0.000000 1.000000
vt 0.000000 0.000000
vt 1.000000 0.000000
vt 0.000000 1.000000
vt 0.000000 0.000000
vt 1.000000 0.000000
vt 0.000000 1.000000
vt 0.000000 0.000000
vt 1.000000 0.000000
vt 0.000000 1.000000
vt 0.000000 0.000000
vt 1.000000 0.000000
vt 0.000000 1.000000
vt 0.000000 0.000000
vt 1.000000 0.000000
vt 0.000000 1.000000
vt 0.000000 0.000000
vt 1.000000 0.000000
vt 0.000000 1.000000
vt 0.000000 0.000000
vt 1.000000 0.000000
vt 0.000000 1.000000
vt 0.000000 0.000000
vt 1.000000 0.000000
vt 0.000000 1.000000
vt 0.000000 0.000000
vt 1.000000 0.000000
vt 0.000000 1.000000
vt 0.000000 0.000000
vt 1.000000 0.000000
vt 0.000000 1.000000
vt 0.000000 0.000000
vt 1.000000 0.000000
vt 0.000000 1.000000
vt 0.000000 0.000000
vt 1.000000 0.000000
vt 0.000000 1.000000
vt 0.000000 0.000000
vt 1.000000 0.000000
vt 0.000000 1.000000
vt 0.000000 0.000000
vt 1.000000 0.000000
vt 0.000000 1.000000
vt 0.000000 0.000000
vt 1.000000 0.000000
vt 0.000000 1.000000
vt 0.000000 0.000000
vt 1.000000 0.000000
vt 0.000000 1.000000
vt 0.000000 0.000000
vt 1.000000 0.000000
vt 0.000000 1.000000
vt 0.000000 0.000000
vt 1.000000 0.000000
vt 0.000000 1.000000
vt 0.000000 0.000000
vt 1.000000 0.000000
vt 0.000000 1.000000
vt 0.000000 0.000000
vt 1.000000 0.000000
vt 0.000000 1.000000
vt 0.000000 0.000000
vt 1.000000 0.000000
vt 0.000000 1.000000
vt 0.000000 0.000000
vt 1.000000 0.000000
vt 0.000000 1.000000
vt 0.000000 0.000000
vt 1.000000 0.000000
vt 0.000000 1.000000
vt 0.000000 0.000000
vt 1.000000 0.000000
vt 0.000000 1.000000
vt 0.000000 0.000000
vt 1.000000 0.000000
vt 0.000000 1.000000
vt 0.000000 0.000000
vt 1.000000 0.000000
vt 0.000000 1.000000
vt 0.000000 0.000000
vt 1.000000 0.000000
vt 0.000000 1.000000
vt 0.000000 0.000000
vt 1.000000 0.000000
vt 0.000000 1.000000
vt 0.000000 0.000000
vt 1.000000 0.000000
vt 0.000000 1.000000
vt 0.000000 0.000000
vt 1.000000 0.000000
vt 0.000000 1.000000
vt 0.000000 0.000000
vt 1.000000 0.000000
vt 0.000000 1.000000
vt 0.000000 0.000000
vt 1.000000 0.000000
vt 0.000000 1.000000
vt 0.000000 0.000000
vt 1.000000 0.000000
vt 0.000000 1.000000
vt 0.000000 0.000000
vt 1.000000 0.000000
vt 0.000000 1.000000
vt 0.000000 0.000000
vt 1.000000 0.000000
vt 0.000000 1.000000
vt 0.000000 0.000000
vt 1.000000 0.000000
vt 0.000000 1.000000
vt 0.000000 0.000000
vt 1.000000 0.000000
vt 0.000000 1.000000
vt 0.000000 0.000000
vt 1.000000 0.000000
vt 0.000000 1.000000
vt 0.000000 0.000000
vt 1.000000 0.000000
vt 0.000000 1.000000
vt 0.000000 0.000000
vt 1.000000 0.000000
vt 0.000000 1.000000
vt 0.000000 0.000000
vt 1.000000 0.000000
vt 0.000000 1.000000
vt 0.000000 0.000000
vt 1.000000 0.000000
vt 0.000000 1.000000
vt 0.000000 0.000000
vt 1.000000 0.000000
vt 0.000000 1.000000
vt 0.000000 0.000000
vt 1.000000 0.000000
vt 0.000000 1.000000
vt 0.000000 0.000000
vt 1.000000 0.000000
vt 0.000000 1.000000
vt 0.000000 0.000000
vt 1.000000 0.000000
vt 0.000000 1.000000
vt 0.000000 0.000000
vt 1.000000 0.000000
vt 0.000000 1.000000
vt 0.000000 0.000000
vt 1.000000 0.000000
vt 0.000000 1.000000
vt 0.000000 0.000000
vt 1.000000 0.000000
vt 0.000000 1.000000
vt 0.000000 0.000000
vt 1.000000 0.000000
vt 0.000000 1.000000
vt 0.000000 0.000000
vt 1.000000 0.000000
vt 0.000000 1.000000
vt 0.000000 0.000000
vt 1.000000 0.000000
vt 0.000000 1.000000
vt 0.000000 0.000000
vt 1.000000 0.000000
vt 0.000000 1.000000
vt 0.000000 0.000000
vt 1.000000 0.000000
vt 0.000000 1.000000
vt 0.000000 0.000000
vt 1.000000 0.000000
vt 0.000000 1.000000
vt 0.000000 0.000000
vt 1.000000 0.000000
vt 0.000000 1.000000
vt 0.000000 0.000000
vt 1.000000 0.000000
vt 0.000000 1.000000
vt 0.000000 0.000000
vt 1.000000 0.000000
vt 0.000000 1.000000
vt 0.000000 0.000000
vt 1.000000 0.000000
vt 0.000000 1.000000
vt 0.000000 0.000000
vt 1.000000 0.000000
vt 0.000000 1.000000
vt 0.000000 0.000000
vt 1.000000 0.000000
vt 0.000000 1.000000
vt 0.000000 0.000000
vt 1.000000 0.000000
vt 0.000000 1.000000
vt 0.000000 0.000000
vt 1.000000 0.000000
vt 0.000000 1.000000
vt 0.000000 0.000000
vt 1.000000 0.000000
vt 0.000000 1.000000
vt 0.000000 0.000000
vt 1.000000 0.000000
vt 0.000000 1.000000
vt 0.000000 0.000000
vt 1.000000 0.000000
vt 0.000000 1.000000
vt 0.000000 0.000000
vt 1.000000 0.000000
vt 0.000000 1.000000
vt 0.000000 0.000000
vt 1.000000 0.000000
vt 0.000000 1.000000
vt 0.000000 0.000000
vt 1.000000 0.000000
vt 0.000000 1.000000
vt 0.000000 0.000000
vt 1.000000 0.000000
vt 0.000000 1.000000
vt 0.000000 0.000000
vt 1.000000 0.000000
vt 0.000000 1.000000
vt 0.000000 0.000000
vt 1.000000 0.000000
vt 0.000000 1.000000
vt 0.000000 0.000000
vt 1.000000 0.000000
vt 0.000000 1.000000
vt 0.000000 0.000000
vt 1.000000 0.000000
vt 0.000000 1.000000
vt 0.000000 0.000000
vt 1.000000 0.000000
vt 0.000000 1.000000
vt 0.000000 0.000000
vt 1.000000 0.000000
vt 0.000000 1.000000
vt 0.000000 0.000000
vt 1.000000 0.000000
vt 0.000000 1.000000
vt 0.000000 0.000000
vt 1.000000 0.000000
vt 0.000000 1.000000
vt 0.000000 0.000000
vt 1.000000 0.000000
vt 0.000000 1.000000
vt 0.000000 0.000000
vt 1.000000 0.000000
vt 0.000000 1.000000
vt 0.000000 0.000000
vt 1.000000 0.000000
vt 0.000000 1.000000
vt 0.000000 0.000000
vt 1.000000 0.000000
vt 0.000000 1.000000
vt 0.000000 0.000000
vt 1.000000 0.000000
vt 0.000000 1.000000
vt 0.000000 0.000000
vt 1.000000 0.000000
vt 0.000000 1.000000
vt 0.000000 0.000000
vt 1.000000 0.000000
vt 0.000000 1.000000
vt 0.000000 0.000000
vt 1.000000 0.000000
vt 0.000000 1.000000
vt 0.000000 0.000000
vt 1.000000 0.000000
vt 0.000000 1.000000
vt 0.000000 0.000000
vt 1.000000 0.000000
vt 0.000000 1.000000
vt 0.000000 0.000000
vt 1.000000 0.000000
vt 0.000000 1.000000
vt 0.000000 0.000000
vt 1.000000 0.000000
vt 0.000000 1.000000
vt 0.000000 0.000000
vt 1.000000 0.000000
vt 0.000000 1.000000
vt 0.000000 0.000000
vt 1.000000 0.000000
vt 0.000000 1.000000
vt 0.000000 0.000000
vt 1.000000 0.000000
vt 0.000000 1.000000
vt 0.000000 0.000000
vt 1.000000 0.000000
vt 0.000000 1.000000
vt 0.000000 0.000000
vt 1.000000 0.000000
vt 0.000000 1.000000
vt 0.000000 0.000000
vt 1.000000 0.000000
vt 0.000000 1.000000
vt 0.000000 0.000000
vt 1.000000 0.000000
vt 0.000000 1.000000
vt 0.000000 0.000000
vt 1.000000 0.000000
vt 0.000000 1.000000
vt 0.000000 0.000000
vt 1.000000 0.000000
vt 0.000000 1.000000
vt 0.000000 0.000000
vt 1.000000 0.000000
vt 0.000000 1.000000
vt 0.000000 0.000000
vt 1.000000 0.000000
vt 0.000000 1.000000
vt 0.000000 0.000000
vt 1.000000 0.000000
vt 0.000000 1.000000
vt 0.000000 0.000000
vt 1.000000 0.000000
vt 0.000000 1.000000
vt 0.000000 0.000000
vt 1.000000 0.000000
vt 0.000000 1.000000
vt 0.000000 0.000000
vt 1.000000 0.000000
vt 0.000000 1.000000
vt 0.000000 0.000000
vt 1.000000 0.000000
vt 0.000000 1.000000
vt 0.000000 0.000000
vt 1.000000 0.000000
vt 0.000000 1.000000
vt 0.000000 0.000000
vt 1.000000 0.000000
vt 0.000000 1.000000
vt 0.000000 0.000000
vt 1.000000 0.000000
vt 0.000000 1.000000
vt 0.000000 0.000000
vt 1.000000 0.000000
vt 0.000000 1.000000
vt 0.000000 0.000000
vt 1.000000 0.000000
vt 0.000000 1.000000
vt 0.000000 0.000000
vt 1.000000 0.000000
vt 0.000000 1.000000
vt 0.000000 0.000000
vt 1.000000 0.000000
vt 0.000000 1.000000
vt 0.000000 0.000000
vt 1.000000 0.000000
vt 0.000000 1.000000
vt 0.000000 0.000000
vt 1.000000 0.000000
vt 0.000000 1.000000
vt 0.000000 0.000000
vt 1.000000 0.000000
vt 0.000000 1.000000
vt 0.000000 0.000000
vt 1.000000 0.000000
vt 0.000000 1.000000
vt 0.000000 0.000000
vt 1.000000 0.000000
vt 0.000000 1.000000
vt 0.000000 0.000000
vt 1.000000 0.000000
vt 0.000000 1.000000
vt 0.000000 0.000000
vt 1.000000 0.000000
vt 0.000000 1.000000
vt 0.000000 0.000000
vt 1.000000 0.000000
vt 0.000000 1.000000
vt 0.000000 0.000000
vt 1.000000 0.000000
vt 0.000000 1.000000
vt 0.000000 0.000000
vt 1.000000 0.000000
vt 0.000000 1.000000
vt 0.000000 0.000000
vt 1.000000 0.000000
vt 0.000000 1.000000
vt 0.000000 0.000000
vt 1.000000 0.000000
vt 0.000000 1.000000
vt 0.000000 0.000000
vt 1.000000 0.000000
vt 0.000000 1.000000
vt 0.000000 0.000000
vt 1.000000 0.000000
vt 0.000000 1.000000
vt 0.000000 0.000000
vt 1.000000 0.000000
vt 0.000000 1.000000
vt 0.000000 0.000000
vt 1.000000 0.000000
vt 0.000000 1.000000
vt 0.000000 0.000000
vt 1.000000 0.000000
vt 0.000000 1.000000
vt 0.000000 0.000000
vt 1.000000 0.000000
vt 0.000000 1.000000
vt 0.000000 0.000000
vt 1.000000 0.000000
vt 0.000000 1.000000
vt 0.000000 0.000000
vt 1.000000 0.000000
vt 0.000000 1.000000
vt 0.000000 0.000000
vt 1.000000 0.000000
vt 0.000000 1.000000
vt 0.000000 0.000000
vt 1.000000 0.000000
vt 0.000000 1.000000
vt 0.000000 0.000000
vt 1.000000 0.000000
vt 0.000000 1.000000
vt 0.000000 0.000000
vt 1.000000 0.000000
vt 0.000000 1.000000
vt 0.000000 0.000000
vt 1.000000 0.000000
vt 0.000000 1.000000
vt 0.000000 0.000000
vt 1.000000 0.000000
vt 0.000000 1.000000
vt 0.000000 0.000000
vt 1.000000 0.000000
vt 0.000000 1.000000
vt 0.000000 0.000000
vt 1.000000 0.000000
vt 0.000000 1.000000
vt 0.000000 0.000000
vt 1.000000 0.000000
vt 0.000000 1.000000
vt 0.000000 0.000000
vt 1.000000 0.000000
vt 0.000000 1.000000
vt 0.000000 0.000000
vt 1.000000 0.000000
vt 0.000000 1.000000
vt 0.000000 0.000000
vt 1.000000 0.000000
vt 0.000000 1.000000
vt 0.000000 0.000000
vt 1.000000 0.000000
vt 0.000000 1.000000
vt 0.000000 0.000000
vt 1.000000 0.000000
vt 0.000000 1.000000
vt 0.000000 0.000000
vt 1.000000 0.000000
vt 0.000000 1.000000
vt 0.000000 0.000000
vt 1.000000 0.000000
vt 0.000000 1.000000
vt 0.000000 0.000000
vt 1.000000 0.000000
vt 0.000000 1.000000
vt 0.000000 0.000000
vt 1.000000 0.000000
vt 0.000000 1.000000
vt 0.000000 0.000000
vt 1.000000 0.000000
vt 0.000000 1.000000
vt 0.000000 0.000000
vt 1.000000 0.000000
vt 0.000000 1.000000
vt 0.000000 0.000000
vt 1.000000 0.000000
vt 0.000000 1.000000
vt 0.000000 0.000000
vt 1.000000 0.000000
vt 0.000000 1.000000
vt 0.000000 0.000000
vt 1.000000 0.000000
vt 0.000000 1.000000
vt 0.000000 0.000000
vt 1.000000 0.000000
vt 0.000000 1.000000
vt 0.000000 0.000000
vt 1.000000 0.000000
vt 0.000000 1.000000
vt 0.000000 0.000000
vt 1.000000 0.000000
vt 0.000000 1.000000
vt 0.000000 0.000000
vt 1.000000 0.000000
vt 0.000000 1.000000
vt 0.000000 0.000000
vt 1.000000 0.000000
vt 0.000000 1.000000
vt 0.000000 0.000000
vt 1.000000 0.000000
vt 0.000000 1.000000
vt 0.000000 0.000000
vt 1.000000 0.000000
vt 0.000000 1.000000
vt 0.000000 0.000000
vt 1.000000 0.000000
vt 0.000000 1.000000
vt 0.000000 0.000000
vt 1.000000 0.000000
vt 0.000000 1.000000
vt 0.000000 0.000000
vt 1.000000 0.000000
vt 0.000000 1.000000
vt 0.000000 0.000000
vt 1.000000 0.000000
vt 0.000000 1.000000
vt 0.000000 0.000000
vt 1.000000 0.000000
vt 0.000000 1.000000
vt 0.000000 0.000000
vt 1.000000 0.000000
vt 0.000000 1.000000
vt 0.000000 0.000000
vt 1.000000 0.000000
vt 0.000000 1.000000
vt 0.000000 0.000000
vt 1.000000 0.000000
vt 0.000000 1.000000
vt 0.000000 0.000000
vt 1.000000 0.000000
vt 0.000000 1.000000
vt 0.000000 0.000000
vt 1.000000 0.000000
vt 0.000000 1.000000
vt 0.000000 0.000000
vt 1.000000 0.000000
vt 0.000000 1.000000
vt 0.000000 0.000000
vt 1.000000 0.000000
vt 0.000000 1.000000
vt 0.000000 0.000000
vt 1.000000 0.000000
vt 0.000000 1.000000
vt 0.000000 0.000000
vt 1.000000 0.000000
vt 0.000000 1.000000
vt 0.000000 0.000000
vt 1.000000 0.000000
vt 0.000000 1.000000
vt 0.000000 0.000000
vt 1.000000 0.000000
vt 0.000000 1.000000
vt 0.000000 0.000000
vt 1.000000 0.000000
vt 0.000000 1.000000
vt 0.000000 0.000000
vt 1.000000 0.000000
vt 0.000000 1.000000
vt 0.000000 0.000000
vt 1.000000 0.000000
vt 0.000000 1.000000
vt 0.000000 0.000000
vt 1.000000 0.000000
vt 0.000000 1.000000
vt 0.000000 0.000000
vt 1.000000 0.000000
vt 0.000000 1.000000
vt 0.000000 0.000000
vt 1.000000 0.000000
vt 0.000000 1.000000
vt 0.000000 0.000000
vt 1.000000 0.000000
vt 0.000000 1.000000
vt 0.000000 0.000000
vt 1.000000 0.000000
vt 0.000000 1.000000
vt 0.000000 0.000000
vt 1.000000 0.000000
vt 0.000000 1.000000
vt 0.000000 0.000000
vt 1.000000 0.000000
vt 0.000000 1.000000
vt 0.000000 0.000000
vt 1.000000 0.000000
vt 0.000000 1.000000
vt 0.000000 0.000000
vt 1.000000 0.000000
vt 0.000000 1.000000
vt 0.000000 0.000000
vt 1.000000 0.000000
vt 0.000000 1.000000
vt 0.000000 0.000000
vt 1.000000 0.000000
vt 0.000000 1.000000
vt 0.000000 0.000000
vt 1.000000 0.000000
vt 0.000000 1.000000
vt 0.000000 0.000000
vt 1.000000 0.000000
vt 0.000000 1.000000
vt 0.000000 0.000000
vt 1.000000 0.000000
vt 0.000000 1.000000
vt 0.000000 0.000000
vt 1.000000 0.000000
vt 0.000000 1.000000
vt 0.000000 0.000000
vt 1.000000 0.000000
vt 0.000000 1.000000
vt 0.000000 0.000000
vt 1.000000 0.000000
vt 0.000000 1.000000
vt 0.000000 0.000000
vt 1.000000 0.000000
vt 0.000000 1.000000
vt 0.000000 0.000000
vt 1.000000 0.000000
vt 0.000000 1.000000
vt 0.000000 0.000000
vt 1.000000 0.000000
vt 0.000000 1.000000
vt 0.000000 0.000000
vt 1.000000 0.000000
vt 0.000000 1.000000
vt 0.000000 0.000000
vt 1.000000 0.000000
vt 0.000000 1.000000
vt 0.000000 0.000000
vt 1.000000 0.000000
vt 0.000000 1.000000
vt 0.000000 0.000000
vt 1.000000 0.000000
vt 0.000000 1.000000
vt 0.000000 0.000000
vt 1.000000 0.000000
vt 0.000000 1.000000
vt 0.000000 0.000000
vt 1.000000 0.000000
vt 0.000000 1.000000
vt 0.000000 0.000000
vt 1.000000 0.000000
vt 0.000000 1.000000
vt 0.000000 0.000000
vt 1.000000 0.000000
vt 0.000000 1.000000
vt 0.000000 0.000000
vt 1.000000 0.000000
vt 0.000000 1.000000
vt 0.000000 0.000000
vt 1.000000 0.000000
vt 0.000000 1.000000
vt 0.000000 0.000000
vt 1.000000 0.000000
vt 0.000000 1.000000
vt 0.000000 0.000000
vt 1.000000 0.000000
vt 0.000000 1.000000
vt 0.000000 0.000000
vt 1.000000 0.000000
vt 0.000000 1.000000
vt 0.000000 0.000000
vt 1.000000 0.000000
vt 0.000000 1.000000
vt 0.000000 0.000000
vt 1.000000 0.000000
vt 0.000000 1.000000
vt 0.000000 0.000000
vt 1.000000 0.000000
vt 0.000000 1.000000
vt 0.000000 0.000000
vt 1.000000 0.000000
vt 0.000000 1.000000
vt 0.000000 0.000000
vt 1.000000 0.000000
vt 0.000000 1.000000
vt 0.000000 0.000000
vt 1.000000 0.000000
vt 0.000000 1.000000
vt 0.000000 0.000000
vt 1.000000 0.000000
vt 0.000000 1.000000
vt 0.000000 0.000000
vt 1.000000 0.000000
vt 0.000000 1.000000
vt 0.000000 0.000000
vt 1.000000 0.000000
vt 0.000000 1.000000
vt 0.000000 0.000000
vt 1.000000 0.000000
vt 0.000000 1.000000
vt 0.000000 0.000000
vt 1.000000 0.000000
vt 0.000000 1.000000
vt 0.000000 0.000000
vt 1.000000 0.000000
vt 0.000000 1.000000
vt 0.000000 0.000000
vt 1.000000 0.000000
vt 0.000000 1.000000
vt 0.000000 0.000000
vt 1.000000 0.000000
vt 0.000000 1.000000
vt 0.000000 0.000000
vt 1.000000 0.000000
vt 0.000000 1.000000
vt 0.000000 0.000000
vt 1.000000 0.000000
vt 0.000000 1.000000
vt 0.000000 0.000000
vt 1.000000 0.000000
vt 0.000000 1.000000
vt 0.000000 0.000000
vt 1.000000 0.000000
vt 0.000000 1.000000
vt 0.000000 0.000000
vt 1.000000 0.000000
vt 0.000000 1.000000
vt 0.000000 0.000000
vt 1.000000 0.000000
vt 0.000000 1.000000
vt 0.000000 0.000000
vt 1.000000 0.000000
vt 0.000000 1.000000
vt 0.000000 0.000000
vt 1.000000 0.000000
vt 0.000000 1.000000
vt 0.000000 0.000000
vt 1.000000 0.000000
vt 0.000000 1.000000
vt 0.000000 0.000000
vt 1.000000 0.000000
vt 0.000000 1.000000
vt 0.000000 0.000000
vt 1.000000 0.000000
vt 0.000000 1.000000
vt 0.000000 0.000000
vt 1.000000 0.000000
vt 0.000000 1.000000
vt 0.000000 0.000000
vt 1.000000 0.000000
vt 0.000000 1.000000
vt 0.000000 0.000000
vt 1.000000 0.000000
vt 0.000000 1.000000
vt 0.000000 0.000000
vt 1.000000 0.000000
vt 0.000000 1.000000
vt 0.000000 0.000000
vt 1.000000 0.000000
vt 0.000000 1.000000
vt 0.000000 0.000000
vt 1.000000 0.000000
vt 0.000000 1.000000
vt 0.000000 0.000000
vt 1.000000 0.000000
vt 0.000000 1.000000
vt 0.000000 0.000000
vt 1.000000 0.000000
vt 0.000000 1.000000
vt 0.000000 0.000000
vt 1.000000 0.000000
vt 0.000000 1.000000
vt 0.000000 0.000000
vt 1.000000 0.000000
vt 0.000000 1.000000
vt 0.000000 0.000000
vt 1.000000 0.000000
vt 0.000000 1.000000
vt 0.000000 0.000000
vt 1.000000 0.000000
vt 0.000000 1.000000
vt 0.000000 0.000000
vt 1.000000 0.000000
vt 0.000000 1.000000
vt 0.000000 0.000000
vt 1.000000 0.000000
vt 0.000000 1.000000
vt 0.000000 0.000000
vt 1.000000 0.000000
vt 0.000000 1.000000
vt 0.000000 0.000000
vt 1.000000 0.000000
vt 0.000000 1.000000
vt 0.000000 0.000000
vt 1.000000 0.000000
vt 0.000000 1.000000
vt 0.000000 0.000000
vt 1.000000 0.000000
vt 0.000000 1.000000
vt 0.000000 0.000000
vt 1.000000 0.000000
vt 0.000000 1.000000
vt 0.000000 0.000000
vt 1.000000 0.000000
vt 0.000000 1.000000
vt 0.000000 0.000000
vt 1.000000 0.000000
vt 0.000000 1.000000
vt 0.000000 0.000000
vt 1.000000 0.000000
vt 0.000000 1.000000
vt 0.000000 0.000000
vt 1.000000 0.000000
vt 0.000000 1.000000
vt 0.000000 0.000000
vt 1.000000 0.000000
vt 0.000000 1.000000
vt 0.000000 0.000000
vt 1.000000 0.000000
vt 0.000000 1.000000
vt 0.000000 0.000000
vt 1.000000 0.000000
vt 0.000000 1.000000
vt 0.000000 0.000000
vt 1.000000 0.000000
vt 0.000000 1.000000
vt 0.000000 0.000000
vt 1.000000 0.000000
vt 0.000000 1.000000
vt 0.000000 0.000000
vt 1.000000 0.000000
vt 0.000000 1.000000
vt 0.000000 0.000000
vt 1.000000 0.000000
vt 0.000000 1.000000
vt 0.000000 0.000000
vt 1.000000 0.000000
vt 0.000000 1.000000
vt 0.000000 0.000000
vt 1.000000 0.000000
vt 0.000000 1.000000
vt 0.000000 0.000000
vt 1.000000 0.000000
vt 0.000000 1.000000
vt 0.000000 0.000000
vt 1.000000 0.000000
vt 0.000000 1.000000
vt 0.000000 0.000000
vt 1.000000 0.000000
vt 0.000000 1.000000
vt 0.000000 0.000000
vt 1.000000 0.000000
vt 0.000000 1.000000
vt 0.000000 0.000000
vt 1.000000 0.000000
vt 0.000000 1.000000
vt 0.000000 0.000000
vt 1.000000 0.000000
vt 0.000000 1.000000
vt 0.000000 0.000000
vt 1.000000 0.000000
vt 0.000000 1.000000
vt 0.000000 0.000000
vt 1.000000 0.000000
vt 0.000000 1.000000
vt 0.000000 0.000000
vt 1.000000 0.000000
vt 0.000000 1.000000
vt 0.000000 0.000000
vt 1.000000 0.000000
vt 0.000000 1.000000
vt 0.000000 0.000000
vt 1.000000 0.000000
vt 0.000000 1.000000
vt 0.000000 0.000000
vt 1.000000 0.000000
vt 0.000000 1.000000
vt 0.000000 0.000000
vt 1.000000 0.000000
vt 0.000000 1.000000
vt 0.000000 0.000000
vt 1.000000 0.000000
vt 0.000000 1.000000
vt 0.000000 0.000000
vt 1.000000 0.000000
vt 0.000000 1.000000
vt 0.000000 0.000000
vt 1.000000 0.000000
vt 0.000000 1.000000
vt 0.000000 0.000000
vt 1.000000 0.000000
vt 0.000000 1.000000
vt 0.000000 0.000000
vt 1.000000 0.000000
vt 0.000000 1.000000
vt 0.000000 0.000000
vt 1.000000 0.000000
vt 0.000000 1.000000
vt 0.000000 0.000000
vt 1.000000 0.000000
vt 0.000000 1.000000
vt 0.000000 0.000000
vt 1.000000 0.000000
vt 0.000000 1.000000
vt 0.000000 0.000000
vt 1.000000 0.000000
vt 0.000000 1.000000
vt 0.000000 0.000000
vt 1.000000 0.000000
vt 0.000000 1.000000
vt 0.000000 0.000000
vt 1.000000 0.000000
vt 0.000000 1.000000
vt 0.000000 0.000000
vt 1.000000 0.000000
vt 0.000000 1.000000
vt 0.000000 0.000000
vt 1.000000 0.000000
vt 0.000000 1.000000
vt 0.000000 0.000000
vt 1.000000 0.000000
vt 0.000000 1.000000
vt 0.000000 0.000000
vt 1.000000 0.000000
vt 0.000000 1.000000
vt 0.000000 0.000000
vt 1.000000 0.000000
vt 0.000000 1.000000
vt 0.000000 0.000000
vt 1.000000 0.000000
vt 0.000000 1.000000
vt 0.000000 0.000000
vt 1.000000 0.000000
vt 0.000000 1.000000
vt 0.000000 0.000000
vt 1.000000 0.000000
vt 0.000000 1.000000
vt 0.000000 0.000000
vt 1.000000 0.000000
vt 0.000000 1.000000
vt 0.000000 0.000000
vt 1.000000 0.000000
vt 0.000000 1.000000
vt 0.000000 0.000000
vt 1.000000 0.000000
vt 0.000000 1.000000
vt 0.000000 0.000000
vt 1.000000 0.000000
vt 0.000000 1.000000
vt 0.000000 0.000000
vt 1.000000 0.000000
vt 0.000000 1.000000
vt 0.000000 0.000000
vt 1.000000 0.000000
vt 0.000000 1.000000
vt 0.000000 0.000000
vt 1.000000 0.000000
vt 0.000000 1.000000
vt 0.000000 0.000000
vt 1.000000 0.000000
vt 0.000000 1.000000
vt 0.000000 0.000000
vt 1.000000 0.000000
vt 0.000000 1.000000
vt 0.000000 0.000000
vt 1.000000 0.000000
vt 0.000000 1.000000
vt 0.000000 0.000000
vt 1.000000 0.000000
vt 0.000000 1.000000
vt 0.000000 0.000000
vt 1.000000 0.000000
vt 0.000000 1.000000
vt 0.000000 0.000000
vt 1.000000 0.000000
vt 0.000000 1.000000
vt 0.000000 0.000000
vt 1.000000 0.000000
vt 0.000000 1.000000
vt 0.000000 0.000000
vt 1.000000 0.000000
vt 0.000000 1.000000
vt 0.000000 0.000000
vt 1.000000 0.000000
vt 0.000000 1.000000
vt 0.000000 0.000000
vt 1.000000 0.000000
vt 0.000000 1.000000
vt 0.000000 0.000000
vt 1.000000 0.000000
vt 0.000000 1.000000
vt 0.000000 0.000000
vt 1.000000 0.000000
vt 0.000000 1.000000
vt 0.000000 0.000000
vt 1.000000 0.000000
vt 0.000000 1.000000
vt 0.000000 0.000000
vt 1.000000 0.000000
vt 0.000000 1.000000
vt 0.000000 0.000000
vt 1.000000 0.000000
vt 0.000000 1.000000
vt 0.000000 0.000000
vt 1.000000 0.000000
vt 0.000000 1.000000
vt 0.000000 0.000000
vt 1.000000 0.000000
vt 0.000000 1.000000
vt 0.000000 0.000000
vt 1.000000 0.000000
vt 0.000000 1.000000
vt 0.000000 0.000000
vt 1.000000 0.000000
vt 0.000000 1.000000
vt 0.000000 0.000000
vt 1.000000 0.000000
vt 0.000000 1.000000
vt 0.000000 0.000000
vt 1.000000 0.000000
vt 0.000000 1.000000
vt 0.000000 0.000000
vt 1.000000 0.000000
vt 0.000000 1.000000
vt 0.000000 0.000000
vt 1.000000 0.000000
vt 0.000000 1.000000
vt 0.000000 0.000000
vt 1.000000 0.000000
vt 0.000000 1.000000
vt 0.000000 0.000000
vt 1.000000 0.000000
vt 0.000000 1.000000
vt 0.000000 0.000000
vt 1.000000 0.000000
vt 0.000000 1.000000
vt 0.000000 0.000000
vt 1.000000 0.000000
vt 0.000000 1.000000
vt 0.000000 0.000000
vt 1.000000 0.000000
vt 0.000000 1.000000
vt 0.000000 0.000000
vt 1.000000 0.000000
vt 0.000000 1.000000
vt 0.000000 0.000000
vt 1.000000 0.000000
vt 0.000000 1.000000
vt 0.000000 0.000000
vt 1.000000 0.000000
vt 0.000000 1.000000
vt 0.000000 0.000000
vt 1.000000 0.000000
vt 0.000000 1.000000
vt 0.000000 0.000000
vt 1.000000 0.000000
vt 0.000000 1.000000
vt 0.000000 0.000000
vt 1.000000 0.000000
vt 0.000000 1.000000
vt 0.000000 0.000000
vt 1.000000 0.000000
vt 0.000000 1.000000
vt 0.000000 0.000000
vt 1.000000 0.000000
vt 0.000000 1.000000
vt 0.000000 0.000000
vt 1.000000 0.000000
vt 0.000000 1.000000
vt 0.000000 0.000000
vt 1.000000 0.000000
vt 0.000000 1.000000
vt 0.000000 0.000000
vt 1.000000 0.000000
vt 0.000000 1.000000
vt 0.000000 0.000000
vt 1.000000 0.000000
vt 0.000000 1.000000
vt 0.000000 0.000000
vt 1.000000 0.000000
vt 0.000000 1.000000
vt 0.000000 0.000000
vt 1.000000 0.000000
vt 0.000000 1.000000
vt 0.000000 0.000000
vt 1.000000 0.000000
vt 0.000000 1.000000
vt 0.000000 0.000000
vt 1.000000 0.000000
vt 0.000000 1.000000
vt 0.000000 0.000000
vt 1.000000 0.000000
vt 0.000000 1.000000
vt 0.000000 0.000000
vt 1.000000 0.000000
vt 0.000000 1.000000
vt 0.000000 0.000000
vt 1.000000 0.000000
vt 0.000000 1.000000
vt 0.000000 0.000000
vt 1.000000 0.000000
vt 0.000000 1.000000
vt 0.000000 0.000000
vt 1.000000 0.000000
vt 0.000000 1.000000
vt 0.000000 0.000000
vt 1.000000 0.000000
vt 0.000000 1.000000
vt 0.000000 0.000000
vt 1.000000 0.000000
vt 0.000000 1.000000
vt 0.000000 0.000000
vt 1.000000 0.000000
vt 0.000000 1.000000
vt 0.000000 0.000000
vt 1.000000 0.000000
vt 0.000000 1.000000
vt 0.000000 0.000000
vt 1.000000 0.000000
vt 0.000000 1.000000
vt 0.000000 0.000000
vt 1.000000 0.000000
vt 0.000000 1.000000
vt 0.000000 0.000000
vt 1.000000 0.000000
vt 0.000000 1.000000
vt 0.000000 0.000000
vt 1.000000 0.000000
vt 0.000000 1.000000
vt 0.000000 0.000000
vt 1.000000 0.000000
vt 0.000000 1.000000
vt 0.000000 0.000000
vt 1.000000 0.000000
vt 0.000000 1.000000
vt 0.000000 0.000000
vt 1.000000 0.000000
vt 0.000000 1.000000
vt 0.000000 0.000000
vt 1.000000 0.000000
vt 0.000000 1.000000
vt 0.000000 0.000000
vt 1.000000 0.000000
vt 0.000000 1.000000
vt 0.000000 0.000000
vt 1.000000 0.000000
vt 0.000000 1.000000
vt 0.000000 0.000000
vt 1.000000 0.000000
vt 0.000000 1.000000
vt 0.000000 0.000000
vt 1.000000 0.000000
vt 0.000000 1.000000
vt 0.000000 0.000000
vt 1.000000 0.000000
vt 0.000000 1.000000
vt 0.000000 0.000000
vt 1.000000 0.000000
vt 0.000000 1.000000
vt 0.000000 0.000000
vt 1.000000 0.000000
vt 0.000000 1.000000
vt 0.000000 0.000000
vt 1.000000 0.000000
vt 0.000000 1.000000
vt 0.000000 0.000000
vt 1.000000 0.000000
vt 0.000000 1.000000
vt 0.000000 0.000000
vt 1.000000 0.000000
vt 0.000000 1.000000
vt 0.000000 0.000000
vt 1.000000 0.000000
vt 0.000000 1.000000
vt 0.000000 0.000000
vt 1.000000 0.000000
vt 0.000000 1.000000
vt 0.000000 0.000000
vt 1.000000 0.000000
vt 0.000000 1.000000
vt 0.000000 0.000000
vt 1.000000 0.000000
vt 0.000000 1.000000
vt 0.000000 0.000000
vt 1.000000 0.000000
vt 0.000000 1.000000
vt 0.000000 0.000000
vt 1.000000 0.000000
vt 0.000000 1.000000
vt 0.000000 0.000000
vt 1.000000 0.000000
vt 0.000000 1.000000
vt 0.000000 0.000000
vt 1.000000 0.000000
vt 0.000000 1.000000
vt 0.000000 0.000000
vt 1.000000 0.000000
vt 0.000000 1.000000
vt 0.000000 0.000000
vt 1.000000 0.000000
vt 0.000000 1.000000
vt 0.000000 0.000000
vt 1.000000 0.000000
vt 0.000000 1.000000
vt 0.000000 0.000000
vt 1.000000 0.000000
vt 0.000000 1.000000
vt 0.000000 0.000000
vt 1.000000 0.000000
vt 0.000000 1.000000
vt 0.000000 0.000000
vt 1.000000 0.000000
vt 0.000000 1.000000
vt 0.000000 0.000000
vt 1.000000 0.000000
vt 0.000000 1.000000
vt 0.000000 0.000000
vt 1.000000 0.000000
vt 0.000000 1.000000
vt 0.000000 0.000000
vt 1.000000 0.000000
vt 0.000000 1.000000
vt 0.000000 0.000000
vt 1.000000 0.000000
vt 0.000000 1.000000
vt 0.000000 0.000000
vt 1.000000 0.000000
vt 0.000000 1.000000
vt 0.000000 0.000000
vt 1.000000 0.000000
vt 0.000000 1.000000
vt 0.000000 0.000000
vt 1.000000 0.000000
vt 0.000000 1.000000
vt 0.000000 0.000000
vt 1.000000 0.000000
vt 0.000000 1.000000
vt 0.000000 0.000000
vt 1.000000 0.000000
vt 0.000000 1.000000
vt 0.000000 0.000000
vt 1.000000 0.000000
vt 0.000000 1.000000
vt 0.000000 0.000000
vt 1.000000 0.000000
vt 0.000000 1.000000
vt 0.000000 0.000000
vt 1.000000 0.000000
vt 0.000000 1.000000
vt 0.000000 0.000000
vt 1.000000 0.000000
vt 0.000000 1.000000
vt 0.000000 0.000000
vt 1.000000 0.000000
vt 0.000000 1.000000
vt 0.000000 0.000000
vt 1.000000 0.000000
vt 0.000000 1.000000
vt 0.000000 0.000000
vt 1.000000 0.000000
vt 0.000000 1.000000
vt 0.000000 0.000000
vt 1.000000 0.000000
vt 0.000000 1.000000
vt 0.000000 0.000000
vt 1.000000 0.000000
vt 0.000000 1.000000
vt 0.000000 0.000000
vt 1.000000 0.000000
vt 0.000000 1.000000
vt 0.000000 0.000000
vt 1.000000 0.000000
vt 0.000000 1.000000
vt 0.000000 0.000000
vt 1.000000 0.000000
vt 0.000000 1.000000
vt 0.000000 0.000000
vt 1.000000 0.000000
vt 0.000000 1.000000
vt 0.000000 0.000000
vt 1.000000 0.000000
vt 0.000000 1.000000
vt 0.000000 0.000000
vt 1.000000 0.000000
vt 0.000000 1.000000
vt 0.000000 0.000000
vt 1.000000 0.000000
vt 0.000000 1.000000
vt 0.000000 0.000000
vt 1.000000 0.000000
vt 0.000000 1.000000
vt 0.000000 0.000000
vt 1.000000 0.000000
vt 0.000000 1.000000
vt 0.000000 0.000000
vt 1.000000 0.000000
vt 0.000000 1.000000
vt 0.000000 0.000000
vt 1.000000 0.000000
vt 0.000000 1.000000
vt 0.000000 0.000000
vt 1.000000 0.000000
vt 0.000000 1.000000
vt 0.000000 0.000000
vt 1.000000 0.000000
vt 0.000000 1.000000
vt 0.000000 0.000000
vt 1.000000 0.000000
vt 0.000000 1.000000
vt 0.000000 0.000000
vt 1.000000 0.000000
vt 0.000000 1.000000
vt 0.000000 0.000000
vt 1.000000 0.000000
vt 0.000000 1.000000
vt 0.000000 0.000000
vt 1.000000 0.000000
vt 0.000000 1.000000
vt 0.000000 0.000000
vt 1.000000 0.000000
vt 0.000000 1.000000
vt 0.000000 0.000000
vt 1.000000 0.000000
vt 0.000000 1.000000
vt 0.000000 0.000000
vt 1.000000 0.000000
vt 0.000000 1.000000
vt 0.000000 0.000000
vt 1.000000 0.000000
vt 0.000000 1.000000
vt 0.000000 0.000000
vt 1.000000 0.000000
vt 0.000000 1.000000
vt 0.000000 0.000000
vt 1.000000 0.000000
vt 0.000000 1.000000
vt 0.000000 0.000000
vt 1.000000 0.000000
vt 0.000000 1.000000
vt 0.000000 0.000000
vt 1.000000 0.000000
vt 0.000000 1.000000
vt 0.000000 0.000000
vt 1.000000 0.000000
vt 0.000000 1.000000
vt 0.000000 0.000000
vt 1.000000 0.000000
vt 0.000000 1.000000
vt 0.000000 0.000000
vt 1.000000 0.000000
vt 0.000000 1.000000
vt 0.000000 0.000000
vt 1.000000 0.000000
vt 0.000000 1.000000
vt 0.000000 0.000000
vt 1.000000 0.000000
vt 0.000000 1.000000
vt 0.000000 0.000000
vt 1.000000 0.000000
vt 0.000000 1.000000
vt 0.000000 0.000000
vt 1.000000 0.000000
vt 0.000000 1.000000
vt 0.000000 0.000000
vt 1.000000 0.000000
vt 0.000000 1.000000
vt 0.000000 0.000000
vt 1.000000 0.000000
vt 0.000000 1.000000
vt 0.000000 0.000000
vt 1.000000 0.000000
vt 0.000000 1.000000
vt 0.000000 0.000000
vt 1.000000 0.000000
vt 0.000000 1.000000
vt 0.000000 0.000000
vt 1.000000 0.000000
vt 0.000000 1.000000
vt 0.000000 0.000000
vt 1.000000 0.000000
vt 0.000000 1.000000
vt 0.000000 0.000000
vt 1.000000 0.000000
vt 0.000000 1.000000
vt 0.000000 0.000000
vt 1.000000 0.000000
vt 0.000000 1.000000
vt 0.000000 0.000000
vt 1.000000 0.000000
vt 0.000000 1.000000
vt 0.000000 0.000000
vt 1.000000 0.000000
vt 0.000000 1.000000
vt 0.000000 0.000000
vt 1.000000 0.000000
vt 0.000000 1.000000
vt 0.000000 0.000000
vt 1.000000 0.000000
vt 0.000000 1.000000
vt 0.000000 0.000000
vt 1.000000 0.000000
vt 0.000000 1.000000
vt 0.000000 0.000000
vt 1.000000 0.000000
vt 0.000000 1.000000
vt 0.000000 0.000000
vt 1.000000 0.000000
vt 0.000000 1.000000
vt 0.000000 0.000000
vt 1.000000 0.000000
vt 0.000000 1.000000
vt 0.000000 0.000000
vt 1.000000 0.000000
vt 0.000000 1.000000
vt 0.000000 0.000000
vt 1.000000 0.000000
vt 0.000000 1.000000
vt 0.000000 0.000000
vt 1.000000 0.000000
vt 0.000000 1.000000
vt 0.000000 0.000000
vt 1.000000 0.000000
vt 0.000000 1.000000
vt 0.000000 0.000000
vt 1.000000 0.000000
vt 0.000000 1.000000
vt 0.000000 0.000000
vt 1.000000 0.000000
vt 0.000000 1.000000
vt 0.000000 0.000000
vt 1.000000 0.000000
vt 0.000000 1.000000
vt 0.000000 0.000000
vt 1.000000 0.000000
vt 0.000000 1.000000
vt 0.000000 0.000000
vt 1.000000 0.000000
vt 0.000000 1.000000
vt 0.000000 0.000000
vt 1.000000 0.000000
vt 0.000000 1.000000
vt 0.000000 0.000000
vt 1.000000 0.000000
vt 0.000000 1.000000
vt 0.000000 0.000000
vt 1.000000 0.000000
vt 0.000000 1.000000
vt 0.000000 0.000000
vt 1.000000 0.000000
vt 0.000000 1.000000
vt 0.000000 0.000000
vt 1.000000 0.000000
vt 0.000000 1.000000
vt 0.000000 0.000000
vt 1.000000 0.000000
vt 0.000000 1.000000
vt 0.000000 0.000000
vt 1.000000 0.000000
vt 0.000000 1.000000
vt 0.000000 0.000000
vt 1.000000 0.000000
vt 0.000000 1.000000
vt 0.000000 0.000000
vt 1.000000 0.000000
vt 0.000000 1.000000
vt 0.000000 0.000000
vt 1.000000 0.000000
vt 0.000000 1.000000
vt 0.000000 0.000000
vt 1.000000 0.000000
vt 0.000000 1.000000
vt 0.000000 0.000000
vt 1.000000 0.000000
vt 0.000000 1.000000
vt 0.000000 0.000000
vt 1.000000 0.000000
vt 0.000000 1.000000
vt 0.000000 0.000000
vt 1.000000 0.000000
vt 0.000000 1.000000
vt 0.000000 0.000000
vt 1.000000 0.000000
vt 0.000000 1.000000
vt 0.000000 0.000000
vt 1.000000 0.000000
vt 0.000000 1.000000
vt 0.000000 0.000000
vt 1.000000 0.000000
vt 0.000000 1.000000
vt 0.000000 0.000000
vt 1.000000 0.000000
vt 0.000000 1.000000
vt 0.000000 0.000000
vt 1.000000 0.000000
vt 0.000000 1.000000
vt 0.000000 0.000000
vt 1.000000 0.000000
vt 0.000000 1.000000
vt 0.000000 0.000000
vt 1.000000 0.000000
vt 0.000000 1.000000
vt 0.000000 0.000000
vt 1.000000 0.000000
vt 0.000000 1.000000
vt 0.000000 0.000000
vt 1.000000 0.000000
vt 0.000000 1.000000
vt 0.000000 0.000000
vt 1.000000 0.000000
vt 0.000000 1.000000
vt 0.000000 0.000000
vt 1.000000 0.000000
vt 0.000000 1.000000
vt 0.000000 0.000000
vt 1.000000 0.000000
vt 0.000000 1.000000
vt 0.000000 0.000000
vt 1.000000 0.000000
vt 0.000000 1.000000
vt 0.000000 0.000000
vt 1.000000 0.000000
vt 0.000000 1.000000
vt 0.000000 0.000000
vt 1.000000 0.000000
vt 0.000000 1.000000
vt 0.000000 0.000000
vt 1.000000 0.000000
vt 0.000000 1.000000
vt 0.000000 0.000000
vt 1.000000 0.000000
vt 0.000000 1.000000
vt 0.000000 0.000000
vt 1.000000 0.000000
vt 0.000000 1.000000
vt 0.000000 0.000000
vt 1.000000 0.000000
vt 0.000000 1.000000
vt 0.000000 0.000000
vt 1.000000 0.000000
vt 0.000000 1.000000
vt 0.000000 0.000000
vt 1.000000 0.000000
vt 0.000000 1.000000
vt 0.000000 0.000000
vt 1.000000 0.000000
vt 0.000000 1.000000
vt 0.000000 0.000000
vt 1.000000 0.000000
vt 0.000000 1.000000
vt 0.000000 0.000000
vt 1.000000 0.000000
vt 0.000000 1.000000
vt 0.000000 0.000000
vt 1.000000 0.000000
vt 0.000000 1.000000
vt 0.000000 0.000000
vt 1.000000 0.000000
vt 0.000000 1.000000
vt 0.000000 0.000000
vt 1.000000 0.000000
vt 0.000000 1.000000
vt 0.000000 0.000000
vt 1.000000 0.000000
vt 0.000000 1.000000
vt 0.000000 0.000000
vt 1.000000 0.000000
vt 0.000000 1.000000
vt 0.000000 0.000000
vt 1.000000 0.000000
vt 0.000000 1.000000
vt 0.000000 0.000000
vt 1.000000 0.000000
vt 0.000000 1.000000
vt 0.000000 0.000000
vt 1.000000 0.000000
vt 0.000000 1.000000
vt 0.000000 0.000000
vt 1.000000 0.000000
vt 0.000000 1.000000
vt 0.000000 0.000000
vt 1.000000 0.000000
vt 0.000000 1.000000
vt 0.000000 0.000000
vt 1.000000 0.000000
vt 0.000000 1.000000
vt 0.000000 0.000000
vt 1.000000 0.000000
vt 0.000000 1.000000
vt 0.000000 0.000000
vt 1.000000 0.000000
vt 0.000000 1.000000
vt 0.000000 0.000000
vt 1.000000 0.000000
vt 0.000000 1.000000
vt 0.000000 0.000000
vt 1.000000 0.000000
vt 0.000000 1.000000
vt 0.000000 0.000000
vt 1.000000 0.000000
vt 0.000000 1.000000
vt 0.000000 0.000000
vt 1.000000 0.000000
vt 0.000000 1.000000
vt 0.000000 0.000000
vt 1.000000 0.000000
vt 0.000000 1.000000
vt 0.000000 0.000000
vt 1.000000 0.000000
vt 0.000000 1.000000
vt 0.000000 0.000000
vt 1.000000 0.000000
vt 0.000000 1.000000
vt 0.000000 0.000000
vt 1.000000 0.000000
vt 0.000000 1.000000
vt 0.000000 0.000000
vt 1.000000 0.000000
vt 0.000000 1.000000
vt 0.000000 0.000000
vt 1.000000 0.000000
vt 0.000000 1.000000
vt 0.000000 0.000000
vt 1.000000 0.000000
vt 0.000000 1.000000
vt 0.000000 0.000000
vt 1.000000 0.000000
vt 0.000000 1.000000
vt 0.000000 0.000000
vt 1.000000 0.000000
vt 0.000000 1.000000
vt 0.000000 0.000000
vt 1.000000 0.000000
vt 0.000000 1.000000
vt 0.000000 0.000000
vt 1.000000 0.000000
vt 0.000000 1.000000
vt 0.000000 0.000000
vt 1.000000 0.000000
vt 0.000000 1.000000
vt 0.000000 0.000000
vt 1.000000 0.000000
vt 0.000000 1.000000
vt 0.000000 0.000000
vt 1.000000 0.000000
vt 0.000000 1.000000
vt 0.000000 0.000000
vt 1.000000 0.000000
vt 0.000000 1.000000
vt 0.000000 0.000000
vt 1.000000 0.000000
vt 0.000000 1.000000
vt 0.000000 0.000000
vt 1.000000 0.000000
vt 0.000000 1.000000
vt 0.000000 0.000000
vt 1.000000 0.000000
vt 0.000000 1.000000
vt 0.000000 0.000000
vt 1.000000 0.000000
vt 0.000000 1.000000
vt 0.000000 0.000000
vt 1.000000 0.000000
vt 0.000000 1.000000
vt 0.000000 0.000000
vt 1.000000 0.000000
vt 0.000000 1.000000
vt 0.000000 0.000000
vt 1.000000 0.000000
vt 0.000000 1.000000
vt 0.000000 0.000000
vt 1.000000 0.000000
vt 0.000000 1.000000
vt 0.000000 0.000000
vt 1.000000 0.000000
vt 0.000000 1.000000
vt 0.000000 0.000000
vt 1.000000 0.000000
vt 0.000000 1.000000
vt 0.000000 0.000000
vt 1.000000 0.000000
vt 0.000000 1.000000
vt 0.000000 0.000000
vt 1.000000 0.000000
vt 0.000000 1.000000
vt 0.000000 0.000000
vt 1.000000 0.000000
vt 0.000000 1.000000
vt 0.000000 0.000000
vt 1.000000 0.000000
vt 0.000000 1.000000
vt 0.000000 0.000000
vt 1.000000 0.000000
vt 0.000000 1.000000
vt 0.000000 0.000000
vt 1.000000 0.000000
vt 0.000000 1.000000
vt 0.000000 0.000000
vt 1.000000 0.000000
vt 0.000000 1.000000
vt 0.000000 0.000000
vt 1.000000 0.000000
vt 0.000000 1.000000
vt 0.000000 0.000000
vt 1.000000 0.000000
vt 0.000000 1.000000
vt 0.000000 0.000000
vt 1.000000 0.000000
vt 0.000000 1.000000
vt 0.000000 0.000000
vt 1.000000 0.000000
vt 0.000000 1.000000
vt 0.000000 0.000000
vt 1.000000 0.000000
vt 0.000000 1.000000
vt 0.000000 0.000000
vt 1.000000 0.000000
vt 0.000000 1.000000
vt 0.000000 0.000000
vt 1.000000 0.000000
vt 0.000000 1.000000
vt 0.000000 0.000000
vt 1.000000 0.000000
vt 0.000000 1.000000
vt 0.000000 0.000000
vt 1.000000 0.000000
vt 0.000000 1.000000
vt 0.000000 0.000000
vt 1.000000 0.000000
vt 0.000000 1.000000
vt 0.000000 0.000000
vt 1.000000 0.000000
vt 0.000000 1.000000
vt 0.000000 0.000000
vt 1.000000 0.000000
vt 0.000000 1.000000
vt 0.000000 0.000000
vt 1.000000 0.000000
vt 0.000000 1.000000
vt 0.000000 0.000000
vt 1.000000 0.000000
vt 0.000000 1.000000
vt 0.000000 0.000000
vt 1.000000 0.000000
vt 0.000000 1.000000
vt 0.000000 0.000000
vt 1.000000 0.000000
vt 0.000000 1.000000
vt 0.000000 0.000000
vt 1.000000 0.000000
vt 0.000000 1.000000
vt 0.000000 0.000000
vt 1.000000 0.000000
vt 0.000000 1.000000
vt 0.000000 0.000000
vt 1.000000 0.000000
vt 0.000000 1.000000
vt 0.000000 0.000000
vt 1.000000 0.000000
vt 0.000000 1.000000
vt 0.000000 0.000000
vt 1.000000 0.000000
vt 0.000000 1.000000
vt 0.000000 0.000000
vt 1.000000 0.000000
vt 0.000000 1.000000
vt 0.000000 0.000000
vt 1.000000 0.000000
vt 0.000000 1.000000
vt 0.000000 0.000000
vt 1.000000 0.000000
vt 0.000000 1.000000
vt 0.000000 0.000000
vt 1.000000 0.000000
vt 0.000000 1.000000
vt 0.000000 0.000000
vt 1.000000 0.000000
vt 0.000000 1.000000
vt 0.000000 0.000000
vt 1.000000 0.000000
vt 0.000000 1.000000
vt 0.000000 0.000000
vt 1.000000 0.000000
vt 0.000000 1.000000
vt 0.000000 0.000000
vt 1.000000 0.000000
vt 0.000000 1.000000
vt 0.000000 0.000000
vt 1.000000 0.000000
vt 0.000000 1.000000
vt 0.000000 0.000000
vt 1.000000 0.000000
vt 0.000000 1.000000
vt 0.000000 0.000000
vt 1.000000 0.000000
vt 0.000000 1.000000
vt 0.000000 0.000000
vt 1.000000 0.000000
vt 0.000000 1.000000
vt 0.000000 0.000000
vt 1.000000 0.000000
vt 0.000000 1.000000
vt 0.000000 0.000000
vt 1.000000 0.000000
vt 0.000000 1.000000
vt 0.000000 0.000000
vt 1.000000 0.000000
vt 0.000000 1.000000
vt 0.000000 0.000000
vt 1.000000 0.000000
vt 0.000000 1.000000
vt 0.000000 0.000000
vt 1.000000 0.000000
vt 0.000000 1.000000
vt 0.000000 0.000000
vt 1.000000 0.000000
vt 0.000000 1.000000
vt 0.000000 0.000000
vt 1.000000 0.000000
vt 0.000000 1.000000
vt 0.000000 0.000000
vt 1.000000 0.000000
vt 0.000000 1.000000
vt 0.000000 0.000000
vt 1.000000 0.000000
vt 0.000000 1.000000
vt 0.000000 0.000000
vt 1.000000 0.000000
vt 0.000000 1.000000
vt 0.000000 0.000000
vt 1.000000 0.000000
vt 0.000000 1.000000
vt 0.000000 0.000000
vt 1.000000 0.000000
vt 0.000000 1.000000
vt 0.000000 0.000000
vt 1.000000 0.000000
vt 0.000000 1.000000
vt 0.000000 0.000000
vt 1.000000 0.000000
vt 0.000000 1.000000
vt 0.000000 0.000000
vt 1.000000 0.000000
vt 0.000000 1.000000
vt 0.000000 0.000000
vt 1.000000 0.000000
vt 0.000000 1.000000
vt 0.000000 0.000000
vt 1.000000 0.000000
vt 0.000000 1.000000
vt 0.000000 0.000000
vt 1.000000 0.000000
vt 0.000000 1.000000
vt 0.000000 0.000000
vt 1.000000 0.000000
vt 0.000000 1.000000
vt 0.000000 0.000000
vt 1.000000 0.000000
vt 0.000000 1.000000
vt 0.000000 0.000000
vt 1.000000 0.000000
vt 0.000000 1.000000
vt 0.000000 0.000000
vt 1.000000 0.000000
vt 0.000000 1.000000
vt 0.000000 0.000000
vt 1.000000 0.000000
vt 0.000000 1.000000
vt 0.000000 0.000000
vt 1.000000 0.000000
vt 0.000000 1.000000
vt 0.000000 0.000000
vt 1.000000 0.000000
vt 0.000000 1.000000
vt 0.000000 0.000000
vt 1.000000 0.000000
vt 0.000000 1.000000
vt 0.000000 0.000000
vt 1.000000 0.000000
vt 0.000000 1.000000
vt 0.000000 0.000000
vt 1.000000 0.000000
vt 0.000000 1.000000
vt 0.000000 0.000000
vt 1.000000 0.000000
vt 0.000000 1.000000
vt 0.000000 0.000000
vt 1.000000 0.000000
vt 0.000000 1.000000
vt 0.000000 0.000000
vt 1.000000 0.000000
vt 0.000000 1.000000
vt 0.000000 0.000000
vt 1.000000 0.000000
vt 0.000000 1.000000
vt 0.000000 0.000000
vt 1.000000 0.000000
vt 0.000000 1.000000
vt 0.000000 0.000000
vt 1.000000 0.000000
vt 0.000000 1.000000
vt 0.000000 0.000000
vt 1.000000 0.000000
vt 0.000000 1.000000
vt 0.000000 0.000000
vt 1.000000 0.000000
vt 0.000000 1.000000
vt 0.000000 0.000000
vt 1.000000 0.000000
vt 0.000000 1.000000
vt 0.000000 0.000000
vt 1.000000 0.000000
vt 0.000000 1.000000
vt 0.000000 0.000000
vt 1.000000 0.000000
vt 0.000000 1.000000
vt 0.000000 0.000000
vt 1.000000 0.000000
vt 0.000000 1.000000
vt 0.000000 0.000000
vt 1.000000 0.000000
vt 0.000000 1.000000
vt 0.000000 0.000000
vt 1.000000 0.000000
vt 0.000000 1.000000
vt 0.000000 0.000000
vt 1.000000 0.000000
vt 0.000000 1.000000
vt 0.000000 0.000000
vt 1.000000 0.000000
vt 0.000000 1.000000
vt 0.000000 0.000000
vt 1.000000 0.000000
vt 0.000000 1.000000
vt 0.000000 0.000000
vt 1.000000 0.000000
vt 0.000000 1.000000
vt 0.000000 0.000000
vt 1.000000 0.000000
vt 0.000000 1.000000
vt 0.000000 0.000000
vt 1.000000 0.000000
vt 0.000000 1.000000
vt 0.000000 0.000000
vt 1.000000 0.000000
vt 0.000000 1.000000
vt 0.000000 0.000000
vt 1.000000 0.000000
vt 0.000000 1.000000
vt 0.000000 0.000000
vt 1.000000 0.000000
vt 0.000000 1.000000
vt 0.000000 0.000000
vt 1.000000 0.000000
vt 0.000000 1.000000
vt 0.000000 0.000000
vt 1.000000 0.000000
vt 0.000000 1.000000
vt 0.000000 0.000000
vt 1.000000 0.000000
vt 0.000000 1.000000
vt 0.000000 0.000000
vt 1.000000 0.000000
vt 0.000000 1.000000
vt 0.000000 0.000000
vt 1.000000 0.000000
vt 0.000000 1.000000
vt 0.000000 0.000000
vt 1.000000 0.000000
vt 0.000000 1.000000
vt 0.000000 0.000000
vt 1.000000 0.000000
vt 0.000000 1.000000
vt 0.000000 0.000000
vt 1.000000 0.000000
vt 0.000000 1.000000
vt 0.000000 0.000000
vt 1.000000 0.000000
vt 0.000000 1.000000
vt 0.000000 0.000000
vt 1.000000 0.000000
vt 0.000000 1.000000
vt 0.000000 0.000000
vt 1.000000 0.000000
vt 0.000000 1.000000
vt 0.000000 0.000000
vt 1.000000 0.000000
vt 0.000000 1.000000
vt 0.000000 0.000000
vt 1.000000 0.000000
vt 0.000000 1.000000
vt 0.000000 0.000000
vt 1.000000 0.000000
vt 0.000000 1.000000
vt 0.000000 0.000000
vt 1.000000 0.000000
vt 0.000000 1.000000
vt 0.000000 0.000000
vt 1.000000 0.000000
vt 0.000000 1.000000
vt 0.000000 0.000000
vt 1.000000 0.000000
vt 0.000000 1.000000
vt 0.000000 0.000000
vt 1.000000 0.000000
vt 0.000000 1.000000
vt 0.000000 0.000000
vt 1.000000 0.000000
vt 0.000000 1.000000
vt 0.000000 0.000000
vt 1.000000 0.000000
vt 0.000000 1.000000
vt 0.000000 0.000000
vt 1.000000 0.000000
vt 0.000000 1.000000
vt 0.000000 0.000000
vt 1.000000 0.000000
vt 0.000000 1.000000
vt 0.000000 0.000000
vt 1.000000 0.000000
vt 0.000000 1.000000
vt 0.000000 0.000000
vt 1.000000 0.000000
vt 0.000000 1.000000
vt 0.000000 0.000000
vt 1.000000 0.000000
vt 0.000000 1.000000
vt 0.000000 0.000000
vt 1.000000 0.000000
vt 0.000000 1.000000
vt 0.000000 0.000000
vt 1.000000 0.000000
vt 0.000000 1.000000
vt 0.000000 0.000000
vt 1.000000 0.000000
vt 0.000000 1.000000
vt 0.000000 0.000000
vt 1.000000 0.000000
vt 0.000000 1.000000
vt 0.000000 0.000000
vt 1.000000 0.000000
vt 0.000000 1.000000
vt 0.000000 0.000000
vt 1.000000 0.000000
vt 0.000000 1.000000
vt 0.000000 0.000000
vt 1.000000 0.000000
vt 0.000000 1.000000
vt 0.000000 0.000000
vt 1.000000 0.000000
vt 0.000000 1.000000
vt 0.000000 0.000000
vt 1.000000 0.000000
vt 0.000000 1.000000
vt 0.000000 0.000000
vt 1.000000 0.000000
vt 0.000000 1.000000
vt 0.000000 0.000000
vt 1.000000 0.000000
vt 0.000000 1.000000
vt 0.000000 0.000000
vt 1.000000 0.000000
vt 0.000000 1.000000
vt 0.000000 0.000000
vt 1.000000 0.000000
vt 0.000000 1.000000
vt 0.000000 0.000000
vt 1.000000 0.000000
vt 0.000000 1.000000
vt 0.000000 0.000000
vt 1.000000 0.000000
vt 0.000000 1.000000
vt 0.000000 0.000000
vt 1.000000 0.000000
vt 0.000000 1.000000
vt 0.000000 0.000000
vt 1.000000 0.000000
vt 0.000000 1.000000
vt 0.000000 0.000000
vt 1.000000 0.000000
vt 0.000000 1.000000
vt 0.000000 0.000000
vt 1.000000 0.000000
vt 0.000000 1.000000
vt 0.000000 0.000000
vt 1.000000 0.000000
vt 0.000000 1.000000
vt 0.000000 0.000000
vt 1.000000 0.000000
vt 0.000000 1.000000
vt 0.000000 0.000000
vt 1.000000 0.000000
vt 0.000000 1.000000
vt 0.000000 0.000000
vt 1.000000 0.000000
vt 0.000000 1.000000
vt 0.000000 0.000000
vt 1.000000 0.000000
vt 0.000000 1.000000
vt 0.000000 0.000000
vt 1.000000 0.000000
vt 0.000000 1.000000
vt 0.000000 0.000000
vt 1.000000 0.000000
vt 0.000000 1.000000
vt 0.000000 0.000000
vt 1.000000 0.000000
vt 0.000000 1.000000
vt 0.000000 0.000000
vt 1.000000 0.000000
vt 0.000000 1.000000
vt 0.000000 0.000000
vt 1.000000 0.000000
vt 0.000000 1.000000
vt 0.000000 0.000000
vt 1.000000 0.000000
vt 0.000000 1.000000
vt 0.000000 0.000000
vt 1.000000 0.000000
vt 0.000000 1.000000
vt 0.000000 0.000000
vt 1.000000 0.000000
vt 0.000000 1.000000
vt 0.000000 0.000000
vt 1.000000 0.000000
vt 0.000000 1.000000
vt 0.000000 0.000000
vt 1.000000 0.000000
vt 0.000000 1.000000
vt 0.000000 0.000000
vt 1.000000 0.000000
vt 0.000000 1.000000
vt 0.000000 0.000000
vt 1.000000 0.000000
vt 0.000000 1.000000
vt 0.000000 0.000000
vt 1.000000 0.000000
vt 0.000000 1.000000
vt 0.000000 0.000000
vt 1.000000 0.000000
vt 0.000000 1.000000
vt 0.000000 0.000000
vt 1.000000 0.000000
vt 0.000000 1.000000
vt 0.000000 0.000000
vt 1.000000 0.000000
vt 0.000000 1.000000
vt 0.000000 0.000000
vt 1.000000 0.000000
vt 0.000000 1.000000
vt 0.000000 0.000000
vt 1.000000 0.000000
vt 0.000000 1.000000
vt 0.000000 0.000000
vt 1.000000 0.000000
vt 0.000000 1.000000
vt 0.000000 0.000000
vt 1.000000 0.000000
vt 0.000000 1.000000
vt 0.000000 0.000000
vt 1.000000 0.000000
vt 0.000000 1.000000
vt 0.000000 0.000000
vt 1.000000 0.000000
vt 0.000000 1.000000
vt 0.000000 0.000000
vt 1.000000 0.000000
vt 0.000000 1.000000
vt 0.000000 0.000000
vt 1.000000 0.000000
vt 0.000000 1.000000
vt 0.000000 0.000000
vt 1.000000 0.000000
vt 0.000000 1.000000
vt 0.000000 0.000000
vt 1.000000 0.000000
vt 0.000000 1.000000
vt 0.000000 0.000000
vt 1.000000 0.000000
vt 0.000000 1.000000
vt 0.000000 0.000000
vt 1.000000 0.000000
vt 0.000000 1.000000
vt 0.000000 0.000000
vt 1.000000 0.000000
vt 0.000000 1.000000
vt 0.000000 0.000000
vt 1.000000 0.000000
vt 0.000000 1.000000
vt 0.000000 0.000000
vt 1.000000 0.000000
vt 0.000000 1.000000
vt 0.000000 0.000000
vt 1.000000 0.000000
vt 0.000000 1.000000
vt 0.000000 0.000000
vt 1.000000 0.000000
vt 0.000000 1.000000
vt 0.000000 0.000000
vt 1.000000 0.000000
vt 0.000000 1.000000
vt 0.000000 0.000000
vt 1.000000 0.000000
vt 0.000000 1.000000
vt 0.000000 0.000000
vt 1.000000 0.000000
vt 0.000000 1.000000
vt 0.000000 0.000000
vt 1.000000 0.000000
vt 0.000000 1.000000
vt 0.000000 0.000000
vt 1.000000 0.000000
vt 0.000000 1.000000
vt 0.000000 0.000000
vt 1.000000 0.000000
vt 0.000000 1.000000
vt 0.000000 0.000000
vt 1.000000 0.000000
vt 0.000000 1.000000
vt 0.000000 0.000000
vt 1.000000 0.000000
vt 0.000000 1.000000
vt 0.000000 0.000000
vt 1.000000 0.000000
vt 0.000000 1.000000
vt 0.000000 0.000000
vt 1.000000 0.000000
vt 0.000000 1.000000
vt 0.000000 0.000000
vt 1.000000 0.000000
vt 0.000000 1.000000
vt 0.000000 0.000000
vt 1.000000 0.000000
vt 0.000000 1.000000
vt 0.000000 0.000000
vt 1.000000 0.000000
vt 0.000000 1.000000
vt 0.000000 0.000000
vt 1.000000 0.000000
vt 0.000000 1.000000
vt 0.000000 0.000000
vt 1.000000 0.000000
vt 0.000000 1.000000
vt 0.000000 0.000000
vt 1.000000 0.000000
vt 0.000000 1.000000
vt 0.000000 0.000000
vt 1.000000 0.000000
vt 0.000000 1.000000
vt 0.000000 0.000000
vt 1.000000 0.000000
vt 0.000000 1.000000
vt 0.000000 0.000000
vt 1.000000 0.000000
vt 0.000000 1.000000
vt 0.000000 0.000000
vt 1.000000 0.000000
vt 0.000000 1.000000
vt 0.000000 0.000000
vt 1.000000 0.000000
vt 0.000000 1.000000
vt 0.000000 0.000000
vt 1.000000 0.000000
vt 0.000000 1.000000
vt 0.000000 0.000000
vt 1.000000 0.000000
vt 0.000000 1.000000
vt 0.000000 0.000000
vt 1.000000 0.000000
vt 0.000000 1.000000
vt 0.000000 0.000000
vt 1.000000 0.000000
vt 0.000000 1.000000
vt 0.000000 0.000000
vt 1.000000 0.000000
vt 0.000000 1.000000
vt 0.000000 0.000000
vt 1.000000 0.000000
vt 0.000000 1.000000
vt 0.000000 0.000000
vt 1.000000 0.000000
vt 0.000000 1.000000
vt 0.000000 0.000000
vt 1.000000 0.000000
vt 0.000000 1.000000
vt 0.000000 0.000000
vt 1.000000 0.000000
vt 0.000000 1.000000
vt 0.000000 0.000000
vt 1.000000 0.000000
vt 0.000000 1.000000
vt 0.000000 0.000000
vt 1.000000 0.000000
vt 0.000000 1.000000
vt 0.000000 0.000000
vt 1.000000 0.000000
vt 0.000000 1.000000
vt 0.000000 0.000000
vt 1.000000 0.000000
vt 0.000000 1.000000
vt 0.000000 0.000000
vt 1.000000 0.000000
vt 0.000000 1.000000
vt 0.000000 0.000000
vt 1.000000 0.000000
vt 0.000000 1.000000
vt 0.000000 0.000000
vt 1.000000 0.000000
vt 0.000000 1.000000
vt 0.000000 0.000000
vt 1.000000 0.000000
vt 0.000000 1.000000
vt 0.000000 0.000000
vt 1.000000 0.000000
vt 0.000000 1.000000
vt 0.000000 0.000000
vt 1.000000 0.000000
vt 0.000000 1.000000
vt 0.000000 0.000000
vt 1.000000 0.000000
vt 0.000000 1.000000
vt 0.000000 0.000000
vt 1.000000 0.000000
vt 0.000000 1.000000
vt 0.000000 0.000000
vt 1.000000 0.000000
vt 0.000000 1.000000
vt 0.000000 0.000000
vt 1.000000 0.000000
vt 0.000000 1.000000
vt 0.000000 0.000000
vt 1.000000 0.000000
vt 0.000000 1.000000
vt 0.000000 0.000000
vt 1.000000 0.000000
vt 0.000000 1.000000
vt 0.000000 0.000000
vt 1.000000 0.000000
vt 0.000000 1.000000
vt 0.000000 0.000000
vt 1.000000 0.000000
vt 0.000000 1.000000
vt 0.000000 0.000000
vt 1.000000 0.000000
vt 0.000000 1.000000
vt 0.000000 0.000000
vt 1.000000 0.000000
vt 0.000000 1.000000
vt 0.000000 0.000000
vt 1.000000 0.000000
vt 0.000000 1.000000
vt 0.000000 0.000000
vt 1.000000 0.000000
vt 0.000000 1.000000
vt 0.000000 0.000000
vt 1.000000 0.000000
vt 0.000000 1.000000
vt 0.000000 0.000000
vt 1.000000 0.000000
vt 0.000000 1.000000
vt 0.000000 0.000000
vt 1.000000 0.000000
vt 0.000000 1.000000
vt 0.000000 0.000000
vt 1.000000 0.000000
vt 0.000000 1.000000
vt 0.000000 0.000000
vt 1.000000 0.000000
vt 0.000000 1.000000
vt 0.000000 0.000000
vt 1.000000 0.000000
vt 0.000000 1.000000
vt 0.000000 0.000000
vt 1.000000 0.000000
vt 0.000000 1.000000
vt 0.000000 0.000000
vt 1.000000 0.000000
vt 0.000000 1.000000
vt 0.000000 0.000000
vt 1.000000 0.000000
vt 0.000000 1.000000
vt 0.000000 0.000000
vt 1.000000 0.000000
vt 0.000000 1.000000
vt 0.000000 0.000000
vt 1.000000 0.000000
vt 0.000000 1.000000
vt 0.000000 0.000000
vt 1.000000 0.000000
vt 0.000000 1.000000
vt 0.000000 0.000000
vt 1.000000 0.000000
vt 0.000000 1.000000
vt 0.000000 0.000000
vt 1.000000 0.000000
vt 0.000000 1.000000
vt 0.000000 0.000000
vt 1.000000 0.000000
vt 0.000000 1.000000
vt 0.000000 0.000000
vt 1.000000 0.000000
vt 0.000000 1.000000
vt 0.000000 0.000000
vt 1.000000 0.000000
vt 0.000000 1.000000
vt 0.000000 0.000000
vt 1.000000 0.000000
vt 0.000000 1.000000
vt 0.000000 0.000000
vt 1.000000 0.000000
vt 0.000000 1.000000
vt 0.000000 0.000000
vt 1.000000 0.000000
vt 0.000000 1.000000
vt 0.000000 0.000000
vt 1.000000 0.000000
vt 0.000000 1.000000
vt 0.000000 0.000000
vt 1.000000 0.000000
vt 0.000000 1.000000
vt 0.000000 0.000000
vt 1.000000 0.000000
vt 0.000000 1.000000
vt 0.000000 0.000000
vt 1.000000 0.000000
vt 0.000000 1.000000
vt 0.000000 0.000000
vt 1.000000 0.000000
vt 0.000000 1.000000
vt 0.000000 0.000000
vt 1.000000 0.000000
vt 0.000000 1.000000
vt 0.000000 0.000000
vt 1.000000 0.000000
vt 0.000000 1.000000
vt 0.000000 0.000000
vt 1.000000 0.000000
vt 0.000000 1.000000
vt 0.000000 0.000000
vt 1.000000 0.000000
vt 0.000000 1.000000
vt 0.000000 0.000000
vt 1.000000 0.000000
vt 0.000000 1.000000
vt 0.000000 0.000000
vt 1.000000 0.000000
vt 0.000000 1.000000
vt 0.000000 0.000000
vt 1.000000 0.000000
vt 0.000000 1.000000
vt 0.000000 0.000000
vt 1.000000 0.000000
vt 0.000000 1.000000
vt 0.000000 0.000000
vt 1.000000 0.000000
vt 0.000000 1.000000
vt 0.000000 0.000000
vt 1.000000 0.000000
vt 0.000000 1.000000
vt 0.000000 0.000000
vt 1.000000 0.000000
vt 0.000000 1.000000
vt 0.000000 0.000000
vt 1.000000 0.000000
vt 0.000000 1.000000
vt 0.000000 0.000000
vt 1.000000 0.000000
vt 0.000000 1.000000
vt 0.000000 0.000000
vt 1.000000 0.000000
vt 0.000000 1.000000
vt 0.000000 0.000000
vt 1.000000 0.000000
vt 0.000000 1.000000
vt 0.000000 0.000000
vt 1.000000 0.000000
vt 0.000000 1.000000
vt 0.000000 0.000000
vt 1.000000 0.000000
vt 0.000000 1.000000
vt 0.000000 0.000000
vt 1.000000 0.000000
vt 0.000000 1.000000
vt 0.000000 0.000000
vt 1.000000 0.000000
vt 0.000000 1.000000
vt 0.000000 0.000000
vt 1.000000 0.000000
vt 0.000000 1.000000
vt 0.000000 0.000000
vt 1.000000 0.000000
vt 0.000000 1.000000
vt 0.000000 0.000000
vt 1.000000 0.000000
vt 0.000000 1.000000
vt 0.000000 0.000000
vt 1.000000 0.000000
vt 0.000000 1.000000
vt 0.000000 0.000000
vt 1.000000 0.000000
vt 0.000000 1.000000
vt 0.000000 0.000000
vt 1.000000 0.000000
vt 0.000000 1.000000
vt 0.000000 0.000000
vt 1.000000 0.000000
vt 0.000000 1.000000
vt 0.000000 0.000000
vt 1.000000 0.000000
vt 0.000000 1.000000
vt 0.000000 0.000000
vt 1.000000 0.000000
vt 0.000000 1.000000
vt 0.000000 0.000000
vt 1.000000 0.000000
vt 0.000000 1.000000
vt 0.000000 0.000000
vt 1.000000 0.000000
vt 0.000000 1.000000
vt 0.000000 0.000000
vt 1.000000 0.000000
vt 0.000000 1.000000
vt 0.000000 0.000000
vt 1.000000 0.000000
vt 0.000000 1.000000
vt 0.000000 0.000000
vt 1.000000 0.000000
vt 0.000000 1.000000
vt 0.000000 0.000000
vt 1.000000 0.000000
vt 0.000000 1.000000
vt 0.000000 0.000000
vt 1.000000 0.000000
vt 0.000000 1.000000
vt 0.000000 0.000000
vt 1.000000 0.000000
vt 0.000000 1.000000
vt 0.000000 0.000000
vt 1.000000 0.000000
vt 0.000000 1.000000
vt 0.000000 0.000000
vt 1.000000 0.000000
vt 0.000000 1.000000
vt 0.000000 0.000000
vt 1.000000 0.000000
vt 0.000000 1.000000
vt 0.000000 0.000000
vt 1.000000 0.000000
vt 0.000000 1.000000
vt 0.000000 0.000000
vt 1.000000 0.000000
vt 0.000000 1.000000
vt 0.000000 0.000000
vt 1.000000 0.000000
vt 0.000000 1.000000
vt 0.000000 0.000000
vt 1.000000 0.000000
vt 0.000000 1.000000
vt 0.000000 0.000000
vt 1.000000 0.000000
vt 0.000000 1.000000
vt 0.000000 0.000000
vt 1.000000 0.000000
vt 0.000000 1.000000
vt 0.000000 0.000000
vt 1.000000 0.000000
vt 0.000000 1.000000
vt 0.000000 0.000000
vt 1.000000 0.000000
vt 0.000000 1.000000
vt 0.000000 0.000000
vt 1.000000 0.000000
vt 0.000000 1.000000
vt 0.000000 0.000000
vt 1.000000 0.000000
vt 0.000000 1.000000
vt 0.000000 0.000000
vt 1.000000 0.000000
vt 0.000000 1.000000
vt 0.000000 0.000000
vt 1.000000 0.000000
vt 0.000000 1.000000
vt 0.000000 0.000000
vt 1.000000 0.000000
vt 0.000000 1.000000
vt 0.000000 0.000000
vt 1.000000 0.000000
vt 0.000000 1.000000
vt 0.000000 0.000000
vt 1.000000 0.000000
vt 0.000000 1.000000
vt 0.000000 0.000000
vt 1.000000 0.000000
vt 0.000000 1.000000
vt 0.000000 0.000000
vt 1.000000 0.000000
vt 0.000000 1.000000
vt 0.000000 0.000000
vt 1.000000 0.000000
vt 0.000000 1.000000
vt 0.000000 0.000000
vt 1.000000 0.000000
vt 0.000000 1.000000
vt 0.000000 0.000000
vt 1.000000 0.000000
vt 0.000000 1.000000
vt 0.000000 0.000000
vt 1.000000 0.000000
vt 0.000000 1.000000
vt 0.000000 0.000000
vt 1.000000 0.000000
vt 0.000000 1.000000
vt 0.000000 0.000000
vt 1.000000 0.000000
vt 0.000000 1.000000
vt 0.000000 0.000000
vt 1.000000 0.000000
vt 0.000000 1.000000
vt 0.000000 0.000000
vt 1.000000 0.000000
vt 0.000000 1.000000
vt 0.000000 0.000000
vt 1.000000 0.000000
vt 0.000000 1.000000
vt 0.000000 0.000000
vt 1.000000 0.000000
vt 0.000000 1.000000
vt 0.000000 0.000000
vt 1.000000 0.000000
vt 0.000000 1.000000
vt 0.000000 0.000000
vt 1.000000 0.000000
vt 0.000000 1.000000
vt 0.000000 0.000000
vt 1.000000 0.000000
vt 0.000000 1.000000
vt 0.000000 0.000000
vt 1.000000 0.000000
vt 0.000000 1.000000
vt 0.000000 0.000000
vt 1.000000 0.000000
vt 0.000000 1.000000
vt 0.000000 0.000000
vt 1.000000 0.000000
vt 0.000000 1.000000
vt 0.000000 0.000000
vt 1.000000 0.000000
vt 0.000000 1.000000
vt 0.000000 0.000000
vt 1.000000 0.000000
vt 0.000000 1.000000
vt 0.000000 0.000000
vt 1.000000 0.000000
vt 0.000000 1.000000
vt 0.000000 0.000000
vt 1.000000 0.000000
vt 0.000000 1.000000
vt 0.000000 0.000000
vt 1.000000 0.000000
vt 0.000000 1.000000
vt 0.000000 0.000000
vt 1.000000 0.000000
vt 0.000000 1.000000
vt 0.000000 0.000000
vt 1.000000 0.000000
vt 0.000000 1.000000
vt 0.000000 0.000000
vt 1.000000 0.000000
vt 0.000000 1.000000
vt 0.000000 0.000000
vt 1.000000 0.000000
vt 0.000000 1.000000
vt 0.000000 0.000000
vt 1.000000 0.000000
vt 0.000000 1.000000
vt 0.000000 0.000000
vt 1.000000 0.000000
vt 0.000000 1.000000
vt 0.000000 0.000000
vt 1.000000 0.000000
vt 0.000000 1.000000
vt 0.000000 0.000000
vt 1.000000 0.000000
vt 0.000000 1.000000
vt 0.000000 0.000000
vt 1.000000 0.000000
vt 0.000000 1.000000
vt 0.000000 0.000000
vt 1.000000 0.000000
vt 0.000000 1.000000
vt 0.000000 0.000000
vt 1.000000 0.000000
vt 0.000000 1.000000
vt 0.000000 0.000000
vt 1.000000 0.000000
vt 0.000000 1.000000
vt 0.000000 0.000000
vt 1.000000 0.000000
vt 0.000000 1.000000
vt 0.000000 0.000000
vt 1.000000 0.000000
vt 0.000000 1.000000
vt 0.000000 0.000000
vt 1.000000 0.000000
vt 0.000000 1.000000
vt 0.000000 0.000000
vt 1.000000 0.000000
vt 0.000000 1.000000
vt 0.000000 0.000000
vt 1.000000 0.000000
vt 0.000000 1.000000
vt 0.000000 0.000000
vt 1.000000 0.000000
vt 0.000000 1.000000
vt 0.000000 0.000000
vt 1.000000 0.000000
vt 0.000000 1.000000
vt 0.000000 0.000000
vt 1.000000 0.000000
vt 0.000000 1.000000
vt 0.000000 0.000000
vt 1.000000 0.000000
vt 0.000000 1.000000
vt 0.000000 0.000000
vt 1.000000 0.000000
vt 0.000000 1.000000
vt 0.000000 0.000000
vt 1.000000 0.000000
vt 0.000000 1.000000
vt 0.000000 0.000000
vt 1.000000 0.000000
vt 0.000000 1.000000
vt 0.000000 0.000000
vt 1.000000 0.000000
vt 0.000000 1.000000
vt 0.000000 0.000000
vt 1.000000 0.000000
vt 0.000000 1.000000
vt 0.000000 0.000000
vt 1.000000 0.000000
vt 0.000000 1.000000
vt 0.000000 0.000000
vt 1.000000 0.000000
vt 0.000000 1.000000
vt 0.000000 0.000000
vt 1.000000 0.000000
vt 0.000000 1.000000
vt 0.000000 0.000000
vt 1.000000 0.000000
vt 0.000000 1.000000
vt 0.000000 0.000000
vt 1.000000 0.000000
vt 0.000000 1.000000
vt 0.000000 0.000000
vt 1.000000 0.000000
vt 0.000000 1.000000
vt 0.000000 0.000000
vt 1.000000 0.000000
vt 0.000000 1.000000
vt 0.000000 0.000000
vt 1.000000 0.000000
vt 0.000000 1.000000
vt 0.000000 0.000000
vt 1.000000 0.000000
vt 0.000000 1.000000
vt 0.000000 0.000000
vt 1.000000 0.000000
vt 0.000000 1.000000
vt 0.000000 0.000000
vt 1.000000 0.000000
vt 0.000000 1.000000
vt 0.000000 0.000000
vt 1.000000 0.000000
vt 0.000000 1.000000
vt 0.000000 0.000000
vt 1.000000 0.000000
vt 0.000000 1.000000
vt 0.000000 0.000000
vt 1.000000 0.000000
vt 0.000000 1.000000
vt 0.000000 0.000000
vt 1.000000 0.000000
vt 0.000000 1.000000
vt 0.000000 0.000000
vt 1.000000 0.000000
vt 0.000000 1.000000
vt 0.000000 0.000000
vt 1.000000 0.000000
vt 0.000000 1.000000
vt 0.000000 0.000000
vt 1.000000 0.000000
vt 0.000000 1.000000
vt 0.000000 0.000000
vt 1.000000 0.000000
vt 0.000000 1.000000
vt 0.000000 0.000000
vt 1.000000 0.000000
vt 0.000000 1.000000
vt 0.000000 0.000000
vt 1.000000 0.000000
vt 0.000000 1.000000
vt 0.000000 0.000000
vt 1.000000 0.000000
vt 0.000000 1.000000
vt 0.000000 0.000000
vt 1.000000 0.000000
vt 0.000000 1.000000
vt 0.000000 0.000000
vt 1.000000 0.000000
vt 0.000000 1.000000
vt 0.000000 0.000000
vt 1.000000 0.000000
vt 0.000000 1.000000
vt 0.000000 0.000000
vt 1.000000 0.000000
vt 0.000000 1.000000
vt 0.000000 0.000000
vt 1.000000 0.000000
vt 0.000000 1.000000
vt 0.000000 0.000000
vt 1.000000 0.000000
vt 0.000000 1.000000
vt 0.000000 0.000000
vt 1.000000 0.000000
vt 0.000000 1.000000
vt 0.000000 0.000000
vt 1.000000 0.000000
vt 0.000000 1.000000
vt 0.000000 0.000000
vt 1.000000 0.000000
vt 0.000000 1.000000
vt 0.000000 0.000000
vt 1.000000 0.000000
vt 0.000000 1.000000
vt 0.000000 0.000000
vt 1.000000 0.000000
vt 0.000000 1.000000
vt 0.000000 0.000000
vt 1.000000 0.000000
vt 0.000000 1.000000
vt 0.000000 0.000000
vt 1.000000 0.000000
vt 0.000000 1.000000
vt 0.000000 0.000000
vt 1.000000 0.000000
vt 0.000000 1.000000
vt 0.000000 0.000000
vt 1.000000 0.000000
vt 0.000000 1.000000
vt 0.000000 0.000000
vt 1.000000 0.000000
vt 0.000000 1.000000
vt 0.000000 0.000000
vt 1.000000 0.000000
vt 0.000000 1.000000
vt 0.000000 0.000000
vt 1.000000 0.000000
vt 0.000000 1.000000
vt 0.000000 0.000000
vt 1.000000 0.000000
vt 0.000000 1.000000
vt 0.000000 0.000000
vt 1.000000 0.000000
vt 0.000000 1.000000
vt 0.000000 0.000000
vt 1.000000 0.000000
vt 0.000000 1.000000
vt 0.000000 0.000000
vt 1.000000 0.000000
vt 0.000000 1.000000
vt 0.000000 0.000000
vt 1.000000 0.000000
vt 0.000000 1.000000
vt 0.000000 0.000000
vt 1.000000 0.000000
vt 0.000000 1.000000
vt 0.000000 0.000000
vt 1.000000 0.000000
vt 0.000000 1.000000
vt 0.000000 0.000000
vt 1.000000 0.000000
vt 0.000000 1.000000
vt 0.000000 0.000000
vt 1.000000 0.000000
vt 0.000000 1.000000
vt 0.000000 0.000000
vt 1.000000 0.000000
vt 0.000000 1.000000
vt 0.000000 0.000000
vt 1.000000 0.000000
vt 0.000000 1.000000
vt 0.000000 0.000000
vt 1.000000 0.000000
vt 0.000000 1.000000
vt 0.000000 0.000000
vt 1.000000 0.000000
vt 0.000000 1.000000
vt 0.000000 0.000000
vt 1.000000 0.000000
vt 0.000000 1.000000
vt 0.000000 0.000000
vt 1.000000 0.000000
vt 0.000000 1.000000
vt 0.000000 0.000000
vt 1.000000 0.000000
vt 0.000000 1.000000
vt 0.000000 0.000000
vt 1.000000 0.000000
vt 0.000000 1.000000
vt 0.000000 0.000000
vt 1.000000 0.000000
vt 0.000000 1.000000
vt 0.000000 0.000000
vt 1.000000 0.000000
vt 0.000000 1.000000
vt 0.000000 0.000000
vt 1.000000 0.000000
vt 0.000000 1.000000
vt 0.000000 0.000000
vt 1.000000 0.000000
vt 0.000000 1.000000
vt 0.000000 0.000000
vt 1.000000 0.000000
vt 0.000000 1.000000
vt 0.000000 0.000000
vt 1.000000 0.000000
vt 0.000000 1.000000
vt 0.000000 0.000000
vt 1.000000 0.000000
vt 0.000000 1.000000
vt 0.000000 0.000000
vt 1.000000 0.000000
vt 0.000000 1.000000
vt 0.000000 0.000000
vt 1.000000 0.000000
vt 0.000000 1.000000
vt 0.000000 0.000000
vt 1.000000 0.000000
vt 0.000000 1.000000
vt 0.000000 0.000000
vt 1.000000 0.000000
vt 0.000000 1.000000
vt 0.000000 0.000000
vt 1.000000 0.000000
vt 0.000000 1.000000
vt 0.000000 0.000000
vt 1.000000 0.000000
vt 0.000000 1.000000
vt 0.000000 0.000000
vt 1.000000 0.000000
vt 0.000000 1.000000
vt 0.000000 0.000000
vt 1.000000 0.000000
vt 0.000000 1.000000
vt 0.000000 0.000000
vt 1.000000 0.000000
vt 0.000000 1.000000
vt 0.000000 0.000000
vt 1.000000 0.000000
vt 0.000000 1.000000
vt 0.000000 0.000000
vt 1.000000 0.000000
vt 0.000000 1.000000
vt 0.000000 0.000000
vt 1.000000 0.000000
vt 0.000000 1.000000
vt 0.000000 0.000000
vt 1.000000 0.000000
vt 0.000000 1.000000
vt 0.000000 0.000000
vt 1.000000 0.000000
vt 0.000000 1.000000
vt 0.000000 0.000000
vt 1.000000 0.000000
vt 0.000000 1.000000
vt 0.000000 0.000000
vt 1.000000 0.000000
vt 0.000000 1.000000
vt 0.000000 0.000000
vt 1.000000 0.000000
vt 0.000000 1.000000
vt 0.000000 0.000000
vt 1.000000 0.000000
vt 0.000000 1.000000
vt 0.000000 0.000000
vt 1.000000 0.000000
vt 0.000000 1.000000
vt 0.000000 0.000000
vt 1.000000 0.000000
vt 0.000000 1.000000
vt 0.000000 0.000000
vt 1.000000 0.000000
vt 0.000000 1.000000
vt 0.000000 0.000000
vt 1.000000 0.000000
vt 0.000000 1.000000
vt 0.000000 0.000000
vt 1.000000 0.000000
vt 0.000000 1.000000
vt 0.000000 0.000000
vt 1.000000 0.000000
vt 0.000000 1.000000
vt 0.000000 0.000000
vt 1.000000 0.000000
vt 0.000000 1.000000
vt 0.000000 0.000000
vt 1.000000 0.000000
vt 0.000000 1.000000
vt 0.000000 0.000000
vt 1.000000 0.000000
vt 0.000000 1.000000
vt 0.000000 0.000000
vt 1.000000 0.000000
vt 0.000000 1.000000
vt 0.000000 0.000000
vt 1.000000 0.000000
vt 0.000000 1.000000
vt 0.000000 0.000000
vt 1.000000 0.000000
vt 0.000000 1.000000
vt 0.000000 0.000000
vt 1.000000 0.000000
vt 0.000000 1.000000
vt 0.000000 0.000000
vt 1.000000 0.000000
vt 0.000000 1.000000
vt 0.000000 0.000000
vt 1.000000 0.000000
vt 0.000000 1.000000
vt 0.000000 0.000000
vt 1.000000 0.000000
vt 0.000000 1.000000
vt 0.000000 0.000000
vt 1.000000 0.000000
vt 0.000000 1.000000
vt 0.000000 0.000000
vt 1.000000 0.000000
vt 0.000000 1.000000
vt 0.000000 0.000000
vt 1.000000 0.000000
vt 0.000000 1.000000
vt 0.000000 0.000000
vt 1.000000 0.000000
vt 0.000000 1.000000
vt 0.000000 0.000000
vt 1.000000 0.000000
vt 0.000000 1.000000
vt 0.000000 0.000000
vt 1.000000 0.000000
vt 0.000000 1.000000
vt 0.000000 0.000000
vt 1.000000 0.000000
vt 0.000000 1.000000
vt 0.000000 0.000000
vt 1.000000 0.000000
vt 0.000000 1.000000
vt 0.000000 0.000000
vt 1.000000 0.000000
vt 0.000000 1.000000
vt 0.000000 0.000000
vt 1.000000 0.000000
vt 0.000000 1.000000
vt 0.000000 0.000000
vt 1.000000 0.000000
vt 0.000000 1.000000
vt 0.000000 0.000000
vt 1.000000 0.000000
vt 0.000000 1.000000
vt 0.000000 0.000000
vt 1.000000 0.000000
vt 0.000000 1.000000
vt 0.000000 0.000000
vt 1.000000 0.000000
vt 0.000000 1.000000
vt 0.000000 0.000000
vt 1.000000 0.000000
vt 0.000000 1.000000
vt 0.000000 0.000000
vt 1.000000 0.000000
vt 0.000000 1.000000
vt 0.000000 0.000000
vt 1.000000 0.000000
vt 0.000000 1.000000
vt 0.000000 0.000000
vt 1.000000 0.000000
vt 0.000000 1.000000
vt 0.000000 0.000000
vt 1.000000 0.000000
vt 0.000000 1.000000
vt 0.000000 0.000000
vt 1.000000 0.000000
vt 0.000000 1.000000
vt 0.000000 0.000000
vt 1.000000 0.000000
vt 0.000000 1.000000
vt 0.000000 0.000000
vt 1.000000 0.000000
vt 0.000000 1.000000
vt 0.000000 0.000000
vt 1.000000 0.000000
vt 0.000000 1.000000
vt 0.000000 0.000000
vt 1.000000 0.000000
vt 0.000000 1.000000
vt 0.000000 0.000000
vt 1.000000 0.000000
vt 0.000000 1.000000
vt 0.000000 0.000000
vt 1.000000 0.000000
vt 0.000000 1.000000
vt 0.000000 0.000000
vt 1.000000 0.000000
vt 0.000000 1.000000
vt 0.000000 0.000000
vt 1.000000 0.000000
vt 0.000000 1.000000
vt 0.000000 0.000000
vt 1.000000 0.000000
vt 0.000000 1.000000
vt 0.000000 0.000000
vt 1.000000 0.000000
vt 0.000000 1.000000
vt 0.000000 0.000000
vt 1.000000 0.000000
vt 0.000000 1.000000
vt 0.000000 0.000000
vt 1.000000 0.000000
vt 0.000000 1.000000
vt 0.000000 0.000000
vt 1.000000 0.000000
vt 0.000000 1.000000
vt 0.000000 0.000000
vt 1.000000 0.000000
vt 0.000000 1.000000
vt 0.000000 0.000000
vt 1.000000 0.000000
vt 0.000000 1.000000
vt 0.000000 0.000000
vt 1.000000 0.000000
vt 0.000000 1.000000
vt 0.000000 0.000000
vt 1.000000 0.000000
vt 0.000000 1.000000
vt 0.000000 0.000000
vt 1.000000 0.000000
vt 0.000000 1.000000
vt 0.000000 0.000000
vt 1.000000 0.000000
vt 0.000000 1.000000
vt 0.000000 0.000000
vt 1.000000 0.000000
vt 0.000000 1.000000
vt 0.000000 0.000000
vt 1.000000 0.000000
vt 0.000000 1.000000
vt 0.000000 0.000000
vt 1.000000 0.000000
vt 0.000000 1.000000
vt 0.000000 0.000000
vt 1.000000 0.000000
vt 0.000000 1.000000
vt 0.000000 0.000000
vt 1.000000 0.000000
vt 0.000000 1.000000
vt 0.000000 0.000000
vt 1.000000 0.000000
vt 0.000000 1.000000
vt 0.000000 0.000000
vt 1.000000 0.000000
vt 0.000000 1.000000
vt 0.000000 0.000000
vt 1.000000 0.000000
vt 0.000000 1.000000
vt 0.000000 0.000000
vt 1.000000 0.000000
vt 0.000000 1.000000
vt 0.000000 0.000000
vt 1.000000 0.000000
vt 0.000000 1.000000
vt 0.000000 0.000000
vt 1.000000 0.000000
vt 0.000000 1.000000
vt 0.000000 0.000000
vt 1.000000 0.000000
vt 0.000000 1.000000
vt 0.000000 0.000000
vt 1.000000 0.000000
vt 0.000000 1.000000
vt 0.000000 0.000000
vt 1.000000 0.000000
vt 0.000000 1.000000
vt 0.000000 0.000000
vt 1.000000 0.000000
vt 0.000000 1.000000
vt 0.000000 0.000000
vt 1.000000 0.000000
vt 0.000000 1.000000
vt 0.000000 0.000000
vt 1.000000 0.000000
vt 0.000000 1.000000
vt 0.000000 0.000000
vt 1.000000 0.000000
vt 0.000000 1.000000
vt 0.000000 0.000000
vt 1.000000 0.000000
vt 0.000000 1.000000
vt 0.000000 0.000000
vt 1.000000 0.000000
vt 0.000000 1.000000
vt 0.000000 0.000000
vt 1.000000 0.000000
vt 0.000000 1.000000
vt 0.000000 0.000000
vt 1.000000 0.000000
vt 0.000000 1.000000
vt 0.000000 0.000000
vt 1.000000 0.000000
vt 0.000000 1.000000
vt 0.000000 0.000000
vt 1.000000 0.000000
vt 0.000000 1.000000
vt 0.000000 0.000000
vt 1.000000 0.000000
vt 0.000000 1.000000
vt 0.000000 0.000000
vt 1.000000 0.000000
vt 0.000000 1.000000
vt 0.000000 0.000000
vt 1.000000 0.000000
vt 0.000000 1.000000
vt 0.000000 0.000000
vt 1.000000 0.000000
vt 0.000000 1.000000
vt 0.000000 0.000000
vt 1.000000 0.000000
vt 0.000000 1.000000
vt 0.000000 0.000000
vt 1.000000 0.000000
vt 0.000000 1.000000
vt 0.000000 0.000000
vt 1.000000 0.000000
vt 0.000000 1.000000
vt 0.000000 0.000000
vt 1.000000 0.000000
vt 0.000000 1.000000
vt 0.000000 0.000000
vt 1.000000 0.000000
vt 0.000000 1.000000
vt 0.000000 0.000000
vt 1.000000 0.000000
vt 0.000000 1.000000
vt 0.000000 0.000000
vt 1.000000 0.000000
vt 0.000000 1.000000
vt 0.000000 0.000000
vt 1.000000 0.000000
vt 0.000000 1.000000
vt 0.000000 0.000000
vt 1.000000 0.000000
vt 0.000000 1.000000
vt 0.000000 0.000000
vt 1.000000 0.000000
vt 0.000000 1.000000
vt 0.000000 0.000000
vt 1.000000 0.000000
vt 0.000000 1.000000
vt 0.000000 0.000000
vt 1.000000 0.000000
vt 0.000000 1.000000
vt 0.000000 0.000000
vt 1.000000 0.000000
vt 0.000000 1.000000
vt 0.000000 0.000000
vt 1.000000 0.000000
vt 0.000000 1.000000
vt 0.000000 0.000000
vt 1.000000 0.000000
vt 0.000000 1.000000
vt 0.000000 0.000000
vt 1.000000 0.000000
vt 0.000000 1.000000
vt 0.000000 0.000000
vt 1.000000 0.000000
vt 0.000000 1.000000
vt 0.000000 0.000000
vt 1.000000 0.000000
vt 0.000000 1.000000
vt 0.000000 0.000000
vt 1.000000 0.000000
vt 0.000000 1.000000
vt 0.000000 0.000000
vt 1.000000 0.000000
vt 0.000000 1.000000
vt 0.000000 0.000000
vt 1.000000 0.000000
vt 0.000000 1.000000
vt 0.000000 0.000000
vt 1.000000 0.000000
vt 0.000000 1.000000
vt 0.000000 0.000000
vt 1.000000 0.000000
vt 0.000000 1.000000
vt 0.000000 0.000000
vt 1.000000 0.000000
vt 0.000000 1.000000
vt 0.000000 0.000000
vt 1.000000 0.000000
vt 0.000000 1.000000
vt 0.000000 0.000000
vt 1.000000 0.000000
vt 0.000000 1.000000
vt 0.000000 0.000000
vt 1.000000 0.000000
vt 0.000000 1.000000
vt 0.000000 0.000000
vt 1.000000 0.000000
vt 0.000000 1.000000
vt 0.000000 0.000000
vt 1.000000 0.000000
vt 0.000000 1.000000
vt 0.000000 0.000000
vt 1.000000 0.000000
vt 0.000000 1.000000
vt 0.000000 0.000000
vt 1.000000 0.000000
vt 0.000000 1.000000
vt 0.000000 0.000000
vt 1.000000 0.000000
vt 0.000000 1.000000
vt 0.000000 0.000000
vt 1.000000 0.000000
vt 0.000000 1.000000
vt 0.000000 0.000000
vt 1.000000 0.000000
vt 0.000000 1.000000
vt 0.000000 0.000000
vt 1.000000 0.000000
vt 0.000000 1.000000
vt 0.000000 0.000000
vt 1.000000 0.000000
vt 0.000000 1.000000
vt 0.000000 0.000000
vt 1.000000 0.000000
vt 0.000000 1.000000
vt 0.000000 0.000000
vt 1.000000 0.000000
vt 0.000000 1.000000
vt 0.000000 0.000000
vt 1.000000 0.000000
vt 0.000000 1.000000
vt 0.000000 0.000000
vt 1.000000 0.000000
vt 0.000000 1.000000
vt 0.000000 0.000000
vt 1.000000 0.000000
vt 0.000000 1.000000
vt 0.000000 0.000000
vt 1.000000 0.000000
vt 0.000000 1.000000
vt 0.000000 0.000000
vt 1.000000 0.000000
vt 0.000000 1.000000
vt 0.000000 0.000000
vt 1.000000 0.000000
vt 0.000000 1.000000
vt 0.000000 0.000000
vt 1.000000 0.000000
vt 0.000000 1.000000
vt 0.000000 0.000000
vt 1.000000 0.000000
vt 0.000000 1.000000
vt 0.000000 0.000000
vt 1.000000 0.000000
vt 0.000000 1.000000
vt 0.000000 0.000000
vt 1.000000 0.000000
vt 0.000000 1.000000
vt 0.000000 0.000000
vt 1.000000 0.000000
vt 0.000000 1.000000
vt 0.000000 0.000000
vt 1.000000 0.000000
vt 0.000000 1.000000
vt 0.000000 0.000000
vt 1.000000 0.000000
vt 0.000000 1.000000
vt 0.000000 0.000000
vt 1.000000 0.000000
vt 0.000000 1.000000
vt 0.000000 0.000000
vt 1.000000 0.000000
vt 0.000000 1.000000
vt 0.000000 0.000000
vt 1.000000 0.000000
vt 0.000000 1.000000
vt 0.000000 0.000000
vt 1.000000 0.000000
vt 0.000000 1.000000
vt 0.000000 0.000000
vt 1.000000 0.000000
vt 0.000000 1.000000
vt 0.000000 0.000000
vt 1.000000 0.000000
vt 0.000000 1.000000
vt 0.000000 0.000000
vt 1.000000 0.000000
vt 0.000000 1.000000
vt 0.000000 0.000000
vt 1.000000 0.000000
vt 0.000000 1.000000
vt 0.000000 0.000000
vt 1.000000 0.000000
vt 0.000000 1.000000
vt 0.000000 0.000000
vt 1.000000 0.000000
vt 0.000000 1.000000
vt 0.000000 0.000000
vt 1.000000 0.000000
vt 0.000000 1.000000
vt 0.000000 0.000000
vt 1.000000 0.000000
vt 0.000000 1.000000
vt 0.000000 0.000000
vt 1.000000 0.000000
vt 0.000000 1.000000
vt 0.000000 0.000000
vt 1.000000 0.000000
vt 0.000000 1.000000
vt 0.000000 0.000000
vt 1.000000 0.000000
vt 0.000000 1.000000
vt 0.000000 0.000000
vt 1.000000 0.000000
vt 0.000000 1.000000
vt 0.000000 0.000000
vt 1.000000 0.000000
vt 0.000000 1.000000
vt 0.000000 0.000000
vt 1.000000 0.000000
vt 0.000000 1.000000
vt 0.000000 0.000000
vt 1.000000 0.000000
vt 0.000000 1.000000
vt 0.000000 0.000000
vt 1.000000 0.000000
vt 0.000000 1.000000
vt 0.000000 0.000000
vt 1.000000 0.000000
vt 0.000000 1.000000
vt 0.000000 0.000000
vt 1.000000 0.000000
vt 0.000000 1.000000
vt 0.000000 0.000000
vt 1.000000 0.000000
vt 0.000000 1.000000
vt 0.000000 0.000000
vt 1.000000 0.000000
vt 0.000000 1.000000
vt 0.000000 0.000000
vt 1.000000 0.000000
vt 0.000000 1.000000
vt 0.000000 0.000000
vt 1.000000 0.000000
vt 0.000000 1.000000
vt 0.000000 0.000000
vt 1.000000 0.000000
vt 0.000000 1.000000
vt 0.000000 0.000000
vt 1.000000 0.000000
vt 0.000000 1.000000
vt 0.000000 0.000000
vt 1.000000 0.000000
vt 0.000000 1.000000
vt 0.000000 0.000000
vt 1.000000 0.000000
vt 0.000000 1.000000
vt 0.000000 0.000000
vt 1.000000 0.000000
vt 0.000000 1.000000
vt 0.000000 0.000000
vt 1.000000 0.000000
vt 0.000000 1.000000
vt 0.000000 0.000000
vt 1.000000 0.000000
vt 0.000000 1.000000
vt 0.000000 0.000000
vt 1.000000 0.000000
vt 0.000000 1.000000
vt 0.000000 0.000000
vt 1.000000 0.000000
vt 0.000000 1.000000
vt 0.000000 0.000000
vt 1.000000 0.000000
vt 0.000000 1.000000
vt 0.000000 0.000000
vt 1.000000 0.000000
vt 0.000000 1.000000
vt 0.000000 0.000000
vt 1.000000 0.000000
vt 0.000000 1.000000
vt 0.000000 0.000000
vt 1.000000 0.000000
vt 0.000000 1.000000
vt 0.000000 0.000000
vt 1.000000 0.000000
vt 0.000000 1.000000
vt 0.000000 0.000000
vt 1.000000 0.000000
vt 0.000000 1.000000
vt 0.000000 0.000000
vt 1.000000 0.000000
vt 0.000000 1.000000
vt 0.000000 0.000000
vt 1.000000 0.000000
vt 0.000000 1.000000
vt 0.000000 0.000000
vt 1.000000 0.000000
vt 0.000000 1.000000
vt 0.000000 0.000000
vt 1.000000 0.000000
vt 0.000000 1.000000
vt 0.000000 0.000000
vt 1.000000 0.000000
vt 0.000000 1.000000
vt 0.000000 0.000000
vt 1.000000 0.000000
vt 0.000000 1.000000
vt 0.000000 0.000000
vt 1.000000 0.000000
vt 0.000000 1.000000
vt 0.000000 0.000000
vt 1.000000 0.000000
vt 0.000000 1.000000
vt 0.000000 0.000000
vt 1.000000 0.000000
vt 0.000000 1.000000
vt 0.000000 0.000000
vt 1.000000 0.000000
vt 0.000000 1.000000
vt 0.000000 0.000000
vt 1.000000 0.000000
vt 0.000000 1.000000
vt 0.000000 0.000000
vt 1.000000 0.000000
vt 0.000000 1.000000
vt 0.000000 0.000000
vt 1.000000 0.000000
vt 0.000000 1.000000
vt 0.000000 0.000000
vt 1.000000 0.000000
vt 0.000000 1.000000
vt 0.000000 0.000000
vt 1.000000 0.000000
vt 0.000000 1.000000
vt 0.000000 0.000000
vt 1.000000 0.000000
vt 0.000000 1.000000
vt 0.000000 0.000000
vt 1.000000 0.000000
vt 0.000000 1.000000
vt 0.000000 0.000000
vt 1.000000 0.000000
vt 0.000000 1.000000
vt 0.000000 0.000000
vt 1.000000 0.000000
vt 0.000000 1.000000
vt 0.000000 0.000000
vt 1.000000 0.000000
vt 0.000000 1.000000
vt 0.000000 0.000000
vt 1.000000 0.000000
vt 0.000000 1.000000
vt 0.000000 0.000000
vt 1.000000 0.000000
vt 0.000000 1.000000
vt 0.000000 0.000000
vt 1.000000 0.000000
vt 0.000000 1.000000
vt 0.000000 0.000000
vt 1.000000 0.000000
vt 0.000000 1.000000
vt 0.000000 0.000000
vt 1.000000 0.000000
vt 0.000000 1.000000
vt 0.000000 0.000000
vt 1.000000 0.000000
vt 0.000000 1.000000
vt 0.000000 0.000000
vt 1.000000 0.000000
vt 0.000000 1.000000
vt 0.000000 0.000000
vt 1.000000 0.000000
vt 0.000000 1.000000
vt 0.000000 0.000000
vt 1.000000 0.000000
vt 0.000000 1.000000
vt 0.000000 0.000000
vt 1.000000 0.000000
vt 0.000000 1.000000
vt 0.000000 0.000000
vt 1.000000 0.000000
vt 0.000000 1.000000
vt 0.000000 0.000000
vt 1.000000 0.000000
vt 0.000000 1.000000
vt 0.000000 0.000000
vt 1.000000 0.000000
vt 0.000000 1.000000
vt 0.000000 0.000000
vt 1.000000 0.000000
vt 0.000000 1.000000
vt 0.000000 0.000000
vt 1.000000 0.000000
vt 0.000000 1.000000
vt 0.000000 0.000000
vt 1.000000 0.000000
vt 0.000000 1.000000
vt 0.000000 0.000000
vt 1.000000 0.000000
vt 0.000000 1.000000
vt 0.000000 0.000000
vt 1.000000 0.000000
vt 0.000000 1.000000
vt 0.000000 0.000000
vt 1.000000 0.000000
vt 0.000000 1.000000
vt 0.000000 0.000000
vt 1.000000 0.000000
vt 0.000000 1.000000
vt 0.000000 0.000000
vt 1.000000 0.000000
vt 0.000000 1.000000
vt 0.000000 0.000000
vt 1.000000 0.000000
vt 0.000000 1.000000
vt 0.000000 0.000000
vt 1.000000 0.000000
vt 0.000000 1.000000
vt 0.000000 0.000000
vt 1.000000 0.000000
vt 0.000000 1.000000
vt 0.000000 0.000000
vt 1.000000 0.000000
vt 0.000000 1.000000
vt 0.000000 0.000000
vt 1.000000 0.000000
vt 0.000000 1.000000
vt 0.000000 0.000000
vt 1.000000 0.000000
vt 0.000000 1.000000
vt 0.000000 0.000000
vt 1.000000 0.000000
vt 0.000000 1.000000
vt 0.000000 0.000000
vt 1.000000 0.000000
vt 0.000000 1.000000
vt 0.000000 0.000000
vt 1.000000 0.000000
vt 0.000000 1.000000
vt 0.000000 0.000000
vt 1.000000 0.000000
vt 0.000000 1.000000
vt 0.000000 0.000000
vt 1.000000 0.000000
vt 0.000000 1.000000
vt 0.000000 0.000000
vt 1.000000 0.000000
vt 0.000000 1.000000
vt 0.000000 0.000000
vt 1.000000 0.000000
vt 0.000000 1.000000
vt 0.000000 0.000000
vt 1.000000 0.000000
vt 0.000000 1.000000
vt 0.000000 0.000000
vt 1.000000 0.000000
vt 0.000000 1.000000
vt 0.000000 0.000000
vt 1.000000 0.000000
vt 0.000000 1.000000
vt 0.000000 0.000000
vt 1.000000 0.000000
vt 0.000000 1.000000
vt 0.000000 0.000000
vt 1.000000 0.000000
vt 0.000000 1.000000
vt 0.000000 0.000000
vt 1.000000 0.000000
vt 0.000000 1.000000
vt 0.000000 0.000000
vt 1.000000 0.000000
vt 0.000000 1.000000
vt 0.000000 0.000000
vt 1.000000 0.000000
vt 0.000000 1.000000
vt 0.000000 0.000000
vt 1.000000 0.000000
vt 0.000000 1.000000
vt 0.000000 0.000000
vt 1.000000 0.000000
vt 0.000000 1.000000
vt 0.000000 0.000000
vt 1.000000 0.000000
vt 0.000000 1.000000
vt 0.000000 0.000000
vt 1.000000 0.000000
vt 0.000000 1.000000
vt 0.000000 0.000000
vt 1.000000 0.000000
vt 0.000000 1.000000
vt 0.000000 0.000000
vt 1.000000 0.000000
vt 0.000000 1.000000
vt 0.000000 0.000000
vt 1.000000 0.000000
vt 0.000000 1.000000
vt 0.000000 0.000000
vt 1.000000 0.000000
vt 0.000000 1.000000
vt 0.000000 0.000000
vt 1.000000 0.000000
vt 0.000000 1.000000
vt 0.000000 0.000000
vt 1.000000 0.000000
vt 0.000000 1.000000
vt 0.000000 0.000000
vt 1.000000 0.000000
vt 0.000000 1.000000
vt 0.000000 0.000000
vt 1.000000 0.000000
vt 0.000000 1.000000
vt 0.000000 0.000000
vt 1.000000 0.000000
vt 0.000000 1.000000
vt 0.000000 0.000000
vt 1.000000 0.000000
vt 0.000000 1.000000
vt 0.000000 0.000000
vt 1.000000 0.000000
vt 0.000000 1.000000
vt 0.000000 0.000000
vt 1.000000 0.000000
vt 0.000000 1.000000
vt 0.000000 0.000000
vt 1.000000 0.000000
vt 0.000000 1.000000
vt 0.000000 0.000000
vt 1.000000 0.000000
vt 0.000000 1.000000
vt 0.000000 0.000000
vt 1.000000 0.000000
vt 0.000000 1.000000
vt 0.000000 0.000000
vt 1.000000 0.000000
vt 0.000000 1.000000
vt 0.000000 0.000000
vt 1.000000 0.000000
vt 0.000000 1.000000
vt 0.000000 0.000000
vt 1.000000 0.000000
vt 0.000000 1.000000
vt 0.000000 0.000000
vt 1.000000 0.000000
vt 0.000000 1.000000
vt 0.000000 0.000000
vt 1.000000 0.000000
vt 0.000000 1.000000
vt 0.000000 0.000000
vt 1.000000 0.000000
vt 0.000000 1.000000
vt 0.000000 0.000000
vt 1.000000 0.000000
vt 0.000000 1.000000
vt 0.000000 0.000000
vt 1.000000 0.000000
vt 0.000000 1.000000
vt 0.000000 0.000000
vt 1.000000 0.000000
vt 0.000000 1.000000
vt 0.000000 0.000000
vt 1.000000 0.000000
vt 0.000000 1.000000
vt 0.000000 0.000000
vt 1.000000 0.000000
vt 0.000000 1.000000
vt 0.000000 0.000000
vt 1.000000 0.000000
vt 0.000000 1.000000
vt 0.000000 0.000000
vt 1.000000 0.000000
vt 0.000000 1.000000
vt 0.000000 0.000000
vt 1.000000 0.000000
vt 0.000000 1.000000
vt 0.000000 0.000000
vt 1.000000 0.000000
vt 0.000000 1.000000
vt 0.000000 0.000000
vt 1.000000 0.000000
vt 0.000000 1.000000
vt 0.000000 0.000000
vt 1.000000 0.000000
vt 0.000000 1.000000
vt 0.000000 0.000000
vt 1.000000 0.000000
vt 0.000000 1.000000
vt 0.000000 0.000000
vt 1.000000 0.000000
vt 0.000000 1.000000
vt 0.000000 0.000000
vt 1.000000 0.000000
vt 0.000000 1.000000
vt 0.000000 0.000000
vt 1.000000 0.000000
vt 0.000000 1.000000
vt 0.000000 0.000000
vt 1.000000 0.000000
vt 0.000000 1.000000
vt 0.000000 0.000000
vt 1.000000 0.000000
vt 0.000000 1.000000
vt 0.000000 0.000000
vt 1.000000 0.000000
vt 0.000000 1.000000
vt 0.000000 0.000000
vt 1.000000 0.000000
vt 0.000000 1.000000
vt 0.000000 0.000000
vt 1.000000 0.000000
vt 0.000000 1.000000
vt 0.000000 0.000000
vt 1.000000 0.000000
vt 0.000000 1.000000
vt 0.000000 0.000000
vt 1.000000 0.000000
vt 0.000000 1.000000
vt 0.000000 0.000000
vt 1.000000 0.000000
vt 0.000000 1.000000
vt 0.000000 0.000000
vt 1.000000 0.000000
vt 0.000000 1.000000
vt 0.000000 0.000000
vt 1.000000 0.000000
vt 0.000000 1.000000
vt 0.000000 0.000000
vt 1.000000 0.000000
vt 0.000000 1.000000
vt 0.000000 0.000000
vt 1.000000 0.000000
vt 0.000000 1.000000
vt 0.000000 0.000000
vt 1.000000 0.000000
vt 0.000000 1.000000
vt 0.000000 0.000000
vt 1.000000 0.000000
vt 0.000000 1.000000
vt 0.000000 0.000000
vt 1.000000 0.000000
vt 0.000000 1.000000
vt 0.000000 0.000000
vt 1.000000 0.000000
vt 0.000000 1.000000
vt 0.000000 0.000000
vt 1.000000 0.000000
vt 0.000000 1.000000
vt 0.000000 0.000000
vt 1.000000 0.000000
vt 0.000000 1.000000
vt 0.000000 0.000000
vt 1.000000 0.000000
vt 0.000000 1.000000
vt 0.000000 0.000000
vt 1.000000 0.000000
vt 0.000000 1.000000
vt 0.000000 0.000000
vt 1.000000 0.000000
vt 0.000000 1.000000
vt 0.000000 0.000000
vt 1.000000 0.000000
vt 0.000000 1.000000
vt 0.000000 0.000000
vt 1.000000 0.000000
vt 0.000000 1.000000
vt 0.000000 0.000000
vt 1.000000 0.000000
vt 0.000000 1.000000
vt 0.000000 0.000000
vt 1.000000 0.000000
vt 0.000000 1.000000
vt 0.000000 0.000000
vt 1.000000 0.000000
vt 0.000000 1.000000
vt 0.000000 0.000000
vt 1.000000 0.000000
vt 0.000000 1.000000
vt 0.000000 0.000000
vt 1.000000 0.000000
vt 0.000000 1.000000
vt 0.000000 0.000000
vt 1.000000 0.000000
vt 0.000000 1.000000
vt 0.000000 0.000000
vt 1.000000 0.000000
vt 0.000000 1.000000
vt 0.000000 0.000000
vt 1.000000 0.000000
vt 0.000000 1.000000
vt 0.000000 0.000000
vt 1.000000 0.000000
vt 0.000000 1.000000
vt 0.000000 0.000000
vt 1.000000 0.000000
vt 0.000000 1.000000
vt 0.000000 0.000000
vt 1.000000 0.000000
vt 0.000000 1.000000
vt 0.000000 0.000000
vt 1.000000 0.000000
vt 0.000000 1.000000
vt 0.000000 0.000000
vt 1.000000 0.000000
vt 0.000000 1.000000
vt 0.000000 0.000000
vt 1.000000 0.000000
vt 0.000000 1.000000
vt 0.000000 0.000000
vt 1.000000 0.000000
vt 0.000000 1.000000
vt 0.000000 0.000000
vt 1.000000 0.000000
vt 0.000000 1.000000
vt 0.000000 0.000000
vt 1.000000 0.000000
vt 0.000000 1.000000
vt 0.000000 0.000000
vt 1.000000 0.000000
vt 0.000000 1.000000
vt 0.000000 0.000000
vt 1.000000 0.000000
vt 0.000000 1.000000
vt 0.000000 0.000000
vt 1.000000 0.000000
vt 0.000000 1.000000
vt 0.000000 0.000000
vt 1.000000 0.000000
vt 0.000000 1.000000
vt 0.000000 0.000000
vt 1.000000 0.000000
vt 0.000000 1.000000
vt 0.000000 0.000000
vt 1.000000 0.000000
vt 0.000000 1.000000
vt 0.000000 0.000000
vt 1.000000 0.000000
vt 0.000000 1.000000
vt 0.000000 0.000000
vt 1.000000 0.000000
vt 0.000000 1.000000
vt 0.000000 0.000000
vt 1.000000 0.000000
vt 0.000000 1.000000
vt 0.000000 0.000000
vt 1.000000 0.000000
vt 0.000000 1.000000
vt 0.000000 0.000000
vt 1.000000 0.000000
vt 0.000000 1.000000
vt 0.000000 0.000000
vt 1.000000 0.000000
vt 0.000000 1.000000
vt 0.000000 0.000000
vt 1.000000 0.000000
vt 0.000000 1.000000
vt 0.000000 0.000000
vt 1.000000 0.000000
vt 0.000000 1.000000
vt 0.000000 0.000000
vt 1.000000 0.000000
vt 0.000000 1.000000
vt 0.000000 0.000000
vt 1.000000 0.000000
vt 0.000000 1.000000
vt 0.000000 0.000000
vt 1.000000 0.000000
vt 0.000000 1.000000
vt 0.000000 0.000000
vt 1.000000 0.000000
vt 0.000000 1.000000
vt 0.000000 0.000000
vt 1.000000 0.000000
vt 0.000000 1.000000
vt 0.000000 0.000000
vt 1.000000 0.000000
vt 0.000000 1.000000
vt 0.000000 0.000000
vt 1.000000 0.000000
vt 0.000000 1.000000
vt 0.000000 0.000000
vt 1.000000 0.000000
vt 0.000000 1.000000
vt 0.000000 0.000000
vt 1.000000 0.000000
vt 0.000000 1.000000
vt 0.000000 0.000000
vt 1.000000 0.000000
vt 0.000000 1.000000
vt 0.000000 0.000000
vt 1.000000 0.000000
vt 0.000000 1.000000
vt 0.000000 0.000000
vt 1.000000 0.000000
vt 0.000000 1.000000
vt 0.000000 0.000000
vt 1.000000 0.000000
vt 0.000000 1.000000
vt 0.000000 0.000000
vt 1.000000 0.000000
vt 0.000000 1.000000
vt 0.000000 0.000000
vt 1.000000 0.000000
vt 0.000000 1.000000
vt 0.000000 0.000000
vt 1.000000 0.000000
vt 0.000000 1.000000
vt 0.000000 0.000000
vt 1.000000 0.000000
vt 0.000000 1.000000
vt 0.000000 0.000000
vt 1.000000 0.000000
vt 0.000000 1.000000
vt 0.000000 0.000000
vt 1.000000 0.000000
vt 0.000000 1.000000
vt 0.000000 0.000000
vt 1.000000 0.000000
vt 0.000000 1.000000
vt 0.000000 0.000000
vt 1.000000 0.000000
vt 0.000000 1.000000
vt 0.000000 0.000000
vt 1.000000 0.000000
vt 0.000000 1.000000
vt 0.000000 0.000000
vt 1.000000 0.000000
vt 0.000000 1.000000
vt 0.000000 0.000000
vt 1.000000 0.000000
vt 0.000000 1.000000
vt 0.000000 0.000000
vt 1.000000 0.000000
vt 0.000000 1.000000
vt 0.000000 0.000000
vt 1.000000 0.000000
vt 0.000000 1.000000
vt 0.000000 0.000000
vt 1.000000 0.000000
vt 0.000000 1.000000
vt 0.000000 0.000000
vt 1.000000 0.000000
vt 0.000000 1.000000
vt 0.000000 0.000000
vt 1.000000 0.000000
vt 0.000000 1.000000
vt 0.000000 0.000000
vt 1.000000 0.000000
vt 0.000000 1.000000
vt 0.000000 0.000000
vt 1.000000 0.000000
vt 0.000000 1.000000
vt 0.000000 0.000000
vt 1.000000 0.000000
vt 0.000000 1.000000
vt 0.000000 0.000000
vt 1.000000 0.000000
vt 0.000000 1.000000
vt 0.000000 0.000000
vt 1.000000 0.000000
vt 0.000000 1.000000
vt 0.000000 0.000000
vt 1.000000 0.000000
vt 0.000000 1.000000
vt 0.000000 0.000000
vt 1.000000 0.000000
vt 0.000000 1.000000
vt 0.000000 0.000000
vt 1.000000 0.000000
vt 0.000000 1.000000
vt 0.000000 0.000000
vt 1.000000 0.000000
vt 0.000000 1.000000
vt 0.000000 0.000000
vt 1.000000 0.000000
vt 0.000000 1.000000
vt 0.000000 0.000000
vt 1.000000 0.000000
vt 0.000000 1.000000
vt 0.000000 0.000000
vt 1.000000 0.000000
vt 0.000000 1.000000
vt 0.000000 0.000000
vt 1.000000 0.000000
vt 0.000000 1.000000
vt 0.000000 0.000000
vt 1.000000 0.000000
vt 0.000000 1.000000
vt 0.000000 0.000000
vt 1.000000 0.000000
vt 0.000000 1.000000
vt 0.000000 0.000000
vt 1.000000 0.000000
vt 0.000000 1.000000
vt 0.000000 0.000000
vt 1.000000 0.000000
vt 0.000000 1.000000
vt 0.000000 0.000000
vt 1.000000 0.000000
vt 0.000000 1.000000
vt 0.000000 0.000000
vt 1.000000 0.000000
vt 0.000000 1.000000
vt 0.000000 0.000000
vt 1.000000 0.000000
vt 0.000000 1.000000
vt 0.000000 0.000000
vt 1.000000 0.000000
vt 0.000000 1.000000
vt 0.000000 0.000000
vt 1.000000 0.000000
vt 0.000000 1.000000
vt 0.000000 0.000000
vt 1.000000 0.000000
vt 0.000000 1.000000
vt 0.000000 0.000000
vt 1.000000 0.000000
vt 0.000000 1.000000
vt 0.000000 0.000000
vt 1.000000 0.000000
vt 0.000000 1.000000
vt 0.000000 0.000000
vt 1.000000 0.000000
vt 0.000000 1.000000
vt 0.000000 0.000000
vt 1.000000 0.000000
vt 0.000000 1.000000
vt 0.000000 0.000000
vt 1.000000 0.000000
vt 0.000000 1.000000
vt 0.000000 0.000000
vt 1.000000 0.000000
vt 0.000000 1.000000
vt 0.000000 0.000000
vt 1.000000 0.000000
vt 0.000000 1.000000
vt 0.000000 0.000000
vt 1.000000 0.000000
vt 0.000000 1.000000
vt 0.000000 0.000000
vt 1.000000 0.000000
vt 0.000000 1.000000
vt 0.000000 0.000000
vt 1.000000 0.000000
vt 0.000000 1.000000
vt 0.000000 0.000000
vt 1.000000 0.000000
vt 0.000000 1.000000
vt 0.000000 0.000000
vt 1.000000 0.000000
vt 0.000000 1.000000
vt 0.000000 0.000000
vt 1.000000 0.000000
vt 0.000000 1.000000
vt 0.000000 0.000000
vt 1.000000 0.000000
vt 0.000000 1.000000
vt 0.000000 0.000000
vt 1.000000 0.000000
vt 0.000000 1.000000
vt 0.000000 0.000000
vt 1.000000 0.000000
vt 0.000000 1.000000
vt 0.000000 0.000000
vt 1.000000 0.000000
vt 0.000000 1.000000
vt 0.000000 0.000000
vt 1.000000 0.000000
vt 0.000000 1.000000
vt 0.000000 0.000000
vt 1.000000 0.000000
vt 0.000000 1.000000
vt 0.000000 0.000000
vt 1.000000 0.000000
vt 0.000000 1.000000
vt 0.000000 0.000000
vt 1.000000 0.000000
vt 0.000000 1.000000
vt 0.000000 0.000000
vt 1.000000 0.000000
vt 0.000000 1.000000
vt 0.000000 0.000000
vt 1.000000 0.000000
vt 0.000000 1.000000
vt 0.000000 0.000000
vt 1.000000 0.000000
vt 0.000000 1.000000
vt 0.000000 0.000000
vt 1.000000 0.000000
vt 0.000000 1.000000
vt 0.000000 0.000000
vt 1.000000 0.000000
vt 0.000000 1.000000
vt 0.000000 0.000000
vt 1.000000 0.000000
vt 0.000000 1.000000
vt 0.000000 0.000000
vt 1.000000 0.000000
vt 0.000000 1.000000
vt 0.000000 0.000000
vt 1.000000 0.000000
vt 0.000000 1.000000
vt 0.000000 0.000000
vt 1.000000 0.000000
vt 0.000000 1.000000
vt 0.000000 0.000000
vt 1.000000 0.000000
vt 0.000000 1.000000
vt 0.000000 0.000000
vt 1.000000 0.000000
vt 0.000000 1.000000
vt 0.000000 0.000000
vt 1.000000 0.000000
vt 0.000000 1.000000
vt 0.000000 0.000000
vt 1.000000 0.000000
vt 0.000000 1.000000
vt 0.000000 0.000000
vt 1.000000 0.000000
vt 0.000000 1.000000
vt 0.000000 0.000000
vt 1.000000 0.000000
vt 0.000000 1.000000
vt 0.000000 0.000000
vt 1.000000 0.000000
vt 0.000000 1.000000
vt 0.000000 0.000000
vt 1.000000 0.000000
vt 0.000000 1.000000
vt 0.000000 0.000000
vt 1.000000 0.000000
vt 0.000000 1.000000
vt 0.000000 0.000000
vt 1.000000 0.000000
vt 0.000000 1.000000
vt 0.000000 0.000000
vt 1.000000 0.000000
vt 0.000000 1.000000
vt 0.000000 0.000000
vt 1.000000 0.000000
vt 0.000000 1.000000
vt 0.000000 0.000000
vt 1.000000 0.000000
vt 0.000000 1.000000
vt 0.000000 0.000000
vt 1.000000 0.000000
vt 0.000000 1.000000
vt 0.000000 0.000000
vt 1.000000 0.000000
vt 0.000000 1.000000
vt 0.000000 0.000000
vt 1.000000 0.000000
vt 0.000000 1.000000
vt 0.000000 0.000000
vt 1.000000 0.000000
vt 0.000000 1.000000
vt 0.000000 0.000000
vt 1.000000 0.000000
vt 0.000000 1.000000
vt 0.000000 0.000000
vt 1.000000 0.000000
vt 0.000000 1.000000
vt 0.000000 0.000000
vt 1.000000 0.000000
vt 0.000000 1.000000
vt 0.000000 0.000000
vt 1.000000 0.000000
vt 0.000000 1.000000
vt 0.000000 0.000000
vt 1.000000 0.000000
vt 0.000000 1.000000
vt 0.000000 0.000000
vt 1.000000 0.000000
vt 0.000000 1.000000
vt 0.000000 0.000000
vt 1.000000 0.000000
vt 0.000000 1.000000
vt 0.000000 0.000000
vt 1.000000 0.000000
vt 0.000000 1.000000
vt 0.000000 0.000000
vt 1.000000 0.000000
vt 0.000000 1.000000
vt 0.000000 0.000000
vt 1.000000 0.000000
vt 0.000000 1.000000
vt 0.000000 0.000000
vt 1.000000 0.000000
vt 0.000000 1.000000
vt 0.000000 0.000000
vt 1.000000 0.000000
vt 0.000000 1.000000
vt 0.000000 0.000000
vt 1.000000 0.000000
vt 0.000000 1.000000
vt 0.000000 0.000000
vt 1.000000 0.000000
vt 0.000000 1.000000
vt 0.000000 0.000000
vt 1.000000 0.000000
vt 0.000000 1.000000
vt 0.000000 0.000000
vt 1.000000 0.000000
vt 0.000000 1.000000
vt 0.000000 0.000000
vt 1.000000 0.000000
vt 0.000000 1.000000
vt 0.000000 0.000000
vt 1.000000 0.000000
vt 0.000000 1.000000
vt 0.000000 0.000000
vt 1.000000 0.000000
vt 0.000000 1.000000
vt 0.000000 0.000000
vt 1.000000 0.000000
vt 0.000000 1.000000
vt 0.000000 0.000000
vt 1.000000 0.000000
vt 0.000000 1.000000
vt 0.000000 0.000000
vt 1.000000 0.000000
vt 0.000000 1.000000
vt 0.000000 0.000000
vt 1.000000 0.000000
vt 0.000000 1.000000
vt 0.000000 0.000000
vt 1.000000 0.000000
vt 0.000000 1.000000
vt 0.000000 0.000000
vt 1.000000 0.000000
vt 0.000000 1.000000
vt 0.000000 0.000000
vt 1.000000 0.000000
vt 0.000000 1.000000
vt 0.000000 0.000000
vt 1.000000 0.000000
vt 0.000000 1.000000
vt 0.000000 0.000000
vt 1.000000 0.000000
vt 0.000000 1.000000
vt 0.000000 0.000000
vt 1.000000 0.000000
vt 0.000000 1.000000
vt 0.000000 0.000000
vt 1.000000 0.000000
vt 0.000000 1.000000
vt 0.000000 0.000000
vt 1.000000 0.000000
vt 0.000000 1.000000
vt 0.000000 0.000000
vt 1.000000 0.000000
vt 0.000000 1.000000
vt 0.000000 0.000000
vt 1.000000 0.000000
vt 0.000000 1.000000
vt 0.000000 0.000000
vt 1.000000 0.000000
vt 0.000000 1.000000
vt 0.000000 0.000000
vt 1.000000 0.000000
vt 0.000000 1.000000
vt 0.000000 0.000000
vt 1.000000 0.000000
vt 0.000000 1.000000
vt 0.000000 0.000000
vt 1.000000 0.000000
vt 0.000000 1.000000
vt 0.000000 0.000000
vt 1.000000 0.000000
vt 0.000000 1.000000
vt 0.000000 0.000000
vt 1.000000 0.000000
vt 0.000000 1.000000
vt 0.000000 0.000000
vt 1.000000 0.000000
vt 0.000000 1.000000
vt 0.000000 0.000000
vt 1.000000 0.000000
vt 0.000000 1.000000
vt 0.000000 0.000000
vt 1.000000 0.000000
vt 0.000000 1.000000
vt 0.000000 0.000000
vt 1.000000 0.000000
vt 0.000000 1.000000
vt 0.000000 0.000000
vt 1.000000 0.000000
vt 0.000000 1.000000
vt 0.000000 0.000000
vt 1.000000 0.000000
vt 0.000000 1.000000
vt 0.000000 0.000000
vt 1.000000 0.000000
vt 0.000000 1.000000
vt 0.000000 0.000000
vt 1.000000 0.000000
vt 0.000000 1.000000
vt 0.000000 0.000000
vt 1.000000 0.000000
vt 0.000000 1.000000
vt 0.000000 0.000000
vt 1.000000 0.000000
vt 0.000000 1.000000
vt 0.000000 0.000000
vt 1.000000 0.000000
vt 0.000000 1.000000
vt 0.000000 0.000000
vt 1.000000 0.000000
vt 0.000000 1.000000
vt 0.000000 0.000000
vt 1.000000 0.000000
vt 0.000000 1.000000
vt 0.000000 0.000000
vt 1.000000 0.000000
vt 0.000000 1.000000
vt 0.000000 0.000000
vt 1.000000 0.000000
vt 0.000000 1.000000
vt 0.000000 0.000000
vt 1.000000 0.000000
vt 0.000000 1.000000
vt 0.000000 0.000000
vt 1.000000 0.000000
vt 0.000000 1.000000
vt 0.000000 0.000000
vt 1.000000 0.000000
vt 0.000000 1.000000
vt 0.000000 0.000000
vt 1.000000 0.000000
vt 0.000000 1.000000
vt 0.000000 0.000000
vt 1.000000 0.000000
vt 0.000000 1.000000
vt 0.000000 0.000000
vt 1.000000 0.000000
vt 0.000000 1.000000
vt 0.000000 0.000000
vt 1.000000 0.000000
vt 0.000000 1.000000
vt 0.000000 0.000000
vt 1.000000 0.000000
vt 0.000000 1.000000
vt 0.000000 0.000000
vt 1.000000 0.000000
vt 0.000000 1.000000
vt 0.000000 0.000000
vt 1.000000 0.000000
vt 0.000000 1.000000
vt 0.000000 0.000000
vt 1.000000 0.000000
vt 0.000000 1.000000
vt 0.000000 0.000000
vt 1.000000 0.000000
vt 0.000000 1.000000
vt 0.000000 0.000000
vt 1.000000 0.000000
vt 0.000000 1.000000
vt 0.000000 0.000000
vt 1.000000 0.000000
vt 0.000000 1.000000
vt 0.000000 0.000000
vt 1.000000 0.000000
vt 0.000000 1.000000
vt 0.000000 0.000000
vt 1.000000 0.000000
vt 0.000000 1.000000
vt 0.000000 0.000000
vt 1.000000 0.000000
vt 0.000000 1.000000
vt 0.000000 0.000000
vt 1.000000 0.000000
vt 0.000000 1.000000
vt 0.000000 0.000000
vt 1.000000 0.000000
vt 0.000000 1.000000
vt 0.000000 0.000000
vt 1.000000 0.000000
vt 0.000000 1.000000
vt 0.000000 0.000000
vt 1.000000 0.000000
vt 0.000000 1.000000
vt 0.000000 0.000000
vt 1.000000 0.000000
vt 0.000000 1.000000
vt 0.000000 0.000000
vt 1.000000 0.000000
vt 0.000000 1.000000
vt 0.000000 0.000000
vt 1.000000 0.000000
vt 0.000000 1.000000
vt 0.000000 0.000000
vt 1.000000 0.000000
vt 0.000000 1.000000
vt 0.000000 0.000000
vt 1.000000 0.000000
vt 0.000000 1.000000
vt 0.000000 0.000000
vt 1.000000 0.000000
vt 0.000000 1.000000
vt 0.000000 0.000000
vt 1.000000 0.000000
vt 0.000000 1.000000
vt 0.000000 0.000000
vt 1.000000 0.000000
vt 0.000000 1.000000
vt 0.000000 0.000000
vt 1.000000 0.000000
vt 0.000000 1.000000
vt 0.000000 0.000000
vt 1.000000 0.000000
vt 0.000000 1.000000
vt 0.000000 0.000000
vt 1.000000 0.000000
vt 0.000000 1.000000
vt 0.000000 0.000000
vt 1.000000 0.000000
vt 0.000000 1.000000
vt 0.000000 0.000000
vt 1.000000 0.000000
vt 0.000000 1.000000
vt 0.000000 0.000000
vt 1.000000 0.000000
vt 0.000000 1.000000
vt 0.000000 0.000000
vt 1.000000 0.000000
vt 0.000000 1.000000
vt 0.000000 0.000000
vt 1.000000 0.000000
vt 0.000000 1.000000
vt 0.000000 0.000000
vt 1.000000 0.000000
vt 0.000000 1.000000
vt 0.000000 0.000000
vt 1.000000 0.000000
vt 0.000000 1.000000
vt 0.000000 0.000000
vt 1.000000 0.000000
vt 0.000000 1.000000
vt 0.000000 0.000000
vt 1.000000 0.000000
vt 0.000000 1.000000
vt 0.000000 0.000000
vt 1.000000 0.000000
vt 0.000000 1.000000
vt 0.000000 0.000000
vt 1.000000 0.000000
vt 0.000000 1.000000
vt 0.000000 0.000000
vt 1.000000 0.000000
vt 0.000000 1.000000
vt 0.000000 0.000000
vt 1.000000 0.000000
vt 0.000000 1.000000
vt 0.000000 0.000000
vt 1.000000 0.000000
vt 0.000000 1.000000
vt 0.000000 0.000000
vt 1.000000 0.000000
vt 0.000000 1.000000
vt 0.000000 0.000000
vt 1.000000 0.000000
vt 0.000000 1.000000
vt 0.000000 0.000000
vt 1.000000 0.000000
vt 0.000000 1.000000
vt 0.000000 0.000000
vt 1.000000 0.000000
vt 0.000000 1.000000
vt 0.000000 0.000000
vt 1.000000 0.000000
vt 0.000000 1.000000
vt 0.000000 0.000000
vt 1.000000 0.000000
vt 0.000000 1.000000
vt 0.000000 0.000000
vt 1.000000 0.000000
vt 0.000000 1.000000
vt 0.000000 0.000000
vt 1.000000 0.000000
vt 0.000000 1.000000
vt 0.000000 0.000000
vt 1.000000 0.000000
vt 0.000000 1.000000
vt 0.000000 0.000000
vt 1.000000 0.000000
vt 0.000000 1.000000
vt 0.000000 0.000000
vt 1.000000 0.000000
vt 0.000000 1.000000
vt 0.000000 0.000000
vt 1.000000 0.000000
vt 0.000000 1.000000
vt 0.000000 0.000000
vt 1.000000 0.000000
vt 0.000000 1.000000
vt 0.000000 0.000000
vt 1.000000 0.000000
vt 0.000000 1.000000
vt 0.000000 0.000000
vt 1.000000 0.000000
vt 0.000000 1.000000
vt 0.000000 0.000000
vt 1.000000 0.000000
vt 0.000000 1.000000
vt 0.000000 0.000000
vt 1.000000 0.000000
vt 0.000000 1.000000
vt 0.000000 0.000000
vt 1.000000 0.000000
vt 0.000000 1.000000
vt 0.000000 0.000000
vt 1.000000 0.000000
vt 0.000000 1.000000
vt 0.000000 0.000000
vt 1.000000 0.000000
vt 0.000000 1.000000
vt 0.000000 0.000000
vt 1.000000 0.000000
vt 0.000000 1.000000
vt 0.000000 0.000000
vt 1.000000 0.000000
vt 0.000000 1.000000
vt 0.000000 0.000000
vt 1.000000 0.000000
vt 0.000000 1.000000
vt 0.000000 0.000000
vt 1.000000 0.000000
vt 0.000000 1.000000
vt 0.000000 0.000000
vt 1.000000 0.000000
vt 0.000000 1.000000
vt 0.000000 0.000000
vt 1.000000 0.000000
vt 0.000000 1.000000
vt 0.000000 0.000000
vt 1.000000 0.000000
vt 0.000000 1.000000
vt 0.000000 0.000000
vt 1.000000 0.000000
vt 0.000000 1.000000
vt 0.000000 0.000000
vt 1.000000 0.000000
vt 0.000000 1.000000
vt 0.000000 0.000000
vt 1.000000 0.000000
vt 0.000000 1.000000
vt 0.000000 0.000000
vt 1.000000 0.000000
vt 0.000000 1.000000
vt 0.000000 0.000000
vt 1.000000 0.000000
vt 0.000000 1.000000
vt 0.000000 0.000000
vt 1.000000 0.000000
vt 0.000000 1.000000
vt 0.000000 0.000000
vt 1.000000 0.000000
vt 0.000000 1.000000
vt 0.000000 0.000000
vt 1.000000 0.000000
vt 0.000000 1.000000
vt 0.000000 0.000000
vt 1.000000 0.000000
vt 0.000000 1.000000
vt 0.000000 0.000000
vt 1.000000 0.000000
vt 0.000000 1.000000
vt 0.000000 0.000000
vt 1.000000 0.000000
vt 0.000000 1.000000
vt 0.000000 0.000000
vt 1.000000 0.000000
vt 0.000000 1.000000
vt 0.000000 0.000000
vt 1.000000 0.000000
vt 0.000000 1.000000
vt 0.000000 0.000000
vt 1.000000 0.000000
vt 0.000000 1.000000
vt 0.000000 0.000000
vt 1.000000 0.000000
vt 0.000000 1.000000
vt 0.000000 0.000000
vt 1.000000 0.000000
vt 0.000000 1.000000
vt 0.000000 0.000000
vt 1.000000 0.000000
vt 0.000000 1.000000
vt 0.000000 0.000000
vt 1.000000 0.000000
vt 0.000000 1.000000
vt 0.000000 0.000000
vt 1.000000 0.000000
vt 0.000000 1.000000
vt 0.000000 0.000000
vt 1.000000 0.000000
vt 0.000000 1.000000
vt 0.000000 0.000000
vt 1.000000 0.000000
vt 0.000000 1.000000
vt 0.000000 0.000000
vt 1.000000 0.000000
vt 0.000000 1.000000
vt 0.000000 0.000000
vt 1.000000 0.000000
vt 0.000000 1.000000
vt 0.000000 0.000000
vt 1.000000 0.000000
vt 0.000000 1.000000
vt 0.000000 0.000000
vt 1.000000 0.000000
vt 0.000000 1.000000
vt 0.000000 0.000000
vt 1.000000 0.000000
vt 0.000000 1.000000
vt 0.000000 0.000000
vt 1.000000 0.000000
vt 0.000000 1.000000
vt 0.000000 0.000000
vt 1.000000 0.000000
vt 0.000000 1.000000
vt 0.000000 0.000000
vt 1.000000 0.000000
vt 0.000000 1.000000
vt 0.000000 0.000000
vt 1.000000 0.000000
vt 0.000000 1.000000
vt 0.000000 0.000000
vt 1.000000 0.000000
vt 0.000000 1.000000
vt 0.000000 0.000000
vt 1.000000 0.000000
vt 0.000000 1.000000
vt 0.000000 0.000000
vt 1.000000 0.000000
vt 0.000000 1.000000
vt 0.000000 0.000000
vt 1.000000 0.000000
vt 0.000000 1.000000
vt 0.000000 0.000000
vt 1.000000 0.000000
vt 0.000000 1.000000
vt 0.000000 0.000000
vt 1.000000 0.000000
vt 0.000000 1.000000
vt 0.000000 0.000000
vt 1.000000 0.000000
vt 0.000000 1.000000
vt 0.000000 0.000000
vt 1.000000 0.000000
vt 0.000000 1.000000
vt 0.000000 0.000000
vt 1.000000 0.000000
vt 0.000000 1.000000
vt 0.000000 0.000000
vt 1.000000 0.000000
vt 0.000000 1.000000
vt 0.000000 0.000000
vt 1.000000 0.000000
vt 0.000000 1.000000
vt 0.000000 0.000000
vt 1.000000 0.000000
vt 0.000000 1.000000
vt 0.000000 0.000000
vt 1.000000 0.000000
vt 0.000000 1.000000
vt 0.000000 0.000000
vt 1.000000 0.000000
vt 0.000000 1.000000
vt 0.000000 0.000000
vt 1.000000 0.000000
vt 0.000000 1.000000
vt 0.000000 0.000000
vt 1.000000 0.000000
vt 0.000000 1.000000
vt 0.000000 0.000000
vt 1.000000 0.000000
vt 0.000000 1.000000
vt 0.000000 0.000000
vt 1.000000 0.000000
vt 0.000000 1.000000
vt 0.000000 0.000000
vt 1.000000 0.000000
vt 0.000000 1.000000
vt 0.000000 0.000000
vt 1.000000 0.000000
vt 0.000000 1.000000
vt 0.000000 0.000000
vt 1.000000 0.000000
vt 0.000000 1.000000
vt 0.000000 0.000000
vt 1.000000 0.000000
vt 0.000000 1.000000
vt 0.000000 0.000000
vt 1.000000 0.000000
vt 0.000000 1.000000
vt 0.000000 0.000000
vt 1.000000 0.000000
vt 0.000000 1.000000
vt 0.000000 0.000000
vt 1.000000 0.000000
vt 0.000000 1.000000
vt 0.000000 0.000000
vt 1.000000 0.000000
vt 0.000000 1.000000
vt 0.000000 0.000000
vt 1.000000 0.000000
vt 0.000000 1.000000
vt 0.000000 0.000000
vt 1.000000 0.000000
vt 0.000000 1.000000
vt 0.000000 0.000000
vt 1.000000 0.000000
vt 0.000000 1.000000
vt 0.000000 0.000000
vt 1.000000 0.000000
vt 0.000000 1.000000
vt 0.000000 0.000000
vt 1.000000 0.000000
vt 0.000000 1.000000
vt 0.000000 0.000000
vt 1.000000 0.000000
vt 0.000000 1.000000
vt 0.000000 0.000000
vt 1.000000 0.000000
vt 0.000000 1.000000
vt 0.000000 0.000000
vt 1.000000 0.000000
vt 0.000000 1.000000
vt 0.000000 0.000000
vt 1.000000 0.000000
vt 0.000000 1.000000
vt 0.000000 0.000000
vt 1.000000 0.000000
vt 0.000000 1.000000
vt 0.000000 0.000000
vt 1.000000 0.000000
vt 0.000000 1.000000
vt 0.000000 0.000000
vt 1.000000 0.000000
vt 0.000000 1.000000
vt 0.000000 0.000000
vt 1.000000 0.000000
vt 0.000000 1.000000
vt 0.000000 0.000000
vt 1.000000 0.000000
vt 0.000000 1.000000
vt 0.000000 0.000000
vt 1.000000 0.000000
vt 0.000000 1.000000
vt 0.000000 0.000000
vt 1.000000 0.000000
vt 0.000000 1.000000
vt 0.000000 0.000000
vt 1.000000 0.000000
vt 0.000000 1.000000
vt 0.000000 0.000000
vt 1.000000 0.000000
vt 0.000000 1.000000
vt 0.000000 0.000000
vt 1.000000 0.000000
vt 0.000000 1.000000
vt 0.000000 0.000000
vt 1.000000 0.000000
vt 0.000000 1.000000
vt 0.000000 0.000000
vt 1.000000 0.000000
vt 0.000000 1.000000
vt 0.000000 0.000000
vt 1.000000 0.000000
vt 0.000000 1.000000
vt 0.000000 0.000000
vt 1.000000 0.000000
vt 0.000000 1.000000
vt 0.000000 0.000000
vt 1.000000 0.000000
vt 0.000000 1.000000
vt 0.000000 0.000000
vt 1.000000 0.000000
vt 0.000000 1.000000
vt 0.000000 0.000000
vt 1.000000 0.000000
vt 0.000000 1.000000
vt 0.000000 0.000000
vt 1.000000 0.000000
vt 0.000000 1.000000
vt 0.000000 0.000000
vt 1.000000 0.000000
vt 0.000000 1.000000
vt 0.000000 0.000000
vt 1.000000 0.000000
vt 0.000000 1.000000
vt 0.000000 0.000000
vt 1.000000 0.000000
vt 0.000000 1.000000
vt 0.000000 0.000000
vt 1.000000 0.000000
vt 0.000000 1.000000
vt 0.000000 0.000000
vt 1.000000 0.000000
vt 0.000000 1.000000
vt 0.000000 0.000000
vt 1.000000 0.000000
vt 0.000000 1.000000
vt 0.000000 0.000000
vt 1.000000 0.000000
vt 0.000000 1.000000
vt 0.000000 0.000000
vt 1.000000 0.000000
vt 0.000000 1.000000
vt 0.000000 0.000000
vt 1.000000 0.000000
vt 0.000000 1.000000
vt 0.000000 0.000000
vt 1.000000 0.000000
vt 0.000000 1.000000
vt 0.000000 0.000000
vt 1.000000 0.000000
vt 0.000000 1.000000
vt 0.000000 0.000000
vt 1.000000 0.000000
vt 0.000000 1.000000
vt 0.000000 0.000000
vt 1.000000 0.000000
vt 0.000000 1.000000
vt 0.000000 0.000000
vt 1.000000 0.000000
vt 0.000000 1.000000
vt 0.000000 0.000000
vt 1.000000 0.000000
vt 0.000000 1.000000
vt 0.000000 0.000000
vt 1.000000 0.000000
vt 0.000000 1.000000
vt 0.000000 0.000000
vt 1.000000 0.000000
vt 0.000000 1.000000
vt 0.000000 0.000000
vt 1.000000 0.000000
vt 0.000000 1.000000
vt 0.000000 0.000000
vt 1.000000 0.000000
vt 0.000000 1.000000
vt 0.000000 0.000000
vt 1.000000 0.000000
vt 0.000000 1.000000
vt 0.000000 0.000000
vt 1.000000 0.000000
vt 0.000000 1.000000
vt 0.000000 0.000000
vt 1.000000 0.000000
vt 0.000000 1.000000
vt 0.000000 0.000000
vt 1.000000 0.000000
vt 0.000000 1.000000
vt 0.000000 0.000000
vt 1.000000 0.000000
vt 0.000000 1.000000
vt 0.000000 0.000000
vt 1.000000 0.000000
vt 0.000000 1.000000
vt 0.000000 0.000000
vt 1.000000 0.000000
vt 0.000000 1.000000
vt 0.000000 0.000000
vt 1.000000 0.000000
vt 0.000000 1.000000
vt 0.000000 0.000000
vt 1.000000 0.000000
vt 0.000000 1.000000
vt 0.000000 0.000000
vt 1.000000 0.000000
vt 0.000000 1.000000
vt 0.000000 0.000000
vt 1.000000 0.000000
vt 0.000000 1.000000
vt 0.000000 0.000000
vt 1.000000 0.000000
vt 0.000000 1.000000
vt 0.000000 0.000000
vt 1.000000 0.000000
vt 0.000000 1.000000
vt 0.000000 0.000000
vt 1.000000 0.000000
vt 0.000000 1.000000
vt 0.000000 0.000000
vt 1.000000 0.000000
vt 0.000000 1.000000
vt 0.000000 0.000000
vt 1.000000 0.000000
vt 0.000000 1.000000
vt 0.000000 0.000000
vt 1.000000 0.000000
vt 0.000000 1.000000
vt 0.000000 0.000000
vt 1.000000 0.000000
vt 0.000000 1.000000
vt 0.000000 0.000000
vt 1.000000 0.000000
vt 0.000000 1.000000
vt 0.000000 0.000000
vt 1.000000 0.000000
vt 0.000000 1.000000
vt 0.000000 0.000000
vt 1.000000 0.000000
vt 0.000000 1.000000
vt 0.000000 0.000000
vt 1.000000 0.000000
vt 0.000000 1.000000
vt 0.000000 0.000000
vt 1.000000 0.000000
vt 0.000000 1.000000
vt 0.000000 0.000000
vt 1.000000 0.000000
vt 0.000000 1.000000
vt 0.000000 0.000000
vt 1.000000 0.000000
vt 0.000000 1.000000
vt 0.000000 0.000000
vt 1.000000 0.000000
vt 0.000000 1.000000
vt 0.000000 0.000000
vt 1.000000 0.000000
vt 0.000000 1.000000
vt 0.000000 0.000000
vt 1.000000 0.000000
vt 0.000000 1.000000
vt 0.000000 0.000000
vt 1.000000 0.000000
vt 0.000000 1.000000
vt 0.000000 0.000000
vt 1.000000 0.000000
vt 0.000000 1.000000
vt 0.000000 0.000000
vt 1.000000 0.000000
vt 0.000000 1.000000
vt 0.000000 0.000000
vt 1.000000 0.000000
vt 0.000000 1.000000
vt 0.000000 0.000000
vt 1.000000 0.000000
vt 0.000000 1.000000
vt 0.000000 0.000000
vt 1.000000 0.000000
vt 0.000000 1.000000
vt 0.000000 0.000000
vt 1.000000 0.000000
vt 0.000000 1.000000
vt 0.000000 0.000000
vt 1.000000 0.000000
vt 0.000000 1.000000
vt 0.000000 0.000000
vt 1.000000 0.000000
vt 0.000000 1.000000
vt 0.000000 0.000000
vt 1.000000 0.000000
vt 0.000000 1.000000
vt 0.000000 0.000000
vt 1.000000 0.000000
vt 0.000000 1.000000
vt 0.000000 0.000000
vt 1.000000 0.000000
vt 0.000000 1.000000
vt 0.000000 0.000000
vt 1.000000 0.000000
vt 0.000000 1.000000
vt 0.000000 0.000000
vt 1.000000 0.000000
vt 0.000000 1.000000
vt 0.000000 0.000000
vt 1.000000 0.000000
vt 0.000000 1.000000
vt 0.000000 0.000000
vt 1.000000 0.000000
vt 0.000000 1.000000
vt 0.000000 0.000000
vt 1.000000 0.000000
vt 0.000000 1.000000
vt 0.000000 0.000000
vt 1.000000 0.000000
vt 0.000000 1.000000
vt 0.000000 0.000000
vt 1.000000 0.000000
vt 0.000000 1.000000
vt 0.000000 0.000000
vt 1.000000 0.000000
vt 0.000000 1.000000
vt 0.000000 0.000000
vt 1.000000 0.000000
vt 0.000000 1.000000
vt 0.000000 0.000000
vt 1.000000 0.000000
vt 0.000000 1.000000
vt 0.000000 0.000000
vt 1.000000 0.000000
vt 0.000000 1.000000
vt 0.000000 0.000000
vt 1.000000 0.000000
vt 0.000000 1.000000
vt 0.000000 0.000000
vt 1.000000 0.000000
vt 0.000000 1.000000
vt 0.000000 0.000000
vt 1.000000 0.000000
vt 0.000000 1.000000
vt 0.000000 0.000000
vt 1.000000 0.000000
vt 0.000000 1.000000
vt 0.000000 0.000000
vt 1.000000 0.000000
vt 0.000000 1.000000
vt 0.000000 0.000000
vt 1.000000 0.000000
vt 0.000000 1.000000
vt 0.000000 0.000000
vt 1.000000 0.000000
vt 0.000000 1.000000
vt 0.000000 0.000000
vt 1.000000 0.000000
vt 0.000000 1.000000
vt 0.000000 0.000000
vt 1.000000 0.000000
vt 0.000000 1.000000
vt 0.000000 0.000000
vt 1.000000 0.000000
vt 0.000000 1.000000
vt 0.000000 0.000000
vt 1.000000 0.000000
vt 0.000000 1.000000
vt 0.000000 0.000000
vt 1.000000 0.000000
vt 0.000000 1.000000
vt 0.000000 0.000000
vt 1.000000 0.000000
vt 0.000000 1.000000
vt 0.000000 0.000000
vt 1.000000 0.000000
vt 0.000000 1.000000
vt 0.000000 0.000000
vt 1.000000 0.000000
vt 0.000000 1.000000
vt 0.000000 0.000000
vt 1.000000 0.000000
vt 0.000000 1.000000
vt 0.000000 0.000000
vt 1.000000 0.000000
vt 0.000000 1.000000
vt 0.000000 0.000000
vt 1.000000 0.000000
vt 0.000000 1.000000
vt 0.000000 0.000000
vt 1.000000 0.000000
vt 0.000000 1.000000
vt 0.000000 0.000000
vt 1.000000 0.000000
vt 0.000000 1.000000
vt 0.000000 0.000000
vt 1.000000 0.000000
vt 0.000000 1.000000
vt 0.000000 0.000000
vt 1.000000 0.000000
vt 0.000000 1.000000
vt 0.000000 0.000000
vt 1.000000 0.000000
vt 0.000000 1.000000
vt 0.000000 0.000000
vt 1.000000 0.000000
vt 0.000000 1.000000
vt 0.000000 0.000000
vt 1.000000 0.000000
vt 0.000000 1.000000
vt 0.000000 0.000000
vt 1.000000 0.000000
vt 0.000000 1.000000
vt 0.000000 0.000000
vt 1.000000 0.000000
vt 0.000000 1.000000
vt 0.000000 0.000000
vt 1.000000 0.000000
vt 0.000000 1.000000
vt 0.000000 0.000000
vt 1.000000 0.000000
vt 0.000000 1.000000
vt 0.000000 0.000000
vt 1.000000 0.000000
vt 0.000000 1.000000
vt 0.000000 0.000000
vt 1.000000 0.000000
vt 0.000000 1.000000
vt 0.000000 0.000000
vt 1.000000 0.000000
vt 0.000000 1.000000
vt 0.000000 0.000000
vt 1.000000 0.000000
vt 0.000000 1.000000
vt 0.000000 0.000000
vt 1.000000 0.000000
vt 0.000000 1.000000
vt 0.000000 0.000000
vt 1.000000 0.000000
vt 0.000000 1.000000
vt 0.000000 0.000000
vt 1.000000 0.000000
vt 0.000000 1.000000
vt 0.000000 0.000000
vt 1.000000 0.000000
vt 0.000000 1.000000
vt 0.000000 0.000000
vt 1.000000 0.000000
vt 0.000000 1.000000
vt 0.000000 0.000000
vt 1.000000 0.000000
vt 0.000000 1.000000
vt 0.000000 0.000000
vt 1.000000 0.000000
vt 0.000000 1.000000
vt 0.000000 0.000000
vt 1.000000 0.000000
vt 0.000000 1.000000
vt 0.000000 0.000000
vt 1.000000 0.000000
vt 0.000000 1.000000
vt 0.000000 0.000000
vt 1.000000 0.000000
vt 0.000000 1.000000
vt 0.000000 0.000000
vt 1.000000 0.000000
vt 0.000000 1.000000
vt 0.000000 0.000000
vt 1.000000 0.000000
vt 0.000000 1.000000
vt 0.000000 0.000000
vt 1.000000 0.000000
vt 0.000000 1.000000
vt 0.000000 0.000000
vt 1.000000 0.000000
vt 0.000000 1.000000
vt 0.000000 0.000000
vt 1.000000 0.000000
vt 0.000000 1.000000
vt 0.000000 0.000000
vt 1.000000 0.000000
vt 0.000000 1.000000
vt 0.000000 0.000000
vt 1.000000 0.000000
vt 0.000000 1.000000
vt 0.000000 0.000000
vt 1.000000 0.000000
vt 0.000000 1.000000
vt 0.000000 0.000000
vt 1.000000 0.000000
vt 0.000000 1.000000
vt 0.000000 0.000000
vt 1.000000 0.000000
vt 0.000000 1.000000
vt 0.000000 0.000000
vt 1.000000 0.000000
vt 0.000000 1.000000
vt 0.000000 0.000000
vt 1.000000 0.000000
vt 0.000000 1.000000
vt 0.000000 0.000000
vt 1.000000 0.000000
vt 0.000000 1.000000
vt 0.000000 0.000000
vt 1.000000 0.000000
vt 0.000000 1.000000
vt 0.000000 0.000000
vt 1.000000 0.000000
vt 0.000000 1.000000
vt 0.000000 0.000000
vt 1.000000 0.000000
vt 0.000000 1.000000
vt 0.000000 0.000000
vt 1.000000 0.000000
vt 0.000000 1.000000
vt 0.000000 0.000000
vt 1.000000 0.000000
vt 0.000000 1.000000
vt 0.000000 0.000000
vt 1.000000 0.000000
vt 0.000000 1.000000
vt 0.000000 0.000000
vt 1.000000 0.000000
vt 0.000000 1.000000
vt 0.000000 0.000000
vt 1.000000 0.000000
vt 0.000000 1.000000
vt 0.000000 0.000000
vt 1.000000 0.000000
vt 0.000000 1.000000
vt 0.000000 0.000000
vt 1.000000 0.000000
vt 0.000000 1.000000
vt 0.000000 0.000000
vt 1.000000 0.000000
vt 0.000000 1.000000
vt 0.000000 0.000000
vt 1.000000 0.000000
vt 0.000000 1.000000
vt 0.000000 0.000000
vt 1.000000 0.000000
vt 0.000000 1.000000
vt 0.000000 0.000000
vt 1.000000 0.000000
vt 0.000000 1.000000
vt 0.000000 0.000000
vt 1.000000 0.000000
vt 0.000000 1.000000
vt 0.000000 0.000000
vt 1.000000 0.000000
vt 0.000000 1.000000
vt 0.000000 0.000000
vt 1.000000 0.000000
vt 0.000000 1.000000
vt 0.000000 0.000000
vt 1.000000 0.000000
vt 0.000000 1.000000
vt 0.000000 0.000000
vt 1.000000 0.000000
vt 0.000000 1.000000
vt 0.000000 0.000000
vt 1.000000 0.000000
vt 0.000000 1.000000
vt 0.000000 0.000000
vt 1.000000 0.000000
vt 0.000000 1.000000
vt 0.000000 0.000000
vt 1.000000 0.000000
vt 0.000000 1.000000
vt 0.000000 0.000000
vt 1.000000 0.000000
vt 0.000000 1.000000
vt 0.000000 0.000000
vt 1.000000 0.000000
vt 0.000000 1.000000
vt 0.000000 0.000000
vt 1.000000 0.000000
vt 0.000000 1.000000
vt 0.000000 0.000000
vt 1.000000 0.000000
vt 0.000000 1.000000
vt 0.000000 0.000000
vt 1.000000 0.000000
vt 0.000000 1.000000
vt 0.000000 0.000000
vt 1.000000 0.000000
vt 0.000000 1.000000
vt 0.000000 0.000000
vt 1.000000 0.000000
vt 0.000000 1.000000
vt 0.000000 0.000000
vt 1.000000 0.000000
vt 0.000000 1.000000
vt 0.000000 0.000000
vt 1.000000 0.000000
vt 0.000000 1.000000
vt 0.000000 0.000000
vt 1.000000 0.000000
vt 0.000000 1.000000
vt 0.000000 0.000000
vt 1.000000 0.000000
vt 0.000000 1.000000
vt 0.000000 0.000000
vt 1.000000 0.000000
vt 0.000000 1.000000
vt 0.000000 0.000000
vt 1.000000 0.000000
vt 0.000000 1.000000
vt 0.000000 0.000000
vt 1.000000 0.000000
vt 0.000000 1.000000
vt 0.000000 0.000000
vt 1.000000 0.000000
vt 0.000000 1.000000
vt 0.000000 0.000000
vt 1.000000 0.000000
vt 0.000000 1.000000
vt 0.000000 0.000000
vt 1.000000 0.000000
vt 0.000000 1.000000
vt 0.000000 0.000000
vt 1.000000 0.000000
vt 0.000000 1.000000
vt 0.000000 0.000000
vt 1.000000 0.000000
vt 0.000000 1.000000
vt 0.000000 0.000000
vt 1.000000 0.000000
vt 0.000000 1.000000
vt 0.000000 0.000000
vt 1.000000 0.000000
vt 0.000000 1.000000
vt 0.000000 0.000000
vt 1.000000 0.000000
vt 0.000000 1.000000
vt 0.000000 0.000000
vt 1.000000 0.000000
vt 0.000000 1.000000
vt 0.000000 0.000000
vt 1.000000 0.000000
vt 0.000000 1.000000
vt 0.000000 0.000000
vt 1.000000 0.000000
vt 0.000000 1.000000
vt 0.000000 0.000000
vt 1.000000 0.000000
vt 0.000000 1.000000
vt 0.000000 0.000000
vt 1.000000 0.000000
vt 0.000000 1.000000
vt 0.000000 0.000000
vt 1.000000 0.000000
vt 0.000000 1.000000
vt 0.000000 0.000000
vt 1.000000 0.000000
vt 0.000000 1.000000
vt 0.000000 0.000000
vt 1.000000 0.000000
vt 0.000000 1.000000
vt 0.000000 0.000000
vt 1.000000 0.000000
vt 0.000000 1.000000
vt 0.000000 0.000000
vt 1.000000 0.000000
vt 0.000000 1.000000
vt 0.000000 0.000000
vt 1.000000 0.000000
vt 0.000000 1.000000
vt 0.000000 0.000000
vt 1.000000 0.000000
vt 0.000000 1.000000
vt 0.000000 0.000000
vt 1.000000 0.000000
vt 0.000000 1.000000
vt 0.000000 0.000000
vt 1.000000 0.000000
vt 0.000000 1.000000
vt 0.000000 0.000000
vt 1.000000 0.000000
vt 0.000000 1.000000
vt 0.000000 0.000000
vt 1.000000 0.000000
vt 0.000000 1.000000
vt 0.000000 0.000000
vt 1.000000 0.000000
vt 0.000000 1.000000
vt 0.000000 0.000000
vt 1.000000 0.000000
vt 0.000000 1.000000
vt 0.000000 0.000000
vt 1.000000 0.000000
vt 0.000000 1.000000
vt 0.000000 0.000000
vt 1.000000 0.000000
vt 0.000000 1.000000
vt 0.000000 0.000000
vt 1.000000 0.000000
vt 0.000000 1.000000
vt 0.000000 0.000000
vt 1.000000 0.000000
vt 0.000000 1.000000
vt 0.000000 0.000000
vt 1.000000 0.000000
vt 0.000000 1.000000
vt 0.000000 0.000000
vt 1.000000 0.000000
vt 0.000000 1.000000
vt 0.000000 0.000000
vt 1.000000 0.000000
vt 0.000000 1.000000
vt 0.000000 0.000000
vt 1.000000 0.000000
vt 0.000000 1.000000
vt 0.000000 0.000000
vt 1.000000 0.000000
vt 0.000000 1.000000
vt 0.000000 0.000000
vt 1.000000 0.000000
vt 0.000000 1.000000
vt 0.000000 0.000000
vt 1.000000 0.000000
vt 0.000000 1.000000
vt 0.000000 0.000000
vt 1.000000 0.000000
vt 0.000000 1.000000
vt 0.000000 0.000000
vt 1.000000 0.000000
vt 0.000000 1.000000
vt 0.000000 0.000000
vt 1.000000 0.000000
vt 0.000000 1.000000
vt 0.000000 0.000000
vt 1.000000 0.000000
vt 0.000000 1.000000
vt 0.000000 0.000000
vt 1.000000 0.000000
vt 0.000000 1.000000
vt 0.000000 0.000000
vt 1.000000 0.000000
vt 0.000000 1.000000
vt 0.000000 0.000000
vt 1.000000 0.000000
vt 0.000000 1.000000
vt 0.000000 0.000000
vt 1.000000 0.000000
vt 0.000000 1.000000
vt 0.000000 0.000000
vt 1.000000 0.000000
vt 0.000000 1.000000
vt 0.000000 0.000000
vt 1.000000 0.000000
vt 0.000000 1.000000
vt 0.000000 0.000000
vt 1.000000 0.000000
vt 0.000000 1.000000
vt 0.000000 0.000000
vt 1.000000 0.000000
vt 0.000000 1.000000
vt 0.000000 0.000000
vt 1.000000 0.000000
vt 0.000000 1.000000
vt 0.000000 0.000000
vt 1.000000 0.000000
vt 0.000000 1.000000
vt 0.000000 0.000000
vt 1.000000 0.000000
vt 0.000000 1.000000
vt 0.000000 0.000000
vt 1.000000 0.000000
vt 0.000000 1.000000
vt 0.000000 0.000000
vt 1.000000 0.000000
vt 0.000000 1.000000
vt 0.000000 0.000000
vt 1.000000 0.000000
vt 0.000000 1.000000
vt 0.000000 0.000000
vt 1.000000 0.000000
vt 0.000000 1.000000
vt 0.000000 0.000000
vt 1.000000 0.000000
vt 0.000000 1.000000
vt 0.000000 0.000000
vt 1.000000 0.000000
vt 0.000000 1.000000
vt 0.000000 0.000000
vt 1.000000 0.000000
vt 0.000000 1.000000
vt 0.000000 0.000000
vt 1.000000 0.000000
vt 0.000000 1.000000
vt 0.000000 0.000000
vt 1.000000 0.000000
vt 0.000000 1.000000
vt 0.000000 0.000000
vt 1.000000 0.000000
vt 0.000000 1.000000
vt 0.000000 0.000000
vt 1.000000 0.000000
vt 0.000000 1.000000
vt 0.000000 0.000000
vt 1.000000 0.000000
vt 0.000000 1.000000
vt 0.000000 0.000000
vt 1.000000 0.000000
vt 0.000000 1.000000
vt 0.000000 0.000000
vt 1.000000 0.000000
vt 0.000000 1.000000
vt 0.000000 0.000000
vt 1.000000 0.000000
vt 0.000000 1.000000
vt 0.000000 0.000000
vt 1.000000 0.000000
vt 0.000000 1.000000
vt 0.000000 0.000000
vt 1.000000 0.000000
vt 0.000000 1.000000
vt 0.000000 0.000000
vt 1.000000 0.000000
vt 0.000000 1.000000
vt 0.000000 0.000000
vt 1.000000 0.000000
vt 0.000000 1.000000
vt 0.000000 0.000000
vt 1.000000 0.000000
vt 0.000000 1.000000
vt 0.000000 0.000000
vt 1.000000 0.000000
vt 0.000000 1.000000
vt 0.000000 0.000000
vt 1.000000 0.000000
vt 0.000000 1.000000
vt 0.000000 0.000000
vt 1.000000 0.000000
vt 0.000000 1.000000
vt 0.000000 0.000000
vt 1.000000 0.000000
vt 0.000000 1.000000
vt 0.000000 0.000000
vt 1.000000 0.000000
vt 0.000000 1.000000
vt 0.000000 0.000000
vt 1.000000 0.000000
vt 0.000000 1.000000
vt 0.000000 0.000000
vt 1.000000 0.000000
vt 0.000000 1.000000
vt 0.000000 0.000000
vt 1.000000 0.000000
vt 0.000000 1.000000
vt 0.000000 0.000000
vt 1.000000 0.000000
vt 0.000000 1.000000
vt 0.000000 0.000000
vt 1.000000 0.000000
vt 0.000000 1.000000
vt 0.000000 0.000000
vt 1.000000 0.000000
vt 0.000000 1.000000
vt 0.000000 0.000000
vt 1.000000 0.000000
vt 0.000000 1.000000
vt 0.000000 0.000000
vt 1.000000 0.000000
vt 0.000000 1.000000
vt 0.000000 0.000000
vt 1.000000 0.000000
vt 0.000000 1.000000
vt 0.000000 0.000000
vt 1.000000 0.000000
vt 0.000000 1.000000
vt 0.000000 0.000000
vt 1.000000 0.000000
vt 0.000000 1.000000
vt 0.000000 0.000000
vt 1.000000 0.000000
vt 0.000000 1.000000
vt 0.000000 0.000000
vt 1.000000 0.000000
vt 0.000000 1.000000
vt 0.000000 0.000000
vt 1.000000 0.000000
vt 0.000000 1.000000
vt 0.000000 0.000000
vt 1.000000 0.000000
vt 0.000000 1.000000
vt 0.000000 0.000000
vt 1.000000 0.000000
vt 0.000000 1.000000
vt 0.000000 0.000000
vt 1.000000 0.000000
vt 0.000000 1.000000
vt 0.000000 0.000000
vt 1.000000 0.000000
vt 0.000000 1.000000
vt 0.000000 0.000000
vt 1.000000 0.000000
vt 0.000000 1.000000
vt 0.000000 0.000000
vt 1.000000 0.000000
vt 0.000000 1.000000
vt 0.000000 0.000000
vt 1.000000 0.000000
vt 0.000000 1.000000
vt 0.000000 0.000000
vt 1.000000 0.000000
vt 0.000000 1.000000
vt 0.000000 0.000000
vt 1.000000 0.000000
vt 0.000000 1.000000
vt 0.000000 0.000000
vt 1.000000 0.000000
vt 0.000000 1.000000
vt 0.000000 0.000000
vt 1.000000 0.000000
vt 0.000000 1.000000
vt 0.000000 0.000000
vt 1.000000 0.000000
vt 0.000000 1.000000
vt 0.000000 0.000000
vt 1.000000 0.000000
vt 0.000000 1.000000
vt 0.000000 0.000000
vt 1.000000 0.000000
vt 0.000000 1.000000
vt 0.000000 0.000000
vt 1.000000 0.000000
vt 0.000000 1.000000
vt 0.000000 0.000000
vt 1.000000 0.000000
vt 0.000000 1.000000
vt 0.000000 0.000000
vt 1.000000 0.000000
vt 0.000000 1.000000
vt 0.000000 0.000000
vt 1.000000 0.000000
vt 0.000000 1.000000
vt 0.000000 0.000000
vt 1.000000 0.000000
vt 0.000000 1.000000
vt 0.000000 0.000000
vt 1.000000 0.000000
vt 0.000000 1.000000
vt 0.000000 0.000000
vt 1.000000 0.000000
vt 0.000000 1.000000
vt 0.000000 0.000000
vt 1.000000 0.000000
vt 0.000000 1.000000
vt 0.000000 0.000000
vt 1.000000 0.000000
vt 0.000000 1.000000
vt 0.000000 0.000000
vt 1.000000 0.000000
vt 0.000000 1.000000
vt 0.000000 0.000000
vt 1.000000 0.000000
vt 0.000000 1.000000
vt 0.000000 0.000000
vt 1.000000 0.000000
vt 0.000000 1.000000
vt 0.000000 0.000000
vt 1.000000 0.000000
vt 0.000000 1.000000
vt 0.000000 0.000000
vt 1.000000 0.000000
vt 0.000000 1.000000
vt 0.000000 0.000000
vt 1.000000 0.000000
vt 0.000000 1.000000
vt 0.000000 0.000000
vt 1.000000 0.000000
vt 0.000000 1.000000
vt 0.000000 0.000000
vt 1.000000 0.000000
vt 0.000000 1.000000
vt 0.000000 0.000000
vt 1.000000 0.000000
vt 0.000000 1.000000
vt 0.000000 0.000000
vt 1.000000 0.000000
vt 0.000000 1.000000
vt 0.000000 0.000000
vt 1.000000 0.000000
vt 0.000000 1.000000
vt 0.000000 0.000000
vt 1.000000 0.000000
vt 0.000000 1.000000
vt 0.000000 0.000000
vt 1.000000 0.000000
vt 0.000000 1.000000
vt 0.000000 0.000000
vt 1.000000 0.000000
vt 0.000000 1.000000
vt 0.000000 0.000000
vt 1.000000 0.000000
vt 0.000000 1.000000
vt 0.000000 0.000000
vt 1.000000 0.000000
vt 0.000000 1.000000
vt 0.000000 0.000000
vt 1.000000 0.000000
vt 0.000000 1.000000
vt 0.000000 0.000000
vt 1.000000 0.000000
vt 0.000000 1.000000
vt 0.000000 0.000000
vt 1.000000 0.000000
vt 0.000000 1.000000
vt 0.000000 0.000000
vt 1.000000 0.000000
vt 0.000000 1.000000
vt 0.000000 0.000000
vt 1.000000 0.000000
vt 0.000000 1.000000
vt 0.000000 0.000000
vt 1.000000 0.000000
vt 0.000000 1.000000
vt 0.000000 0.000000
vt 1.000000 0.000000
vt 0.000000 1.000000
vt 0.000000 0.000000
vt 1.000000 0.000000
vt 0.000000 1.000000
vt 0.000000 0.000000
vt 1.000000 0.000000
vt 0.000000 1.000000
vt 0.000000 0.000000
vt 1.000000 0.000000
vt 0.000000 1.000000
vt 0.000000 0.000000
vt 1.000000 0.000000
vt 0.000000 1.000000
vt 0.000000 0.000000
vt 1.000000 0.000000
vt 0.000000 1.000000
vt 0.000000 0.000000
vt 1.000000 0.000000
vt 0.000000 1.000000
vt 0.000000 0.000000
vt 1.000000 0.000000
vt 0.000000 1.000000
vt 0.000000 0.000000
vt 1.000000 0.000000
vt 0.000000 1.000000
vt 0.000000 0.000000
vt 1.000000 0.000000
vt 0.000000 1.000000
vt 0.000000 0.000000
vt 1.000000 0.000000
vt 0.000000 1.000000
vt 0.000000 0.000000
vt 1.000000 0.000000
vt 0.000000 1.000000
vt 0.000000 0.000000
vt 1.000000 0.000000
vt 0.000000 1.000000
vt 0.000000 0.000000
vt 1.000000 0.000000
vt 0.000000 1.000000
vt 0.000000 0.000000
vt 1.000000 0.000000
vt 0.000000 1.000000
vt 0.000000 0.000000
vt 1.000000 0.000000
vt 0.000000 1.000000
vt 0.000000 0.000000
vt 1.000000 0.000000
vt 0.000000 1.000000
vt 0.000000 0.000000
vt 1.000000 0.000000
vt 0.000000 1.000000
vt 0.000000 0.000000
vt 1.000000 0.000000
vt 0.000000 1.000000
vt 0.000000 0.000000
vt 1.000000 0.000000
vt 0.000000 1.000000
vt 0.000000 0.000000
vt 1.000000 0.000000
vt 0.000000 1.000000
vt 0.000000 0.000000
vt 1.000000 0.000000
vt 0.000000 1.000000
vt 0.000000 0.000000
vt 1.000000 0.000000
vt 0.000000 1.000000
vt 0.000000 0.000000
vt 1.000000 0.000000
vt 0.000000 1.000000
vt 0.000000 0.000000
vt 1.000000 0.000000
vt 0.000000 1.000000
vt 0.000000 0.000000
vt 1.000000 0.000000
vt 0.000000 1.000000
vt 0.000000 0.000000
vt 1.000000 0.000000
vt 0.000000 1.000000
vt 0.000000 0.000000
vt 1.000000 0.000000
vt 0.000000 1.000000
vt 0.000000 0.000000
vt 1.000000 0.000000
vt 0.000000 1.000000
vt 0.000000 0.000000
vt 1.000000 0.000000
vt 0.000000 1.000000
vt 0.000000 0.000000
vt 1.000000 0.000000
vt 0.000000 1.000000
vt 0.000000 0.000000
vt 1.000000 0.000000
vt 0.000000 1.000000
vt 0.000000 0.000000
vt 1.000000 0.000000
vt 0.000000 1.000000
vt 0.000000 0.000000
vt 1.000000 0.000000
vt 0.000000 1.000000
vt 0.000000 0.000000
vt 1.000000 0.000000
vt 0.000000 1.000000
vt 0.000000 0.000000
vt 1.000000 0.000000
vt 0.000000 1.000000
vt 0.000000 0.000000
vt 1.000000 0.000000
vt 0.000000 1.000000
vt 0.000000 0.000000
vt 1.000000 0.000000
vt 0.000000 1.000000
vt 0.000000 0.000000
vt 1.000000 0.000000
vt 0.000000 1.000000
vt 0.000000 0.000000
vt 1.000000 0.000000
vt 0.000000 1.000000
vt 0.000000 0.000000
vt 1.000000 0.000000
vt 0.000000 1.000000
vt 0.000000 0.000000
vt 1.000000 0.000000
vt 0.000000 1.000000
vt 0.000000 0.000000
vt 1.000000 0.000000
vt 0.000000 1.000000
vt 0.000000 0.000000
vt 1.000000 0.000000
vt 0.000000 1.000000
vt 0.000000 0.000000
vt 1.000000 0.000000
vt 0.000000 1.000000
vt 0.000000 0.000000
vt 1.000000 0.000000
vt 0.000000 1.000000
vt 0.000000 0.000000
vt 1.000000 0.000000
vt 0.000000 1.000000
vt 0.000000 0.000000
vt 1.000000 0.000000
vt 0.000000 1.000000
vt 0.000000 0.000000
vt 1.000000 0.000000
vt 0.000000 1.000000
vt 0.000000 0.000000
vt 1.000000 0.000000
vt 0.000000 1.000000
vt 0.000000 0.000000
vt 1.000000 0.000000
vt 0.000000 1.000000
vt 0.000000 0.000000
vt 1.000000 0.000000
vt 0.000000 1.000000
vt 0.000000 0.000000
vt 1.000000 0.000000
vt 0.000000 1.000000
vt 0.000000 0.000000
vt 1.000000 0.000000
vt 0.000000 1.000000
vt 0.000000 0.000000
vt 1.000000 0.000000
vt 0.000000 1.000000
vt 0.000000 0.000000
vt 1.000000 0.000000
vt 0.000000 1.000000
vt 0.000000 0.000000
vt 1.000000 0.000000
vt 0.000000 1.000000
vt 0.000000 0.000000
vt 1.000000 0.000000
vt 0.000000 1.000000
vt 0.000000 0.000000
vt 1.000000 0.000000
vt 0.000000 1.000000
vt 0.000000 0.000000
vt 1.000000 0.000000
vt 0.000000 1.000000
vt 0.000000 0.000000
vt 1.000000 0.000000
vt 0.000000 1.000000
vt 0.000000 0.000000
vt 1.000000 0.000000
vt 0.000000 1.000000
vt 0.000000 0.000000
vt 1.000000 0.000000
vt 0.000000 1.000000
vt 0.000000 0.000000
vt 1.000000 0.000000
vt 0.000000 1.000000
vt 0.000000 0.000000
vt 1.000000 0.000000
vt 0.000000 1.000000
vt 0.000000 0.000000
vt 1.000000 0.000000
vt 0.000000 1.000000
vt 0.000000 0.000000
vt 1.000000 0.000000
vt 0.000000 1.000000
vt 0.000000 0.000000
vt 1.000000 0.000000
vt 0.000000 1.000000
vt 0.000000 0.000000
vt 1.000000 0.000000
vt 0.000000 1.000000
vt 0.000000 0.000000
vt 1.000000 0.000000
vt 0.000000 1.000000
vt 0.000000 0.000000
vt 1.000000 0.000000
vt 0.000000 1.000000
vt 0.000000 0.000000
vt 1.000000 0.000000
vt 0.000000 1.000000
vt 0.000000 0.000000
vt 1.000000 0.000000
vt 0.000000 1.000000
vt 0.000000 0.000000
vt 1.000000 0.000000
vt 0.000000 1.000000
vt 0.000000 0.000000
vt 1.000000 0.000000
vt 0.000000 1.000000
vt 0.000000 0.000000
vt 1.000000 0.000000
vt 0.000000 1.000000
vt 0.000000 0.000000
vt 1.000000 0.000000
vt 0.000000 1.000000
vt 0.000000 0.000000
vt 1.000000 0.000000
vt 0.000000 1.000000
vt 0.000000 0.000000
vt 1.000000 0.000000
vt 0.000000 1.000000
vt 0.000000 0.000000
vt 1.000000 0.000000
vt 0.000000 1.000000
vt 0.000000 0.000000
vt 1.000000 0.000000
vt 0.000000 1.000000
vt 0.000000 0.000000
vt 1.000000 0.000000
vt 0.000000 1.000000
vt 0.000000 0.000000
vt 1.000000 0.000000
vt 0.000000 1.000000
vt 0.000000 0.000000
vt 1.000000 0.000000
vt 0.000000 1.000000
vt 0.000000 0.000000
vt 1.000000 0.000000
vt 0.000000 1.000000
vt 0.000000 0.000000
vt 1.000000 0.000000
vt 0.000000 1.000000
vt 0.000000 0.000000
vt 1.000000 0.000000
vt 0.000000 1.000000
vt 0.000000 0.000000
vt 1.000000 0.000000
vt 0.000000 1.000000
vt 0.000000 0.000000
vt 1.000000 0.000000
vt 0.000000 1.000000
vt 0.000000 0.000000
vt 1.000000 0.000000
vt 0.000000 1.000000
vt 0.000000 0.000000
vt 1.000000 0.000000
vt 0.000000 1.000000
vt 0.000000 0.000000
vt 1.000000 0.000000
vt 0.000000 1.000000
vt 0.000000 0.000000
vt 1.000000 0.000000
vt 0.000000 1.000000
vt 0.000000 0.000000
vt 1.000000 0.000000
vt 0.000000 1.000000
vt 0.000000 0.000000
vt 1.000000 0.000000
vt 0.000000 1.000000
vt 0.000000 0.000000
vt 1.000000 0.000000
vt 0.000000 1.000000
vt 0.000000 0.000000
vt 1.000000 0.000000
vt 0.000000 1.000000
vt 0.000000 0.000000
vt 1.000000 0.000000
vt 0.000000 1.000000
vt 0.000000 0.000000
vt 1.000000 0.000000
vt 0.000000 1.000000
vt 0.000000 0.000000
vt 1.000000 0.000000
vt 0.000000 1.000000
vt 0.000000 0.000000
vt 1.000000 0.000000
vt 0.000000 1.000000
vt 0.000000 0.000000
vt 1.000000 0.000000
vt 0.000000 1.000000
vt 0.000000 0.000000
vt 1.000000 0.000000
vt 0.000000 1.000000
vt 0.000000 0.000000
vt 1.000000 0.000000
vt 0.000000 1.000000
vt 0.000000 0.000000
vt 1.000000 0.000000
vt 0.000000 1.000000
vt 0.000000 0.000000
vt 1.000000 0.000000
vt 0.000000 1.000000
vt 0.000000 0.000000
vt 1.000000 0.000000
vt 0.000000 1.000000
vt 0.000000 0.000000
vt 1.000000 0.000000
vt 0.000000 1.000000
vt 0.000000 0.000000
vt 1.000000 0.000000
vt 0.000000 1.000000
vt 0.000000 0.000000
vt 1.000000 0.000000
vt 0.000000 1.000000
vt 0.000000 0.000000
vt 1.000000 0.000000
vt 0.000000 1.000000
vt 0.000000 0.000000
vt 1.000000 0.000000
vt 0.000000 1.000000
vt 0.000000 0.000000
vt 1.000000 0.000000
vt 0.000000 1.000000
vt 0.000000 0.000000
vt 1.000000 0.000000
vt 0.000000 1.000000
vt 0.000000 0.000000
vt 1.000000 0.000000
vt 0.000000 1.000000
vt 0.000000 0.000000
vt 1.000000 0.000000
vt 0.000000 1.000000
vt 0.000000 0.000000
vt 1.000000 0.000000
vt 0.000000 1.000000
vt 0.000000 0.000000
vt 1.000000 0.000000
vt 0.000000 1.000000
vt 0.000000 0.000000
vt 1.000000 0.000000
vt 0.000000 1.000000
vt 0.000000 0.000000
vt 1.000000 0.000000
vt 0.000000 1.000000
vt 0.000000 0.000000
vt 1.000000 0.000000
vt 0.000000 1.000000
vt 0.000000 0.000000
vt 1.000000 0.000000
vt 0.000000 1.000000
vt 0.000000 0.000000
vt 1.000000 0.000000
vt 0.000000 1.000000
vt 0.000000 0.000000
vt 1.000000 0.000000
vt 0.000000 1.000000
vt 0.000000 0.000000
vt 1.000000 0.000000
vt 0.000000 1.000000
vt 0.000000 0.000000
vt 1.000000 0.000000
vt 0.000000 1.000000
vt 0.000000 0.000000
vt 1.000000 0.000000
vt 0.000000 1.000000
vt 0.000000 0.000000
vt 1.000000 0.000000
vt 0.000000 1.000000
vt 0.000000 0.000000
vt 1.000000 0.000000
vt 0.000000 1.000000
vt 0.000000 0.000000
vt 1.000000 0.000000
vt 0.000000 1.000000
vt 0.000000 0.000000
vt 1.000000 0.000000
vt 0.000000 1.000000
vt 0.000000 0.000000
vt 1.000000 0.000000
vt 0.000000 1.000000
vt 0.000000 0.000000
vt 1.000000 0.000000
vt 0.000000 1.000000
vt 0.000000 0.000000
vt 1.000000 0.000000
vt 0.000000 1.000000
vt 0.000000 0.000000
vt 1.000000 0.000000
vt 0.000000 1.000000
vt 0.000000 0.000000
vt 1.000000 0.000000
vt 0.000000 1.000000
vt 0.000000 0.000000
vt 1.000000 0.000000
vt 0.000000 1.000000
vt 0.000000 0.000000
vt 1.000000 0.000000
vt 0.000000 1.000000
vt 0.000000 0.000000
vt 1.000000 0.000000
vt 0.000000 1.000000
vt 0.000000 0.000000
vt 1.000000 0.000000
vt 0.000000 1.000000
vt 0.000000 0.000000
vt 1.000000 0.000000
vt 0.000000 1.000000
vt 0.000000 0.000000
vt 1.000000 0.000000
vt 0.000000 1.000000
vt 0.000000 0.000000
vt 1.000000 0.000000
vt 0.000000 1.000000
vt 0.000000 0.000000
vt 1.000000 0.000000
vt 0.000000 1.000000
vt 0.000000 0.000000
vt 1.000000 0.000000
vt 0.000000 1.000000
vt 0.000000 0.000000
vt 1.000000 0.000000
vt 0.000000 1.000000
vt 0.000000 0.000000
vt 1.000000 0.000000
vt 0.000000 1.000000
vt 0.000000 0.000000
vt 1.000000 0.000000
vt 0.000000 1.000000
vt 0.000000 0.000000
vt 1.000000 0.000000
vt 0.000000 1.000000
vt 0.000000 0.000000
vt 1.000000 0.000000
vt 0.000000 1.000000
vt 0.000000 0.000000
vt 1.000000 0.000000
vt 0.000000 1.000000
vt 0.000000 0.000000
vt 1.000000 0.000000
vt 0.000000 1.000000
vt 0.000000 0.000000
vt 1.000000 0.000000
vt 0.000000 1.000000
vt 0.000000 0.000000
vt 1.000000 0.000000
vt 0.000000 1.000000
vt 0.000000 0.000000
vt 1.000000 0.000000
vt 0.000000 1.000000
vt 0.000000 0.000000
vt 1.000000 0.000000
vt 0.000000 1.000000
vt 0.000000 0.000000
vt 1.000000 0.000000
vt 0.000000 1.000000
vt 0.000000 0.000000
vt 1.000000 0.000000
vt 0.000000 1.000000
vt 0.000000 0.000000
vt 1.000000 0.000000
vt 0.000000 1.000000
vt 0.000000 0.000000
vt 1.000000 0.000000
vt 0.000000 1.000000
vt 0.000000 0.000000
vt 1.000000 0.000000
vt 0.000000 1.000000
vt 0.000000 0.000000
vt 1.000000 0.000000
vt 0.000000 1.000000
vt 0.000000 0.000000
vt 1.000000 0.000000
vt 0.000000 1.000000
vt 0.000000 0.000000
vt 1.000000 0.000000
vt 0.000000 1.000000
vt 0.000000 0.000000
vt 1.000000 0.000000
vt 0.000000 1.000000
vt 0.000000 0.000000
vt 1.000000 0.000000
vt 0.000000 1.000000
vt 0.000000 0.000000
vt 1.000000 0.000000
vt 0.000000 1.000000
vt 0.000000 0.000000
vt 1.000000 0.000000
vt 0.000000 1.000000
vt 0.000000 0.000000
vt 1.000000 0.000000
vt 0.000000 1.000000
vt 0.000000 0.000000
vt 1.000000 0.000000
vt 0.000000 1.000000
vt 0.000000 0.000000
vt 1.000000 0.000000
vt 0.000000 1.000000
vt 0.000000 0.000000
vt 1.000000 0.000000
vt 0.000000 1.000000
vt 0.000000 0.000000
vt 1.000000 0.000000
vt 0.000000 1.000000
vt 0.000000 0.000000
vt 1.000000 0.000000
vt 0.000000 1.000000
vt 0.000000 0.000000
vt 1.000000 0.000000
vt 0.000000 1.000000
vt 0.000000 0.000000
vt 1.000000 0.000000
vt 0.000000 1.000000
vt 0.000000 0.000000
vt 1.000000 0.000000
vt 0.000000 1.000000
vt 0.000000 0.000000
vt 1.000000 0.000000
vt 0.000000 1.000000
vt 0.000000 0.000000
vt 1.000000 0.000000
vt 0.000000 1.000000
vt 0.000000 0.000000
vt 1.000000 0.000000
vt 0.000000 1.000000
vt 0.000000 0.000000
vt 1.000000 0.000000
vt 0.000000 1.000000
vt 0.000000 0.000000
vt 1.000000 0.000000
vt 0.000000 1.000000
vt 0.000000 0.000000
vt 1.000000 0.000000
vt 0.000000 1.000000
vt 0.000000 0.000000
vt 1.000000 0.000000
vt 0.000000 1.000000
vt 0.000000 0.000000
vt 1.000000 0.000000
vt 0.000000 1.000000
vt 0.000000 0.000000
vt 1.000000 0.000000
vt 0.000000 1.000000
vt 0.000000 0.000000
vt 1.000000 0.000000
vt 0.000000 1.000000
vt 0.000000 0.000000
vt 1.000000 0.000000
vt 0.000000 1.000000
vt 0.000000 0.000000
vt 1.000000 0.000000
vt 0.000000 1.000000
vt 0.000000 0.000000
vt 1.000000 0.000000
vt 0.000000 1.000000
vt 0.000000 0.000000
vt 1.000000 0.000000
vt 0.000000 1.000000
vt 0.000000 0.000000
vt 1.000000 0.000000
vt 0.000000 1.000000
vt 0.000000 0.000000
vt 1.000000 0.000000
vt 0.000000 1.000000
vt 0.000000 0.000000
vt 1.000000 0.000000
vt 0.000000 1.000000
vt 0.000000 0.000000
vt 1.000000 0.000000
vt 0.000000 1.000000
vt 0.000000 0.000000
vt 1.000000 0.000000
vt 0.000000 1.000000
vt 0.000000 0.000000
vt 1.000000 0.000000
vt 0.000000 1.000000
vt 0.000000 0.000000
vt 1.000000 0.000000
vt 0.000000 1.000000
vt 0.000000 0.000000
vt 1.000000 0.000000
vt 0.000000 1.000000
vt 0.000000 0.000000
vt 1.000000 0.000000
vt 0.000000 1.000000
vt 0.000000 0.000000
vt 1.000000 0.000000
vt 0.000000 1.000000
vt 0.000000 0.000000
vt 1.000000 0.000000
vt 0.000000 1.000000
vt 0.000000 0.000000
vt 1.000000 0.000000
vt 0.000000 1.000000
vt 0.000000 0.000000
vt 1.000000 0.000000
vt 0.000000 1.000000
vt 0.000000 0.000000
vt 1.000000 0.000000
vt 0.000000 1.000000
vt 0.000000 0.000000
vt 1.000000 0.000000
vt 0.000000 1.000000
vt 0.000000 0.000000
vt 1.000000 0.000000
vt 0.000000 1.000000
vt 0.000000 0.000000
vt 1.000000 0.000000
vt 0.000000 1.000000
vt 0.000000 0.000000
vt 1.000000 0.000000
vt 0.000000 1.000000
vt 0.000000 0.000000
vt 1.000000 0.000000
vt 0.000000 1.000000
vt 0.000000 0.000000
vt 1.000000 0.000000
vt 0.000000 1.000000
vt 0.000000 0.000000
vt 1.000000 0.000000
vt 0.000000 1.000000
vt 0.000000 0.000000
vt 1.000000 0.000000
vt 0.000000 1.000000
vt 0.000000 0.000000
vt 1.000000 0.000000
vt 0.000000 1.000000
vt 0.000000 0.000000
vt 1.000000 0.000000
vt 0.000000 1.000000
vt 0.000000 0.000000
vt 1.000000 0.000000
vt 0.000000 1.000000
vt 0.000000 0.000000
vt 1.000000 0.000000
vt 0.000000 1.000000
vt 0.000000 0.000000
vt 1.000000 0.000000
vt 0.000000 1.000000
vt 0.000000 0.000000
vt 1.000000 0.000000
vt 0.000000 1.000000
vt 0.000000 0.000000
vt 1.000000 0.000000
vt 0.000000 1.000000
vt 0.000000 0.000000
vt 1.000000 0.000000
vt 0.000000 1.000000
vt 0.000000 0.000000
vt 1.000000 0.000000
vt 0.000000 1.000000
vt 0.000000 0.000000
vt 1.000000 0.000000
vt 0.000000 1.000000
vt 0.000000 0.000000
vt 1.000000 0.000000
vt 0.000000 1.000000
vt 0.000000 0.000000
vt 1.000000 0.000000
vt 0.000000 1.000000
vt 0.000000 0.000000
vt 1.000000 0.000000
vt 0.000000 1.000000
vt 0.000000 0.000000
vt 1.000000 0.000000
vt 0.000000 1.000000
vt 0.000000 0.000000
vt 1.000000 0.000000
vt 0.000000 1.000000
vt 0.000000 0.000000
vt 1.000000 0.000000
vt 0.000000 1.000000
vt 0.000000 0.000000
vt 1.000000 0.000000
vt 0.000000 1.000000
vt 0.000000 0.000000
vt 1.000000 0.000000
vt 0.000000 1.000000
vt 0.000000 0.000000
vt 1.000000 0.000000
vt 0.000000 1.000000
vt 0.000000 0.000000
vt 1.000000 0.000000
vt 0.000000 1.000000
vt 0.000000 0.000000
vt 1.000000 0.000000
vt 0.000000 1.000000
vt 0.000000 0.000000
vt 1.000000 0.000000
vt 0.000000 1.000000
vt 0.000000 0.000000
vt 1.000000 0.000000
vt 0.000000 1.000000
vt 0.000000 0.000000
vt 1.000000 0.000000
vt 0.000000 1.000000
vt 0.000000 0.000000
vt 1.000000 0.000000
vt 0.000000 1.000000
vt 0.000000 0.000000
vt 1.000000 0.000000
vt 0.000000 1.000000
vt 0.000000 0.000000
vt 1.000000 0.000000
vt 0.000000 1.000000
vt 0.000000 0.000000
vt 1.000000 0.000000
vt 0.000000 1.000000
vt 0.000000 0.000000
vt 1.000000 0.000000
vt 0.000000 1.000000
vt 0.000000 0.000000
vt 1.000000 0.000000
vt 0.000000 1.000000
vt 0.000000 0.000000
vt 1.000000 0.000000
vt 0.000000 1.000000
vt 0.000000 0.000000
vt 1.000000 0.000000
vt 0.000000 1.000000
vt 0.000000 0.000000
vt 1.000000 0.000000
vt 0.000000 1.000000
vt 0.000000 0.000000
vt 1.000000 0.000000
vt 0.000000 1.000000
vt 0.000000 0.000000
vt 1.000000 0.000000
vt 0.000000 1.000000
vt 0.000000 0.000000
vt 1.000000 0.000000
vt 0.000000 1.000000
vt 0.000000 0.000000
vt 1.000000 0.000000
vt 0.000000 1.000000
vt 0.000000 0.000000
vt 1.000000 0.000000
vt 0.000000 1.000000
vt 0.000000 0.000000
vt 1.000000 0.000000
vt 0.000000 1.000000
vt 0.000000 0.000000
vt 1.000000 0.000000
vt 0.000000 1.000000
vt 0.000000 0.000000
vt 1.000000 0.000000
vt 0.000000 1.000000
vt 0.000000 0.000000
vt 1.000000 0.000000
vt 0.000000 1.000000
vt 0.000000 0.000000
vt 1.000000 0.000000
vt 0.000000 1.000000
vt 0.000000 0.000000
vt 1.000000 0.000000
vt 0.000000 1.000000
vt 0.000000 0.000000
vt 1.000000 0.000000
vt 0.000000 1.000000
vt 0.000000 0.000000
vt 1.000000 0.000000
vt 0.000000 1.000000
vt 0.000000 0.000000
vt 1.000000 0.000000
vt 0.000000 1.000000
vt 0.000000 0.000000
vt 1.000000 0.000000
vt 0.000000 1.000000
vt 0.000000 0.000000
vt 1.000000 0.000000
vt 0.000000 1.000000
vt 0.000000 0.000000
vt 1.000000 0.000000
vt 0.000000 1.000000
vt 0.000000 0.000000
vt 1.000000 0.000000
vt 0.000000 1.000000
vt 0.000000 0.000000
vt 1.000000 0.000000
vt 0.000000 1.000000
vt 0.000000 0.000000
vt 1.000000 0.000000
vt 0.000000 1.000000
vt 0.000000 0.000000
vt 1.000000 0.000000
vt 0.000000 1.000000
vt 0.000000 0.000000
vt 1.000000 0.000000
vt 0.000000 1.000000
vt 0.000000 0.000000
vt 1.000000 0.000000
vt 0.000000 1.000000
vt 0.000000 0.000000
vt 1.000000 0.000000
vt 0.000000 1.000000
vt 0.000000 0.000000
vt 1.000000 0.000000
vt 0.000000 1.000000
vt 0.000000 0.000000
vt 1.000000 0.000000
vt 0.000000 1.000000
vt 0.000000 0.000000
vt 1.000000 0.000000
vt 0.000000 1.000000
vt 0.000000 0.000000
vt 1.000000 0.000000
vt 0.000000 1.000000
vt 0.000000 0.000000
vt 1.000000 0.000000
vt 0.000000 1.000000
vt 0.000000 0.000000
vt 1.000000 0.000000
vt 0.000000 1.000000
vt 0.000000 0.000000
vt 1.000000 0.000000
vt 0.000000 1.000000
vt 0.000000 0.000000
vt 1.000000 0.000000
vt 0.000000 1.000000
vt 0.000000 0.000000
vt 1.000000 0.000000
vt 0.000000 1.000000
vt 0.000000 0.000000
vt 1.000000 0.000000
vt 0.000000 1.000000
vt 0.000000 0.000000
vt 1.000000 0.000000
vt 0.000000 1.000000
vt 0.000000 0.000000
vt 1.000000 0.000000
vt 0.000000 1.000000
vt 0.000000 0.000000
vt 1.000000 0.000000
vt 0.000000 1.000000
vt 0.000000 0.000000
vt 1.000000 0.000000
vt 0.000000 1.000000
vt 0.000000 0.000000
vt 1.000000 0.000000
vt 0.000000 1.000000
vt 0.000000 0.000000
vt 1.000000 0.000000
vt 0.000000 1.000000
vt 0.000000 0.000000
vt 1.000000 0.000000
vt 0.000000 1.000000
vt 0.000000 0.000000
vt 1.000000 0.000000
vt 0.000000 1.000000
vt 0.000000 0.000000
vt 1.000000 0.000000
vt 0.000000 1.000000
vt 0.000000 0.000000
vt 1.000000 0.000000
vt 0.000000 1.000000
vt 0.000000 0.000000
vt 1.000000 0.000000
vt 0.000000 1.000000
vt 0.000000 0.000000
vt 1.000000 0.000000
vt 0.000000 1.000000
vt 0.000000 0.000000
vt 1.000000 0.000000
vt 0.000000 1.000000
vt 0.000000 0.000000
vt 1.000000 0.000000
vt 0.000000 1.000000
vt 0.000000 0.000000
vt 1.000000 0.000000
vt 0.000000 1.000000
vt 0.000000 0.000000
vt 1.000000 0.000000
vt 0.000000 1.000000
vt 0.000000 0.000000
vt 1.000000 0.000000
vt 0.000000 1.000000
vt 0.000000 0.000000
vt 1.000000 0.000000
vt 0.000000 1.000000
vt 0.000000 0.000000
vt 1.000000 0.000000
vt 0.000000 1.000000
vt 0.000000 0.000000
vt 1.000000 0.000000
vt 0.000000 1.000000
vt 0.000000 0.000000
vt 1.000000 0.000000
vt 0.000000 1.000000
vt 0.000000 0.000000
vt 1.000000 0.000000
vt 0.000000 1.000000
vt 0.000000 0.000000
vt 1.000000 0.000000
vt 0.000000 1.000000
vt 0.000000 0.000000
vt 1.000000 0.000000
vt 0.000000 1.000000
vt 0.000000 0.000000
vt 1.000000 0.000000
vt 0.000000 1.000000
vt 0.000000 0.000000
vt 1.000000 0.000000
vt 0.000000 1.000000
vt 0.000000 0.000000
vt 1.000000 0.000000
vt 0.000000 1.000000
vt 0.000000 0.000000
vt 1.000000 0.000000
vt 0.000000 1.000000
vt 0.000000 0.000000
vt 1.000000 0.000000
vt 0.000000 1.000000
vt 0.000000 0.000000
vt 1.000000 0.000000
vt 0.000000 1.000000
vt 0.000000 0.000000
vt 1.000000 0.000000
vt 0.000000 1.000000
vt 0.000000 0.000000
vt 1.000000 0.000000
vt 0.000000 1.000000
vt 0.000000 0.000000
vt 1.000000 0.000000
vt 0.000000 1.000000
vt 0.000000 0.000000
vt 1.000000 0.000000
vt 0.000000 1.000000
vt 0.000000 0.000000
vt 1.000000 0.000000
vt 0.000000 1.000000
vt 0.000000 0.000000
vt 1.000000 0.000000
vt 0.000000 1.000000
vt 0.000000 0.000000
vt 1.000000 0.000000
vt 0.000000 1.000000
vt 0.000000 0.000000
vt 1.000000 0.000000
vt 0.000000 1.000000
vt 0.000000 0.000000
vt 1.000000 0.000000
vt 0.000000 1.000000
vt 0.000000 0.000000
vt 1.000000 0.000000
vt 0.000000 1.000000
vt 0.000000 0.000000
vt 1.000000 0.000000
vt 0.000000 1.000000
vt 0.000000 0.000000
vt 1.000000 0.000000
vt 0.000000 1.000000
vt 0.000000 0.000000
vt 1.000000 0.000000
vt 0.000000 1.000000
vt 0.000000 0.000000
vt 1.000000 0.000000
vt 0.000000 1.000000
vt 0.000000 0.000000
vt 1.000000 0.000000
vt 0.000000 1.000000
vt 0.000000 0.000000
vt 1.000000 0.000000
vt 0.000000 1.000000
vt 0.000000 0.000000
vt 1.000000 0.000000
vt 0.000000 1.000000
vt 0.000000 0.000000
vt 1.000000 0.000000
vt 0.000000 1.000000
vt 0.000000 0.000000
vt 1.000000 0.000000
vt 0.000000 1.000000
vt 0.000000 0.000000
vt 1.000000 0.000000
vt 0.000000 1.000000
vt 0.000000 0.000000
vt 1.000000 0.000000
vt 0.000000 1.000000
vt 0.000000 0.000000
vt 1.000000 0.000000
vt 0.000000 1.000000
vt 0.000000 0.000000
vt 1.000000 0.000000
vt 0.000000 1.000000
vt 0.000000 0.000000
vt 1.000000 0.000000
vt 0.000000 1.000000
vt 0.000000 0.000000
vt 1.000000 0.000000
vt 0.000000 1.000000
vt 0.000000 0.000000
vt 1.000000 0.000000
vt 0.000000 1.000000
vt 0.000000 0.000000
vt 1.000000 0.000000
vt 0.000000 1.000000
vt 0.000000 0.000000
vt 1.000000 0.000000
vt 0.000000 1.000000
vt 0.000000 0.000000
vt 1.000000 0.000000
vt 0.000000 1.000000
vt 0.000000 0.000000
vt 1.000000 0.000000
vt 0.000000 1.000000
vt 0.000000 0.000000
vt 1.000000 0.000000
vt 0.000000 1.000000
vt 0.000000 0.000000
vt 1.000000 0.000000
vt 0.000000 1.000000
vt 0.000000 0.000000
vt 1.000000 0.000000
vt 0.000000 1.000000
vt 0.000000 0.000000
vt 1.000000 0.000000
vt 0.000000 1.000000
vt 0.000000 0.000000
vt 1.000000 0.000000
vt 0.000000 1.000000
vt 0.000000 0.000000
vt 1.000000 0.000000
vt 0.000000 1.000000
vt 0.000000 0.000000
vt 1.000000 0.000000
vt 0.000000 1.000000
vt 0.000000 0.000000
vt 1.000000 0.000000
vt 0.000000 1.000000
vt 0.000000 0.000000
vt 1.000000 0.000000
vt 0.000000 1.000000
vt 0.000000 0.000000
vt 1.000000 0.000000
vt 0.000000 1.000000
vt 0.000000 0.000000
vt 1.000000 0.000000
vt 0.000000 1.000000
vt 0.000000 0.000000
vt 1.000000 0.000000
vt 0.000000 1.000000
vt 0.000000 0.000000
vt 1.000000 0.000000
vt 0.000000 1.000000
vt 0.000000 0.000000
vt 1.000000 0.000000
vt 0.000000 1.000000
vt 0.000000 0.000000
vt 1.000000 0.000000
vt 0.000000 1.000000
vt 0.000000 0.000000
vt 1.000000 0.000000
vt 0.000000 1.000000
vt 0.000000 0.000000
vt 1.000000 0.000000
vt 0.000000 1.000000
vt 0.000000 0.000000
vt 1.000000 0.000000
vt 0.000000 1.000000
vt 0.000000 0.000000
vt 1.000000 0.000000
vt 0.000000 1.000000
vt 0.000000 0.000000
vt 1.000000 0.000000
vt 0.000000 1.000000
vt 0.000000 0.000000
vt 1.000000 0.000000
vt 0.000000 1.000000
vt 0.000000 0.000000
vt 1.000000 0.000000
vt 0.000000 1.000000
vt 0.000000 0.000000
vt 1.000000 0.000000
vt 0.000000 1.000000
vt 0.000000 0.000000
vt 1.000000 0.000000
vt 0.000000 1.000000
vt 0.000000 0.000000
vt 1.000000 0.000000
vt 0.000000 1.000000
vt 0.000000 0.000000
vt 1.000000 0.000000
vt 0.000000 1.000000
vt 0.000000 0.000000
vt 1.000000 0.000000
vt 0.000000 1.000000
vt 0.000000 0.000000
vt 1.000000 0.000000
vt 0.000000 1.000000
vt 0.000000 0.000000
vt 1.000000 0.000000
vt 0.000000 1.000000
vt 0.000000 0.000000
vt 1.000000 0.000000
vt 0.000000 1.000000
vt 0.000000 0.000000
vt 1.000000 0.000000
vt 0.000000 1.000000
vt 0.000000 0.000000
vt 1.000000 0.000000
vt 0.000000 1.000000
vt 0.000000 0.000000
vt 1.000000 0.000000
vt 0.000000 1.000000
vt 0.000000 0.000000
vt 1.000000 0.000000
vt 0.000000 1.000000
vt 0.000000 0.000000
vt 1.000000 0.000000
vt 0.000000 1.000000
vt 0.000000 0.000000
vt 1.000000 0.000000
vt 0.000000 1.000000
vt 0.000000 0.000000
vt 1.000000 0.000000
vt 0.000000 1.000000
vt 0.000000 0.000000
vt 1.000000 0.000000
vt 0.000000 1.000000
vt 0.000000 0.000000
vt 1.000000 0.000000
vt 0.000000 1.000000
vt 0.000000 0.000000
vt 1.000000 0.000000
vt 0.000000 1.000000
vt 0.000000 0.000000
vt 1.000000 0.000000
vt 0.000000 1.000000
vt 0.000000 0.000000
vt 1.000000 0.000000
vt 0.000000 1.000000
vt 0.000000 0.000000
vt 1.000000 0.000000
vt 0.000000 1.000000
vt 0.000000 0.000000
vt 1.000000 0.000000
vt 0.000000 1.000000
vt 0.000000 0.000000
vt 1.000000 0.000000
vt 0.000000 1.000000
vt 0.000000 0.000000
vt 1.000000 0.000000
vt 0.000000 1.000000
vt 0.000000 0.000000
vt 1.000000 0.000000
vt 0.000000 1.000000
vt 0.000000 0.000000
vt 1.000000 0.000000
vt 0.000000 1.000000
vt 0.000000 0.000000
vt 1.000000 0.000000
vt 0.000000 1.000000
vt 0.000000 0.000000
vt 1.000000 0.000000
vt 0.000000 1.000000
vt 0.000000 0.000000
vt 1.000000 0.000000
vt 0.000000 1.000000
vt 0.000000 0.000000
vt 1.000000 0.000000
vt 0.000000 1.000000
vt 0.000000 0.000000
vt 1.000000 0.000000
vt 0.000000 1.000000
vt 0.000000 0.000000
vt 1.000000 0.000000
vt 0.000000 1.000000
vt 0.000000 0.000000
vt 1.000000 0.000000
vt 0.000000 1.000000
vt 0.000000 0.000000
vt 1.000000 0.000000
vt 0.000000 1.000000
vt 0.000000 0.000000
vt 1.000000 0.000000
vt 0.000000 1.000000
vt 0.000000 0.000000
vt 1.000000 0.000000
vt 0.000000 1.000000
vt 0.000000 0.000000
vt 1.000000 0.000000
vt 0.000000 1.000000
vt 0.000000 0.000000
vt 1.000000 0.000000
vt 0.000000 1.000000
vt 0.000000 0.000000
vt 1.000000 0.000000
vt 0.000000 1.000000
vt 0.000000 0.000000
vt 1.000000 0.000000
vt 0.000000 1.000000
vt 0.000000 0.000000
vt 1.000000 0.000000
vt 0.000000 1.000000
vt 0.000000 0.000000
vt 1.000000 0.000000
vt 0.000000 1.000000
vt 0.000000 0.000000
vt 1.000000 0.000000
vt 0.000000 1.000000
vt 0.000000 0.000000
vt 1.000000 0.000000
vt 0.000000 1.000000
vt 0.000000 0.000000
vt 1.000000 0.000000
vt 0.000000 1.000000
vt 0.000000 0.000000
vt 1.000000 0.000000
vt 0.000000 1.000000
vt 0.000000 0.000000
vt 1.000000 0.000000
vt 0.000000 1.000000
vt 0.000000 0.000000
vt 1.000000 0.000000
vt 0.000000 1.000000
vt 0.000000 0.000000
vt 1.000000 0.000000
vt 0.000000 1.000000
vt 0.000000 0.000000
vt 1.000000 0.000000
vt 0.000000 1.000000
vt 0.000000 0.000000
vt 1.000000 0.000000
vt 0.000000 1.000000
vt 0.000000 0.000000
vt 1.000000 0.000000
vt 0.000000 1.000000
vt 0.000000 0.000000
vt 1.000000 0.000000
vt 0.000000 1.000000
vt 0.000000 0.000000
vt 1.000000 0.000000
vt 0.000000 1.000000
vt 0.000000 0.000000
vt 1.000000 0.000000
vt 0.000000 1.000000
vt 0.000000 0.000000
vt 1.000000 0.000000
vt 0.000000 1.000000
vt 0.000000 0.000000
vt 1.000000 0.000000
vt 0.000000 1.000000
vt 0.000000 0.000000
vt 1.000000 0.000000
vt 0.000000 1.000000
vt 0.000000 0.000000
vt 1.000000 0.000000
vt 0.000000 1.000000
vt 0.000000 0.000000
vt 1.000000 0.000000
vt 0.000000 1.000000
vt 0.000000 0.000000
vt 1.000000 0.000000
vt 0.000000 1.000000
vt 0.000000 0.000000
vt 1.000000 0.000000
vt 0.000000 1.000000
vt 0.000000 0.000000
vt 1.000000 0.000000
vt 0.000000 1.000000
vt 0.000000 0.000000
vt 1.000000 0.000000
vt 0.000000 1.000000
vt 0.000000 0.000000
vt 1.000000 0.000000
vt 0.000000 1.000000
vt 0.000000 0.000000
vt 1.000000 0.000000
vt 0.000000 1.000000
vt 0.000000 0.000000
vt 1.000000 0.000000
vt 0.000000 1.000000
vt 0.000000 0.000000
vt 1.000000 0.000000
vt 0.000000 1.000000
vt 0.000000 0.000000
vt 1.000000 0.000000
vt 0.000000 1.000000
vt 0.000000 0.000000
vt 1.000000 0.000000
vt 0.000000 1.000000
vt 0.000000 0.000000
vt 1.000000 0.000000
vt 0.000000 1.000000
vt 0.000000 0.000000
vt 1.000000 0.000000
vt 0.000000 1.000000
vt 0.000000 0.000000
vt 1.000000 0.000000
vt 0.000000 1.000000
vt 0.000000 0.000000
vt 1.000000 0.000000
vt 0.000000 1.000000
vt 0.000000 0.000000
vt 1.000000 0.000000
vt 0.000000 1.000000
vt 0.000000 0.000000
vt 1.000000 0.000000
vt 0.000000 1.000000
vt 0.000000 0.000000
vt 1.000000 0.000000
vt 0.000000 1.000000
vt 0.000000 0.000000
vt 1.000000 0.000000
vt 0.000000 1.000000
vt 0.000000 0.000000
vt 1.000000 0.000000
vt 0.000000 1.000000
vt 0.000000 0.000000
vt 1.000000 0.000000
vt 0.000000 1.000000
vt 0.000000 0.000000
vt 1.000000 0.000000
vt 0.000000 1.000000
vt 0.000000 0.000000
vt 1.000000 0.000000
vt 0.000000 1.000000
vt 0.000000 0.000000
vt 1.000000 0.000000
vt 0.000000 1.000000
vt 0.000000 0.000000
vt 1.000000 0.000000
vt 0.000000 1.000000
vt 0.000000 0.000000
vt 1.000000 0.000000
vt 0.000000 1.000000
vt 0.000000 0.000000
vt 1.000000 0.000000
vt 0.000000 1.000000
vt 0.000000 0.000000
vt 1.000000 0.000000
vt 0.000000 1.000000
vt 0.000000 0.000000
vt 1.000000 0.000000
vt 0.000000 1.000000
vt 0.000000 0.000000
vt 1.000000 0.000000
vt 0.000000 1.000000
vt 0.000000 0.000000
vt 1.000000 0.000000
vt 0.000000 1.000000
vt 0.000000 0.000000
vt 1.000000 0.000000
vt 0.000000 1.000000
vt 0.000000 0.000000
vt 1.000000 0.000000
vt 0.000000 1.000000
vt 0.000000 0.000000
vt 1.000000 0.000000
vt 0.000000 1.000000
vt 0.000000 0.000000
vt 1.000000 0.000000
vt 0.000000 1.000000
vt 0.000000 0.000000
vt 1.000000 0.000000
vt 0.000000 1.000000
vt 0.000000 0.000000
vt 1.000000 0.000000
vt 0.000000 1.000000
vt 0.000000 0.000000
vt 1.000000 0.000000
vt 0.000000 1.000000
vt 0.000000 0.000000
vt 1.000000 0.000000
vt 0.000000 1.000000
vt 0.000000 0.000000
vt 1.000000 0.000000
vt 0.000000 1.000000
vt 0.000000 0.000000
vt 1.000000 0.000000
vt 0.000000 1.000000
vt 0.000000 0.000000
vt 1.000000 0.000000
vt 0.000000 1.000000
vt 0.000000 0.000000
vt 1.000000 0.000000
vt 0.000000 1.000000
vt 0.000000 0.000000
vt 1.000000 0.000000
vt 0.000000 1.000000
vt 0.000000 0.000000
vt 1.000000 0.000000
vt 0.000000 1.000000
vt 0.000000 0.000000
vt 1.000000 0.000000
vt 0.000000 1.000000
vt 0.000000 0.000000
vt 1.000000 0.000000
vt 0.000000 1.000000
vt 0.000000 0.000000
vt 1.000000 0.000000
vt 0.000000 1.000000
vt 0.000000 0.000000
vt 1.000000 0.000000
vt 0.000000 1.000000
vt 0.000000 0.000000
vt 1.000000 0.000000
vt 0.000000 1.000000
vt 0.000000 0.000000
vt 1.000000 0.000000
vt 0.000000 1.000000
vt 0.000000 0.000000
vt 1.000000 0.000000
vt 0.000000 1.000000
vt 0.000000 0.000000
vt 1.000000 0.000000
vt 0.000000 1.000000
vt 0.000000 0.000000
vt 1.000000 0.000000
vt 0.000000 1.000000
vt 0.000000 0.000000
vt 1.000000 0.000000
vt 0.000000 1.000000
vt 0.000000 0.000000
vt 1.000000 0.000000
vt 0.000000 1.000000
vt 0.000000 0.000000
vt 1.000000 0.000000
vt 0.000000 1.000000
vt 0.000000 0.000000
vt 1.000000 0.000000
vt 0.000000 1.000000
vt 0.000000 0.000000
vt 1.000000 0.000000
vt 0.000000 1.000000
vt 0.000000 0.000000
vt 1.000000 0.000000
vt 0.000000 1.000000
vt 0.000000 0.000000
vt 1.000000 0.000000
vt 0.000000 1.000000
vt 0.000000 0.000000
vt 1.000000 0.000000
vt 0.000000 1.000000
vt 0.000000 0.000000
vt 1.000000 0.000000
vt 0.000000 1.000000
vt 0.000000 0.000000
vt 1.000000 0.000000
vt 0.000000 1.000000
vt 0.000000 0.000000
vt 1.000000 0.000000
vt 0.000000 1.000000
vt 0.000000 0.000000
vt 1.000000 0.000000
vt 0.000000 1.000000
vt 0.000000 0.000000
vt 1.000000 0.000000
vt 0.000000 1.000000
vt 0.000000 0.000000
vt 1.000000 0.000000
vt 0.000000 1.000000
vt 0.000000 0.000000
vt 1.000000 0.000000
vt 0.000000 1.000000
vt 0.000000 0.000000
vt 1.000000 0.000000
vt 0.000000 1.000000
vt 0.000000 0.000000
vt 1.000000 0.000000
vt 0.000000 1.000000
vt 0.000000 0.000000
vt 1.000000 0.000000
vt 0.000000 1.000000
vt 0.000000 0.000000
vt 1.000000 0.000000
vt 0.000000 1.000000
vt 0.000000 0.000000
vt 1.000000 0.000000
vt 0.000000 1.000000
vt 0.000000 0.000000
vt 1.000000 0.000000
vt 0.000000 1.000000
vt 0.000000 0.000000
vt 1.000000 0.000000
vt 0.000000 1.000000
vt 0.000000 0.000000
vt 1.000000 0.000000
vt 0.000000 1.000000
vt 0.000000 0.000000
vt 1.000000 0.000000
vt 0.000000 1.000000
vt 0.000000 0.000000
vt 1.000000 0.000000
vt 0.000000 1.000000
vt 0.000000 0.000000
vt 1.000000 0.000000
vt 0.000000 1.000000
vt 0.000000 0.000000
vt 1.000000 0.000000
vt 0.000000 1.000000
vt 0.000000 0.000000
vt 1.000000 0.000000
vt 0.000000 1.000000
vt 0.000000 0.000000
vt 1.000000 0.000000
vt 0.000000 1.000000
vt 0.000000 0.000000
vt 1.000000 0.000000
vt 0.000000 1.000000
vt 0.000000 0.000000
vt 1.000000 0.000000
vt 0.000000 1.000000
vt 0.000000 0.000000
vt 1.000000 0.000000
vt 0.000000 1.000000
vt 0.000000 0.000000
vt 1.000000 0.000000
vt 0.000000 1.000000
vt 0.000000 0.000000
vt 1.000000 0.000000
vt 0.000000 1.000000
vt 0.000000 0.000000
vt 1.000000 0.000000
vt 0.000000 1.000000
vt 0.000000 0.000000
vt 1.000000 0.000000
vt 0.000000 1.000000
vt 0.000000 0.000000
vt 1.000000 0.000000
vt 0.000000 1.000000
vt 0.000000 0.000000
vt 1.000000 0.000000
vt 0.000000 1.000000
vt 0.000000 0.000000
vt 1.000000 0.000000
vt 0.000000 1.000000
vt 0.000000 0.000000
vt 1.000000 0.000000
vt 0.000000 1.000000
vt 0.000000 0.000000
vt 1.000000 0.000000
vt 0.000000 1.000000
vt 0.000000 0.000000
vt 1.000000 0.000000
vt 0.000000 1.000000
vt 0.000000 0.000000
vt 1.000000 0.000000
vt 0.000000 1.000000
vt 0.000000 0.000000
vt 1.000000 0.000000
vt 0.000000 1.000000
vt 0.000000 0.000000
vt 1.000000 0.000000
vt 0.000000 1.000000
vt 0.000000 0.000000
vt 1.000000 0.000000
vt 0.000000 1.000000
vt 0.000000 0.000000
vt 1.000000 0.000000
vt 0.000000 1.000000
vt 0.000000 0.000000
vt 1.000000 0.000000
vt 0.000000 1.000000
vt 0.000000 0.000000
vt 1.000000 0.000000
vt 0.000000 1.000000
vt 0.000000 0.000000
vt 1.000000 0.000000
vt 0.000000 1.000000
vt 0.000000 0.000000
vt 1.000000 0.000000
vt 0.000000 1.000000
vt 0.000000 0.000000
vt 1.000000 0.000000
vt 0.000000 1.000000
vt 0.000000 0.000000
vt 1.000000 0.000000
vt 0.000000 1.000000
vt 0.000000 0.000000
vt 1.000000 0.000000
vt 0.000000 1.000000
vt 0.000000 0.000000
vt 1.000000 0.000000
vt 0.000000 1.000000
vt 0.000000 0.000000
vt 1.000000 0.000000
vt 0.000000 1.000000
vt 0.000000 0.000000
vt 1.000000 0.000000
vt 0.000000 1.000000
vt 0.000000 0.000000
vt 1.000000 0.000000
vt 0.000000 1.000000
vt 0.000000 0.000000
vt 1.000000 0.000000
vt 0.000000 1.000000
vt 0.000000 0.000000
vt 1.000000 0.000000
vt 0.000000 1.000000
vt 0.000000 0.000000
vt 1.000000 0.000000
vt 0.000000 1.000000
vt 0.000000 0.000000
vt 1.000000 0.000000
vt 0.000000 1.000000
vt 0.000000 0.000000
vt 1.000000 0.000000
vt 0.000000 1.000000
vt 0.000000 0.000000
vt 1.000000 0.000000
vt 0.000000 1.000000
vt 0.000000 0.000000
vt 1.000000 0.000000
vt 0.000000 1.000000
vt 0.000000 0.000000
vt 1.000000 0.000000
vt 0.000000 1.000000
vt 0.000000 0.000000
vt 1.000000 0.000000
vt 0.000000 1.000000
vt 0.000000 0.000000
vt 1.000000 0.000000
vt 0.000000 1.000000
vt 0.000000 0.000000
vt 1.000000 0.000000
vt 0.000000 1.000000
vt 0.000000 0.000000
vt 1.000000 0.000000
vt 0.000000 1.000000
vt 0.000000 0.000000
vt 1.000000 0.000000
vt 0.000000 1.000000
vt 0.000000 0.000000
vt 1.000000 0.000000
vt 0.000000 1.000000
vt 0.000000 0.000000
vt 1.000000 0.000000
vt 0.000000 1.000000
vt 0.000000 0.000000
vt 1.000000 0.000000
vt 0.000000 1.000000
vt 0.000000 0.000000
vt 1.000000 0.000000
vt 0.000000 1.000000
vt 0.000000 0.000000
vt 1.000000 0.000000
vt 0.000000 1.000000
vt 0.000000 0.000000
vt 1.000000 0.000000
vt 0.000000 1.000000
vt 0.000000 0.000000
vt 1.000000 0.000000
vt 0.000000 1.000000
vt 0.000000 0.000000
vt 1.000000 0.000000
vt 0.000000 1.000000
vt 0.000000 0.000000
vt 1.000000 0.000000
vt 0.000000 1.000000
vt 0.000000 0.000000
vt 1.000000 0.000000
vt 0.000000 1.000000
vt 0.000000 0.000000
vt 1.000000 0.000000
vt 0.000000 1.000000
vt 0.000000 0.000000
vt 1.000000 0.000000
vt 0.000000 1.000000
vt 0.000000 0.000000
vt 1.000000 0.000000
vt 0.000000 1.000000
vt 0.000000 0.000000
vt 1.000000 0.000000
vt 0.000000 1.000000
vt 0.000000 0.000000
vt 1.000000 0.000000
vt 0.000000 1.000000
vt 0.000000 0.000000
vt 1.000000 0.000000
vt 0.000000 1.000000
vt 0.000000 0.000000
vt 1.000000 0.000000
vt 0.000000 1.000000
vt 0.000000 0.000000
vt 1.000000 0.000000
vt 0.000000 1.000000
vt 0.000000 0.000000
vt 1.000000 0.000000
vt 0.000000 1.000000
vt 0.000000 0.000000
vt 1.000000 0.000000
vt 0.000000 1.000000
vt 0.000000 0.000000
vt 1.000000 0.000000
vt 0.000000 1.000000
vt 0.000000 0.000000
vt 1.000000 0.000000
vt 0.000000 1.000000
vt 0.000000 0.000000
vt 1.000000 0.000000
vt 0.000000 1.000000
vt 0.000000 0.000000
vt 1.000000 0.000000
vt 0.000000 1.000000
vt 0.000000 0.000000
vt 1.000000 0.000000
vt 0.000000 1.000000
vt 0.000000 0.000000
vt 1.000000 0.000000
vt 0.000000 1.000000
vt 0.000000 0.000000
vt 1.000000 0.000000
vt 0.000000 1.000000
vt 0.000000 0.000000
vt 1.000000 0.000000
vt 0.000000 1.000000
vt 0.000000 0.000000
vt 1.000000 0.000000
vt 0.000000 1.000000
vt 0.000000 0.000000
vt 1.000000 0.000000
vt 0.000000 1.000000
vt 0.000000 0.000000
vt 1.000000 0.000000
vt 0.000000 1.000000
vt 0.000000 0.000000
vt 1.000000 0.000000
vt 0.000000 1.000000
vt 0.000000 0.000000
vt 1.000000 0.000000
vt 0.000000 1.000000
vt 0.000000 0.000000
vt 1.000000 0.000000
vt 0.000000 1.000000
vt 0.000000 0.000000
vt 1.000000 0.000000
vt 0.000000 1.000000
vt 0.000000 0.000000
vt 1.000000 0.000000
vt 0.000000 1.000000
vt 0.000000 0.000000
vt 1.000000 0.000000
vt 0.000000 1.000000
vt 0.000000 0.000000
vt 1.000000 0.000000
vt 0.000000 1.000000
vt 0.000000 0.000000
vt 1.000000 0.000000
vt 0.000000 1.000000
vt 0.000000 0.000000
vt 1.000000 0.000000
vt 0.000000 1.000000
vt 0.000000 0.000000
vt 1.000000 0.000000
vt 0.000000 1.000000
vt 0.000000 0.000000
vt 1.000000 0.000000
vt 0.000000 1.000000
vt 0.000000 0.000000
vt 1.000000 0.000000
vt 0.000000 1.000000
vt 0.000000 0.000000
vt 1.000000 0.000000
vt 0.000000 1.000000
vt 0.000000 0.000000
vt 1.000000 0.000000
vt 0.000000 1.000000
vt 0.000000 0.000000
vt 1.000000 0.000000
vt 0.000000 1.000000
vt 0.000000 0.000000
vt 1.000000 0.000000
vt 0.000000 1.000000
vt 0.000000 0.000000
vt 1.000000 0.000000
vt 0.000000 1.000000
vt 0.000000 0.000000
vt 1.000000 0.000000
vt 0.000000 1.000000
vt 0.000000 0.000000
vt 1.000000 0.000000
vt 0.000000 1.000000
vt 0.000000 0.000000
vt 1.000000 0.000000
vt 0.000000 1.000000
vt 0.000000 0.000000
vt 1.000000 0.000000
vt 0.000000 1.000000
vt 0.000000 0.000000
vt 1.000000 0.000000
vt 0.000000 1.000000
vt 0.000000 0.000000
vt 1.000000 0.000000
vt 0.000000 1.000000
vt 0.000000 0.000000
vt 1.000000 0.000000
vt 0.000000 1.000000
vt 0.000000 0.000000
vt 1.000000 0.000000
vt 0.000000 1.000000
vt 0.000000 0.000000
vt 1.000000 0.000000
vt 0.000000 1.000000
vt 0.000000 0.000000
vt 1.000000 0.000000
vt 0.000000 1.000000
vt 0.000000 0.000000
vt 1.000000 0.000000
vt 0.000000 1.000000
vt 0.000000 0.000000
vt 1.000000 0.000000
vt 0.000000 1.000000
vt 0.000000 0.000000
vt 1.000000 0.000000
vt 0.000000 1.000000
vt 0.000000 0.000000
vt 1.000000 0.000000
vt 0.000000 1.000000
vt 0.000000 0.000000
vt 1.000000 0.000000
vt 0.000000 1.000000
vt 0.000000 0.000000
vt 1.000000 0.000000
vt 0.000000 1.000000
vt 0.000000 0.000000
vt 1.000000 0.000000
vt 0.000000 1.000000
vt 0.000000 0.000000
vt 1.000000 0.000000
vt 0.000000 1.000000
vt 0.000000 0.000000
vt 1.000000 0.000000
vt 0.000000 1.000000
vt 0.000000 0.000000
vt 1.000000 0.000000
vt 0.000000 1.000000
vt 0.000000 0.000000
vt 1.000000 0.000000
vt 0.000000 1.000000
vt 0.000000 0.000000
vt 1.000000 0.000000
vt 0.000000 1.000000
vt 0.000000 0.000000
vt 1.000000 0.000000
vt 0.000000 1.000000
vt 0.000000 0.000000
vt 1.000000 0.000000
vt 0.000000 1.000000
vt 0.000000 0.000000
vt 1.000000 0.000000
vt 0.000000 1.000000
vt 0.000000 0.000000
vt 1.000000 0.000000
vt 0.000000 1.000000
vt 0.000000 0.000000
vt 1.000000 0.000000
vt 0.000000 1.000000
vt 0.000000 0.000000
vt 1.000000 0.000000
vt 0.000000 1.000000
vt 0.000000 0.000000
vt 1.000000 0.000000
vt 0.000000 1.000000
vt 0.000000 0.000000
vt 1.000000 0.000000
vt 0.000000 1.000000
vt 0.000000 0.000000
vt 1.000000 0.000000
vt 0.000000 1.000000
vt 0.000000 0.000000
vt 1.000000 0.000000
vt 0.000000 1.000000
vt 0.000000 0.000000
vt 1.000000 0.000000
vt 0.000000 1.000000
vt 0.000000 0.000000
vt 1.000000 0.000000
vt 0.000000 1.000000
vt 0.000000 0.000000
vt 1.000000 0.000000
vt 0.000000 1.000000
vt 0.000000 0.000000
vt 1.000000 0.000000
vt 0.000000 1.000000
vt 0.000000 0.000000
vt 1.000000 0.000000
vt 0.000000 1.000000
vt 0.000000 0.000000
vt 1.000000 0.000000
vt 0.000000 1.000000
vt 0.000000 0.000000
vt 1.000000 0.000000
vt 0.000000 1.000000
vt 0.000000 0.000000
vt 1.000000 0.000000
vt 0.000000 1.000000
vt 0.000000 0.000000
vt 1.000000 0.000000
vt 0.000000 1.000000
vt 0.000000 0.000000
vt 1.000000 0.000000
vt 0.000000 1.000000
vt 0.000000 0.000000
vt 1.000000 0.000000
vt 0.000000 1.000000
vt 0.000000 0.000000
vt 1.000000 0.000000
vt 0.000000 1.000000
vt 0.000000 0.000000
vt 1.000000 0.000000
vt 0.000000 1.000000
vt 0.000000 0.000000
vt 1.000000 0.000000
vt 0.000000 1.000000
vt 0.000000 0.000000
vt 1.000000 0.000000
vt 0.000000 1.000000
vt 0.000000 0.000000
vt 1.000000 0.000000
vt 0.000000 1.000000
vt 0.000000 0.000000
vt 1.000000 0.000000
vt 0.000000 1.000000
vt 0.000000 0.000000
vt 1.000000 0.000000
vt 0.000000 1.000000
vt 0.000000 0.000000
vt 1.000000 0.000000
vt 0.000000 1.000000
vt 0.000000 0.000000
vt 1.000000 0.000000
vt 0.000000 1.000000
vt 0.000000 0.000000
vt 1.000000 0.000000
vt 0.000000 1.000000
vt 0.000000 0.000000
vt 1.000000 0.000000
vt 0.000000 1.000000
vt 0.000000 0.000000
vt 1.000000 0.000000
vt 0.000000 1.000000
vt 0.000000 0.000000
vt 1.000000 0.000000
vt 0.000000 1.000000
vt 0.000000 0.000000
vt 1.000000 0.000000
vt 0.000000 1.000000
vt 0.000000 0.000000
vt 1.000000 0.000000
vt 0.000000 1.000000
vt 0.000000 0.000000
vt 1.000000 0.000000
vt 0.000000 1.000000
vt 0.000000 0.000000
vt 1.000000 0.000000
vt 0.000000 1.000000
vt 0.000000 0.000000
vt 1.000000 0.000000
vt 0.000000 1.000000
vt 0.000000 0.000000
vt 1.000000 0.000000
vt 0.000000 1.000000
vt 0.000000 0.000000
vt 1.000000 0.000000
vt 0.000000 1.000000
vt 0.000000 0.000000
vt 1.000000 0.000000
vt 0.000000 1.000000
vt 0.000000 0.000000
vt 1.000000 0.000000
vt 0.000000 1.000000
vt 0.000000 0.000000
vt 1.000000 0.000000
vt 0.000000 1.000000
vt 0.000000 0.000000
vt 1.000000 0.000000
vt 0.000000 1.000000
vt 0.000000 0.000000
vt 1.000000 0.000000
vt 0.000000 1.000000
vt 0.000000 0.000000
vt 1.000000 0.000000
vt 0.000000 1.000000
vt 0.000000 0.000000
vt 1.000000 0.000000
vt 0.000000 1.000000
vt 0.000000 0.000000
vt 1.000000 0.000000
vt 0.000000 1.000000
vt 0.000000 0.000000
vt 1.000000 0.000000
vt 0.000000 1.000000
vt 0.000000 0.000000
vt 1.000000 0.000000
vt 0.000000 1.000000
vt 0.000000 0.000000
vt 1.000000 0.000000
vt 0.000000 1.000000
vt 0.000000 0.000000
vt 1.000000 0.000000
vt 0.000000 1.000000
vt 0.000000 0.000000
vt 1.000000 0.000000
vt 0.000000 1.000000
vt 0.000000 0.000000
vt 1.000000 0.000000
vt 0.000000 1.000000
vt 0.000000 0.000000
vt 1.000000 0.000000
vt 0.000000 1.000000
vt 0.000000 0.000000
vt 1.000000 0.000000
vt 0.000000 1.000000
vt 0.000000 0.000000
vt 1.000000 0.000000
vt 0.000000 1.000000
vt 0.000000 0.000000
vt 1.000000 0.000000
vt 0.000000 1.000000
vt 0.000000 0.000000
vt 1.000000 0.000000
vt 0.000000 1.000000
vt 0.000000 0.000000
vt 1.000000 0.000000
vt 0.000000 1.000000
vt 0.000000 0.000000
vt 1.000000 0.000000
vt 0.000000 1.000000
vt 0.000000 0.000000
vt 1.000000 0.000000
vt 0.000000 1.000000
vt 0.000000 0.000000
vt 1.000000 0.000000
vt 0.000000 1.000000
vt 0.000000 0.000000
vt 1.000000 0.000000
vt 0.000000 1.000000
vt 0.000000 0.000000
vt 1.000000 0.000000
vt 0.000000 1.000000
vt 0.000000 0.000000
vt 1.000000 0.000000
vt 0.000000 1.000000
vt 0.000000 0.000000
vt 1.000000 0.000000
vt 0.000000 1.000000
vt 0.000000 0.000000
vt 1.000000 0.000000
vt 0.000000 1.000000
vt 0.000000 0.000000
vt 1.000000 0.000000
vt 0.000000 1.000000
vt 0.000000 0.000000
vt 1.000000 0.000000
vt 0.000000 1.000000
vt 0.000000 0.000000
vt 1.000000 0.000000
vt 0.000000 1.000000
vt 0.000000 0.000000
vt 1.000000 0.000000
vt 0.000000 1.000000
vt 0.000000 0.000000
vt 1.000000 0.000000
vt 0.000000 1.000000
vt 0.000000 0.000000
vt 1.000000 0.000000
vt 0.000000 1.000000
vt 0.000000 0.000000
vt 1.000000 0.000000
vt 0.000000 1.000000
vt 0.000000 0.000000
vt 1.000000 0.000000
vt 0.000000 1.000000
vt 0.000000 0.000000
vt 1.000000 0.000000
vt 0.000000 1.000000
vt 0.000000 0.000000
vt 1.000000 0.000000
vt 0.000000 1.000000
vt 0.000000 0.000000
vt 1.000000 0.000000
vt 0.000000 1.000000
vt 0.000000 0.000000
vt 1.000000 0.000000
vt 0.000000 1.000000
vt 0.000000 0.000000
vt 1.000000 0.000000
vt 0.000000 1.000000
vt 0.000000 0.000000
vt 1.000000 0.000000
vt 0.000000 1.000000
vt 0.000000 0.000000
vt 1.000000 0.000000
vt 0.000000 1.000000
vt 0.000000 0.000000
vt 1.000000 0.000000
vt 0.000000 1.000000
vt 0.000000 0.000000
vt 1.000000 0.000000
vt 0.000000 1.000000
vt 0.000000 0.000000
vt 1.000000 0.000000
vt 0.000000 1.000000
vt 0.000000 0.000000
vt 1.000000 0.000000
vt 0.000000 1.000000
vt 0.000000 0.000000
vt 1.000000 0.000000
vt 0.000000 1.000000
vt 0.000000 0.000000
vt 1.000000 0.000000
vt 0.000000 1.000000
vt 0.000000 0.000000
vt 1.000000 0.000000
vt 0.000000 1.000000
vt 0.000000 0.000000
vt 1.000000 0.000000
vt 0.000000 1.000000
vt 0.000000 0.000000
vt 1.000000 0.000000
vt 0.000000 1.000000
vt 0.000000 0.000000
vt 1.000000 0.000000
vt 0.000000 1.000000
vt 0.000000 0.000000
vt 1.000000 0.000000
vt 0.000000 1.000000
vt 0.000000 0.000000
vt 1.000000 0.000000
vt 0.000000 1.000000
vt 0.000000 0.000000
vt 1.000000 0.000000
vt 0.000000 1.000000
vt 0.000000 0.000000
vt 1.000000 0.000000
vt 0.000000 1.000000
vt 0.000000 0.000000
vt 1.000000 0.000000
vt 0.000000 1.000000
vt 0.000000 0.000000
vt 1.000000 0.000000
vt 0.000000 1.000000
vt 0.000000 0.000000
vt 1.000000 0.000000
vt 0.000000 1.000000
vt 0.000000 0.000000
vt 1.000000 0.000000
vt 0.000000 1.000000
vt 0.000000 0.000000
vt 1.000000 0.000000
vt 0.000000 1.000000
vt 0.000000 0.000000
vt 1.000000 0.000000
vt 0.000000 1.000000
vt 0.000000 0.000000
vt 1.000000 0.000000
vt 0.000000 1.000000
vt 0.000000 0.000000
vt 1.000000 0.000000
vt 0.000000 1.000000
vt 0.000000 0.000000
vt 1.000000 0.000000
vt 0.000000 1.000000
vt 0.000000 0.000000
vt 1.000000 0.000000
vt 0.000000 1.000000
vt 0.000000 0.000000
vt 1.000000 0.000000
vt 0.000000 1.000000
vt 0.000000 0.000000
vt 1.000000 0.000000
vt 0.000000 1.000000
vt 0.000000 0.000000
vt 1.000000 0.000000
vt 0.000000 1.000000
vt 0.000000 0.000000
vt 1.000000 0.000000
vt 0.000000 1.000000
vt 0.000000 0.000000
vt 1.000000 0.000000
vt 0.000000 1.000000
vt 0.000000 0.000000
vt 1.000000 0.000000
vt 0.000000 1.000000
vt 0.000000 0.000000
vt 1.000000 0.000000
vt 0.000000 1.000000
vt 0.000000 0.000000
vt 1.000000 0.000000
vt 0.000000 1.000000
vt 0.000000 0.000000
vt 1.000000 0.000000
vt 0.000000 1.000000
vt 0.000000 0.000000
vt 1.000000 0.000000
vt 0.000000 1.000000
vt 0.000000 0.000000
vt 1.000000 0.000000
vt 0.000000 1.000000
vt 0.000000 0.000000
vt 1.000000 0.000000
vt 0.000000 1.000000
vt 0.000000 0.000000
vt 1.000000 0.000000
vt 0.000000 1.000000
vt 0.000000 0.000000
vt 1.000000 0.000000
vt 0.000000 1.000000
vt 0.000000 0.000000
vt 1.000000 0.000000
vt 0.000000 1.000000
vt 0.000000 0.000000
vt 1.000000 0.000000
vt 0.000000 1.000000
vt 0.000000 0.000000
vt 1.000000 0.000000
vt 0.000000 1.000000
vt 0.000000 0.000000
vt 1.000000 0.000000
vt 0.000000 1.000000
vt 0.000000 0.000000
vt 1.000000 0.000000
vt 0.000000 1.000000
vt 0.000000 0.000000
vt 1.000000 0.000000
vt 0.000000 1.000000
vt 0.000000 0.000000
vt 1.000000 0.000000
vt 0.000000 1.000000
vt 0.000000 0.000000
vt 1.000000 0.000000
vt 0.000000 1.000000
vt 0.000000 0.000000
vt 1.000000 0.000000
vt 0.000000 1.000000
vt 0.000000 0.000000
vt 1.000000 0.000000
vt 0.000000 1.000000
vt 0.000000 0.000000
vt 1.000000 0.000000
vt 0.000000 1.000000
vt 0.000000 0.000000
vt 1.000000 0.000000
vt 0.000000 1.000000
vt 0.000000 0.000000
vt 1.000000 0.000000
vt 0.000000 1.000000
vt 0.000000 0.000000
vt 1.000000 0.000000
vt 0.000000 1.000000
vt 0.000000 0.000000
vt 1.000000 0.000000
vt 0.000000 1.000000
vt 0.000000 0.000000
vt 1.000000 0.000000
vt 0.000000 1.000000
vt 0.000000 0.000000
vt 1.000000 0.000000
vt 0.000000 1.000000
vt 0.000000 0.000000
vt 1.000000 0.000000
vt 0.000000 1.000000
vt 0.000000 0.000000
vt 1.000000 0.000000
vt 0.000000 1.000000
vt 0.000000 0.000000
vt 1.000000 0.000000
vt 0.000000 1.000000
vt 0.000000 0.000000
vt 1.000000 0.000000
vt 0.000000 1.000000
vt 0.000000 0.000000
vt 1.000000 0.000000
vt 0.000000 1.000000
vt 0.000000 0.000000
vt 1.000000 0.000000
vt 0.000000 1.000000
vt 0.000000 0.000000
vt 1.000000 0.000000
vt 0.000000 1.000000
vt 0.000000 0.000000
vt 1.000000 0.000000
vt 0.000000 1.000000
vt 0.000000 0.000000
vt 1.000000 0.000000
vt 0.000000 1.000000
vt 0.000000 0.000000
vt 1.000000 0.000000
vt 0.000000 1.000000
vt 0.000000 0.000000
vt 1.000000 0.000000
vt 0.000000 1.000000
vt 0.000000 0.000000
vt 1.000000 0.000000
vt 0.000000 1.000000
vt 0.000000 0.000000
vt 1.000000 0.000000
vt 0.000000 1.000000
vt 0.000000 0.000000
vt 1.000000 0.000000
vt 0.000000 1.000000
vt 0.000000 0.000000
vt 1.000000 0.000000
vt 0.000000 1.000000
vt 0.000000 0.000000
vt 1.000000 0.000000
vt 0.000000 1.000000
vt 0.000000 0.000000
vt 1.000000 0.000000
vt 0.000000 1.000000
vt 0.000000 0.000000
vt 1.000000 0.000000
vt 0.000000 1.000000
vt 0.000000 0.000000
vt 1.000000 0.000000
vt 0.000000 1.000000
vt 0.000000 0.000000
vt 1.000000 0.000000
vt 0.000000 1.000000
vt 0.000000 0.000000
vt 1.000000 0.000000
vt 0.000000 1.000000
vt 0.000000 0.000000
vt 1.000000 0.000000
vt 0.000000 1.000000
vt 0.000000 0.000000
vt 1.000000 0.000000
vt 0.000000 1.000000
vt 0.000000 0.000000
vt 1.000000 0.000000
vt 0.000000 1.000000
vt 0.000000 0.000000
vt 1.000000 0.000000
vt 0.000000 1.000000
vt 0.000000 0.000000
vt 1.000000 0.000000
vt 0.000000 1.000000
vt 0.000000 0.000000
vt 1.000000 0.000000
vt 0.000000 1.000000
vt 0.000000 0.000000
vt 1.000000 0.000000
vt 0.000000 1.000000
vt 0.000000 0.000000
vt 1.000000 0.000000
vt 0.000000 1.000000
vt 0.000000 0.000000
vt 1.000000 0.000000
vt 0.000000 1.000000
vt 0.000000 0.000000
vt 1.000000 0.000000
vt 0.000000 1.000000
vt 0.000000 0.000000
vt 1.000000 0.000000
vt 0.000000 1.000000
vt 0.000000 0.000000
vt 1.000000 0.000000
vt 0.000000 1.000000
vt 0.000000 0.000000
vt 1.000000 0.000000
vt 0.000000 1.000000
vt 0.000000 0.000000
vt 1.000000 0.000000
vt 0.000000 1.000000
vt 0.000000 0.000000
vt 1.000000 0.000000
vt 0.000000 1.000000
vt 0.000000 0.000000
vt 1.000000 0.000000
vt 0.000000 1.000000
vt 0.000000 0.000000
vt 1.000000 0.000000
vt 0.000000 1.000000
vt 0.000000 0.000000
vt 1.000000 0.000000
vt 0.000000 1.000000
vt 0.000000 0.000000
vt 1.000000 0.000000
vt 0.000000 1.000000
vt 0.000000 0.000000
vt 1.000000 0.000000
vt 0.000000 1.000000
vt 0.000000 0.000000
vt 1.000000 0.000000
vt 0.000000 1.000000
vt 0.000000 0.000000
vt 1.000000 0.000000
vt 0.000000 1.000000
vt 0.000000 0.000000
vt 1.000000 0.000000
vt 0.000000 1.000000
vt 0.000000 0.000000
vt 1.000000 0.000000
vt 0.000000 1.000000
vt 0.000000 0.000000
vt 1.000000 0.000000
vt 0.000000 1.000000
vt 0.000000 0.000000
vt 1.000000 0.000000
vt 0.000000 1.000000
vt 0.000000 0.000000
vt 1.000000 0.000000
vt 0.000000 1.000000
vt 0.000000 0.000000
vt 1.000000 0.000000
vt 0.000000 1.000000
vt 0.000000 0.000000
vt 1.000000 0.000000
vt 0.000000 1.000000
vt 0.000000 0.000000
vt 1.000000 0.000000
vt 0.000000 1.000000
vt 0.000000 0.000000
vt 1.000000 0.000000
vt 0.000000 1.000000
vt 0.000000 0.000000
vt 1.000000 0.000000
vt 0.000000 1.000000
vt 0.000000 0.000000
vt 1.000000 0.000000
vt 0.000000 1.000000
vt 0.000000 0.000000
vt 1.000000 0.000000
vt 0.000000 1.000000
vt 0.000000 0.000000
vt 1.000000 0.000000
vt 0.000000 1.000000
vt 0.000000 0.000000
vt 1.000000 0.000000
vt 0.000000 1.000000
vt 0.000000 0.000000
vt 1.000000 0.000000
vt 0.000000 1.000000
vt 0.000000 0.000000
vt 1.000000 0.000000
vt 0.000000 1.000000
vt 0.000000 0.000000
vt 1.000000 0.000000
vt 0.000000 1.000000
vt 0.000000 0.000000
vt 1.000000 0.000000
vt 0.000000 1.000000
vt 0.000000 0.000000
vt 1.000000 0.000000
vt 0.000000 1.000000
vt 0.000000 0.000000
vt 1.000000 0.000000
vt 0.000000 1.000000
vt 0.000000 0.000000
vt 1.000000 0.000000
vt 0.000000 1.000000
vt 0.000000 0.000000
vt 1.000000 0.000000
vt 0.000000 1.000000
vt 0.000000 0.000000
vt 1.000000 0.000000
vt 0.000000 1.000000
vt 0.000000 0.000000
vt 1.000000 0.000000
vt 0.000000 1.000000
vt 0.000000 0.000000
vt 1.000000 0.000000
vt 0.000000 1.000000
vt 0.000000 0.000000
vt 1.000000 0.000000
vt 0.000000 1.000000
vt 0.000000 0.000000
vt 1.000000 0.000000
vt 0.000000 1.000000
vt 0.000000 0.000000
vt 1.000000 0.000000
vt 0.000000 1.000000
vt 0.000000 0.000000
vt 1.000000 0.000000
vt 0.000000 1.000000
vt 0.000000 0.000000
vt 1.000000 0.000000
vt 0.000000 1.000000
vt 0.000000 0.000000
vt 1.000000 0.000000
vt 0.000000 1.000000
vt 0.000000 0.000000
vt 1.000000 0.000000
vt 0.000000 1.000000
vt 0.000000 0.000000
vt 1.000000 0.000000
vt 0.000000 1.000000
vt 0.000000 0.000000
vt 1.000000 0.000000
vt 0.000000 1.000000
vt 0.000000 0.000000
vt 1.000000 0.000000
vt 0.000000 1.000000
vt 0.000000 0.000000
vt 1.000000 0.000000
vt 0.000000 1.000000
vt 0.000000 0.000000
vt 1.000000 0.000000
vt 0.000000 1.000000
vt 0.000000 0.000000
vt 1.000000 0.000000
vt 0.000000 1.000000
vt 0.000000 0.000000
vt 1.000000 0.000000
vt 0.000000 1.000000
vt 0.000000 0.000000
vt 1.000000 0.000000
vt 0.000000 1.000000
vt 0.000000 0.000000
vt 1.000000 0.000000
vt 0.000000 1.000000
vt 0.000000 0.000000
vt 1.000000 0.000000
vt 0.000000 1.000000
vt 0.000000 0.000000
vt 1.000000 0.000000
vt 0.000000 1.000000
vt 0.000000 0.000000
vt 1.000000 0.000000
vt 0.000000 1.000000
vt 0.000000 0.000000
vt 1.000000 0.000000
vt 0.000000 1.000000
vt 0.000000 0.000000
vt 1.000000 0.000000
vt 0.000000 1.000000
vt 0.000000 0.000000
vt 1.000000 0.000000
vt 0.000000 1.000000
vt 0.000000 0.000000
vt 1.000000 0.000000
vt 0.000000 1.000000
vt 0.000000 0.000000
vt 1.000000 0.000000
vt 0.000000 1.000000
vt 0.000000 0.000000
vt 1.000000 0.000000
vt 0.000000 1.000000
vt 0.000000 0.000000
vt 1.000000 0.000000
vt 0.000000 1.000000
vt 0.000000 0.000000
vt 1.000000 0.000000
vt 0.000000 1.000000
vt 0.000000 0.000000
vt 1.000000 0.000000
vt 0.000000 1.000000
vt 0.000000 0.000000
vt 1.000000 0.000000
vt 0.000000 1.000000
vt 0.000000 0.000000
vt 1.000000 0.000000
vt 0.000000 1.000000
vt 0.000000 0.000000
vt 1.000000 0.000000
vt 0.000000 1.000000
vt 0.000000 0.000000
vt 1.000000 0.000000
vt 0.000000 1.000000
vt 0.000000 0.000000
vt 1.000000 0.000000
vt 0.000000 1.000000
vt 0.000000 0.000000
vt 1.000000 0.000000
vt 0.000000 1.000000
vt 0.000000 0.000000
vt 1.000000 0.000000
vt 0.000000 1.000000
vt 0.000000 0.000000
vt 1.000000 0.000000
vt 0.000000 1.000000
vt 0.000000 0.000000
vt 1.000000 0.000000
vt 0.000000 1.000000
vt 0.000000 0.000000
vt 1.000000 0.000000
vt 0.000000 1.000000
vt 0.000000 0.000000
vt 1.000000 0.000000
vt 0.000000 1.000000
vt 0.000000 0.000000
vt 1.000000 0.000000
vt 0.000000 1.000000
vt 0.000000 0.000000
vt 1.000000 0.000000
vt 0.000000 1.000000
vt 0.000000 0.000000
vt 1.000000 0.000000
vt 0.000000 1.000000
vt 0.000000 0.000000
vt 1.000000 0.000000
vt 0.000000 1.000000
vt 0.000000 0.000000
vt 1.000000 0.000000
vt 0.000000 1.000000
vt 0.000000 0.000000
vt 1.000000 0.000000
vt 0.000000 1.000000
vt 0.000000 0.000000
vt 1.000000 0.000000
vt 0.000000 1.000000
vt 0.000000 0.000000
vt 1.000000 0.000000
vt 0.000000 1.000000
vt 0.000000 0.000000
vt 1.000000 0.000000
vt 0.000000 1.000000
vt 0.000000 0.000000
vt 1.000000 0.000000
vt 0.000000 1.000000
vt 0.000000 0.000000
vt 1.000000 0.000000
vt 0.000000 1.000000
vt 0.000000 0.000000
vt 1.000000 0.000000
vt 0.000000 1.000000
vt 0.000000 0.000000
vt 1.000000 0.000000
vt 0.000000 1.000000
vt 0.000000 0.000000
vt 1.000000 0.000000
vt 0.000000 1.000000
vt 0.000000 0.000000
vt 1.000000 0.000000
vt 0.000000 1.000000
vt 0.000000 0.000000
vt 1.000000 0.000000
vt 0.000000 1.000000
vt 0.000000 0.000000
vt 1.000000 0.000000
vt 0.000000 1.000000
vt 0.000000 0.000000
vt 1.000000 0.000000
vt 0.000000 1.000000
vt 0.000000 0.000000
vt 1.000000 0.000000
vt 0.000000 1.000000
vt 0.000000 0.000000
vt 1.000000 0.000000
vt 0.000000 1.000000
vt 0.000000 0.000000
vt 1.000000 0.000000
vt 0.000000 1.000000
vt 0.000000 0.000000
vt 1.000000 0.000000
vt 0.000000 1.000000
vt 0.000000 0.000000
vt 1.000000 0.000000
vt 0.000000 1.000000
vt 0.000000 0.000000
vt 1.000000 0.000000
vt 0.000000 1.000000
vt 0.000000 0.000000
vt 1.000000 0.000000
vt 0.000000 1.000000
vt 0.000000 0.000000
vt 1.000000 0.000000
vt 0.000000 1.000000
vt 0.000000 0.000000
vt 1.000000 0.000000
vt 0.000000 1.000000
vt 0.000000 0.000000
vt 1.000000 0.000000
vt 0.000000 1.000000
vt 0.000000 0.000000
vt 1.000000 0.000000
vt 0.000000 1.000000
vt 0.000000 0.000000
vt 1.000000 0.000000
vt 0.000000 1.000000
vt 0.000000 0.000000
vt 1.000000 0.000000
vt 0.000000 1.000000
vt 0.000000 0.000000
vt 1.000000 0.000000
vt 0.000000 1.000000
vt 0.000000 0.000000
vt 1.000000 0.000000
vt 0.000000 1.000000
vt 0.000000 0.000000
vt 1.000000 0.000000
vt 0.000000 1.000000
vt 0.000000 0.000000
vt 1.000000 0.000000
vt 0.000000 1.000000
vt 0.000000 0.000000
vt 1.000000 0.000000
vt 0.000000 1.000000
vt 0.000000 0.000000
vt 1.000000 0.000000
vt 0.000000 1.000000
vt 0.000000 0.000000
vt 1.000000 0.000000
vt 0.000000 1.000000
vt 0.000000 0.000000
vt 1.000000 0.000000
vt 0.000000 1.000000
vt 0.000000 0.000000
vt 1.000000 0.000000
vt 0.000000 1.000000
vt 0.000000 0.000000
vt 1.000000 0.000000
vt 0.000000 1.000000
vt 0.000000 0.000000
vt 1.000000 0.000000
vt 0.000000 1.000000
vt 0.000000 0.000000
vt 1.000000 0.000000
vt 0.000000 1.000000
vt 0.000000 0.000000
vt 1.000000 0.000000
vt 0.000000 1.000000
vt 0.000000 0.000000
vt 1.000000 0.000000
vt 0.000000 1.000000
vt 0.000000 0.000000
vt 1.000000 0.000000
vt 0.000000 1.000000
vt 0.000000 0.000000
vt 1.000000 0.000000
vt 0.000000 1.000000
vt 0.000000 0.000000
vt 1.000000 0.000000
vt 0.000000 1.000000
vt 0.000000 0.000000
vt 1.000000 0.000000
vt 0.000000 1.000000
vt 0.000000 0.000000
vt 1.000000 0.000000
vt 0.000000 1.000000
vt 0.000000 0.000000
vt 1.000000 0.000000
vt 0.000000 1.000000
vt 0.000000 0.000000
vt 1.000000 0.000000
vt 0.000000 1.000000
vt 0.000000 0.000000
vt 1.000000 0.000000
vt 0.000000 1.000000
vt 0.000000 0.000000
vt 1.000000 0.000000
vt 0.000000 1.000000
vt 0.000000 0.000000
vt 1.000000 0.000000
vt 0.000000 1.000000
vt 0.000000 0.000000
vt 1.000000 0.000000
vt 0.000000 1.000000
vt 0.000000 0.000000
vt 1.000000 0.000000
vt 0.000000 1.000000
vt 0.000000 0.000000
vt 1.000000 0.000000
vt 0.000000 1.000000
vt 0.000000 0.000000
vt 1.000000 0.000000
vt 0.000000 1.000000
vt 0.000000 0.000000
vt 1.000000 0.000000
vt 0.000000 1.000000
vt 0.000000 0.000000
vt 1.000000 0.000000
vt 0.000000 1.000000
vt 0.000000 0.000000
vt 1.000000 0.000000
vt 0.000000 1.000000
vt 0.000000 0.000000
vt 1.000000 0.000000
vt 0.000000 1.000000
vt 0.000000 0.000000
vt 1.000000 0.000000
vt 0.000000 1.000000
vt 0.000000 0.000000
vt 1.000000 0.000000
vt 0.000000 1.000000
vt 0.000000 0.000000
vt 1.000000 0.000000
vt 0.000000 1.000000
vt 0.000000 0.000000
vt 1.000000 0.000000
vt 0.000000 1.000000
vt 0.000000 0.000000
vt 1.000000 0.000000
vt 0.000000 1.000000
vt 0.000000 0.000000
vt 1.000000 0.000000
vt 0.000000 1.000000
vt 0.000000 0.000000
vt 1.000000 0.000000
vt 0.000000 1.000000
vt 0.000000 0.000000
vt 1.000000 0.000000
vt 0.000000 1.000000
vt 0.000000 0.000000
vt 1.000000 0.000000
vt 0.000000 1.000000
vt 0.000000 0.000000
vt 1.000000 0.000000
vt 0.000000 1.000000
vt 0.000000 0.000000
vt 1.000000 0.000000
vt 0.000000 1.000000
vt 0.000000 0.000000
vt 1.000000 0.000000
vt 0.000000 1.000000
vt 0.000000 0.000000
vt 1.000000 0.000000
vt 0.000000 1.000000
vt 0.000000 0.000000
vt 1.000000 0.000000
vt 0.000000 1.000000
vt 0.000000 0.000000
vt 1.000000 0.000000
vt 0.000000 1.000000
vt 0.000000 0.000000
vt 1.000000 0.000000
vt 0.000000 1.000000
vt 0.000000 0.000000
vt 1.000000 0.000000
vt 0.000000 1.000000
vt 0.000000 0.000000
vt 1.000000 0.000000
vt 0.000000 1.000000
vt 0.000000 0.000000
vt 1.000000 0.000000
vt 0.000000 1.000000
vt 0.000000 0.000000
vt 1.000000 0.000000
vt 0.000000 1.000000
vt 0.000000 0.000000
vt 1.000000 0.000000
vt 0.000000 1.000000
vt 0.000000 0.000000
vt 1.000000 0.000000
vt 0.000000 1.000000
vt 0.000000 0.000000
vt 1.000000 0.000000
vt 0.000000 1.000000
vt 0.000000 0.000000
vt 1.000000 0.000000
vt 0.000000 1.000000
vt 0.000000 0.000000
vt 1.000000 0.000000
vt 0.000000 1.000000
vt 0.000000 0.000000
vt 1.000000 0.000000
vt 0.000000 1.000000
vt 0.000000 0.000000
vt 1.000000 0.000000
vt 0.000000 1.000000
vt 0.000000 0.000000
vt 1.000000 0.000000
vt 0.000000 1.000000
vt 0.000000 0.000000
vt 1.000000 0.000000
vt 0.000000 1.000000
vt 0.000000 0.000000
vt 1.000000 0.000000
vt 0.000000 1.000000
vt 0.000000 0.000000
vt 1.000000 0.000000
vt 0.000000 1.000000
vt 0.000000 0.000000
vt 1.000000 0.000000
vt 0.000000 1.000000
vt 0.000000 0.000000
vt 1.000000 0.000000
vt 0.000000 1.000000
vt 0.000000 0.000000
vt 1.000000 0.000000
vt 0.000000 1.000000
vt 0.000000 0.000000
vt 1.000000 0.000000
vt 0.000000 1.000000
vt 0.000000 0.000000
vt 1.000000 0.000000
vt 0.000000 1.000000
vt 0.000000 0.000000
vt 1.000000 0.000000
vt 0.000000 1.000000
vt 0.000000 0.000000
vt 1.000000 0.000000
vt 0.000000 1.000000
vt 0.000000 0.000000
vt 1.000000 0.000000
vt 0.000000 1.000000
vt 0.000000 0.000000
vt 1.000000 0.000000
vt 0.000000 1.000000
vt 0.000000 0.000000
vt 1.000000 0.000000
vt 0.000000 1.000000
vt 0.000000 0.000000
vt 1.000000 0.000000
vt 0.000000 1.000000
vt 0.000000 0.000000
vt 1.000000 0.000000
vt 0.000000 1.000000
vt 0.000000 0.000000
vt 1.000000 0.000000
vt 0.000000 1.000000
vt 0.000000 0.000000
vt 1.000000 0.000000
vt 0.000000 1.000000
vt 0.000000 0.000000
vt 1.000000 0.000000
vt 0.000000 1.000000
vt 0.000000 0.000000
vt 1.000000 0.000000
vt 0.000000 1.000000
vt 0.000000 0.000000
vt 1.000000 0.000000
vt 0.000000 1.000000
vt 0.000000 0.000000
vt 1.000000 0.000000
vt 0.000000 1.000000
vt 0.000000 0.000000
vt 1.000000 0.000000
vt 0.000000 1.000000
vt 0.000000 0.000000
vt 1.000000 0.000000
vt 0.000000 1.000000
vt 0.000000 0.000000
vt 1.000000 0.000000
vt 0.000000 1.000000
vt 0.000000 0.000000
vt 1.000000 0.000000
vt 0.000000 1.000000
vt 0.000000 0.000000
vt 1.000000 0.000000
vt 0.000000 1.000000
vt 0.000000 0.000000
vt 1.000000 0.000000
vt 0.000000 1.000000
vt 0.000000 0.000000
vt 1.000000 0.000000
vt 0.000000 1.000000
vt 0.000000 0.000000
vt 1.000000 0.000000
vt 0.000000 1.000000
vt 0.000000 0.000000
vt 1.000000 0.000000
vt 0.000000 1.000000
vt 0.000000 0.000000
vt 1.000000 0.000000
vt 0.000000 1.000000
vt 0.000000 0.000000
vt 1.000000 0.000000
vt 0.000000 1.000000
vt 0.000000 0.000000
vt 1.000000 0.000000
vt 0.000000 1.000000
vt 0.000000 0.000000
vt 1.000000 0.000000
vt 0.000000 1.000000
vt 0.000000 0.000000
vt 1.000000 0.000000
vt 0.000000 1.000000
vt 0.000000 0.000000
vt 1.000000 0.000000
vt 0.000000 1.000000
vt 0.000000 0.000000
vt 1.000000 0.000000
vt 0.000000 1.000000
vt 0.000000 0.000000
vt 1.000000 0.000000
vt 0.000000 1.000000
vt 0.000000 0.000000
vt 1.000000 0.000000
vt 0.000000 1.000000
vt 0.000000 0.000000
vt 1.000000 0.000000
vt 0.000000 1.000000
vt 0.000000 0.000000
vt 1.000000 0.000000
vt 0.000000 1.000000
vt 0.000000 0.000000
vt 1.000000 0.000000
vt 0.000000 1.000000
vt 0.000000 0.000000
vt 1.000000 0.000000
vt 0.000000 1.000000
vt 0.000000 0.000000
vt 1.000000 0.000000
vt 0.000000 1.000000
vt 0.000000 0.000000
vt 1.000000 0.000000
vt 0.000000 1.000000
vt 0.000000 0.000000
vt 1.000000 0.000000
vt 0.000000 1.000000
vt 0.000000 0.000000
vt 1.000000 0.000000
vt 0.000000 1.000000
vt 0.000000 0.000000
vt 1.000000 0.000000
vt 0.000000 1.000000
vt 0.000000 0.000000
vt 1.000000 0.000000
vt 0.000000 1.000000
vt 0.000000 0.000000
vt 1.000000 0.000000
vt 0.000000 1.000000
vt 0.000000 0.000000
vt 1.000000 0.000000
vt 0.000000 1.000000
vt 0.000000 0.000000
vt 1.000000 0.000000
vt 0.000000 1.000000
vt 0.000000 0.000000
vt 1.000000 0.000000
vt 0.000000 1.000000
vt 0.000000 0.000000
vt 1.000000 0.000000
vt 0.000000 1.000000
vt 0.000000 0.000000
vt 1.000000 0.000000
vt 0.000000 1.000000
vt 0.000000 0.000000
vt 1.000000 0.000000
vt 0.000000 1.000000
vt 0.000000 0.000000
vt 1.000000 0.000000
vt 0.000000 1.000000
vt 0.000000 0.000000
vt 1.000000 0.000000
vt 0.000000 1.000000
vt 0.000000 0.000000
vt 1.000000 0.000000
vt 0.000000 1.000000
vt 0.000000 0.000000
vt 1.000000 0.000000
vt 0.000000 1.000000
vt 0.000000 0.000000
vt 1.000000 0.000000
vt 0.000000 1.000000
vt 0.000000 0.000000
vt 1.000000 0.000000
vt 0.000000 1.000000
vt 0.000000 0.000000
vt 1.000000 0.000000
vt 0.000000 1.000000
vt 0.000000 0.000000
vt 1.000000 0.000000
vt 0.000000 1.000000
vt 0.000000 0.000000
vt 1.000000 0.000000
vt 0.000000 1.000000
vt 0.000000 0.000000
vt 1.000000 0.000000
vt 0.000000 1.000000
vt 0.000000 0.000000
vt 1.000000 0.000000
vt 0.000000 1.000000
vt 0.000000 0.000000
vt 1.000000 0.000000
vt 0.000000 1.000000
vt 0.000000 0.000000
vt 1.000000 0.000000
vt 0.000000 1.000000
vt 0.000000 0.000000
vt 1.000000 0.000000
vt 0.000000 1.000000
vt 0.000000 0.000000
vt 1.000000 0.000000
vt 0.000000 1.000000
vt 0.000000 0.000000
vt 1.000000 0.000000
vt 0.000000 1.000000
vt 0.000000 0.000000
vt 1.000000 0.000000
vt 0.000000 1.000000
vt 0.000000 0.000000
vt 1.000000 0.000000
vt 0.000000 1.000000
vt 0.000000 0.000000
vt 1.000000 0.000000
vt 0.000000 1.000000
vt 0.000000 0.000000
vt 1.000000 0.000000
vt 0.000000 1.000000
vt 0.000000 0.000000
vt 1.000000 0.000000
vt 0.000000 1.000000
vt 0.000000 0.000000
vt 1.000000 0.000000
vt 0.000000 1.000000
vt 0.000000 0.000000
vt 1.000000 0.000000
vt 0.000000 1.000000
vt 0.000000 0.000000
vt 1.000000 0.000000
vt 0.000000 1.000000
vt 0.000000 0.000000
vt 1.000000 0.000000
vt 0.000000 1.000000
vt 0.000000 0.000000
vt 1.000000 0.000000
vt 0.000000 1.000000
vt 0.000000 0.000000
vt 1.000000 0.000000
vt 0.000000 1.000000
vt 0.000000 0.000000
vt 1.000000 0.000000
vt 0.000000 1.000000
vt 0.000000 0.000000
vt 1.000000 0.000000
vt 0.000000 1.000000
vt 0.000000 0.000000
vt 1.000000 0.000000
vt 0.000000 1.000000
vt 0.000000 0.000000
vt 1.000000 0.000000
vt 0.000000 1.000000
vt 0.000000 0.000000
vt 1.000000 0.000000
vt 0.000000 1.000000
vt 0.000000 0.000000
vt 1.000000 0.000000
vt 0.000000 1.000000
vt 0.000000 0.000000
vt 1.000000 0.000000
vt 0.000000 1.000000
vt 0.000000 0.000000
vt 1.000000 0.000000
vt 0.000000 1.000000
vt 0.000000 0.000000
vt 1.000000 0.000000
vt 0.000000 1.000000
vt 0.000000 0.000000
vt 1.000000 0.000000
vt 0.000000 1.000000
vt 0.000000 0.000000
vt 1.000000 0.000000
vt 0.000000 1.000000
vt 0.000000 0.000000
vt 1.000000 0.000000
vt 0.000000 1.000000
vt 0.000000 0.000000
vt 1.000000 0.000000
vt 0.000000 1.000000
vt 0.000000 0.000000
vt 1.000000 0.000000
vt 0.000000 1.000000
vt 0.000000 0.000000
vt 1.000000 0.000000
vt 0.000000 1.000000
vt 0.000000 0.000000
vt 1.000000 0.000000
vt 0.000000 1.000000
vt 0.000000 0.000000
vt 1.000000 0.000000
vt 0.000000 1.000000
vt 0.000000 0.000000
vt 1.000000 0.000000
vt 0.000000 1.000000
vt 0.000000 0.000000
vt 1.000000 0.000000
vt 0.000000 1.000000
vt 0.000000 0.000000
vt 1.000000 0.000000
vt 0.000000 1.000000
vt 0.000000 0.000000
vt 1.000000 0.000000
vt 0.000000 1.000000
vt 0.000000 0.000000
vt 1.000000 0.000000
vt 0.000000 1.000000
vt 0.000000 0.000000
vt 1.000000 0.000000
vt 0.000000 1.000000
vt 0.000000 0.000000
vt 1.000000 0.000000
vt 0.000000 1.000000
vt 0.000000 0.000000
vt 1.000000 0.000000
vt 0.000000 1.000000
vt 0.000000 0.000000
vt 1.000000 0.000000
vt 0.000000 1.000000
vt 0.000000 0.000000
vt 1.000000 0.000000
vt 0.000000 1.000000
vt 0.000000 0.000000
vt 1.000000 0.000000
vt 0.000000 1.000000
vt 0.000000 0.000000
vt 1.000000 0.000000
vt 0.000000 1.000000
vt 0.000000 0.000000
vt 1.000000 0.000000
vt 0.000000 1.000000
vt 0.000000 0.000000
vt 1.000000 0.000000
vt 0.000000 1.000000
vt 0.000000 0.000000
vt 1.000000 0.000000
vt 0.000000 1.000000
vt 0.000000 0.000000
vt 1.000000 0.000000
vt 0.000000 1.000000
vt 0.000000 0.000000
vt 1.000000 0.000000
vt 0.000000 1.000000
vt 0.000000 0.000000
vt 1.000000 0.000000
vt 0.000000 1.000000
vt 0.000000 0.000000
vt 1.000000 0.000000
vt 0.000000 1.000000
vt 0.000000 0.000000
vt 1.000000 0.000000
vt 0.000000 1.000000
vt 0.000000 0.000000
vt 1.000000 0.000000
vt 0.000000 1.000000
vt 0.000000 0.000000
vt 1.000000 0.000000
vt 0.000000 1.000000
vt 0.000000 0.000000
vt 1.000000 0.000000
vt 0.000000 1.000000
vt 0.000000 0.000000
vt 1.000000 0.000000
vt 0.000000 1.000000
vt 0.000000 0.000000
vt 1.000000 0.000000
vt 0.000000 1.000000
vt 0.000000 0.000000
vt 1.000000 0.000000
vt 0.000000 1.000000
vt 0.000000 0.000000
vt 1.000000 0.000000
vt 0.000000 1.000000
vt 0.000000 0.000000
vt 1.000000 0.000000
vt 0.000000 1.000000
vt 0.000000 0.000000
vt 1.000000 0.000000
vt 0.000000 1.000000
vt 0.000000 0.000000
vt 1.000000 0.000000
vt 0.000000 1.000000
vt 0.000000 0.000000
vt 1.000000 0.000000
vt 0.000000 1.000000
vt 0.000000 0.000000
vt 1.000000 0.000000
vt 0.000000 1.000000
vt 0.000000 0.000000
vt 1.000000 0.000000
vt 0.000000 1.000000
vt 0.000000 0.000000
vt 1.000000 0.000000
vt 0.000000 1.000000
vt 0.000000 0.000000
vt 1.000000 0.000000
vt 0.000000 1.000000
vt 0.000000 0.000000
vt 1.000000 0.000000
vt 0.000000 1.000000
vt 0.000000 0.000000
vt 1.000000 0.000000
vt 0.000000 1.000000
vt 0.000000 0.000000
vt 1.000000 0.000000
vt 0.000000 1.000000
vt 0.000000 0.000000
vt 1.000000 0.000000
vt 0.000000 1.000000
vt 0.000000 0.000000
vt 1.000000 0.000000
vt 0.000000 1.000000
vt 0.000000 0.000000
vt 1.000000 0.000000
vt 0.000000 1.000000
vt 0.000000 0.000000
vt 1.000000 0.000000
vt 0.000000 1.000000
vt 0.000000 0.000000
vt 1.000000 0.000000
vt 0.000000 1.000000
vt 0.000000 0.000000
vt 1.000000 0.000000
vt 0.000000 1.000000
vt 0.000000 0.000000
vt 1.000000 0.000000
vt 0.000000 1.000000
vt 0.000000 0.000000
vt 1.000000 0.000000
vt 0.000000 1.000000
vt 0.000000 0.000000
vt 1.000000 0.000000
vt 0.000000 1.000000
vt 0.000000 0.000000
vt 1.000000 0.000000
vt 0.000000 1.000000
vt 0.000000 0.000000
vt 1.000000 0.000000
vt 0.000000 1.000000
vt 0.000000 0.000000
vt 1.000000 0.000000
vt 0.000000 1.000000
vt 0.000000 0.000000
vt 1.000000 0.000000
vt 0.000000 1.000000
vt 0.000000 0.000000
vt 1.000000 0.000000
vt 0.000000 1.000000
vt 0.000000 0.000000
vt 1.000000 0.000000
vt 0.000000 1.000000
vt 0.000000 0.000000
vt 1.000000 0.000000
vt 0.000000 1.000000
vt 0.000000 0.000000
vt 1.000000 0.000000
vt 0.000000 1.000000
vt 0.000000 0.000000
vt 1.000000 0.000000
vt 0.000000 1.000000
vt 0.000000 0.000000
vt 1.000000 0.000000
vt 0.000000 1.000000
vt 0.000000 0.000000
vt 1.000000 0.000000
vt 0.000000 1.000000
vt 0.000000 0.000000
vt 1.000000 0.000000
vt 0.000000 1.000000
vt 0.000000 0.000000
vt 1.000000 0.000000
vt 0.000000 1.000000
vt 0.000000 0.000000
vt 1.000000 0.000000
vt 0.000000 1.000000
vt 0.000000 0.000000
vt 1.000000 0.000000
vt 0.000000 1.000000
vt 0.000000 0.000000
vt 1.000000 0.000000
vt 0.000000 1.000000
vt 0.000000 0.000000
vt 1.000000 0.000000
vt 0.000000 1.000000
vt 0.000000 0.000000
vt 1.000000 0.000000
vt 0.000000 1.000000
vt 0.000000 0.000000
vt 1.000000 0.000000
vt 0.000000 1.000000
vt 0.000000 0.000000
vt 1.000000 0.000000
vt 0.000000 1.000000
vt 0.000000 0.000000
vt 1.000000 0.000000
vt 0.000000 1.000000
vt 0.000000 0.000000
vt 1.000000 0.000000
vt 0.000000 1.000000
vt 0.000000 0.000000
vt 1.000000 0.000000
vt 0.000000 1.000000
vt 0.000000 0.000000
vt 1.000000 0.000000
vt 0.000000 1.000000
vt 0.000000 0.000000
vt 1.000000 0.000000
vt 0.000000 1.000000
vt 0.000000 0.000000
vt 1.000000 0.000000
vt 0.000000 1.000000
vt 0.000000 0.000000
vt 1.000000 0.000000
vt 0.000000 1.000000
vt 0.000000 0.000000
vt 1.000000 0.000000
vt 0.000000 1.000000
vt 0.000000 0.000000
vt 1.000000 0.000000
vt 0.000000 1.000000
vt 0.000000 0.000000
vt 1.000000 0.000000
vt 0.000000 1.000000
vt 0.000000 0.000000
vt 1.000000 0.000000
vt 0.000000 1.000000
vt 0.000000 0.000000
vt 1.000000 0.000000
vt 0.000000 1.000000
vt 0.000000 0.000000
vt 1.000000 0.000000
vt 0.000000 1.000000
vt 0.000000 0.000000
vt 1.000000 0.000000
vt 0.000000 1.000000
vt 0.000000 0.000000
vt 1.000000 0.000000
vt 0.000000 1.000000
vt 0.000000 0.000000
vt 1.000000 0.000000
vt 0.000000 1.000000
vt 0.000000 0.000000
vt 1.000000 0.000000
vt 0.000000 1.000000
vt 0.000000 0.000000
vt 1.000000 0.000000
vt 0.000000 1.000000
vt 0.000000 0.000000
vt 1.000000 0.000000
vt 0.000000 1.000000
vt 0.000000 0.000000
vt 1.000000 0.000000
vt 0.000000 1.000000
vt 0.000000 0.000000
vt 1.000000 0.000000
vt 0.000000 1.000000
vt 0.000000 0.000000
vt 1.000000 0.000000
vt 0.000000 1.000000
vt 0.000000 0.000000
vt 1.000000 0.000000
vt 0.000000 1.000000
vt 0.000000 0.000000
vt 1.000000 0.000000
vt 0.000000 1.000000
vt 0.000000 0.000000
vt 1.000000 0.000000
vt 0.000000 1.000000
vt 0.000000 0.000000
vt 1.000000 0.000000
vt 0.000000 1.000000
vt 0.000000 0.000000
vt 1.000000 0.000000
vt 0.000000 1.000000
vt 0.000000 0.000000
vt 1.000000 0.000000
vt 0.000000 1.000000
vt 0.000000 0.000000
vt 1.000000 0.000000
vt 0.000000 1.000000
vt 0.000000 0.000000
vt 1.000000 0.000000
vt 0.000000 1.000000
vt 0.000000 0.000000
vt 1.000000 0.000000
vt 0.000000 1.000000
vt 0.000000 0.000000
vt 1.000000 0.000000
vt 0.000000 1.000000
vt 0.000000 0.000000
vt 1.000000 0.000000
vt 0.000000 1.000000
vt 0.000000 0.000000
vt 1.000000 0.000000
vt 0.000000 1.000000
vt 0.000000 0.000000
vt 1.000000 0.000000
vt 0.000000 1.000000
vt 0.000000 0.000000
vt 1.000000 0.000000
vt 0.000000 1.000000
vt 0.000000 0.000000
vt 1.000000 0.000000
vt 0.000000 1.000000
vt 0.000000 0.000000
vt 1.000000 0.000000
vt 0.000000 1.000000
vt 0.000000 0.000000
vt 1.000000 0.000000
vt 0.000000 1.000000
vt 0.000000 0.000000
vt 1.000000 0.000000
vt 0.000000 1.000000
vt 0.000000 0.000000
vt 1.000000 0.000000
vt 0.000000 1.000000
vt 0.000000 0.000000
vt 1.000000 0.000000
vt 0.000000 1.000000
vt 0.000000 0.000000
vt 1.000000 0.000000
vt 0.000000 1.000000
vt 0.000000 0.000000
vt 1.000000 0.000000
vt 0.000000 1.000000
vt 0.000000 0.000000
vt 1.000000 0.000000
vt 0.000000 1.000000
vt 0.000000 0.000000
vt 1.000000 0.000000
vt 0.000000 1.000000
vt 0.000000 0.000000
vt 1.000000 0.000000
vt 0.000000 1.000000
vt 0.000000 0.000000
vt 1.000000 0.000000
vt 0.000000 1.000000
vt 0.000000 0.000000
vt 1.000000 0.000000
vt 0.000000 1.000000
vt 0.000000 0.000000
vt 1.000000 0.000000
vt 0.000000 1.000000
vt 0.000000 0.000000
vt 1.000000 0.000000
vt 0.000000 1.000000
vt 0.000000 0.000000
vt 1.000000 0.000000
vt 0.000000 1.000000
vt 0.000000 0.000000
vt 1.000000 0.000000
vt 0.000000 1.000000
vt 0.000000 0.000000
vt 1.000000 0.000000
vt 0.000000 1.000000
vt 0.000000 0.000000
vt 1.000000 0.000000
vt 0.000000 1.000000
vt 0.000000 0.000000
vt 1.000000 0.000000
vt 0.000000 1.000000
vt 0.000000 0.000000
vt 1.000000 0.000000
vt 0.000000 1.000000
vt 0.000000 0.000000
vt 1.000000 0.000000
vt 0.000000 1.000000
vt 0.000000 0.000000
vt 1.000000 0.000000
vt 0.000000 1.000000
vt 0.000000 0.000000
vt 1.000000 0.000000
vt 0.000000 1.000000
vt 0.000000 0.000000
vt 1.000000 0.000000
vt 0.000000 1.000000
vt 0.000000 0.000000
vt 1.000000 0.000000
vt 0.000000 1.000000
vt 0.000000 0.000000
vt 1.000000 0.000000
vt 0.000000 1.000000
vt 0.000000 0.000000
vt 1.000000 0.000000
vt 0.000000 1.000000
vt 0.000000 0.000000
vt 1.000000 0.000000
vt 0.000000 1.000000
vt 0.000000 0.000000
vt 1.000000 0.000000
vt 0.000000 1.000000
vt 0.000000 0.000000
vt 1.000000 0.000000
vt 0.000000 1.000000
vt 0.000000 0.000000
vt 1.000000 0.000000
vt 0.000000 1.000000
vt 0.000000 0.000000
vt 1.000000 0.000000
vt 0.000000 1.000000
vt 0.000000 0.000000
vt 1.000000 0.000000
vt 0.000000 1.000000
vt 0.000000 0.000000
vt 1.000000 0.000000
vt 0.000000 1.000000
vt 0.000000 0.000000
vt 1.000000 0.000000
vt 0.000000 1.000000
vt 0.000000 0.000000
vt 1.000000 0.000000
vt 0.000000 1.000000
vt 0.000000 0.000000
vt 1.000000 0.000000
vt 0.000000 1.000000
vt 0.000000 0.000000
vt 1.000000 0.000000
vt 0.000000 1.000000
vt 0.000000 0.000000
vt 1.000000 0.000000
vt 0.000000 1.000000
vt 0.000000 0.000000
vt 1.000000 0.000000
vt 0.000000 1.000000
vt 0.000000 0.000000
vt 1.000000 0.000000
vt 0.000000 1.000000
vt 0.000000 0.000000
vt 1.000000 0.000000
vt 0.000000 1.000000
vt 0.000000 0.000000
vt 1.000000 0.000000
vt 0.000000 1.000000
vt 0.000000 0.000000
vt 1.000000 0.000000
vt 0.000000 1.000000
vt 0.000000 0.000000
vt 1.000000 0.000000
vt 0.000000 1.000000
vt 0.000000 0.000000
vt 1.000000 0.000000
vt 0.000000 1.000000
vt 0.000000 0.000000
vt 1.000000 0.000000
vt 0.000000 1.000000
vt 0.000000 0.000000
vt 1.000000 0.000000
vt 0.000000 1.000000
vt 0.000000 0.000000
vt 1.000000 0.000000
vt 0.000000 1.000000
vt 0.000000 0.000000
vt 1.000000 0.000000
vt 0.000000 1.000000
vt 0.000000 0.000000
vt 1.000000 0.000000
vt 0.000000 1.000000
vt 0.000000 0.000000
vt 1.000000 0.000000
vt 0.000000 1.000000
vt 0.000000 0.000000
vt 1.000000 0.000000
vt 0.000000 1.000000
vt 0.000000 0.000000
vt 1.000000 0.000000
vt 0.000000 1.000000
vt 0.000000 0.000000
vt 1.000000 0.000000
vt 0.000000 1.000000
vt 0.000000 0.000000
vt 1.000000 0.000000
vt 0.000000 1.000000
vt 0.000000 0.000000
vt 1.000000 0.000000
vt 0.000000 1.000000
vt 0.000000 0.000000
vt 1.000000 0.000000
vt 0.000000 1.000000
vt 0.000000 0.000000
vt 1.000000 0.000000
vt 0.000000 1.000000
vt 0.000000 0.000000
vt 1.000000 0.000000
vt 0.000000 1.000000
vt 0.000000 0.000000
vt 1.000000 0.000000
vt 0.000000 1.000000
vt 0.000000 0.000000
vt 1.000000 0.000000
vt 0.000000 1.000000
vt 0.000000 0.000000
vt 1.000000 0.000000
vt 0.000000 1.000000
vt 0.000000 0.000000
vt 1.000000 0.000000
vt 0.000000 1.000000
vt 0.000000 0.000000
vt 1.000000 0.000000
vt 0.000000 1.000000
vt 0.000000 0.000000
vt 1.000000 0.000000
vt 0.000000 1.000000
vt 0.000000 0.000000
vt 1.000000 0.000000
vt 0.000000 1.000000
vt 0.000000 0.000000
vt 1.000000 0.000000
vt 0.000000 1.000000
vt 0.000000 0.000000
vt 1.000000 0.000000
vt 0.000000 1.000000
vt 0.000000 0.000000
vt 1.000000 0.000000
vt 0.000000 1.000000
vt 0.000000 0.000000
vt 1.000000 0.000000
vt 0.000000 1.000000
vt 0.000000 0.000000
vt 1.000000 0.000000
vt 0.000000 1.000000
vt 0.000000 0.000000
vt 1.000000 0.000000
vt 0.000000 1.000000
vt 0.000000 0.000000
vt 1.000000 0.000000
vt 0.000000 1.000000
vt 0.000000 0.000000
vt 1.000000 0.000000
vt 0.000000 1.000000
vt 0.000000 0.000000
vt 1.000000 0.000000
vt 0.000000 1.000000
vt 0.000000 0.000000
vt 1.000000 0.000000
vt 0.000000 1.000000
vt 0.000000 0.000000
vt 1.000000 0.000000
vt 0.000000 1.000000
vt 0.000000 0.000000
vt 1.000000 0.000000
vt 0.000000 1.000000
vt 0.000000 0.000000
vt 1.000000 0.000000
vt 0.000000 1.000000
vt 0.000000 0.000000
vt 1.000000 0.000000
vt 0.000000 1.000000
vt 0.000000 0.000000
vt 1.000000 0.000000
vt 0.000000 1.000000
vt 0.000000 0.000000
vt 1.000000 0.000000
vt 0.000000 1.000000
vt 0.000000 0.000000
vt 1.000000 0.000000
vt 0.000000 1.000000
vt 0.000000 0.000000
vt 1.000000 0.000000
vt 0.000000 1.000000
vt 0.000000 0.000000
vt 1.000000 0.000000
vt 0.000000 1.000000
vt 0.000000 0.000000
vt 1.000000 0.000000
vt 0.000000 1.000000
vt 0.000000 0.000000
vt 1.000000 0.000000
vt 0.000000 1.000000
vt 0.000000 0.000000
vt 1.000000 0.000000
vt 0.000000 1.000000
vt 0.000000 0.000000
vt 1.000000 0.000000
vt 0.000000 1.000000
vt 0.000000 0.000000
vt 1.000000 0.000000
vt 0.000000 1.000000
vt 0.000000 0.000000
vt 1.000000 0.000000
vt 0.000000 1.000000
vt 0.000000 0.000000
vt 1.000000 0.000000
vt 0.000000 1.000000
vt 0.000000 0.000000
vt 1.000000 0.000000
vt 0.000000 1.000000
vt 0.000000 0.000000
vt 1.000000 0.000000
vt 0.000000 1.000000
vt 0.000000 0.000000
vt 1.000000 0.000000
vt 0.000000 1.000000
vt 0.000000 0.000000
vt 1.000000 0.000000
vt 0.000000 1.000000
vt 0.000000 0.000000
vt 1.000000 0.000000
vt 0.000000 1.000000
vt 0.000000 0.000000
vt 1.000000 0.000000
vt 0.000000 1.000000
vt 0.000000 0.000000
vt 1.000000 0.000000
vt 0.000000 1.000000
vt 0.000000 0.000000
vt 1.000000 0.000000
vt 0.000000 1.000000
vt 0.000000 0.000000
vt 1.000000 0.000000
vt 0.000000 1.000000
vt 0.000000 0.000000
vt 1.000000 0.000000
vt 0.000000 1.000000
vt 0.000000 0.000000
vt 1.000000 0.000000
vt 0.000000 1.000000
vt 0.000000 0.000000
vt 1.000000 0.000000
vt 0.000000 1.000000
vt 0.000000 0.000000
vt 1.000000 0.000000
vt 0.000000 1.000000
vt 0.000000 0.000000
vt 1.000000 0.000000
vt 0.000000 1.000000
vt 0.000000 0.000000
vt 1.000000 0.000000
vt 0.000000 1.000000
vt 0.000000 0.000000
vt 1.000000 0.000000
vt 0.000000 1.000000
vt 0.000000 0.000000
vt 1.000000 0.000000
vt 0.000000 1.000000
vt 0.000000 0.000000
vt 1.000000 0.000000
vt 0.000000 1.000000
vt 0.000000 0.000000
vt 1.000000 0.000000
vt 0.000000 1.000000
vt 0.000000 0.000000
vt 1.000000 0.000000
vt 0.000000 1.000000
vt 0.000000 0.000000
vt 1.000000 0.000000
vt 0.000000 1.000000
vt 0.000000 0.000000
vt 1.000000 0.000000
vt 0.000000 1.000000
vt 0.000000 0.000000
vt 1.000000 0.000000
vt 0.000000 1.000000
vt 0.000000 0.000000
vt 1.000000 0.000000
vt 0.000000 1.000000
vt 0.000000 0.000000
vt 1.000000 0.000000
vt 0.000000 1.000000
vt 0.000000 0.000000
vt 1.000000 0.000000
vt 0.000000 1.000000
vt 0.000000 0.000000
vt 1.000000 0.000000
vt 0.000000 1.000000
vt 0.000000 0.000000
vt 1.000000 0.000000
vt 0.000000 1.000000
vt 0.000000 0.000000
vt 1.000000 0.000000
vt 0.000000 1.000000
vt 0.000000 0.000000
vt 1.000000 0.000000
vt 0.000000 1.000000
vt 0.000000 0.000000
vt 1.000000 0.000000
vt 0.000000 1.000000
vt 0.000000 0.000000
vt 1.000000 0.000000
vt 0.000000 1.000000
vt 0.000000 0.000000
vt 1.000000 0.000000
vt 0.000000 1.000000
vt 0.000000 0.000000
vt 1.000000 0.000000
vt 0.000000 1.000000
vt 0.000000 0.000000
vt 1.000000 0.000000
vt 0.000000 1.000000
vt 0.000000 0.000000
vt 1.000000 0.000000
vt 0.000000 1.000000
vt 0.000000 0.000000
vt 1.000000 0.000000
vt 0.000000 1.000000
vt 0.000000 0.000000
vt 1.000000 0.000000
vt 0.000000 1.000000
vt 0.000000 0.000000
vt 1.000000 0.000000
vt 0.000000 1.000000
vt 0.000000 0.000000
vt 1.000000 0.000000
vt 0.000000 1.000000
vt 0.000000 0.000000
vt 1.000000 0.000000
vt 0.000000 1.000000
vt 0.000000 0.000000
vt 1.000000 0.000000
vt 0.000000 1.000000
vt 0.000000 0.000000
vt 1.000000 0.000000
vt 0.000000 1.000000
vt 0.000000 0.000000
vt 1.000000 0.000000
vt 0.000000 1.000000
vt 0.000000 0.000000
vt 1.000000 0.000000
vt 0.000000 1.000000
vt 0.000000 0.000000
vt 1.000000 0.000000
vt 0.000000 1.000000
vt 0.000000 0.000000
vt 1.000000 0.000000
vt 0.000000 1.000000
vt 0.000000 0.000000
vt 1.000000 0.000000
vt 0.000000 1.000000
vt 0.000000 0.000000
vt 1.000000 0.000000
vt 0.000000 1.000000
vt 0.000000 0.000000
vt 1.000000 0.000000
vt 0.000000 1.000000
vt 0.000000 0.000000
vt 1.000000 0.000000
vt 0.000000 1.000000
vt 0.000000 0.000000
vt 1.000000 0.000000
vt 0.000000 1.000000
vt 0.000000 0.000000
vt 1.000000 0.000000
vt 0.000000 1.000000
vt 0.000000 0.000000
vt 1.000000 0.000000
vt 0.000000 1.000000
vt 0.000000 0.000000
vt 1.000000 0.000000
vt 0.000000 1.000000
vt 0.000000 0.000000
vt 1.000000 0.000000
vt 0.000000 1.000000
vt 0.000000 0.000000
vt 1.000000 0.000000
vt 0.000000 1.000000
vt 0.000000 0.000000
vt 1.000000 0.000000
vt 0.000000 1.000000
vt 0.000000 0.000000
vt 1.000000 0.000000
vt 0.000000 1.000000
vt 0.000000 0.000000
vt 1.000000 0.000000
vt 0.000000 1.000000
vt 0.000000 0.000000
vt 1.000000 0.000000
vt 0.000000 1.000000
vt 0.000000 0.000000
vt 1.000000 0.000000
vt 0.000000 1.000000
vt 0.000000 0.000000
vt 1.000000 0.000000
vt 0.000000 1.000000
vt 0.000000 0.000000
vt 1.000000 0.000000
vt 0.000000 1.000000
vt 0.000000 0.000000
vt 1.000000 0.000000
vt 0.000000 1.000000
vt 0.000000 0.000000
vt 1.000000 0.000000
vt 0.000000 1.000000
vt 0.000000 0.000000
vt 1.000000 0.000000
vt 0.000000 1.000000
vt 0.000000 0.000000
vt 1.000000 0.000000
vt 0.000000 1.000000
vt 0.000000 0.000000
vt 1.000000 0.000000
vt 0.000000 1.000000
vt 0.000000 0.000000
vt 1.000000 0.000000
vt 0.000000 1.000000
vt 0.000000 0.000000
vt 1.000000 0.000000
vt 0.000000 1.000000
vt 0.000000 0.000000
vt 1.000000 0.000000
vt 0.000000 1.000000
vt 0.000000 0.000000
vt 1.000000 0.000000
vt 0.000000 1.000000
vt 0.000000 0.000000
vt 1.000000 0.000000
vt 0.000000 1.000000
vt 0.000000 0.000000
vt 1.000000 0.000000
vt 0.000000 1.000000
vt 0.000000 0.000000
vt 1.000000 0.000000
vt 0.000000 1.000000
vt 0.000000 0.000000
vt 1.000000 0.000000
vt 0.000000 1.000000
vt 0.000000 0.000000
vt 1.000000 0.000000
vt 0.000000 1.000000
vt 0.000000 0.000000
vt 1.000000 0.000000
vt 0.000000 1.000000
vt 0.000000 0.000000
vt 1.000000 0.000000
vt 0.000000 1.000000
vt 0.000000 0.000000
vt 1.000000 0.000000
vt 0.000000 1.000000
vt 0.000000 0.000000
vt 1.000000 0.000000
vt 0.000000 1.000000
vt 0.000000 0.000000
vt 1.000000 0.000000
vt 0.000000 1.000000
vt 0.000000 0.000000
vt 1.000000 0.000000
vt 0.000000 1.000000
vt 0.000000 0.000000
vt 1.000000 0.000000
vt 0.000000 1.000000
vt 0.000000 0.000000
vt 1.000000 0.000000
vt 0.000000 1.000000
vt 0.000000 0.000000
vt 1.000000 0.000000
vt 0.000000 1.000000
vt 0.000000 0.000000
vt 1.000000 0.000000
vt 0.000000 1.000000
vt 0.000000 0.000000
vt 1.000000 0.000000
vt 0.000000 1.000000
vt 0.000000 0.000000
vt 1.000000 0.000000
vt 0.000000 1.000000
vt 0.000000 0.000000
vt 1.000000 0.000000
vt 0.000000 1.000000
vt 0.000000 0.000000
vt 1.000000 0.000000
vt 0.000000 1.000000
vt 0.000000 0.000000
vt 1.000000 0.000000
vt 0.000000 1.000000
vt 0.000000 0.000000
vt 1.000000 0.000000
vt 0.000000 1.000000
vt 0.000000 0.000000
vt 1.000000 0.000000
vt 0.000000 1.000000
vt 0.000000 0.000000
vt 1.000000 0.000000
vt 0.000000 1.000000
vt 0.000000 0.000000
vt 1.000000 0.000000
vt 0.000000 1.000000
vt 0.000000 0.000000
vt 1.000000 0.000000
vt 0.000000 1.000000
vt 0.000000 0.000000
vt 1.000000 0.000000
vt 0.000000 1.000000
vt 0.000000 0.000000
vt 1.000000 0.000000
vt 0.000000 1.000000
vt 0.000000 0.000000
vt 1.000000 0.000000
vt 0.000000 1.000000
vt 0.000000 0.000000
vt 1.000000 0.000000
vt 0.000000 1.000000
vt 0.000000 0.000000
vt 1.000000 0.000000
vt 0.000000 1.000000
vt 0.000000 0.000000
vt 1.000000 0.000000
vt 0.000000 1.000000
vt 0.000000 0.000000
vt 1.000000 0.000000
vt 0.000000 1.000000
vt 0.000000 0.000000
vt 1.000000 0.000000
vt 0.000000 1.000000
vt 0.000000 0.000000
vt 1.000000 0.000000
vt 0.000000 1.000000
vt 0.000000 0.000000
vt 1.000000 0.000000
vt 0.000000 1.000000
vt 0.000000 0.000000
vt 1.000000 0.000000
vt 0.000000 1.000000
vt 0.000000 0.000000
vt 1.000000 0.000000
vt 0.000000 1.000000
vt 0.000000 0.000000
vt 1.000000 0.000000
vt 0.000000 1.000000
vt 0.000000 0.000000
vt 1.000000 0.000000
vt 0.000000 1.000000
vt 0.000000 0.000000
vt 1.000000 0.000000
vt 0.000000 1.000000
vt 0.000000 0.000000
vt 1.000000 0.000000
vt 0.000000 1.000000
vt 0.000000 0.000000
vt 1.000000 0.000000
vt 0.000000 1.000000
vt 0.000000 0.000000
vt 1.000000 0.000000
vt 0.000000 1.000000
vt 0.000000 0.000000
vt 1.000000 0.000000
vt 0.000000 1.000000
vt 0.000000 0.000000
vt 1.000000 0.000000
vt 0.000000 1.000000
vt 0.000000 0.000000
vt 1.000000 0.000000
vt 0.000000 1.000000
vt 0.000000 0.000000
vt 1.000000 0.000000
vt 0.000000 1.000000
vt 0.000000 0.000000
vt 1.000000 0.000000
vt 0.000000 1.000000
vt 0.000000 0.000000
vt 1.000000 0.000000
vt 0.000000 1.000000
vt 0.000000 0.000000
vt 1.000000 0.000000
vt 0.000000 1.000000
vt 0.000000 0.000000
vt 1.000000 0.000000
vt 0.000000 1.000000
vt 0.000000 0.000000
vt 1.000000 0.000000
vt 0.000000 1.000000
vt 0.000000 0.000000
vt 1.000000 0.000000
vt 0.000000 1.000000
vt 0.000000 0.000000
vt 1.000000 0.000000
vt 0.000000 1.000000
vt 0.000000 0.000000
vt 1.000000 0.000000
vt 0.000000 1.000000
vt 0.000000 0.000000
vt 1.000000 0.000000
vt 0.000000 1.000000
vt 0.000000 0.000000
vt 1.000000 0.000000
vt 0.000000 1.000000
vt 0.000000 0.000000
vt 1.000000 0.000000
vt 0.000000 1.000000
vt 0.000000 0.000000
vt 1.000000 0.000000
vt 0.000000 1.000000
vt 0.000000 0.000000
vt 1.000000 0.000000
vt 0.000000 1.000000
vt 0.000000 0.000000
vt 1.000000 0.000000
vt 0.000000 1.000000
vt 0.000000 0.000000
vt 1.000000 0.000000
vt 0.000000 1.000000
vt 0.000000 0.000000
vt 1.000000 0.000000
vt 0.000000 1.000000
vt 0.000000 0.000000
vt 1.000000 0.000000
vt 0.000000 1.000000
vt 0.000000 0.000000
vt 1.000000 0.000000
vt 0.000000 1.000000
vt 0.000000 0.000000
vt 1.000000 0.000000
vt 0.000000 1.000000
vt 0.000000 0.000000
vt 1.000000 0.000000
vt 0.000000 1.000000
vt 0.000000 0.000000
vt 1.000000 0.000000
vt 0.000000 1.000000
vt 0.000000 0.000000
vt 1.000000 0.000000
vt 0.000000 1.000000
vt 0.000000 0.000000
vt 1.000000 0.000000
vt 0.000000 1.000000
vt 0.000000 0.000000
vt 1.000000 0.000000
vt 0.000000 1.000000
vt 0.000000 0.000000
vt 1.000000 0.000000
vt 0.000000 1.000000
vt 0.000000 0.000000
vt 1.000000 0.000000
vt 0.000000 1.000000
vt 0.000000 0.000000
vt 1.000000 0.000000
vt 0.000000 1.000000
vt 0.000000 0.000000
vt 1.000000 0.000000
vt 0.000000 1.000000
vt 0.000000 0.000000
vt 1.000000 0.000000
vt 0.000000 1.000000
vt 0.000000 0.000000
vt 1.000000 0.000000
vt 0.000000 1.000000
vt 0.000000 0.000000
vt 1.000000 0.000000
vt 0.000000 1.000000
vt 0.000000 0.000000
vt 1.000000 0.000000
vt 0.000000 1.000000
vt 0.000000 0.000000
vt 1.000000 0.000000
vt 0.000000 1.000000
vt 0.000000 0.000000
vt 1.000000 0.000000
vt 0.000000 1.000000
vt 0.000000 0.000000
vt 1.000000 0.000000
vt 0.000000 1.000000
vt 0.000000 0.000000
vt 1.000000 0.000000
vt 0.000000 1.000000
vt 0.000000 0.000000
vt 1.000000 0.000000
vt 0.000000 1.000000
vt 0.000000 0.000000
vt 1.000000 0.000000
vt 0.000000 1.000000
vt 0.000000 0.000000
vt 1.000000 0.000000
vt 0.000000 1.000000
vt 0.000000 0.000000
vt 1.000000 0.000000
vt 0.000000 1.000000
vt 0.000000 0.000000
vt 1.000000 0.000000
vt 0.000000 1.000000
vt 0.000000 0.000000
vt 1.000000 0.000000
vt 0.000000 1.000000
vt 0.000000 0.000000
vt 1.000000 0.000000
vt 0.000000 1.000000
vt 0.000000 0.000000
vt 1.000000 0.000000
vt 0.000000 1.000000
vt 0.000000 0.000000
vt 1.000000 0.000000
vt 0.000000 1.000000
vt 0.000000 0.000000
vt 1.000000 0.000000
vt 0.000000 1.000000
vt 0.000000 0.000000
vt 1.000000 0.000000
vt 0.000000 1.000000
vt 0.000000 0.000000
vt 1.000000 0.000000
vt 0.000000 1.000000
vt 0.000000 0.000000
vt 1.000000 0.000000
vt 0.000000 1.000000
vt 0.000000 0.000000
vt 1.000000 0.000000
vt 0.000000 1.000000
vt 0.000000 0.000000
vt 1.000000 0.000000
vt 0.000000 1.000000
vt 0.000000 0.000000
vt 1.000000 0.000000
vt 0.000000 1.000000
vt 0.000000 0.000000
vt 1.000000 0.000000
vt 0.000000 1.000000
vt 0.000000 0.000000
vt 1.000000 0.000000
vt 0.000000 1.000000
vt 0.000000 0.000000
vt 1.000000 0.000000
vt 0.000000 1.000000
vt 0.000000 0.000000
vt 1.000000 0.000000
vt 0.000000 1.000000
vt 0.000000 0.000000
vt 1.000000 0.000000
vt 0.000000 1.000000
vt 0.000000 0.000000
vt 1.000000 0.000000
vt 0.000000 1.000000
vt 0.000000 0.000000
vt 1.000000 0.000000
vt 0.000000 1.000000
vt 0.000000 0.000000
vt 1.000000 0.000000
vt 0.000000 1.000000
vt 0.000000 0.000000
vt 1.000000 0.000000
vt 0.000000 1.000000
vt 0.000000 0.000000
vt 1.000000 0.000000
vt 0.000000 1.000000
vt 0.000000 0.000000
vt 1.000000 0.000000
vt 0.000000 1.000000
vt 0.000000 0.000000
vt 1.000000 0.000000
vt 0.000000 1.000000
vt 0.000000 0.000000
vt 1.000000 0.000000
vt 0.000000 1.000000
vt 0.000000 0.000000
vt 1.000000 0.000000
vt 0.000000 1.000000
vt 0.000000 0.000000
vt 1.000000 0.000000
vt 0.000000 1.000000
vt 0.000000 0.000000
vt 1.000000 0.000000
vt 0.000000 1.000000
vt 0.000000 0.000000
vt 1.000000 0.000000
vt 0.000000 1.000000
vt 0.000000 0.000000
vt 1.000000 0.000000
vt 0.000000 1.000000
vt 0.000000 0.000000
vt 1.000000 0.000000
vt 0.000000 1.000000
vt 0.000000 0.000000
vt 1.000000 0.000000
vt 0.000000 1.000000
vt 0.000000 0.000000
vt 1.000000 0.000000
vt 0.000000 1.000000
vt 0.000000 0.000000
vt 1.000000 0.000000
vt 0.000000 1.000000
vt 0.000000 0.000000
vt 1.000000 0.000000
vt 0.000000 1.000000
vt 0.000000 0.000000
vt 1.000000 0.000000
vt 0.000000 1.000000
vt 0.000000 0.000000
vt 1.000000 0.000000
vt 0.000000 1.000000
vt 0.000000 0.000000
vt 1.000000 0.000000
vt 0.000000 1.000000
vt 0.000000 0.000000
vt 1.000000 0.000000
vt 0.000000 1.000000
vt 0.000000 0.000000
vt 1.000000 0.000000
vt 0.000000 1.000000
vt 0.000000 0.000000
vt 1.000000 0.000000
vt 0.000000 1.000000
vt 0.000000 0.000000
vt 1.000000 0.000000
vt 0.000000 1.000000
vt 0.000000 0.000000
vt 1.000000 0.000000
vt 0.000000 1.000000
vt 0.000000 0.000000
vt 1.000000 0.000000
vt 0.000000 1.000000
vt 0.000000 0.000000
vt 1.000000 0.000000
vt 0.000000 1.000000
vt 0.000000 0.000000
vt 1.000000 0.000000
vt 0.000000 1.000000
vt 0.000000 0.000000
vt 1.000000 0.000000
vt 0.000000 1.000000
vt 0.000000 0.000000
vt 1.000000 0.000000
vt 0.000000 1.000000
vt 0.000000 0.000000
vt 1.000000 0.000000
vt 0.000000 1.000000
vt 0.000000 0.000000
vt 1.000000 0.000000
vt 0.000000 1.000000
vt 0.000000 0.000000
vt 1.000000 0.000000
vt 0.000000 1.000000
vt 0.000000 0.000000
vt 1.000000 0.000000
vt 0.000000 1.000000
vt 0.000000 0.000000
vt 1.000000 0.000000
vt 0.000000 1.000000
vt 0.000000 0.000000
vt 1.000000 0.000000
vt 0.000000 1.000000
vt 0.000000 0.000000
vt 1.000000 0.000000
vt 0.000000 1.000000
vt 0.000000 0.000000
vt 1.000000 0.000000
vt 0.000000 1.000000
vt 0.000000 0.000000
vt 1.000000 0.000000
vt 0.000000 1.000000
vt 0.000000 0.000000
vt 1.000000 0.000000
vt 0.000000 1.000000
vt 0.000000 0.000000
vt 1.000000 0.000000
vt 0.000000 1.000000
vt 0.000000 0.000000
vt 1.000000 0.000000
vt 0.000000 1.000000
vt 0.000000 0.000000
vt 1.000000 0.000000
vt 0.000000 1.000000
vt 0.000000 0.000000
vt 1.000000 0.000000
vt 0.000000 1.000000
vt 0.000000 0.000000
vt 1.000000 0.000000
vt 0.000000 1.000000
vt 0.000000 0.000000
vt 1.000000 0.000000
vt 0.000000 1.000000
vt 0.000000 0.000000
vt 1.000000 0.000000
vt 0.000000 1.000000
vt 0.000000 0.000000
vt 1.000000 0.000000
vt 0.000000 1.000000
vt 0.000000 0.000000
vt 1.000000 0.000000
vt 0.000000 1.000000
vt 0.000000 0.000000
vt 1.000000 0.000000
vt 0.000000 1.000000
vt 0.000000 0.000000
vt 1.000000 0.000000
vt 0.000000 1.000000
vt 0.000000 0.000000
vt 1.000000 0.000000
vt 0.000000 1.000000
vt 0.000000 0.000000
vt 1.000000 0.000000
vt 0.000000 1.000000
vt 0.000000 0.000000
vt 1.000000 0.000000
vt 0.000000 1.000000
vt 0.000000 0.000000
vt 1.000000 0.000000
vt 0.000000 1.000000
vt 0.000000 0.000000
vt 1.000000 0.000000
vt 0.000000 1.000000
vt 0.000000 0.000000
vt 1.000000 0.000000
vt 0.000000 1.000000
vt 0.000000 0.000000
vt 1.000000 0.000000
vt 0.000000 1.000000
vt 0.000000 0.000000
vt 1.000000 0.000000
vt 0.000000 1.000000
vt 0.000000 0.000000
vt 1.000000 0.000000
vt 0.000000 1.000000
vt 0.000000 0.000000
vt 1.000000 0.000000
vt 0.000000 1.000000
vt 0.000000 0.000000
vt 1.000000 0.000000
vt 0.000000 1.000000
vt 0.000000 0.000000
vt 1.000000 0.000000
vt 0.000000 1.000000
vt 0.000000 0.000000
vt 1.000000 0.000000
vt 0.000000 1.000000
vt 0.000000 0.000000
vt 1.000000 0.000000
vt 0.000000 1.000000
vt 0.000000 0.000000
vt 1.000000 0.000000
vt 0.000000 1.000000
vt 0.000000 0.000000
vt 1.000000 0.000000
vt 0.000000 1.000000
vt 0.000000 0.000000
vt 1.000000 0.000000
vt 0.000000 1.000000
vt 0.000000 0.000000
vt 1.000000 0.000000
vt 0.000000 1.000000
vt 0.000000 0.000000
vt 1.000000 0.000000
vt 0.000000 1.000000
vt 0.000000 0.000000
vt 1.000000 0.000000
vt 0.000000 1.000000
vt 0.000000 0.000000
vt 1.000000 0.000000
vt 0.000000 1.000000
vt 0.000000 0.000000
vt 1.000000 0.000000
vt 0.000000 1.000000
vt 0.000000 0.000000
vt 1.000000 0.000000
vt 0.000000 1.000000
vt 0.000000 0.000000
vt 1.000000 0.000000
vt 0.000000 1.000000
vt 0.000000 0.000000
vt 1.000000 0.000000
vt 0.000000 1.000000
vt 0.000000 0.000000
vt 1.000000 0.000000
vt 0.000000 1.000000
vt 0.000000 0.000000
vt 1.000000 0.000000
vt 0.000000 1.000000
vt 0.000000 0.000000
vt 1.000000 0.000000
vt 0.000000 1.000000
vt 0.000000 0.000000
vt 1.000000 0.000000
vt 0.000000 1.000000
vt 0.000000 0.000000
vt 1.000000 0.000000
vt 0.000000 1.000000
vt 0.000000 0.000000
vt 1.000000 0.000000
vt 0.000000 1.000000
vt 0.000000 0.000000
vt 1.000000 0.000000
vt 0.000000 1.000000
vt 0.000000 0.000000
vt 1.000000 0.000000
vt 0.000000 1.000000
vt 0.000000 0.000000
vt 1.000000 0.000000
vt 0.000000 1.000000
vt 0.000000 0.000000
vt 1.000000 0.000000
vt 0.000000 1.000000
vt 0.000000 0.000000
vt 1.000000 0.000000
vt 0.000000 1.000000
vt 0.000000 0.000000
vt 1.000000 0.000000
vt 0.000000 1.000000
vt 0.000000 0.000000
vt 1.000000 0.000000
vt 0.000000 1.000000
vt 0.000000 0.000000
vt 1.000000 0.000000
vt 0.000000 1.000000
vt 0.000000 0.000000
vt 1.000000 0.000000
vt 0.000000 1.000000
vt 0.000000 0.000000
vt 1.000000 0.000000
vt 0.000000 1.000000
vt 0.000000 0.000000
vt 1.000000 0.000000
vt 0.000000 1.000000
vt 0.000000 0.000000
vt 1.000000 0.000000
vt 0.000000 1.000000
vt 0.000000 0.000000
vt 1.000000 0.000000
vt 0.000000 1.000000
vt 0.000000 0.000000
vt 1.000000 0.000000
vt 0.000000 1.000000
vt 0.000000 0.000000
vt 1.000000 0.000000
vt 0.000000 1.000000
vt 0.000000 0.000000
vt 1.000000 0.000000
vt 0.000000 1.000000
vt 0.000000 0.000000
vt 1.000000 0.000000
vt 0.000000 1.000000
vt 0.000000 0.000000
vt 1.000000 0.000000
vt 0.000000 1.000000
vt 0.000000 0.000000
vt 1.000000 0.000000
vt 0.000000 1.000000
vt 0.000000 0.000000
vt 1.000000 0.000000
vt 0.000000 1.000000
vt 0.000000 0.000000
vt 1.000000 0.000000
vt 0.000000 1.000000
vt 0.000000 0.000000
vt 1.000000 0.000000
vt 0.000000 1.000000
vt 0.000000 0.000000
vt 1.000000 0.000000
vt 0.000000 1.000000
vt 0.000000 0.000000
vt 1.000000 0.000000
vt 0.000000 1.000000
vt 0.000000 0.000000
vt 1.000000 0.000000
vt 0.000000 1.000000
vt 0.000000 0.000000
vt 1.000000 0.000000
vt 0.000000 1.000000
vt 0.000000 0.000000
vt 1.000000 0.000000
vt 0.000000 1.000000
vt 0.000000 0.000000
vt 1.000000 0.000000
vt 0.000000 1.000000
vt 0.000000 0.000000
vt 1.000000 0.000000
vt 0.000000 1.000000
vt 0.000000 0.000000
vt 1.000000 0.000000
vt 0.000000 1.000000
vt 0.000000 0.000000
vt 1.000000 0.000000
vt 0.000000 1.000000
vt 0.000000 0.000000
vt 1.000000 0.000000
vt 0.000000 1.000000
vt 0.000000 0.000000
vt 1.000000 0.000000
vt 0.000000 1.000000
vt 0.000000 0.000000
vt 1.000000 0.000000
vt 0.000000 1.000000
vt 0.000000 0.000000
vt 1.000000 0.000000
vt 0.000000 1.000000
vt 0.000000 0.000000
vt 1.000000 0.000000
vt 0.000000 1.000000
vt 0.000000 0.000000
vt 1.000000 0.000000
vt 0.000000 1.000000
vt 0.000000 0.000000
vt 1.000000 0.000000
vt 0.000000 1.000000
vt 0.000000 0.000000
vt 1.000000 0.000000
vt 0.000000 1.000000
vt 0.000000 0.000000
vt 1.000000 0.000000
vt 0.000000 1.000000
vt 0.000000 0.000000
vt 1.000000 0.000000
vt 0.000000 1.000000
vt 0.000000 0.000000
vt 1.000000 0.000000
vt 0.000000 1.000000
vt 0.000000 0.000000
vt 1.000000 0.000000
vt 0.000000 1.000000
vt 0.000000 0.000000
vt 1.000000 0.000000
vt 0.000000 1.000000
vt 0.000000 0.000000
vt 1.000000 0.000000
vt 0.000000 1.000000
vt 0.000000 0.000000
vt 1.000000 0.000000
vt 0.000000 1.000000
vt 0.000000 0.000000
vt 1.000000 0.000000
vt 0.000000 1.000000
vt 0.000000 0.000000
vt 1.000000 0.000000
vt 0.000000 1.000000
vt 0.000000 0.000000
vt 1.000000 0.000000
vt 0.000000 1.000000
vt 0.000000 0.000000
vt 1.000000 0.000000
vt 0.000000 1.000000
vt 0.000000 0.000000
vt 1.000000 0.000000
vt 0.000000 1.000000
vt 0.000000 0.000000
vt 1.000000 0.000000
vt 0.000000 1.000000
vt 0.000000 0.000000
vt 1.000000 0.000000
vt 0.000000 1.000000
vt 0.000000 0.000000
vt 1.000000 0.000000
vt 0.000000 1.000000
vt 0.000000 0.000000
vt 1.000000 0.000000
vt 0.000000 1.000000
vt 0.000000 0.000000
vt 1.000000 0.000000
vt 0.000000 1.000000
vt 0.000000 0.000000
vt 1.000000 0.000000
vt 0.000000 1.000000
vt 0.000000 0.000000
vt 1.000000 0.000000
vt 0.000000 1.000000
vt 0.000000 0.000000
vt 1.000000 0.000000
vt 0.000000 1.000000
vt 0.000000 0.000000
vt 1.000000 0.000000
vt 0.000000 1.000000
vt 0.000000 0.000000
vt 1.000000 0.000000
vt 0.000000 1.000000
vt 0.000000 0.000000
vt 1.000000 0.000000
vt 0.000000 1.000000
vt 0.000000 0.000000
vt 1.000000 0.000000
vt 0.000000 1.000000
vt 0.000000 0.000000
vt 1.000000 0.000000
vt 0.000000 1.000000
vt 0.000000 0.000000
vt 1.000000 0.000000
vt 0.000000 1.000000
vt 0.000000 0.000000
vt 1.000000 0.000000
vt 0.000000 1.000000
vt 0.000000 0.000000
vt 1.000000 0.000000
vt 0.000000 1.000000
vt 0.000000 0.000000
vt 1.000000 0.000000
vt 0.000000 1.000000
vt 0.000000 0.000000
vt 1.000000 0.000000
vt 0.000000 1.000000
vt 0.000000 0.000000
vt 1.000000 0.000000
vt 0.000000 1.000000
vt 0.000000 0.000000
vt 1.000000 0.000000
vt 0.000000 1.000000
vt 0.000000 0.000000
vt 1.000000 0.000000
vt 0.000000 1.000000
vt 0.000000 0.000000
vt 1.000000 0.000000
vt 0.000000 1.000000
vt 0.000000 0.000000
vt 1.000000 0.000000
vt 0.000000 1.000000
vt 0.000000 0.000000
vt 1.000000 0.000000
vt 0.000000 1.000000
vt 0.000000 0.000000
vt 1.000000 0.000000
vt 0.000000 1.000000
vt 0.000000 0.000000
vt 1.000000 0.000000
vt 0.000000 1.000000
vt 0.000000 0.000000
vt 1.000000 0.000000
vt 0.000000 1.000000
vt 0.000000 0.000000
vt 1.000000 0.000000
vt 0.000000 1.000000
vt 0.000000 0.000000
vt 1.000000 0.000000
vt 0.000000 1.000000
vt 0.000000 0.000000
vt 1.000000 0.000000
vt 0.000000 1.000000
vt 0.000000 0.000000
vt 1.000000 0.000000
vt 0.000000 1.000000
vt 0.000000 0.000000
vt 1.000000 0.000000
vt 0.000000 1.000000
vt 0.000000 0.000000
vt 1.000000 0.000000
vt 0.000000 1.000000
vt 0.000000 0.000000
vt 1.000000 0.000000
vt 0.000000 1.000000
vt 0.000000 0.000000
vt 1.000000 0.000000
vt 0.000000 1.000000
vt 0.000000 0.000000
vt 1.000000 0.000000
vt 0.000000 1.000000
vt 0.000000 0.000000
vt 1.000000 0.000000
vt 0.000000 1.000000
vt 0.000000 0.000000
vt 1.000000 0.000000
vt 0.000000 1.000000
vt 0.000000 0.000000
vt 1.000000 0.000000
vt 0.000000 1.000000
vt 0.000000 0.000000
vt 1.000000 0.000000
vt 0.000000 1.000000
vt 0.000000 0.000000
vt 1.000000 0.000000
vt 0.000000 1.000000
vt 0.000000 0.000000
vt 1.000000 0.000000
vt 0.000000 1.000000
vt 0.000000 0.000000
vt 1.000000 0.000000
vt 0.000000 1.000000
vt 0.000000 0.000000
vt 1.000000 0.000000
vt 0.000000 1.000000
vt 0.000000 0.000000
vt 1.000000 0.000000
vt 0.000000 1.000000
vt 0.000000 0.000000
vt 1.000000 0.000000
vt 0.000000 1.000000
vt 0.000000 0.000000
vt 1.000000 0.000000
vt 0.000000 1.000000
vt 0.000000 0.000000
vt 1.000000 0.000000
vt 0.000000 1.000000
vt 0.000000 0.000000
vt 1.000000 0.000000
vt 0.000000 1.000000
vt 0.000000 0.000000
vt 1.000000 0.000000
vt 0.000000 1.000000
vt 0.000000 0.000000
vt 1.000000 0.000000
vt 0.000000 1.000000
vt 0.000000 0.000000
vt 1.000000 0.000000
vt 0.000000 1.000000
vt 0.000000 0.000000
vt 1.000000 0.000000
vt 0.000000 1.000000
vt 0.000000 0.000000
vt 1.000000 0.000000
vt 0.000000 1.000000
vt 0.000000 0.000000
vt 1.000000 0.000000
vt 0.000000 1.000000
vt 0.000000 0.000000
vt 1.000000 0.000000
vt 0.000000 1.000000
vt 0.000000 0.000000
vt 1.000000 0.000000
vt 0.000000 1.000000
vt 0.000000 0.000000
vt 1.000000 0.000000
vt 0.000000 1.000000
vt 0.000000 0.000000
vt 1.000000 0.000000
vt 0.000000 1.000000
vt 0.000000 0.000000
vt 1.000000 0.000000
vt 0.000000 1.000000
vt 0.000000 0.000000
vt 1.000000 0.000000
vt 0.000000 1.000000
vt 0.000000 0.000000
vt 1.000000 0.000000
vt 0.000000 1.000000
vt 0.000000 0.000000
vt 1.000000 0.000000
vt 0.000000 1.000000
vt 0.000000 0.000000
vt 1.000000 0.000000
vt 0.000000 1.000000
vt 0.000000 0.000000
vt 1.000000 0.000000
vt 0.000000 1.000000
vt 0.000000 0.000000
vt 1.000000 0.000000
vt 0.000000 1.000000
vt 0.000000 0.000000
vt 1.000000 0.000000
vt 0.000000 1.000000
vt 0.000000 0.000000
vt 1.000000 0.000000
vt 0.000000 1.000000
vt 0.000000 0.000000
vt 1.000000 0.000000
vt 0.000000 1.000000
vt 0.000000 0.000000
vt 1.000000 0.000000
vt 0.000000 1.000000
vt 0.000000 0.000000
vt 1.000000 0.000000
vt 0.000000 1.000000
vt 0.000000 0.000000
vt 1.000000 0.000000
vt 0.000000 1.000000
vt 0.000000 0.000000
vt 1.000000 0.000000
vt 0.000000 1.000000
vt 0.000000 0.000000
vt 1.000000 0.000000
vt 0.000000 1.000000
vt 0.000000 0.000000
vt 1.000000 0.000000
vt 0.000000 1.000000
vt 0.000000 0.000000
vt 1.000000 0.000000
vt 0.000000 1.000000
vt 0.000000 0.000000
vt 1.000000 0.000000
vt 0.000000 1.000000
vt 0.000000 0.000000
vt 1.000000 0.000000
vt 0.000000 1.000000
vt 0.000000 0.000000
vt 1.000000 0.000000
vt 0.000000 1.000000
vt 0.000000 0.000000
vt 1.000000 0.000000
vt 0.000000 1.000000
vt 0.000000 0.000000
vt 1.000000 0.000000
vt 0.000000 1.000000
vt 0.000000 0.000000
vt 1.000000 0.000000
vt 0.000000 1.000000
vt 0.000000 0.000000
vt 1.000000 0.000000
vt 0.000000 1.000000
vt 0.000000 0.000000
vt 1.000000 0.000000
vt 0.000000 1.000000
vt 0.000000 0.000000
vt 1.000000 0.000000
vt 0.000000 1.000000
vt 0.000000 0.000000
vt 1.000000 0.000000
vt 0.000000 1.000000
vt 0.000000 0.000000
vt 1.000000 0.000000
vt 0.000000 1.000000
vt 0.000000 0.000000
vt 1.000000 0.000000
vt 0.000000 1.000000
vt 0.000000 0.000000
vt 1.000000 0.000000
vt 0.000000 1.000000
vt 0.000000 0.000000
vt 1.000000 0.000000
vt 0.000000 1.000000
vt 0.000000 0.000000
vt 1.000000 0.000000
vt 0.000000 1.000000
vt 0.000000 0.000000
vt 1.000000 0.000000
vt 0.000000 1.000000
vt 0.000000 0.000000
vt 1.000000 0.000000
vt 0.000000 1.000000
vt 0.000000 0.000000
vt 1.000000 0.000000
vt 0.000000 1.000000
vt 0.000000 0.000000
vt 1.000000 0.000000
vt 0.000000 1.000000
vt 0.000000 0.000000
vt 1.000000 0.000000
vt 0.000000 1.000000
vt 0.000000 0.000000
vt 1.000000 0.000000
vt 0.000000 1.000000
vt 0.000000 0.000000
vt 1.000000 0.000000
vt 0.000000 1.000000
vt 0.000000 0.000000
vt 1.000000 0.000000
vt 0.000000 1.000000
vt 0.000000 0.000000
vt 1.000000 0.000000
vt 0.000000 1.000000
vt 0.000000 0.000000
vt 1.000000 0.000000
vt 0.000000 1.000000
vt 0.000000 0.000000
vt 1.000000 0.000000
vt 0.000000 1.000000
vt 0.000000 0.000000
vt 1.000000 0.000000
vt 0.000000 1.000000
vt 0.000000 0.000000
vt 1.000000 0.000000
vt 0.000000 1.000000
vt 0.000000 0.000000
vt 1.000000 0.000000
vt 0.000000 1.000000
vt 0.000000 0.000000
vt 1.000000 0.000000
vt 0.000000 1.000000
vt 0.000000 0.000000
vt 1.000000 0.000000
vt 0.000000 1.000000
vt 0.000000 0.000000
vt 1.000000 0.000000
vt 0.000000 1.000000
vt 0.000000 0.000000
vt 1.000000 0.000000
vt 0.000000 1.000000
vt 0.000000 0.000000
vt 1.000000 0.000000
vt 0.000000 1.000000
vt 0.000000 0.000000
vt 1.000000 0.000000
vt 0.000000 1.000000
vt 0.000000 0.000000
vt 1.000000 0.000000
vt 0.000000 1.000000
vt 0.000000 0.000000
vt 1.000000 0.000000
vt 0.000000 1.000000
vt 0.000000 0.000000
vt 1.000000 0.000000
vt 0.000000 1.000000
vt 0.000000 0.000000
vt 1.000000 0.000000
vt 0.000000 1.000000
vt 0.000000 0.000000
vt 1.000000 0.000000
vt 0.000000 1.000000
vt 0.000000 0.000000
vt 1.000000 0.000000
vt 0.000000 1.000000
vt 0.000000 0.000000
vt 1.000000 0.000000
vt 0.000000 1.000000
vt 0.000000 0.000000
vt 1.000000 0.000000
vt 0.000000 1.000000
vt 0.000000 0.000000
vt 1.000000 0.000000
vt 0.000000 1.000000
vt 0.000000 0.000000
vt 1.000000 0.000000
vt 0.000000 1.000000
vt 0.000000 0.000000
vt 1.000000 0.000000
vt 0.000000 1.000000
vt 0.000000 0.000000
vt 1.000000 0.000000
vt 0.000000 1.000000
vt 0.000000 0.000000
vt 1.000000 0.000000
vt 0.000000 1.000000
vt 0.000000 0.000000
vt 1.000000 0.000000
vt 0.000000 1.000000
vt 0.000000 0.000000
vt 1.000000 0.000000
vt 0.000000 1.000000
vt 0.000000 0.000000
vt 1.000000 0.000000
vt 0.000000 1.000000
vt 0.000000 0.000000
vt 1.000000 0.000000
vt 0.000000 1.000000
vt 0.000000 0.000000
vt 1.000000 0.000000
vt 0.000000 1.000000
vt 0.000000 0.000000
vt 1.000000 0.000000
vt 0.000000 1.000000
vt 0.000000 0.000000
vt 1.000000 0.000000
vt 0.000000 1.000000
vt 0.000000 0.000000
vt 1.000000 0.000000
vt 0.000000 1.000000
vt 0.000000 0.000000
vt 1.000000 0.000000
vt 0.000000 1.000000
vt 0.000000 0.000000
vt 1.000000 0.000000
vt 0.000000 1.000000
vt 0.000000 0.000000
vt 1.000000 0.000000
vt 0.000000 1.000000
vt 0.000000 0.000000
vt 1.000000 0.000000
vt 0.000000 1.000000
vt 0.000000 0.000000
vt 1.000000 0.000000
vt 0.000000 1.000000
vt 0.000000 0.000000
vt 1.000000 0.000000
vt 0.000000 1.000000
vt 0.000000 0.000000
vt 1.000000 0.000000
vt 0.000000 1.000000
vt 0.000000 0.000000
vt 1.000000 0.000000
vt 0.000000 1.000000
vt 0.000000 0.000000
vt 1.000000 0.000000
vt 0.000000 1.000000
vt 0.000000 0.000000
vt 1.000000 0.000000
vt 0.000000 1.000000
vt 0.000000 0.000000
vt 1.000000 0.000000
vt 0.000000 1.000000
vt 0.000000 0.000000
vt 1.000000 0.000000
vt 0.000000 1.000000
vt 0.000000 0.000000
vt 1.000000 0.000000
vt 0.000000 1.000000
vt 0.000000 0.000000
vt 1.000000 0.000000
vt 0.000000 1.000000
vt 0.000000 0.000000
vt 1.000000 0.000000
vt 0.000000 1.000000
vt 0.000000 0.000000
vt 1.000000 0.000000
vt 0.000000 1.000000
vt 0.000000 0.000000
vt 1.000000 0.000000
vt 0.000000 1.000000
vt 0.000000 0.000000
vt 1.000000 0.000000
vt 0.000000 1.000000
vt 0.000000 0.000000
vt 1.000000 0.000000
vt 0.000000 1.000000
vt 0.000000 0.000000
vt 1.000000 0.000000
vt 0.000000 1.000000
vt 0.000000 0.000000
vt 1.000000 0.000000
vt 0.000000 1.000000
vt 0.000000 0.000000
vt 1.000000 0.000000
vt 0.000000 1.000000
vt 0.000000 0.000000
vt 1.000000 0.000000
vt 0.000000 1.000000
vt 0.000000 0.000000
vt 1.000000 0.000000
vt 0.000000 1.000000
vt 0.000000 0.000000
vt 1.000000 0.000000
vt 0.000000 1.000000
vt 0.000000 0.000000
vt 1.000000 0.000000
vt 0.000000 1.000000
vt 0.000000 0.000000
vt 1.000000 0.000000
vt 0.000000 1.000000
vt 0.000000 0.000000
vt 1.000000 0.000000
vt 0.000000 1.000000
vt 0.000000 0.000000
vt 1.000000 0.000000
vt 0.000000 1.000000
vt 0.000000 0.000000
vt 1.000000 0.000000
vt 0.000000 1.000000
vt 0.000000 0.000000
vt 1.000000 0.000000
vt 0.000000 1.000000
vt 0.000000 0.000000
vt 1.000000 0.000000
vt 0.000000 1.000000
vt 0.000000 0.000000
vt 1.000000 0.000000
vt 0.000000 1.000000
vt 0.000000 0.000000
vt 1.000000 0.000000
vt 0.000000 1.000000
vt 0.000000 0.000000
vt 1.000000 0.000000
vt 0.000000 1.000000
vt 0.000000 0.000000
vt 1.000000 0.000000
vt 0.000000 1.000000
vt 0.000000 0.000000
vt 1.000000 0.000000
vt 0.000000 1.000000
vt 0.000000 0.000000
vt 1.000000 0.000000
vt 0.000000 1.000000
vt 0.000000 0.000000
vt 1.000000 0.000000
vt 0.000000 1.000000
vt 0.000000 0.000000
vt 1.000000 0.000000
vt 0.000000 1.000000
vt 0.000000 0.000000
vt 1.000000 0.000000
vt 0.000000 1.000000
vt 0.000000 0.000000
vt 1.000000 0.000000
vt 0.000000 1.000000
vt 0.000000 0.000000
vt 1.000000 0.000000
vt 0.000000 1.000000
vt 0.000000 0.000000
vt 1.000000 0.000000
vt 0.000000 1.000000
vt 0.000000 0.000000
vt 1.000000 0.000000
vt 0.000000 1.000000
vt 0.000000 0.000000
vt 1.000000 0.000000
vt 0.000000 1.000000
vt 0.000000 0.000000
vt 1.000000 0.000000
vt 0.000000 1.000000
vt 0.000000 0.000000
vt 1.000000 0.000000
vt 0.000000 1.000000
vt 0.000000 0.000000
vt 1.000000 0.000000
vt 0.000000 1.000000
vt 0.000000 0.000000
vt 1.000000 0.000000
vt 0.000000 1.000000
vt 0.000000 0.000000
vt 1.000000 0.000000
vt 0.000000 1.000000
vt 0.000000 0.000000
vt 1.000000 0.000000
vt 0.000000 1.000000
vt 0.000000 0.000000
vt 1.000000 0.000000
vt 0.000000 1.000000
vt 0.000000 0.000000
vt 1.000000 0.000000
vt 0.000000 1.000000
vt 0.000000 0.000000
vt 1.000000 0.000000
vt 0.000000 1.000000
vt 0.000000 0.000000
vt 1.000000 0.000000
vt 0.000000 1.000000
vt 0.000000 0.000000
vt 1.000000 0.000000
vt 0.000000 1.000000
vt 0.000000 0.000000
vt 1.000000 0.000000
vt 0.000000 1.000000
vt 0.000000 0.000000
vt 1.000000 0.000000
vt 0.000000 1.000000
vt 0.000000 0.000000
vt 1.000000 0.000000
vt 0.000000 1.000000
vt 0.000000 0.000000
vt 1.000000 0.000000
vt 0.000000 1.000000
vt 0.000000 0.000000
vt 1.000000 0.000000
vt 0.000000 1.000000
vt 0.000000 0.000000
vt 1.000000 0.000000
vt 0.000000 1.000000
vt 0.000000 0.000000
vt 1.000000 0.000000
vt 0.000000 1.000000
vt 0.000000 0.000000
vt 1.000000 0.000000
vt 0.000000 1.000000
vt 0.000000 0.000000
vt 1.000000 0.000000
vt 0.000000 1.000000
vt 0.000000 0.000000
vt 1.000000 0.000000
vt 0.000000 1.000000
vt 0.000000 0.000000
vt 1.000000 0.000000
vt 0.000000 1.000000
vt 0.000000 0.000000
vt 1.000000 0.000000
vt 0.000000 1.000000
vt 0.000000 0.000000
vt 1.000000 0.000000
vt 0.000000 1.000000
vt 0.000000 0.000000
vt 1.000000 0.000000
vt 0.000000 1.000000
vt 0.000000 0.000000
vt 1.000000 0.000000
vt 0.000000 1.000000
vt 0.000000 0.000000
vt 1.000000 0.000000
vt 0.000000 1.000000
vt 0.000000 0.000000
vt 1.000000 0.000000
vt 0.000000 1.000000
vt 0.000000 0.000000
vt 1.000000 0.000000
vt 0.000000 1.000000
vt 0.000000 0.000000
vt 1.000000 0.000000
vt 0.000000 1.000000
vt 0.000000 0.000000
vt 1.000000 0.000000
vt 0.000000 1.000000
vt 0.000000 0.000000
vt 1.000000 0.000000
vt 0.000000 1.000000
vt 0.000000 0.000000
vt 1.000000 0.000000
vt 0.000000 1.000000
vt 0.000000 0.000000
vt 1.000000 0.000000
vt 0.000000 1.000000
vt 0.000000 0.000000
vt 1.000000 0.000000
vt 0.000000 1.000000
vt 0.000000 0.000000
vt 1.000000 0.000000
vt 0.000000 1.000000
vt 0.000000 0.000000
vt 1.000000 0.000000
vt 0.000000 1.000000
vt 0.000000 0.000000
vt 1.000000 0.000000
vt 0.000000 1.000000
vt 0.000000 0.000000
vt 1.000000 0.000000
vt 0.000000 1.000000
vt 0.000000 0.000000
vt 1.000000 0.000000
vt 0.000000 1.000000
vt 0.000000 0.000000
vt 1.000000 0.000000
vt 0.000000 1.000000
vt 0.000000 0.000000
vt 1.000000 0.000000
vt 0.000000 1.000000
vt 0.000000 0.000000
vt 1.000000 0.000000
vt 0.000000 1.000000
vt 0.000000 0.000000
vt 1.000000 0.000000
vt 0.000000 1.000000
vt 0.000000 0.000000
vt 1.000000 0.000000
vt 0.000000 1.000000
vt 0.000000 0.000000
vt 1.000000 0.000000
vt 0.000000 1.000000
vt 0.000000 0.000000
vt 1.000000 0.000000
vt 0.000000 1.000000
vt 0.000000 0.000000
vt 1.000000 0.000000
vt 0.000000 1.000000
vt 0.000000 0.000000
vt 1.000000 0.000000
vt 0.000000 1.000000
vt 0.000000 0.000000
vt 1.000000 0.000000
vt 0.000000 1.000000
vt 0.000000 0.000000
vt 1.000000 0.000000
vt 0.000000 1.000000
vt 0.000000 0.000000
vt 1.000000 0.000000
vt 0.000000 1.000000
vt 0.000000 0.000000
vt 1.000000 0.000000
vt 0.000000 1.000000
vt 0.000000 0.000000
vt 1.000000 0.000000
vt 0.000000 1.000000
vt 0.000000 0.000000
vt 1.000000 0.000000
vt 0.000000 1.000000
vt 0.000000 0.000000
vt 1.000000 0.000000
vt 0.000000 1.000000
vt 0.000000 0.000000
vt 1.000000 0.000000
vt 0.000000 1.000000
vt 0.000000 0.000000
vt 1.000000 0.000000
vt 0.000000 1.000000
vt 0.000000 0.000000
vt 1.000000 0.000000
vt 0.000000 1.000000
vt 0.000000 0.000000
vt 1.000000 0.000000
vt 0.000000 1.000000
vt 0.000000 0.000000
vt 1.000000 0.000000
vt 0.000000 1.000000
vt 0.000000 0.000000
vt 1.000000 0.000000
vt 0.000000 1.000000
vt 0.000000 0.000000
vt 1.000000 0.000000
vt 0.000000 1.000000
vt 0.000000 0.000000
vt 1.000000 0.000000
vt 0.000000 1.000000
vt 0.000000 0.000000
vt 1.000000 0.000000
vt 0.000000 1.000000
vt 0.000000 0.000000
vt 1.000000 0.000000
vt 0.000000 1.000000
vt 0.000000 0.000000
vt 1.000000 0.000000
vt 0.000000 1.000000
vt 0.000000 0.000000
vt 1.000000 0.000000
vt 0.000000 1.000000
vt 0.000000 0.000000
vt 1.000000 0.000000
vt 0.000000 1.000000
vt 0.000000 0.000000
vt 1.000000 0.000000
vt 0.000000 1.000000
vt 0.000000 0.000000
vt 1.000000 0.000000
vt 0.000000 1.000000
vt 0.000000 0.000000
vt 1.000000 0.000000
vt 0.000000 1.000000
vt 0.000000 0.000000
vt 1.000000 0.000000
vt 0.000000 1.000000
vt 0.000000 0.000000
vt 1.000000 0.000000
vt 0.000000 1.000000
vt 0.000000 0.000000
vt 1.000000 0.000000
vt 0.000000 1.000000
vt 0.000000 0.000000
vt 1.000000 0.000000
vt 0.000000 1.000000
vt 0.000000 0.000000
vt 1.000000 0.000000
vt 0.000000 1.000000
vt 0.000000 0.000000
vt 1.000000 0.000000
vt 0.000000 1.000000
vt 0.000000 0.000000
vt 1.000000 0.000000
vt 0.000000 1.000000
vt 0.000000 0.000000
vt 1.000000 0.000000
vt 0.000000 1.000000
vt 0.000000 0.000000
vt 1.000000 0.000000
vt 0.000000 1.000000
vt 0.000000 0.000000
vt 1.000000 0.000000
vt 0.000000 1.000000
vt 0.000000 0.000000
vt 1.000000 0.000000
vt 0.000000 1.000000
vt 0.000000 0.000000
vt 1.000000 0.000000
vt 0.000000 1.000000
vt 0.000000 0.000000
vt 1.000000 0.000000
vt 0.000000 1.000000
vt 0.000000 0.000000
vt 1.000000 0.000000
vt 0.000000 1.000000
vt 0.000000 0.000000
vt 1.000000 0.000000
vt 0.000000 1.000000
vt 0.000000 0.000000
vt 1.000000 0.000000
vt 0.000000 1.000000
vt 0.000000 0.000000
vt 1.000000 0.000000
vt 0.000000 1.000000
vt 0.000000 0.000000
vt 1.000000 0.000000
vt 0.000000 1.000000
vt 0.000000 0.000000
vt 1.000000 0.000000
vt 0.000000 1.000000
vt 0.000000 0.000000
vt 1.000000 0.000000
vt 0.000000 1.000000
vt 0.000000 0.000000
vt 1.000000 0.000000
vt 0.000000 1.000000
vt 0.000000 0.000000
vt 1.000000 0.000000
vt 0.000000 1.000000
vt 0.000000 0.000000
vt 1.000000 0.000000
vt 0.000000 1.000000
vt 0.000000 0.000000
vt 1.000000 0.000000
vt 0.000000 1.000000
vt 0.000000 0.000000
vt 1.000000 0.000000
vt 0.000000 1.000000
vt 0.000000 0.000000
vt 1.000000 0.000000
vt 0.000000 1.000000
vt 0.000000 0.000000
vt 1.000000 0.000000
vt 0.000000 1.000000
vt 0.000000 0.000000
vt 1.000000 0.000000
vt 0.000000 1.000000
vt 0.000000 0.000000
vt 1.000000 0.000000
vt 0.000000 1.000000
vt 0.000000 0.000000
vt 1.000000 0.000000
vt 0.000000 1.000000
vt 0.000000 0.000000
vt 1.000000 0.000000
vt 0.000000 1.000000
vt 0.000000 0.000000
vt 1.000000 0.000000
vt 0.000000 1.000000
vt 0.000000 0.000000
vt 1.000000 0.000000
vt 0.000000 1.000000
vt 0.000000 0.000000
vt 1.000000 0.000000
vt 0.000000 1.000000
vt 0.000000 0.000000
vt 1.000000 0.000000
vt 0.000000 1.000000
vt 0.000000 0.000000
vt 1.000000 0.000000
vt 0.000000 1.000000
vt 0.000000 0.000000
vt 1.000000 0.000000
vt 0.000000 1.000000
vt 0.000000 0.000000
vt 1.000000 0.000000
vt 0.000000 1.000000
vt 0.000000 0.000000
vt 1.000000 0.000000
vt 0.000000 1.000000
vt 0.000000 0.000000
vt 1.000000 0.000000
vt 0.000000 1.000000
vt 0.000000 0.000000
vt 1.000000 0.000000
vt 0.000000 1.000000
vt 0.000000 0.000000
vt 1.000000 0.000000
vt 0.000000 1.000000
vt 0.000000 0.000000
vt 1.000000 0.000000
vt 0.000000 1.000000
vt 0.000000 0.000000
vt 1.000000 0.000000
vt 0.000000 1.000000
vt 0.000000 0.000000
vt 1.000000 0.000000
vt 0.000000 1.000000
vt 0.000000 0.000000
vt 1.000000 0.000000
vt 0.000000 1.000000
vt 0.000000 0.000000
vt 1.000000 0.000000
vt 0.000000 1.000000
vt 0.000000 0.000000
vt 1.000000 0.000000
vt 0.000000 1.000000
vt 0.000000 0.000000
vt 1.000000 0.000000
vt 0.000000 1.000000
vt 0.000000 0.000000
vt 1.000000 0.000000
vt 0.000000 1.000000
vt 0.000000 0.000000
vt 1.000000 0.000000
vt 0.000000 1.000000
vt 0.000000 0.000000
vt 1.000000 0.000000
vt 0.000000 1.000000
vt 0.000000 0.000000
vt 1.000000 0.000000
vt 0.000000 1.000000
vt 0.000000 0.000000
vt 1.000000 0.000000
vt 0.000000 1.000000
vt 0.000000 0.000000
vt 1.000000 0.000000
vt 0.000000 1.000000
vt 0.000000 0.000000
vt 1.000000 0.000000
vt 0.000000 1.000000
vt 0.000000 0.000000
vt 1.000000 0.000000
vt 0.000000 1.000000
vt 0.000000 0.000000
vt 1.000000 0.000000
vt 0.000000 1.000000
vt 0.000000 0.000000
vt 1.000000 0.000000
vt 0.000000 1.000000
vt 0.000000 0.000000
vt 1.000000 0.000000
vt 0.000000 1.000000
vt 0.000000 0.000000
vt 1.000000 0.000000
vt 0.000000 1.000000
vt 0.000000 0.000000
vt 1.000000 0.000000
vt 0.000000 1.000000
vt 0.000000 0.000000
vt 1.000000 0.000000
vt 0.000000 1.000000
vt 0.000000 0.000000
vt 1.000000 0.000000
vt 0.000000 1.000000
vt 0.000000 0.000000
vt 1.000000 0.000000
vt 0.000000 1.000000
vt 0.000000 0.000000
vt 1.000000 0.000000
vt 0.000000 1.000000
vt 0.000000 0.000000
vt 1.000000 0.000000
vt 0.000000 1.000000
vt 0.000000 0.000000
vt 1.000000 0.000000
vt 0.000000 1.000000
vt 0.000000 0.000000
vt 1.000000 0.000000
vt 0.000000 1.000000
vt 0.000000 0.000000
vt 1.000000 0.000000
vt 0.000000 1.000000
vt 0.000000 0.000000
vt 1.000000 0.000000
vt 0.000000 1.000000
vt 0.000000 0.000000
vt 1.000000 0.000000
vt 0.000000 1.000000
vt 0.000000 0.000000
vt 1.000000 0.000000
vt 0.000000 1.000000
vt 0.000000 0.000000
vt 1.000000 0.000000
vt 0.000000 1.000000
vt 0.000000 0.000000
vt 1.000000 0.000000
vt 0.000000 1.000000
vt 0.000000 0.000000
vt 1.000000 0.000000
vt 0.000000 1.000000
vt 0.000000 0.000000
vt 1.000000 0.000000
vt 0.000000 1.000000
vt 0.000000 0.000000
vt 1.000000 0.000000
vt 0.000000 1.000000
vt 0.000000 0.000000
vt 1.000000 0.000000
vt 0.000000 1.000000
vt 0.000000 0.000000
vt 1.000000 0.000000
vt 0.000000 1.000000
vt 0.000000 0.000000
vt 1.000000 0.000000
vt 0.000000 1.000000
vt 0.000000 0.000000
vt 1.000000 0.000000
vt 0.000000 1.000000
vt 0.000000 0.000000
vt 1.000000 0.000000
vt 0.000000 1.000000
vt 0.000000 0.000000
vt 1.000000 0.000000
vt 0.000000 1.000000
vt 0.000000 0.000000
vt 1.000000 0.000000
vt 0.000000 1.000000
vt 0.000000 0.000000
vt 1.000000 0.000000
vt 0.000000 1.000000
vt 0.000000 0.000000
vt 1.000000 0.000000
vt 0.000000 1.000000
vt 0.000000 0.000000
vt 1.000000 0.000000
vt 0.000000 1.000000
vt 0.000000 0.000000
vt 1.000000 0.000000
vt 0.000000 1.000000
vt 0.000000 0.000000
vt 1.000000 0.000000
vt 0.000000 1.000000
vt 0.000000 0.000000
vt 1.000000 0.000000
vt 0.000000 1.000000
vt 0.000000 0.000000
vt 1.000000 0.000000
vt 0.000000 1.000000
vt 0.000000 0.000000
vt 1.000000 0.000000
vt 0.000000 1.000000
vt 0.000000 0.000000
vt 1.000000 0.000000
vt 0.000000 1.000000
vt 0.000000 0.000000
vt 1.000000 0.000000
vt 0.000000 1.000000
vt 0.000000 0.000000
vt 1.000000 0.000000
vt 0.000000 1.000000
vt 0.000000 0.000000
vt 1.000000 0.000000
vt 0.000000 1.000000
vt 0.000000 0.000000
vt 1.000000 0.000000
vt 0.000000 1.000000
vt 0.000000 0.000000
vt 1.000000 0.000000
vt 0.000000 1.000000
vt 0.000000 0.000000
vt 1.000000 0.000000
vt 0.000000 1.000000
vt 0.000000 0.000000
vt 1.000000 0.000000
vt 0.000000 1.000000
vt 0.000000 0.000000
vt 1.000000 0.000000
vt 0.000000 1.000000
vt 0.000000 0.000000
vt 1.000000 0.000000
vt 0.000000 1.000000
vt 0.000000 0.000000
vt 1.000000 0.000000
vt 0.000000 1.000000
vt 0.000000 0.000000
vt 1.000000 0.000000
vt 0.000000 1.000000
vt 0.000000 0.000000
vt 1.000000 0.000000
vt 0.000000 1.000000
vt 0.000000 0.000000
vt 1.000000 0.000000
vt 0.000000 1.000000
vt 0.000000 0.000000
vt 1.000000 0.000000
vt 0.000000 1.000000
vt 0.000000 0.000000
vt 1.000000 0.000000
vt 0.000000 1.000000
vt 0.000000 0.000000
vt 1.000000 0.000000
vt 0.000000 1.000000
vt 0.000000 0.000000
vt 1.000000 0.000000
vt 0.000000 1.000000
vt 0.000000 0.000000
vt 1.000000 0.000000
vt 0.000000 1.000000
vt 0.000000 0.000000
vt 1.000000 0.000000
vt 0.000000 1.000000
vt 0.000000 0.000000
vt 1.000000 0.000000
vt 0.000000 1.000000
vt 0.000000 0.000000
vt 1.000000 0.000000
vt 0.000000 1.000000
vt 0.000000 0.000000
vt 1.000000 0.000000
vt 0.000000 1.000000
vt 0.000000 0.000000
vt 1.000000 0.000000
vt 0.000000 1.000000
vt 0.000000 0.000000
vt 1.000000 0.000000
vt 0.000000 1.000000
vt 0.000000 0.000000
vt 1.000000 0.000000
vt 0.000000 1.000000
vt 0.000000 0.000000
vt 1.000000 0.000000
vt 0.000000 1.000000
vt 0.000000 0.000000
vt 1.000000 0.000000
vt 0.000000 1.000000
vt 0.000000 0.000000
vt 1.000000 0.000000
vt 0.000000 1.000000
vt 0.000000 0.000000
vt 1.000000 0.000000
vt 0.000000 1.000000
vt 0.000000 0.000000
vt 1.000000 0.000000
vt 0.000000 1.000000
vt 0.000000 0.000000
vt 1.000000 0.000000
vt 0.000000 1.000000
vt 0.000000 0.000000
vt 1.000000 0.000000
vt 0.000000 1.000000
vt 0.000000 0.000000
vt 1.000000 0.000000
vt 0.000000 1.000000
vt 0.000000 0.000000
vt 1.000000 0.000000
vt 0.000000 1.000000
vt 0.000000 0.000000
vt 1.000000 0.000000
vt 0.000000 1.000000
vt 0.000000 0.000000
vt 1.000000 0.000000
vt 0.000000 1.000000
vt 0.000000 0.000000
vt 1.000000 0.000000
vt 0.000000 1.000000
vt 0.000000 0.000000
vt 1.000000 0.000000
vt 0.000000 1.000000
vt 0.000000 0.000000
vt 1.000000 0.000000
vt 0.000000 1.000000
vt 0.000000 0.000000
vt 1.000000 0.000000
vt 0.000000 1.000000
vt 0.000000 0.000000
vt 1.000000 0.000000
vt 0.000000 1.000000
vt 0.000000 0.000000
vt 1.000000 0.000000
vt 0.000000 1.000000
vt 0.000000 0.000000
vt 1.000000 0.000000
vt 0.000000 1.000000
vt 0.000000 0.000000
vt 1.000000 0.000000
vt 0.000000 1.000000
vt 0.000000 0.000000
vt 1.000000 0.000000
vt 0.000000 1.000000
vt 0.000000 0.000000
vt 1.000000 0.000000
vt 0.000000 1.000000
vt 0.000000 0.000000
vt 1.000000 0.000000
vt 0.000000 1.000000
vt 0.000000 0.000000
vt 1.000000 0.000000
vt 0.000000 1.000000
vt 0.000000 0.000000
vt 1.000000 0.000000
vt 0.000000 1.000000
vt 0.000000 0.000000
vt 1.000000 0.000000
vt 0.000000 1.000000
vt 0.000000 0.000000
vt 1.000000 0.000000
vt 0.000000 1.000000
vt 0.000000 0.000000
vt 1.000000 0.000000
vt 0.000000 1.000000
vt 0.000000 0.000000
vt 1.000000 0.000000
vt 0.000000 1.000000
vt 0.000000 0.000000
vt 1.000000 0.000000
vt 0.000000 1.000000
vt 0.000000 0.000000
vt 1.000000 0.000000
vt 0.000000 1.000000
vt 0.000000 0.000000
vt 1.000000 0.000000
vt 0.000000 1.000000
vt 0.000000 0.000000
vt 1.000000 0.000000
vt 0.000000 1.000000
vt 0.000000 0.000000
vt 1.000000 0.000000
vt 0.000000 1.000000
vt 0.000000 0.000000
vt 1.000000 0.000000
vt 0.000000 1.000000
vt 0.000000 0.000000
vt 1.000000 0.000000
vt 0.000000 1.000000
vt 0.000000 0.000000
vt 1.000000 0.000000
vt 0.000000 1.000000
vt 0.000000 0.000000
vt 1.000000 0.000000
vt 0.000000 1.000000
vt 0.000000 0.000000
vt 1.000000 0.000000
vt 0.000000 1.000000
vt 0.000000 0.000000
vt 1.000000 0.000000
vt 0.000000 1.000000
vt 0.000000 0.000000
vt 1.000000 0.000000
vt 0.000000 1.000000
vt 0.000000 0.000000
vt 1.000000 0.000000
vt 0.000000 1.000000
vt 0.000000 0.000000
vt 1.000000 0.000000
vt 0.000000 1.000000
vt 0.000000 0.000000
vt 1.000000 0.000000
vt 0.000000 1.000000
vt 0.000000 0.000000
vt 1.000000 0.000000
vt 0.000000 1.000000
vt 0.000000 0.000000
vt 1.000000 0.000000
vt 0.000000 1.000000
vt 0.000000 0.000000
vt 1.000000 0.000000
vt 0.000000 1.000000
vt 0.000000 0.000000
vt 1.000000 0.000000
vt 0.000000 1.000000
vt 0.000000 0.000000
vt 1.000000 0.000000
vt 0.000000 1.000000
vt 0.000000 0.000000
vt 1.000000 0.000000
vt 0.000000 1.000000
vt 0.000000 0.000000
vt 1.000000 0.000000
vt 0.000000 1.000000
vt 0.000000 0.000000
vt 1.000000 0.000000
vt 0.000000 1.000000
vt 0.000000 0.000000
vt 1.000000 0.000000
vt 0.000000 1.000000
vt 0.000000 0.000000
vt 1.000000 0.000000
vt 0.000000 1.000000
vt 0.000000 0.000000
vt 1.000000 0.000000
vt 0.000000 1.000000
vt 0.000000 0.000000
vt 1.000000 0.000000
vt 0.000000 1.000000
vt 0.000000 0.000000
vt 1.000000 0.000000
vt 0.000000 1.000000
vt 0.000000 0.000000
vt 1.000000 0.000000
vt 0.000000 1.000000
vt 0.000000 0.000000
vt 1.000000 0.000000
vt 0.000000 1.000000
vt 0.000000 0.000000
vt 1.000000 0.000000
vt 0.000000 1.000000
vt 0.000000 0.000000
vt 1.000000 0.000000
vt 0.000000 1.000000
vt 0.000000 0.000000
vt 1.000000 0.000000
vt 0.000000 1.000000
vt 0.000000 0.000000
vt 1.000000 0.000000
vt 0.000000 1.000000
vt 0.000000 0.000000
vt 1.000000 0.000000
vt 0.000000 1.000000
vt 0.000000 0.000000
vt 1.000000 0.000000
vt 0.000000 1.000000
vt 0.000000 0.000000
vt 1.000000 0.000000
vt 0.000000 1.000000
vt 0.000000 0.000000
vt 1.000000 0.000000
vt 0.000000 1.000000
vt 0.000000 0.000000
vt 1.000000 0.000000
vt 0.000000 1.000000
vt 0.000000 0.000000
vt 1.000000 0.000000
vt 0.000000 1.000000
vt 0.000000 0.000000
vt 1.000000 0.000000
vt 0.000000 1.000000
vt 0.000000 0.000000
vt 1.000000 0.000000
vt 0.000000 1.000000
vt 0.000000 0.000000
vt 1.000000 0.000000
vt 0.000000 1.000000
vt 0.000000 0.000000
vt 1.000000 0.000000
vt 0.000000 1.000000
vt 0.000000 0.000000
vt 1.000000 0.000000
vt 0.000000 1.000000
vt 0.000000 0.000000
vt 1.000000 0.000000
vt 0.000000 1.000000
vt 0.000000 0.000000
vt 1.000000 0.000000
vt 0.000000 1.000000
vt 0.000000 0.000000
vt 1.000000 0.000000
vt 0.000000 1.000000
vt 0.000000 0.000000
vt 1.000000 0.000000
vt 0.000000 1.000000
vt 0.000000 0.000000
vt 1.000000 0.000000
vt 0.000000 1.000000
vt 0.000000 0.000000
vt 1.000000 0.000000
vt 0.000000 1.000000
vt 0.000000 0.000000
vt 1.000000 0.000000
vt 0.000000 1.000000
vt 0.000000 0.000000
vt 1.000000 0.000000
vt 0.000000 1.000000
vt 0.000000 0.000000
vt 1.000000 0.000000
vt 0.000000 1.000000
vt 0.000000 0.000000
vt 1.000000 0.000000
vt 0.000000 1.000000
vt 0.000000 0.000000
vt 1.000000 0.000000
vt 0.000000 1.000000
vt 0.000000 0.000000
vt 1.000000 0.000000
vt 0.000000 1.000000
vt 0.000000 0.000000
vt 1.000000 0.000000
vt 0.000000 1.000000
vt 0.000000 0.000000
vt 1.000000 0.000000
vt 0.000000 1.000000
vt 0.000000 0.000000
vt 1.000000 0.000000
vt 0.000000 1.000000
vt 0.000000 0.000000
vt 1.000000 0.000000
vt 0.000000 1.000000
vt 0.000000 0.000000
vt 1.000000 0.000000
vt 0.000000 1.000000
vt 0.000000 0.000000
vt 1.000000 0.000000
vt 0.000000 1.000000
vt 0.000000 0.000000
vt 1.000000 0.000000
vt 0.000000 1.000000
vt 0.000000 0.000000
vt 1.000000 0.000000
vt 0.000000 1.000000
vt 0.000000 0.000000
vt 1.000000 0.000000
vt 0.000000 1.000000
vt 0.000000 0.000000
vt 1.000000 0.000000
vt 0.000000 1.000000
vt 0.000000 0.000000
vt 1.000000 0.000000
vt 0.000000 1.000000
vt 0.000000 0.000000
vt 1.000000 0.000000
vt 0.000000 1.000000
vt 0.000000 0.000000
vt 1.000000 0.000000
vt 0.000000 1.000000
vt 0.000000 0.000000
vt 1.000000 0.000000
vt 0.000000 1.000000
vt 0.000000 0.000000
vt 1.000000 0.000000
vt 0.000000 1.000000
vt 0.000000 0.000000
vt 1.000000 0.000000
vt 0.000000 1.000000
vt 0.000000 0.000000
vt 1.000000 0.000000
vt 0.000000 1.000000
vt 0.000000 0.000000
vt 1.000000 0.000000
vt 0.000000 1.000000
vt 0.000000 0.000000
vt 1.000000 0.000000
vt 0.000000 1.000000
vt 0.000000 0.000000
vt 1.000000 0.000000
vt 0.000000 1.000000
vt 0.000000 0.000000
vt 1.000000 0.000000
vt 0.000000 1.000000
vt 0.000000 0.000000
vt 1.000000 0.000000
vt 0.000000 1.000000
vt 0.000000 0.000000
vt 1.000000 0.000000
vt 0.000000 1.000000
vt 0.000000 0.000000
vt 1.000000 0.000000
vt 0.000000 1.000000
vt 0.000000 0.000000
vt 1.000000 0.000000
vt 0.000000 1.000000
vt 0.000000 0.000000
vt 1.000000 0.000000
vt 0.000000 1.000000
vt 0.000000 0.000000
vt 1.000000 0.000000
vt 0.000000 1.000000
vt 0.000000 0.000000
vt 1.000000 0.000000
vt 0.000000 1.000000
vt 0.000000 0.000000
vt 1.000000 0.000000
vt 0.000000 1.000000
vt 0.000000 0.000000
vt 1.000000 0.000000
vt 0.000000 1.000000
vt 0.000000 0.000000
vt 1.000000 0.000000
vt 0.000000 1.000000
vt 0.000000 0.000000
vt 1.000000 0.000000
vt 0.000000 1.000000
vt 0.000000 0.000000
vt 1.000000 0.000000
vt 0.000000 1.000000
vt 0.000000 0.000000
vt 1.000000 0.000000
vt 0.000000 1.000000
vt 0.000000 0.000000
vt 1.000000 0.000000
vt 0.000000 1.000000
vt 0.000000 0.000000
vt 1.000000 0.000000
vt 0.000000 1.000000
vt 0.000000 0.000000
vt 1.000000 0.000000
vt 0.000000 1.000000
vt 0.000000 0.000000
vt 1.000000 0.000000
vt 0.000000 1.000000
vt 0.000000 0.000000
vt 1.000000 0.000000
vt 0.000000 1.000000
vt 0.000000 0.000000
vt 1.000000 0.000000
vt 0.000000 1.000000
vt 0.000000 0.000000
vt 1.000000 0.000000
vt 0.000000 1.000000
vt 0.000000 0.000000
vt 1.000000 0.000000
vt 0.000000 1.000000
vt 0.000000 0.000000
vt 1.000000 0.000000
vt 0.000000 1.000000
vt 0.000000 0.000000
vt 1.000000 0.000000
vt 0.000000 1.000000
vt 0.000000 0.000000
vt 1.000000 0.000000
vt 0.000000 1.000000
vt 0.000000 0.000000
vt 1.000000 0.000000
vt 0.000000 1.000000
vt 0.000000 0.000000
vt 1.000000 0.000000
vt 0.000000 1.000000
vt 0.000000 0.000000
vt 1.000000 0.000000
vt 0.000000 1.000000
vt 0.000000 0.000000
vt 1.000000 0.000000
vt 0.000000 1.000000
vt 0.000000 0.000000
vt 1.000000 0.000000
vt 0.000000 1.000000
vt 0.000000 0.000000
vt 1.000000 0.000000
vt 0.000000 1.000000
vt 0.000000 0.000000
vt 1.000000 0.000000
vt 0.000000 1.000000
vt 0.000000 0.000000
vt 1.000000 0.000000
vt 0.000000 1.000000
vt 0.000000 0.000000
vt 1.000000 0.000000
vt 0.000000 1.000000
vt 0.000000 0.000000
vt 1.000000 0.000000
vt 0.000000 1.000000
vt 0.000000 0.000000
vt 1.000000 0.000000
vt 0.000000 1.000000
vt 0.000000 0.000000
vt 1.000000 0.000000
vt 0.000000 1.000000
vt 0.000000 0.000000
vt 1.000000 0.000000
vt 0.000000 1.000000
vt 0.000000 0.000000
vt 1.000000 0.000000
vt 0.000000 1.000000
vt 0.000000 0.000000
vt 1.000000 0.000000
vt 0.000000 1.000000
vt 0.000000 0.000000
vt 1.000000 0.000000
vt 0.000000 1.000000
vt 0.000000 0.000000
vt 1.000000 0.000000
vt 0.000000 1.000000
vt 0.000000 0.000000
vt 1.000000 0.000000
vt 0.000000 1.000000
vt 0.000000 0.000000
vt 1.000000 0.000000
vt 0.000000 1.000000
vt 0.000000 0.000000
vt 1.000000 0.000000
vt 0.000000 1.000000
vt 0.000000 0.000000
vt 1.000000 0.000000
vt 0.000000 1.000000
vt 0.000000 0.000000
vt 1.000000 0.000000
vt 0.000000 1.000000
vt 0.000000 0.000000
vt 1.000000 0.000000
vt 0.000000 1.000000
vt 0.000000 0.000000
vt 1.000000 0.000000
vt 0.000000 1.000000
vt 0.000000 0.000000
vt 1.000000 0.000000
vt 0.000000 1.000000
vt 0.000000 0.000000
vt 1.000000 0.000000
vt 0.000000 1.000000
vt 0.000000 0.000000
vt 1.000000 0.000000
vt 0.000000 1.000000
vt 0.000000 0.000000
vt 1.000000 0.000000
vt 0.000000 1.000000
vt 0.000000 0.000000
vt 1.000000 0.000000
vt 0.000000 1.000000
vt 0.000000 0.000000
vt 1.000000 0.000000
vt 0.000000 1.000000
vt 0.000000 0.000000
vt 1.000000 0.000000
vt 0.000000 1.000000
vt 0.000000 0.000000
vt 1.000000 0.000000
vt 0.000000 1.000000
vt 0.000000 0.000000
vt 1.000000 0.000000
vt 0.000000 1.000000
vt 0.000000 0.000000
vt 1.000000 0.000000
vt 0.000000 1.000000
vt 0.000000 0.000000
vt 1.000000 0.000000
vt 0.000000 1.000000
vt 0.000000 0.000000
vt 1.000000 0.000000
vt 0.000000 1.000000
vt 0.000000 0.000000
vt 1.000000 0.000000
vt 0.000000 1.000000
vt 0.000000 0.000000
vt 1.000000 0.000000
vt 0.000000 1.000000
vt 0.000000 0.000000
vt 1.000000 0.000000
vt 0.000000 1.000000
vt 0.000000 0.000000
vt 1.000000 0.000000
vt 0.000000 1.000000
vt 0.000000 0.000000
vt 1.000000 0.000000
vt 0.000000 1.000000
vt 0.000000 0.000000
vt 1.000000 0.000000
vt 0.000000 1.000000
vt 0.000000 0.000000
vt 1.000000 0.000000
vt 0.000000 1.000000
vt 0.000000 0.000000
vt 1.000000 0.000000
vt 0.000000 1.000000
vt 0.000000 0.000000
vt 1.000000 0.000000
vt 0.000000 1.000000
vt 0.000000 0.000000
vt 1.000000 0.000000
vt 0.000000 1.000000
vt 0.000000 0.000000
vt 1.000000 0.000000
vt 0.000000 1.000000
vt 0.000000 0.000000
vt 1.000000 0.000000
vt 0.000000 1.000000
vt 0.000000 0.000000
vt 1.000000 0.000000
vt 0.000000 1.000000
vt 0.000000 0.000000
vt 1.000000 0.000000
vt 0.000000 1.000000
vt 0.000000 0.000000
vt 1.000000 0.000000
vt 0.000000 1.000000
vt 0.000000 0.000000
vt 1.000000 0.000000
vt 0.000000 1.000000
vt 0.000000 0.000000
vt 1.000000 0.000000
vt 0.000000 1.000000
vt 0.000000 0.000000
vt 1.000000 0.000000
vt 0.000000 1.000000
vt 0.000000 0.000000
vt 1.000000 0.000000
vt 0.000000 1.000000
vt 0.000000 0.000000
vt 1.000000 0.000000
vt 0.000000 1.000000
vt 0.000000 0.000000
vt 1.000000 0.000000
vt 0.000000 1.000000
vt 0.000000 0.000000
vt 1.000000 0.000000
vt 0.000000 1.000000
vt 0.000000 0.000000
vt 1.000000 0.000000
vt 0.000000 1.000000
vt 0.000000 0.000000
vt 1.000000 0.000000
vt 0.000000 1.000000
vt 0.000000 0.000000
vt 1.000000 0.000000
vt 0.000000 1.000000
vt 0.000000 0.000000
vt 1.000000 0.000000
vt 0.000000 1.000000
vt 0.000000 0.000000
vt 1.000000 0.000000
vt 0.000000 1.000000
vt 0.000000 0.000000
vt 1.000000 0.000000
vt 0.000000 1.000000
vt 0.000000 0.000000
vt 1.000000 0.000000
vt 0.000000 1.000000
vt 0.000000 0.000000
vt 1.000000 0.000000
vt 0.000000 1.000000
vt 0.000000 0.000000
vt 1.000000 0.000000
vt 0.000000 1.000000
vt 0.000000 0.000000
vt 1.000000 0.000000
vt 0.000000 1.000000
vt 0.000000 0.000000
vt 1.000000 0.000000
vt 0.000000 1.000000
vt 0.000000 0.000000
vt 1.000000 0.000000
vt 0.000000 1.000000
vt 0.000000 0.000000
vt 1.000000 0.000000
vt 0.000000 1.000000
vt 0.000000 0.000000
vt 1.000000 0.000000
vt 0.000000 1.000000
vt 0.000000 0.000000
vt 1.000000 0.000000
vt 0.000000 1.000000
vt 0.000000 0.000000
vt 1.000000 0.000000
vt 0.000000 1.000000
vt 0.000000 0.000000
vt 1.000000 0.000000
vt 0.000000 1.000000
vt 0.000000 0.000000
vt 1.000000 0.000000
vt 0.000000 1.000000
vt 0.000000 0.000000
vt 1.000000 0.000000
vt 0.000000 1.000000
vt 0.000000 0.000000
vt 1.000000 0.000000
vt 0.000000 1.000000
vt 0.000000 0.000000
vt 1.000000 0.000000
vt 0.000000 1.000000
vt 0.000000 0.000000
vt 1.000000 0.000000
vt 0.000000 1.000000
vt 0.000000 0.000000
vt 1.000000 0.000000
vt 0.000000 1.000000
vt 0.000000 0.000000
vt 1.000000 0.000000
vt 0.000000 1.000000
vt 0.000000 0.000000
vt 1.000000 0.000000
vt 0.000000 1.000000
vt 0.000000 0.000000
vt 1.000000 0.000000
vt 0.000000 1.000000
vt 0.000000 0.000000
vt 1.000000 0.000000
vt 0.000000 1.000000
vt 0.000000 0.000000
vt 1.000000 0.000000
vt 0.000000 1.000000
vt 0.000000 0.000000
vt 1.000000 0.000000
vt 0.000000 1.000000
vt 0.000000 0.000000
vt 1.000000 0.000000
vt 0.000000 1.000000
vt 0.000000 0.000000
vt 1.000000 0.000000
vt 0.000000 1.000000
vt 0.000000 0.000000
vt 1.000000 0.000000
vt 0.000000 1.000000
vt 0.000000 0.000000
vt 1.000000 0.000000
vt 0.000000 1.000000
vt 0.000000 0.000000
vt 1.000000 0.000000
vt 0.000000 1.000000
vt 0.000000 0.000000
vt 1.000000 0.000000
vt 0.000000 1.000000
vt 0.000000 0.000000
vt 1.000000 0.000000
vt 0.000000 1.000000
vt 0.000000 0.000000
vt 1.000000 0.000000
vt 0.000000 1.000000
vt 0.000000 0.000000
vt 1.000000 0.000000
vt 0.000000 1.000000
vt 0.000000 0.000000
vt 1.000000 0.000000
vt 0.000000 1.000000
vt 0.000000 0.000000
vt 1.000000 0.000000
vt 0.000000 1.000000
vt 0.000000 0.000000
vt 1.000000 0.000000
vt 0.000000 1.000000
vt 0.000000 0.000000
vt 1.000000 0.000000
vt 0.000000 1.000000
vt 0.000000 0.000000
vt 1.000000 0.000000
vt 0.000000 1.000000
vt 0.000000 0.000000
vt 1.000000 0.000000
vt 0.000000 1.000000
vt 0.000000 0.000000
vt 1.000000 0.000000
vt 0.000000 1.000000
vt 0.000000 0.000000
vt 1.000000 0.000000
vt 0.000000 1.000000
vt 0.000000 0.000000
vt 1.000000 0.000000
vt 0.000000 1.000000
vt 0.000000 0.000000
vt 1.000000 0.000000
vt 0.000000 1.000000
vt 0.000000 0.000000
vt 1.000000 0.000000
vt 0.000000 1.000000
vt 0.000000 0.000000
vt 1.000000 0.000000
vt 0.000000 1.000000
vt 0.000000 0.000000
vt 1.000000 0.000000
vt 0.000000 1.000000
vt 0.000000 0.000000
vt 1.000000 0.000000
vt 0.000000 1.000000
vt 0.000000 0.000000
vt 1.000000 0.000000
vt 0.000000 1.000000
vt 0.000000 0.000000
vt 1.000000 0.000000
vt 0.000000 1.000000
vt 0.000000 0.000000
vt 1.000000 0.000000
vt 0.000000 1.000000
vt 0.000000 0.000000
vt 1.000000 0.000000
vt 0.000000 1.000000
vt 0.000000 0.000000
vt 1.000000 0.000000
vt 0.000000 1.000000
vt 0.000000 0.000000
vt 1.000000 0.000000
vt 0.000000 1.000000
vt 0.000000 0.000000
vt 1.000000 0.000000
vt 0.000000 1.000000
vt 0.000000 0.000000
vt 1.000000 0.000000
vt 0.000000 1.000000
vt 0.000000 0.000000
vt 1.000000 0.000000
vt 0.000000 1.000000
vt 0.000000 0.000000
vt 1.000000 0.000000
vt 0.000000 1.000000
vt 0.000000 0.000000
vt 1.000000 0.000000
vt 0.000000 1.000000
vt 0.000000 0.000000
vt 1.000000 0.000000
vt 0.000000 1.000000
vt 0.000000 0.000000
vt 1.000000 0.000000
vt 0.000000 1.000000
vt 0.000000 0.000000
vt 1.000000 0.000000
vt 0.000000 1.000000
vt 0.000000 0.000000
vt 1.000000 0.000000
vt 0.000000 1.000000
vt 0.000000 0.000000
vt 1.000000 0.000000
vt 0.000000 1.000000
vt 0.000000 0.000000
vt 1.000000 0.000000
vt 0.000000 1.000000
vt 0.000000 0.000000
vt 1.000000 0.000000
vt 0.000000 1.000000
vt 0.000000 0.000000
vt 1.000000 0.000000
vt 0.000000 1.000000
vt 0.000000 0.000000
vt 1.000000 0.000000
vt 0.000000 1.000000
vt 0.000000 0.000000
vt 1.000000 0.000000
vt 0.000000 1.000000
vt 0.000000 0.000000
vt 1.000000 0.000000
vt 0.000000 1.000000
vt 0.000000 0.000000
vt 1.000000 0.000000
vt 0.000000 1.000000
vt 0.000000 0.000000
vt 1.000000 0.000000
vt 0.000000 1.000000
vt 0.000000 0.000000
vt 1.000000 0.000000
vt 0.000000 1.000000
vt 0.000000 0.000000
vt 1.000000 0.000000
vt 0.000000 1.000000
vt 0.000000 0.000000
vt 1.000000 0.000000
vt 0.000000 1.000000
vt 0.000000 0.000000
vt 1.000000 0.000000
vt 0.000000 1.000000
vt 0.000000 0.000000
vt 1.000000 0.000000
vt 0.000000 1.000000
vt 0.000000 0.000000
vt 1.000000 0.000000
vt 0.000000 1.000000
vt 0.000000 0.000000
vt 1.000000 0.000000
vt 0.000000 1.000000
vt 0.000000 0.000000
vt 1.000000 0.000000
vt 0.000000 1.000000
vt 0.000000 0.000000
vt 1.000000 0.000000
vt 0.000000 1.000000
vt 0.000000 0.000000
vt 1.000000 0.000000
vt 0.000000 1.000000
vt 0.000000 0.000000
vt 1.000000 0.000000
vt 0.000000 1.000000
vt 0.000000 0.000000
vt 1.000000 0.000000
vt 0.000000 1.000000
vt 0.000000 0.000000
vt 1.000000 0.000000
vt 0.000000 1.000000
vt 0.000000 0.000000
vt 1.000000 0.000000
vt 0.000000 1.000000
vt 0.000000 0.000000
vt 1.000000 0.000000
vt 0.000000 1.000000
vt 0.000000 0.000000
vt 1.000000 0.000000
vt 0.000000 1.000000
vt 0.000000 0.000000
vt 1.000000 0.000000
vt 0.000000 1.000000
vt 0.000000 0.000000
vt 1.000000 0.000000
vt 0.000000 1.000000
vt 0.000000 0.000000
vt 1.000000 0.000000
vt 0.000000 1.000000
vt 0.000000 0.000000
vt 1.000000 0.000000
vt 0.000000 1.000000
vt 0.000000 0.000000
vt 1.000000 0.000000
vt 0.000000 1.000000
vt 0.000000 0.000000
vt 1.000000 0.000000
vt 0.000000 1.000000
vt 0.000000 0.000000
vt 1.000000 0.000000
vt 0.000000 1.000000
vt 0.000000 0.000000
vt 1.000000 0.000000
vt 0.000000 1.000000
vt 0.000000 0.000000
vt 1.000000 0.000000
vt 0.000000 1.000000
vt 0.000000 0.000000
vt 1.000000 0.000000
vt 0.000000 1.000000
vt 0.000000 0.000000
vt 1.000000 0.000000
vt 0.000000 1.000000
vt 0.000000 0.000000
vt 1.000000 0.000000
vt 0.000000 1.000000
vt 0.000000 0.000000
vt 1.000000 0.000000
vt 0.000000 1.000000
vt 0.000000 0.000000
vt 1.000000 0.000000
vt 0.000000 1.000000
vt 0.000000 0.000000
vt 1.000000 0.000000
vt 0.000000 1.000000
vt 0.000000 0.000000
vt 1.000000 0.000000
vt 0.000000 1.000000
vt 0.000000 0.000000
vt 1.000000 0.000000
vt 0.000000 1.000000
vt 0.000000 0.000000
vt 1.000000 0.000000
vt 0.000000 1.000000
vt 0.000000 0.000000
vt 1.000000 0.000000
vt 0.000000 1.000000
vt 0.000000 0.000000
vt 1.000000 0.000000
vt 0.000000 1.000000
vt 0.000000 0.000000
vt 1.000000 0.000000
vt 0.000000 1.000000
vt 0.000000 0.000000
vt 1.000000 0.000000
vt 0.000000 1.000000
vt 0.000000 0.000000
vt 1.000000 0.000000
vt 0.000000 1.000000
vt 0.000000 0.000000
vt 1.000000 0.000000
vt 0.000000 1.000000
vt 0.000000 0.000000
vt 1.000000 0.000000
vt 0.000000 1.000000
vt 0.000000 0.000000
vt 1.000000 0.000000
vt 0.000000 1.000000
vt 0.000000 0.000000
vt 1.000000 0.000000
vt 0.000000 1.000000
vt 0.000000 0.000000
vt 1.000000 0.000000
vt 0.000000 1.000000
vt 0.000000 0.000000
vt 1.000000 0.000000
vt 0.000000 1.000000
vt 0.000000 0.000000
vt 1.000000 0.000000
vt 0.000000 1.000000
vt 0.000000 0.000000
vt 1.000000 0.000000
vt 0.000000 1.000000
vt 0.000000 0.000000
vt 1.000000 0.000000
vt 0.000000 1.000000
vt 0.000000 0.000000
vt 1.000000 0.000000
vt 0.000000 1.000000
vt 0.000000 0.000000
vt 1.000000 0.000000
vt 0.000000 1.000000
vt 0.000000 0.000000
vt 1.000000 0.000000
vt 0.000000 1.000000
vt 0.000000 0.000000
vt 1.000000 0.000000
vt 0.000000 1.000000
vt 0.000000 0.000000
vt 1.000000 0.000000
vt 0.000000 1.000000
vt 0.000000 0.000000
vt 1.000000 0.000000
vt 0.000000 1.000000
vt 0.000000 0.000000
vt 1.000000 0.000000
vt 0.000000 1.000000
vt 0.000000 0.000000
vt 1.000000 0.000000
vt 0.000000 1.000000
vt 0.000000 0.000000
vt 1.000000 0.000000
vt 0.000000 1.000000
vt 0.000000 0.000000
vt 1.000000 0.000000
vt 0.000000 1.000000
vt 0.000000 0.000000
vt 1.000000 0.000000
vt 0.000000 1.000000
vt 0.000000 0.000000
vt 1.000000 0.000000
vt 0.000000 1.000000
vt 0.000000 0.000000
vt 1.000000 0.000000
vt 0.000000 1.000000
vt 0.000000 0.000000
vt 1.000000 0.000000
vt 0.000000 1.000000
vt 0.000000 0.000000
vt 1.000000 0.000000
vt 0.000000 1.000000
vt 0.000000 0.000000
vt 1.000000 0.000000
vt 0.000000 1.000000
vt 0.000000 0.000000
vt 1.000000 0.000000
vt 0.000000 1.000000
vt 0.000000 0.000000
vt 1.000000 0.000000
vt 0.000000 1.000000
vt 0.000000 0.000000
vt 1.000000 0.000000
vt 0.000000 1.000000
vt 0.000000 0.000000
vt 1.000000 0.000000
vt 0.000000 1.000000
vt 0.000000 0.000000
vt 1.000000 0.000000
vt 0.000000 1.000000
vt 0.000000 0.000000
vt 1.000000 0.000000
vt 0.000000 1.000000
vt 0.000000 0.000000
vt 1.000000 0.000000
vt 0.000000 1.000000
vt 0.000000 0.000000
vt 1.000000 0.000000
vt 0.000000 1.000000
vt 0.000000 0.000000
vt 1.000000 0.000000
vt 0.000000 1.000000
vt 0.000000 0.000000
vt 1.000000 0.000000
vt 0.000000 1.000000
vt 0.000000 0.000000
vt 1.000000 0.000000
vt 0.000000 1.000000
vt 0.000000 0.000000
vt 1.000000 0.000000
vt 0.000000 1.000000
vt 0.000000 0.000000
vt 1.000000 0.000000
vt 0.000000 1.000000
vt 0.000000 0.000000
vt 1.000000 0.000000
vt 0.000000 1.000000
vt 0.000000 0.000000
vt 1.000000 0.000000
vt 0.000000 1.000000
vt 0.000000 0.000000
vt 1.000000 0.000000
vt 0.000000 1.000000
vt 0.000000 0.000000
vt 1.000000 0.000000
vt 0.000000 1.000000
vt 0.000000 0.000000
vt 1.000000 0.000000
vt 0.000000 1.000000
vt 0.000000 0.000000
vt 1.000000 0.000000
vt 0.000000 1.000000
vt 0.000000 0.000000
vt 1.000000 0.000000
vt 0.000000 1.000000
vt 0.000000 0.000000
vt 1.000000 0.000000
vt 0.000000 1.000000
vt 0.000000 0.000000
vt 1.000000 0.000000
vt 0.000000 1.000000
vt 0.000000 0.000000
vt 1.000000 0.000000
vt 0.000000 1.000000
vt 0.000000 0.000000
vt 1.000000 0.000000
vt 0.000000 1.000000
vt 0.000000 0.000000
vt 1.000000 0.000000
vt 0.000000 1.000000
vt 0.000000 0.000000
vt 1.000000 0.000000
vt 0.000000 1.000000
vt 0.000000 0.000000
vt 1.000000 0.000000
vt 0.000000 1.000000
vt 0.000000 0.000000
vt 1.000000 0.000000
vt 0.000000 1.000000
vt 0.000000 0.000000
vt 1.000000 0.000000
vt 0.000000 1.000000
vt 0.000000 0.000000
vt 1.000000 0.000000
vt 0.000000 1.000000
vt 0.000000 0.000000
vt 1.000000 0.000000
vt 0.000000 1.000000
vt 0.000000 0.000000
vt 1.000000 0.000000
vt 0.000000 1.000000
vt 0.000000 0.000000
vt 1.000000 0.000000
vt 0.000000 1.000000
vt 0.000000 0.000000
vt 1.000000 0.000000
vt 0.000000 1.000000
vt 0.000000 0.000000
vt 1.000000 0.000000
vt 0.000000 1.000000
vt 0.000000 0.000000
vt 1.000000 0.000000
vt 0.000000 1.000000
vt 0.000000 0.000000
vt 1.000000 0.000000
vt 0.000000 1.000000
vt 0.000000 0.000000
vt 1.000000 0.000000
vt 0.000000 1.000000
vt 0.000000 0.000000
vt 1.000000 0.000000
vt 0.000000 1.000000
vt 0.000000 0.000000
vt 1.000000 0.000000
vt 0.000000 1.000000
vt 0.000000 0.000000
vt 1.000000 0.000000
vt 0.000000 1.000000
vt 0.000000 0.000000
vt 1.000000 0.000000
vt 0.000000 1.000000
vt 0.000000 0.000000
vt 1.000000 0.000000
vt 0.000000 1.000000
vt 0.000000 0.000000
vt 1.000000 0.000000
vt 0.000000 1.000000
vt 0.000000 0.000000
vt 1.000000 0.000000
vt 0.000000 1.000000
vt 0.000000 0.000000
vt 1.000000 0.000000
vt 0.000000 1.000000
vt 0.000000 0.000000
vt 1.000000 0.000000
vt 0.000000 1.000000
vt 0.000000 0.000000
vt 1.000000 0.000000
vt 0.000000 1.000000
vt 0.000000 0.000000
vt 1.000000 0.000000
vt 0.000000 1.000000
vt 0.000000 0.000000
vt 1.000000 0.000000
vt 0.000000 1.000000
vt 0.000000 0.000000
vt 1.000000 0.000000
vt 0.000000 1.000000
vt 0.000000 0.000000
vt 1.000000 0.000000
vt 0.000000 1.000000
vt 0.000000 0.000000
vt 1.000000 0.000000
vt 0.000000 1.000000
vt 0.000000 0.000000
vt 1.000000 0.000000
vt 0.000000 1.000000
vt 0.000000 0.000000
vt 1.000000 0.000000
vt 0.000000 1.000000
vt 0.000000 0.000000
vt 1.000000 0.000000
vt 0.000000 1.000000
vt 0.000000 0.000000
vt 1.000000 0.000000
vt 0.000000 1.000000
vt 0.000000 0.000000
vt 1.000000 0.000000
vt 0.000000 1.000000
vt 0.000000 0.000000
vt 1.000000 0.000000
vt 0.000000 1.000000
vt 0.000000 0.000000
vt 1.000000 0.000000
vt 0.000000 1.000000
vt 0.000000 0.000000
vt 1.000000 0.000000
vt 0.000000 1.000000
vt 0.000000 0.000000
vt 1.000000 0.000000
vt 0.000000 1.000000
vt 0.000000 0.000000
vt 1.000000 0.000000
vt 0.000000 1.000000
vt 0.000000 0.000000
vt 1.000000 0.000000
vt 0.000000 1.000000
vt 0.000000 0.000000
vt 1.000000 0.000000
vt 0.000000 1.000000
vt 0.000000 0.000000
vt 1.000000 0.000000
vt 0.000000 1.000000
vt 0.000000 0.000000
vt 1.000000 0.000000
vt 0.000000 1.000000
vt 0.000000 0.000000
vt 1.000000 0.000000
vt 0.000000 1.000000
vt 0.000000 0.000000
vt 1.000000 0.000000
vt 0.000000 1.000000
vt 0.000000 0.000000
vt 1.000000 0.000000
vt 0.000000 1.000000
vt 0.000000 0.000000
vt 1.000000 0.000000
vt 0.000000 1.000000
vt 0.000000 0.000000
vt 1.000000 0.000000
vt 0.000000 1.000000
vt 0.000000 0.000000
vt 1.000000 0.000000
vt 0.000000 1.000000
vt 0.000000 0.000000
vt 1.000000 0.000000
vt 0.000000 1.000000
vt 0.000000 0.000000
vt 1.000000 0.000000
vt 0.000000 1.000000
vt 0.000000 0.000000
vt 1.000000 0.000000
vt 0.000000 1.000000
vt 0.000000 0.000000
vt 1.000000 0.000000
vt 0.000000 1.000000
vt 0.000000 0.000000
vt 1.000000 0.000000
vt 0.000000 1.000000
vt 0.000000 0.000000
vt 1.000000 0.000000
vt 0.000000 1.000000
vt 0.000000 0.000000
vt 1.000000 0.000000
vt 0.000000 1.000000
vt 0.000000 0.000000
vt 1.000000 0.000000
vt 0.000000 1.000000
vt 0.000000 0.000000
vt 1.000000 0.000000
vt 0.000000 1.000000
vt 0.000000 0.000000
vt 1.000000 0.000000
vt 0.000000 1.000000
vt 0.000000 0.000000
vt 1.000000 0.000000
vt 0.000000 1.000000
vt 0.000000 0.000000
vt 1.000000 0.000000
vt 0.000000 1.000000
vt 0.000000 0.000000
vt 1.000000 0.000000
vt 0.000000 1.000000
vt 0.000000 0.000000
vt 1.000000 0.000000
vt 0.000000 1.000000
vt 0.000000 0.000000
vt 1.000000 0.000000
vt 0.000000 1.000000
vt 0.000000 0.000000
vt 1.000000 0.000000
vt 0.000000 1.000000
vt 0.000000 0.000000
vt 1.000000 0.000000
vt 0.000000 1.000000
vt 0.000000 0.000000
vt 1.000000 0.000000
vt 0.000000 1.000000
vt 0.000000 0.000000
vt 1.000000 0.000000
vt 0.000000 1.000000
vt 0.000000 0.000000
vt 1.000000 0.000000
vt 0.000000 1.000000
vt 0.000000 0.000000
vt 1.000000 0.000000
vt 0.000000 1.000000
vt 0.000000 0.000000
vt 1.000000 0.000000
vt 0.000000 1.000000
vt 0.000000 0.000000
vt 1.000000 0.000000
vt 0.000000 1.000000
vt 0.000000 0.000000
vt 1.000000 0.000000
vt 0.000000 1.000000
vt 0.000000 0.000000
vt 1.000000 0.000000
vt 0.000000 1.000000
vt 0.000000 0.000000
vt 1.000000 0.000000
vt 0.000000 1.000000
vt 0.000000 0.000000
vt 1.000000 0.000000
vt 0.000000 1.000000
vt 0.000000 0.000000
vt 1.000000 0.000000
vt 0.000000 1.000000
vt 0.000000 0.000000
vt 1.000000 0.000000
vt 0.000000 1.000000
vt 0.000000 0.000000
vt 1.000000 0.000000
vt 0.000000 1.000000
vt 0.000000 0.000000
vt 1.000000 0.000000
vt 0.000000 1.000000
vt 0.000000 0.000000
vt 1.000000 0.000000
vt 0.000000 1.000000
vt 0.000000 0.000000
vt 1.000000 0.000000
vt 0.000000 1.000000
vt 0.000000 0.000000
vt 1.000000 0.000000
vt 0.000000 1.000000
vt 0.000000 0.000000
vt 1.000000 0.000000
vt 0.000000 1.000000
vt 0.000000 0.000000
vt 1.000000 0.000000
vt 0.000000 1.000000
vt 0.000000 0.000000
vt 1.000000 0.000000
vt 0.000000 1.000000
vt 0.000000 0.000000
vt 1.000000 0.000000
vt 0.000000 1.000000
vt 0.000000 0.000000
vt 1.000000 0.000000
vt 0.000000 1.000000
vt 0.000000 0.000000
vt 1.000000 0.000000
vt 0.000000 1.000000
vt 0.000000 0.000000
vt 1.000000 0.000000
vt 0.000000 1.000000
vt 0.000000 0.000000
vt 1.000000 0.000000
vt 0.000000 1.000000
vt 0.000000 0.000000
vt 1.000000 0.000000
vt 0.000000 1.000000
vt 0.000000 0.000000
vt 1.000000 0.000000
vt 0.000000 1.000000
vt 0.000000 0.000000
vt 1.000000 0.000000
vt 0.000000 1.000000
vt 0.000000 0.000000
vt 1.000000 0.000000
vt 0.000000 1.000000
vt 0.000000 0.000000
vt 1.000000 0.000000
vt 0.000000 1.000000
vt 0.000000 0.000000
vt 1.000000 0.000000
vt 0.000000 1.000000
vt 0.000000 0.000000
vt 1.000000 0.000000
vt 0.000000 1.000000
vt 0.000000 0.000000
vt 1.000000 0.000000
vt 0.000000 1.000000
vt 0.000000 0.000000
vt 1.000000 0.000000
vt 0.000000 1.000000
vt 0.000000 0.000000
vt 1.000000 0.000000
vt 0.000000 1.000000
vt 0.000000 0.000000
vt 1.000000 0.000000
vt 0.000000 1.000000
vt 0.000000 0.000000
vt 1.000000 0.000000
vt 0.000000 1.000000
vt 0.000000 0.000000
vt 1.000000 0.000000
vt 0.000000 1.000000
vt 0.000000 0.000000
vt 1.000000 0.000000
vt 0.000000 1.000000
vt 0.000000 0.000000
vt 1.000000 0.000000
vt 0.000000 1.000000
vt 0.000000 0.000000
vt 1.000000 0.000000
vt 0.000000 1.000000
vt 0.000000 0.000000
vt 1.000000 0.000000
vt 0.000000 1.000000
vt 0.000000 0.000000
vt 1.000000 0.000000
vt 0.000000 1.000000
vt 0.000000 0.000000
vt 1.000000 0.000000
vt 0.000000 1.000000
vt 0.000000 0.000000
vt 1.000000 0.000000
vt 0.000000 1.000000
vt 0.000000 0.000000
vt 1.000000 0.000000
vt 0.000000 1.000000
vt 0.000000 0.000000
vt 1.000000 0.000000
vt 0.000000 1.000000
vt 0.000000 0.000000
vt 1.000000 0.000000
vt 0.000000 1.000000
vt 0.000000 0.000000
vt 1.000000 0.000000
vt 0.000000 1.000000
vt 0.000000 0.000000
vt 1.000000 0.000000
vt 0.000000 1.000000
vt 0.000000 0.000000
vt 1.000000 0.000000
vt 0.000000 1.000000
vt 0.000000 0.000000
vt 1.000000 0.000000
vt 0.000000 1.000000
vt 0.000000 0.000000
vt 1.000000 0.000000
vt 0.000000 1.000000
vt 0.000000 0.000000
vt 1.000000 0.000000
vt 0.000000 1.000000
vt 0.000000 0.000000
vt 1.000000 0.000000
vt 0.000000 1.000000
vt 0.000000 0.000000
vt 1.000000 0.000000
vt 0.000000 1.000000
vt 0.000000 0.000000
vt 1.000000 0.000000
vt 0.000000 1.000000
vt 0.000000 0.000000
vt 1.000000 0.000000
vt 0.000000 1.000000
vt 0.000000 0.000000
vt 1.000000 0.000000
vt 0.000000 1.000000
vt 0.000000 0.000000
vt 1.000000 0.000000
vt 0.000000 1.000000
vt 0.000000 0.000000
vt 1.000000 0.000000
vt 0.000000 1.000000
vt 0.000000 0.000000
vt 1.000000 0.000000
vt 0.000000 1.000000
vt 0.000000 0.000000
vt 1.000000 0.000000
vt 0.000000 1.000000
vt 0.000000 0.000000
vt 1.000000 0.000000
vt 0.000000 1.000000
vt 0.000000 0.000000
vt 1.000000 0.000000
vt 0.000000 1.000000
vt 0.000000 0.000000
vt 1.000000 0.000000
vt 0.000000 1.000000
vt 0.000000 0.000000
vt 1.000000 0.000000
vt 0.000000 1.000000
vt 0.000000 0.000000
vt 1.000000 0.000000
vt 0.000000 1.000000
vt 0.000000 0.000000
vt 1.000000 0.000000
vt 0.000000 1.000000
vt 0.000000 0.000000
vt 1.000000 0.000000
vt 0.000000 1.000000
vt 0.000000 0.000000
vt 1.000000 0.000000
vt 0.000000 1.000000
vt 0.000000 0.000000
vt 1.000000 0.000000
vt 0.000000 1.000000
vt 0.000000 0.000000
vt 1.000000 0.000000
vt 0.000000 1.000000
vt 0.000000 0.000000
vt 1.000000 0.000000
vt 0.000000 1.000000
vt 0.000000 0.000000
vt 1.000000 0.000000
vt 0.000000 1.000000
vt 0.000000 0.000000
vt 1.000000 0.000000
vt 0.000000 1.000000
vt 0.000000 0.000000
vt 1.000000 0.000000
vt 0.000000 1.000000
vt 0.000000 0.000000
vt 1.000000 0.000000
vt 0.000000 1.000000
vt 0.000000 0.000000
vt 1.000000 0.000000
vt 0.000000 1.000000
vt 0.000000 0.000000
vt 1.000000 0.000000
vt 0.000000 1.000000
vt 0.000000 0.000000
vt 1.000000 0.000000
vt 0.000000 1.000000
vt 0.000000 0.000000
vt 1.000000 0.000000
vt 0.000000 1.000000
vt 0.000000 0.000000
vt 1.000000 0.000000
vt 0.000000 1.000000
vt 0.000000 0.000000
vt 1.000000 0.000000
vt 0.000000 1.000000
vt 0.000000 0.000000
vt 1.000000 0.000000
vt 0.000000 1.000000
vt 0.000000 0.000000
vt 1.000000 0.000000
vt 0.000000 1.000000
vt 0.000000 0.000000
vt 1.000000 0.000000
vt 0.000000 1.000000
vt 0.000000 0.000000
vt 1.000000 0.000000
vt 0.000000 1.000000
vt 0.000000 0.000000
vt 1.000000 0.000000
vt 0.000000 1.000000
vt 0.000000 0.000000
vt 1.000000 0.000000
vt 0.000000 1.000000
vt 0.000000 0.000000
vt 1.000000 0.000000
vt 0.000000 1.000000
vt 0.000000 0.000000
vt 1.000000 0.000000
vt 0.000000 1.000000
vt 0.000000 0.000000
vt 1.000000 0.000000
vt 0.000000 1.000000
vt 0.000000 0.000000
vt 1.000000 0.000000
vt 0.000000 1.000000
vt 0.000000 0.000000
vt 1.000000 0.000000
vt 0.000000 1.000000
vt 0.000000 0.000000
vt 1.000000 0.000000
vt 0.000000 1.000000
vt 0.000000 0.000000
vt 1.000000 0.000000
vt 0.000000 1.000000
vt 0.000000 0.000000
vt 1.000000 0.000000
vt 0.000000 1.000000
vt 0.000000 0.000000
vt 1.000000 0.000000
vt 0.000000 1.000000
vt 0.000000 0.000000
vt 1.000000 0.000000
vt 0.000000 1.000000
vt 0.000000 0.000000
vt 1.000000 0.000000
vt 0.000000 1.000000
vt 0.000000 0.000000
vt 1.000000 0.000000
vt 0.000000 1.000000
vt 0.000000 0.000000
vt 1.000000 0.000000
vt 0.000000 1.000000
vt 0.000000 0.000000
vt 1.000000 0.000000
vt 0.000000 1.000000
vt 0.000000 0.000000
vt 1.000000 0.000000
vt 0.000000 1.000000
vt 0.000000 0.000000
vt 1.000000 0.000000
vt 0.000000 1.000000
vt 0.000000 0.000000
vt 1.000000 0.000000
vt 0.000000 1.000000
vt 0.000000 0.000000
vt 1.000000 0.000000
vt 0.000000 1.000000
vt 0.000000 0.000000
vt 1.000000 0.000000
vt 0.000000 1.000000
vt 0.000000 0.000000
vt 1.000000 0.000000
vt 0.000000 1.000000
vt 0.000000 0.000000
vt 1.000000 0.000000
vt 0.000000 1.000000
vt 0.000000 0.000000
vt 1.000000 0.000000
vt 0.000000 1.000000
vt 0.000000 0.000000
vt 1.000000 0.000000
vt 0.000000 1.000000
vt 0.000000 0.000000
vt 1.000000 0.000000
vt 0.000000 1.000000
vt 0.000000 0.000000
vt 1.000000 0.000000
vt 0.000000 1.000000
vt 0.000000 0.000000
vt 1.000000 0.000000
vt 0.000000 1.000000
vt 0.000000 0.000000
vt 1.000000 0.000000
vt 0.000000 1.000000
vt 0.000000 0.000000
vt 1.000000 0.000000
vt 0.000000 1.000000
vt 0.000000 0.000000
vt 1.000000 0.000000
vt 0.000000 1.000000
vt 0.000000 0.000000
vt 1.000000 0.000000
vt 0.000000 1.000000
vt 0.000000 0.000000
vt 1.000000 0.000000
vt 0.000000 1.000000
vt 0.000000 0.000000
vt 1.000000 0.000000
vt 0.000000 1.000000
vt 0.000000 0.000000
vt 1.000000 0.000000
vt 0.000000 1.000000
vt 0.000000 0.000000
vt 1.000000 0.000000
vt 0.000000 1.000000
vt 0.000000 0.000000
vt 1.000000 0.000000
vt 0.000000 1.000000
vt 0.000000 0.000000
vt 1.000000 0.000000
vt 0.000000 1.000000
vt 0.000000 0.000000
vt 1.000000 0.000000
vt 0.000000 1.000000
vt 0.000000 0.000000
vt 1.000000 0.000000
vt 0.000000 1.000000
vt 0.000000 0.000000
vt 1.000000 0.000000
vt 0.000000 1.000000
vt 0.000000 0.000000
vt 1.000000 0.000000
vt 0.000000 1.000000
vt 0.000000 0.000000
vt 1.000000 0.000000
vt 0.000000 1.000000
vt 0.000000 0.000000
vt 1.000000 0.000000
vt 0.000000 1.000000
vt 0.000000 0.000000
vt 1.000000 0.000000
vt 0.000000 1.000000
vt 0.000000 0.000000
vt 1.000000 0.000000
vt 0.000000 1.000000
vt 0.000000 0.000000
vt 1.000000 0.000000
vt 0.000000 1.000000
vt 0.000000 0.000000
vt 1.000000 0.000000
vt 0.000000 1.000000
vt 0.000000 0.000000
vt 1.000000 0.000000
vt 0.000000 1.000000
vt 0.000000 0.000000
vt 1.000000 0.000000
vt 0.000000 1.000000
vt 0.000000 0.000000
vt 1.000000 0.000000
vt 0.000000 1.000000
vt 0.000000 0.000000
vt 1.000000 0.000000
vt 0.000000 1.000000
vt 0.000000 0.000000
vt 1.000000 0.000000
vt 0.000000 1.000000
vt 0.000000 0.000000
vt 1.000000 0.000000
vt 0.000000 1.000000
vt 0.000000 0.000000
vt 1.000000 0.000000
vt 0.000000 1.000000
vt 0.000000 0.000000
vt 1.000000 0.000000
vt 0.000000 1.000000
vt 0.000000 0.000000
vt 1.000000 0.000000
vt 0.000000 1.000000
usemtl Shell
f 1/1 3/2 4/3
f 1/4 4/5 2/6
f 3/7 5/8 6/9
f 3/10 6/11 4/12
f 5/13 7/14 8/15
f 5/16 8/17 6/18
f 7/19 9/20 10/21
f 7/22 10/23 8/24
f 9/25 11/26 12/27
f 9/28 12/29 10/30
f 11/31 13/32 14/33
f 11/34 14/35 12/36
f 13/37 15/38 16/39
f 13/40 16/41 14/42
f 15/43 17/44 18/45
f 15/46 18/47 16/48
f 17/49 19/50 20/51
f 17/52 20/53 18/54
f 19/55 21/56 22/57
f 19/58 22/59 20/60
f 21/61 23/62 24/63
f 21/64 24/65 22/66
f 23/67 25/68 26/69
f 23/70 26/71 24/72
f 25/73 27/74 28/75
f 25/76 28/77 26/78
f 27/79 29/80 30/81
f 27/82 30/83 28/84
f 29/85 31/86 32/87
f 29/88 32/89 30/90
f 31/91 33/92 34/93
f 31/94 34/95 32/96
f 33/97 35/98 36/99
f 33/100 36/101 34/102
f 35/103 37/104 38/105
f 35/106 38/107 36/108
f 37/109 39/110 40/111
f 37/112 40/113 38/114
f 39/115 41/116 42/117
f 39/118 42/119 40/120
f 41/121 43/122 44/123
f 41/124 44/125 42/126
f 43/127 45/128 46/129
f 43/130 46/131 44/132
f 45/133 47/134 48/135
f 45/136 48/137 46/138
f 47/139 49/140 50/141
f 47/142 50/143 48/144
f 49/145 51/146 52/147
f 49/148 52/149 50/150
f 51/151 53/152 54/153
f 51/154 54/155 52/156
f 53/157 55/158 56/159
f 53/160 56/161 54/162
f 55/163 57/164 58/165
f 55/166 58/167 56/168
f 57/169 59/170 60/171
f 57/172 60/173 58/174
f 59/175 61/176 62/177
f 59/178 62/179 60/180
f 61/181 63/182 64/183
f 61/184 64/185 62/186
f 63/187 65/188 66/189
f 63/190 66/191 64/192
f 65/193 67/194 68/195
f 65/196 68/197 66/198
f 67/199 69/200 70/201
f 67/202 70/203 68/204
f 69/205 71/206 72/207
f 69/208 72/209 70/210
f 71/211 73/212 74/213
f 71/214 74/215 72/216
f 73/217 75/218 76/219
f 73/220 76/221 74/222
f 75/223 77/224 78/225
f 75/226 78/227 76/228
f 77/229 79/230 80/231
f 77/232 80/233 78/234
f 79/235 81/236 82/237
f 79/238 82/239 80/240
f 81/241 83/242 84/243
f 81/244 84/245 82/246
f 83/247 85/248 86/249
f 83/250 86/251 84/252
f 85/253 87/254 88/255
f 85/256 88/257 86/258
f 87/259 89/260 90/261
f 87/262 90/263 88/264
f 89/265 91/266 92/267
f 89/268 92/269 90/270
f 91/271 93/272 94/273
f 91/274 94/275 92/276
f 93/277 95/278 96/279
f 93/280 96/281 94/282
f 95/283 1/284 2/285
f 95/286 2/287 96/288
f 97/289 3/290 1/291
f 98/292 2/293 4/294
f 97/295 5/296 3/297
f 98/298 4/299 6/300
f 97/301 7/302 5/303
f 98/304 6/305 8/306
f 97/307 9/308 7/309
f 98/310 8/311 10/312
f 97/313 11/314 9/315
f 98/316 10/317 12/318
f 97/319 13/320 11/321
f 98/322 12/323 14/324
f 97/325 15/326 13/327
f 98/328 14/329 16/330
f 97/331 17/332 15/333
f 98/334 16/335 18/336
f 97/337 19/338 17/339
f 98/340 18/341 20/342
f 97/343 21/344 19/345
f 98/346 20/347 22/348
f 97/349 23/350 21/351
f 98/352 22/353 24/354
f 97/355 25/356 23/357
f 98/358 24/359 26/360
f 97/361 27/362 25/363
f 98/364 26/365 28/366
f 97/367 29/368 27/369
f 98/370 28/371 30/372
f 97/373 31/374 29/375
f 98/376 30/377 32/378
f 97/379 33/380 31/381
f 98/382 32/383 34/384
f 97/385 35/386 33/387
f 98/388 34/389 36/390
f 97/391 37/392 35/393
f 98/394 36/395 38/396
f 97/397 39/398 37/399
f 98/400 38/401 40/402
f 97/403 41/404 39/405
f 98/406 40/407 42/408
f 97/409 43/410 41/411
f 98/412 42/413 44/414
f 97/415 45/416 43/417
f 98/418 44/419 46/420
f 97/421 47/422 45/423
f 98/424 46/425 48/426
f 97/427 49/428 47/429
f 98/430 48/431 50/432
f 97/433 51/434 49/435
f 98/436 50/437 52/438
f 97/439 53/440 51/441
f 98/442 52/443 54/444
f 97/445 55/446 53/447
f 98/448 54/449 56/450
f 97/451 57/452 55/453
f 98/454 56/455 58/456
f 97/457 59/458 57/459
f 98/460 58/461 60/462
f 97/463 61/464 59/465
f 98/466 60/467 62/468
f 97/469 63/470 61/471
f 98/472 62/473 64/474
f 97/475 65/476 63/477
f 98/478 64/479 66/480
f 97/481 67/482 65/483
f 98/484 66/485 68/486
f 97/487 69/488 67/489
f 98/490 68/491 70/492
f 97/493 71/494 69/495
f 98/496 70/497 72/498
f 97/499 73/500 71/501
f 98/502 72/503 74/504
f 97/505 75/506 73/507
f 98/508 74/509 76/510
f 97/511 77/512 75/513
f 98/514 76/515 78/516
f 97/517 79/518 77/519
f 98/520 78/521 80/522
f 97/523 81/524 79/525
f 98/526 80/527 82/528
f 97/529 83/530 81/531
f 98/532 82/533 84/534
f 97/535 85/536 83/537
f 98/538 84/539 86/540
f 97/541 87/542 85/543
f 98/544 86/545 88/546
f 97/547 89/548 87/549
f 98/550 88/551 90/552
f 97/553 91/554 89/555
f 98/556 90/557 92/558
f 97/559 93/560 91/561
f 98/562 92/563 94/564
f 97/565 95/566 93/567
f 98/568 94/569 96/570
f 97/571 1/572 95/573
f 98/574 96/575 2/576
usemtl Mechanism
f 99/577 107/578 108/579
f 99/580 108/581 100/582
f 100/583 108/584 109/585
f 100/586 109/587 101/588
f 101/589 109/590 110/591
f 101/592 110/593 102/594
f 102/595 110/596 111/597
f 102/598 111/599 103/600
f 103/601 111/602 112/603
f 103/604 112/605 104/606
f 104/607 112/608 113/609
f 104/610 113/611 105/612
f 105/613 113/614 114/615
f 105/616 114/617 106/618
f 106/619 114/620 107/621
f 106/622 107/623 99/624
f 107/625 115/626 116/627
f 107/628 116/629 108/630
f 108/631 116/632 117/633
f 108/634 117/635 109/636
f 109/637 117/638 118/639
f 109/640 118/641 110/642
f 110/643 118/644 119/645
f 110/646 119/647 111/648
f 111/649 119/650 120/651
f 111/652 120/653 112/654
f 112/655 120/656 121/657
f 112/658 121/659 113/660
f 113/661 121/662 122/663
f 113/664 122/665 114/666
f 114/667 122/668 115/669
f 114/670 115/671 107/672
f 115/673 123/674 124/675
f 115/676 124/677 116/678
f 116/679 124/680 125/681
f 116/682 125/683 117/684
f 117/685 125/686 126/687
f 117/688 126/689 118/690
f 118/691 126/692 127/693
f 118/694 127/695 119/696
f 119/697 127/698 128/699
f 119/700 128/701 120/702
f 120/703 128/704 129/705
f 120/706 129/707 121/708
f 121/709 129/710 130/711
f 121/712 130/713 122/714
f 122/715 130/716 123/717
f 122/718 123/719 115/720
f 123/721 131/722 132/723
f 123/724 132/725 124/726
f 124/727 132/728 133/729
f 124/730 133/731 125/732
f 125/733 133/734 134/735
f 125/736 134/737 126/738
f 126/739 134/740 135/741
f 126/742 135/743 127/744
f 127/745 135/746 136/747
f 127/748 136/749 128/750
f 128/751 136/752 137/753
f 128/754 137/755 129/756
f 129/757 137/758 138/759
f 129/760 138/761 130/762
f 130/763 138/764 131/765
f 130/766 131/767 123/768
f 131/769 139/770 140/771
f 131/772 140/773 132/774
f 132/775 140/776 141/777
f 132/778 141/779 133/780
f 133/781 141/782 142/783
f 133/784 142/785 134/786
f 134/787 142/788 143/789
f 134/790 143/791 135/792
f 135/793 143/794 144/795
f 135/796 144/797 136/798
f 136/799 144/800 145/801
f 136/802 145/803 137/804
f 137/805 145/806 146/807
f 137/808 146/809 138/810
f 138/811 146/812 139/813
f 138/814 139/815 131/816
f 139/817 147/818 148/819
f 139/820 148/821 140/822
f 140/823 148/824 149/825
f 140/826 149/827 141/828
f 141/829 149/830 150/831
f 141/832 150/833 142/834
f 142/835 150/836 151/837
f 142/838 151/839 143/840
f 143/841 151/842 152/843
f 143/844 152/845 144/846
f 144/847 152/848 153/849
f 144/850 153/851 145/852
f 145/853 153/854 154/855
f 145/856 154/857 146/858
f 146/859 154/860 147/861
f 146/862 147/863 139/864
f 147/865 155/866 156/867
f 147/868 156/869 148/870
f 148/871 156/872 157/873
f 148/874 157/875 149/876
f 149/877 157/878 158/879
f 149/880 158/881 150/882
f 150/883 158/884 159/885
f 150/886 159/887 151/888
f 151/889 159/890 160/891
f 151/892 160/893 152/894
f 152/895 160/896 161/897
f 152/898 161/899 153/900
f 153/901 161/902 162/903
f 153/904 162/905 154/906
f 154/907 162/908 155/909
f 154/910 155/911 147/912
f 155/913 163/914 164/915
f 155/916 164/917 156/918
f 156/919 164/920 165/921
f 156/922 165/923 157/924
f 157/925 165/926 166/927
f 157/928 166/929 158/930
f 158/931 166/932 167/933
f 158/934 167/935 159/936
f 159/937 167/938 168/939
f 159/940 168/941 160/942
f 160/943 168/944 169/945
f 160/946 169/947 161/948
f 161/949 169/950 170/951
f 161/952 170/953 162/954
f 162/955 170/956 163/957
f 162/958 163/959 155/960
f 163/961 171/962 172/963
f 163/964 172/965 164/966
f 164/967 172/968 173/969
f 164/970 173/971 165/972
f 165/973 173/974 174/975
f 165/976 174/977 166/978
f 166/979 174/980 175/981
f 166/982 175/983 167/984
f 167/985 175/986 176/987
f 167/988 176/989 168/990
f 168/991 176/992 177/993
f 168/994 177/995 169/996
f 169/997 177/998 178/999
f 169/1000 178/1001 170/1002
f 170/1003 178/1004 171/1005
f 170/1006 171/1007 163/1008
f 171/1009 179/1010 180/1011
f 171/1012 180/1013 172/1014
f 172/1015 180/1016 181/1017
f 172/1018 181/1019 173/1020
f 173/1021 181/1022 182/1023
f 173/1024 182/1025 174/1026
f 174/1027 182/1028 183/1029
f 174/1030 183/1031 175/1032
f 175/1033 183/1034 184/1035
f 175/1036 184/1037 176/1038
f 176/1039 184/1040 185/1041
f 176/1042 185/1043 177/1044
f 177/1045 185/1046 186/1047
f 177/1048 186/1049 178/1050
f 178/1051 186/1052 179/1053
f 178/1054 179/1055 171/1056
f 179/1057 187/1058 188/1059
f 179/1060 188/1061 180/1062
f 180/1063 188/1064 189/1065
f 180/1066 189/1067 181/1068
f 181/1069 189/1070 190/1071
f 181/1072 190/1073 182/1074
f 182/1075 190/1076 191/1077
f 182/1078 191/1079 183/1080
f 183/1081 191/1082 192/1083
f 183/1084 192/1085 184/1086
f 184/1087 192/1088 193/1089
f 184/1090 193/1091 185/1092
f 185/1093 193/1094 194/1095
f 185/1096 194/1097 186/1098
f 186/1099 194/1100 187/1101
f 186/1102 187/1103 179/1104
f 187/1105 195/1106 196/1107
f 187/1108 196/1109 188/1110
f 188/1111 196/1112 197/1113
f 188/1114 197/1115 189/1116
f 189/1117 197/1118 198/1119
f 189/1120 198/1121 190/1122
f 190/1123 198/1124 199/1125
f 190/1126 199/1127 191/1128
f 191/1129 199/1130 200/1131
f 191/1132 200/1133 192/1134
f 192/1135 200/1136 201/1137
f 192/1138 201/1139 193/1140
f 193/1141 201/1142 202/1143
f 193/1144 202/1145 194/1146
f 194/1147 202/1148 195/1149
f 194/1150 195/1151 187/1152
f 195/1153 203/1154 204/1155
f 195/1156 204/1157 196/1158
f 196/1159 204/1160 205/1161
f 196/1162 205/1163 197/1164
f 197/1165 205/1166 206/1167
f 197/1168 206/1169 198/1170
f 198/1171 206/1172 207/1173
f 198/1174 207/1175 199/1176
f 199/1177 207/1178 208/1179
f 199/1180 208/1181 200/1182
f 200/1183 208/1184 209/1185
f 200/1186 209/1187 201/1188
f 201/1189 209/1190 210/1191
f 201/1192 210/1193 202/1194
f 202/1195 210/1196 203/1197
f 202/1198 203/1199 195/1200
f 203/1201 211/1202 212/1203
f 203/1204 212/1205 204/1206
f 204/1207 212/1208 213/1209
f 204/1210 213/1211 205/1212
f 205/1213 213/1214 214/1215
f 205/1216 214/1217 206/1218
f 206/1219 214/1220 215/1221
f 206/1222 215/1223 207/1224
f 207/1225 215/1226 216/1227
f 207/1228 216/1229 208/1230
f 208/1231 216/1232 217/1233
f 208/1234 217/1235 209/1236
f 209/1237 217/1238 218/1239
f 209/1240 218/1241 210/1242
f 210/1243 218/1244 211/1245
f 210/1246 211/1247 203/1248
f 211/1249 219/1250 220/1251
f 211/1252 220/1253 212/1254
f 212/1255 220/1256 221/1257
f 212/1258 221/1259 213/1260
f 213/1261 221/1262 222/1263
f 213/1264 222/1265 214/1266
f 214/1267 222/1268 223/1269
f 214/1270 223/1271 215/1272
f 215/1273 223/1274 224/1275
f 215/1276 224/1277 216/1278
f 216/1279 224/1280 225/1281
f 216/1282 225/1283 217/1284
f 217/1285 225/1286 226/1287
f 217/1288 226/1289 218/1290
f 218/1291 226/1292 219/1293
f 218/1294 219/1295 211/1296
f 219/1297 227/1298 228/1299
f 219/1300 228/1301 220/1302
f 220/1303 228/1304 229/1305
f 220/1306 229/1307 221/1308
f 221/1309 229/1310 230/1311
f 221/1312 230/1313 222/1314
f 222/1315 230/1316 231/1317
f 222/1318 231/1319 223/1320
f 223/1321 231/1322 232/1323
f 223/1324 232/1325 224/1326
f 224/1327 232/1328 233/1329
f 224/1330 233/1331 225/1332
f 225/1333 233/1334 234/1335
f 225/1336 234/1337 226/1338
f 226/1339 234/1340 227/1341
f 226/1342 227/1343 219/1344
f 227/1345 235/1346 236/1347
f 227/1348 236/1349 228/1350
f 228/1351 236/1352 237/1353
f 228/1354 237/1355 229/1356
f 229/1357 237/1358 238/1359
f 229/1360 238/1361 230/1362
f 230/1363 238/1364 239/1365
f 230/1366 239/1367 231/1368
f 231/1369 239/1370 240/1371
f 231/1372 240/1373 232/1374
f 232/1375 240/1376 241/1377
f 232/1378 241/1379 233/1380
f 233/1381 241/1382 242/1383
f 233/1384 242/1385 234/1386
f 234/1387 242/1388 235/1389
f 234/1390 235/1391 227/1392
f 235/1393 243/1394 244/1395
f 235/1396 244/1397 236/1398
f 236/1399 244/1400 245/1401
f 236/1402 245/1403 237/1404
f 237/1405 245/1406 246/1407
f 237/1408 246/1409 238/1410
f 238/1411 246/1412 247/1413
f 238/1414 247/1415 239/1416
f 239/1417 247/1418 248/1419
f 239/1420 248/1421 240/1422
f 240/1423 248/1424 249/1425
f 240/1426 249/1427 241/1428
f 241/1429 249/1430 250/1431
f 241/1432 250/1433 242/1434
f 242/1435 250/1436 243/1437
f 242/1438 243/1439 235/1440
f 243/1441 251/1442 252/1443
f 243/1444 252/1445 244/1446
f 244/1447 252/1448 253/1449
f 244/1450 253/1451 245/1452
f 245/1453 253/1454 254/1455
f 245/1456 254/1457 246/1458
f 246/1459 254/1460 255/1461
f 246/1462 255/1463 247/1464
f 247/1465 255/1466 256/1467
f 247/1468 256/1469 248/1470
f 248/1471 256/1472 257/1473
f 248/1474 257/1475 249/1476
f 249/1477 257/1478 258/1479
f 249/1480 258/1481 250/1482
f 250/1483 258/1484 251/1485
f 250/1486 251/1487 243/1488
f 251/1489 259/1490 260/1491
f 251/1492 260/1493 252/1494
f 252/1495 260/1496 261/1497
f 252/1498 261/1499 253/1500
f 253/1501 261/1502 262/1503
f 253/1504 262/1505 254/1506
f 254/1507 262/1508 263/1509
f 254/1510 263/1511 255/1512
f 255/1513 263/1514 264/1515
f 255/1516 264/1517 256/1518
f 256/1519 264/1520 265/1521
f 256/1522 265/1523 257/1524
f 257/1525 265/1526 266/1527
f 257/1528 266/1529 258/1530
f 258/1531 266/1532 259/1533
f 258/1534 259/1535 251/1536
f 259/1537 267/1538 268/1539
f 259/1540 268/1541 260/1542
f 260/1543 268/1544 269/1545
f 260/1546 269/1547 261/1548
f 261/1549 269/1550 270/1551
f 261/1552 270/1553 262/1554
f 262/1555 270/1556 271/1557
f 262/1558 271/1559 263/1560
f 263/1561 271/1562 272/1563
f 263/1564 272/1565 264/1566
f 264/1567 272/1568 273/1569
f 264/1570 273/1571 265/1572
f 265/1573 273/1574 274/1575
f 265/1576 274/1577 266/1578
f 266/1579 274/1580 267/1581
f 266/1582 267/1583 259/1584
f 267/1585 275/1586 276/1587
f 267/1588 276/1589 268/1590
f 268/1591 276/1592 277/1593
f 268/1594 277/1595 269/1596
f 269/1597 277/1598 278/1599
f 269/1600 278/1601 270/1602
f 270/1603 278/1604 279/1605
f 270/1606 279/1607 271/1608
f 271/1609 279/1610 280/1611
f 271/1612 280/1613 272/1614
f 272/1615 280/1616 281/1617
f 272/1618 281/1619 273/1620
f 273/1621 281/1622 282/1623
f 273/1624 282/1625 274/1626
f 274/1627 282/1628 275/1629
f 274/1630 275/1631 267/1632
f 275/1633 283/1634 284/1635
f 275/1636 284/1637 276/1638
f 276/1639 284/1640 285/1641
f 276/1642 285/1643 277/1644
f 277/1645 285/1646 286/1647
f 277/1648 286/1649 278/1650
f 278/1651 286/1652 287/1653
f 278/1654 287/1655 279/1656
f 279/1657 287/1658 288/1659
f 279/1660 288/1661 280/1662
f 280/1663 288/1664 289/1665
f 280/1666 289/1667 281/1668
f 281/1669 289/1670 290/1671
f 281/1672 290/1673 282/1674
f 282/1675 290/1676 283/1677
f 282/1678 283/1679 275/1680
f 283/1681 291/1682 292/1683
f 283/1684 292/1685 284/1686
f 284/1687 292/1688 293/1689
f 284/1690 293/1691 285/1692
f 285/1693 293/1694 294/1695
f 285/1696 294/1697 286/1698
f 286/1699 294/1700 295/1701
f 286/1702 295/1703 287/1704
f 287/1705 295/1706 296/1707
f 287/1708 296/1709 288/1710
f 288/1711 296/1712 297/1713
f 288/1714 297/1715 289/1716
f 289/1717 297/1718 298/1719
f 289/1720 298/1721 290/1722
f 290/1723 298/1724 291/1725
f 290/1726 291/1727 283/1728
f 291/1729 299/1730 300/1731
f 291/1732 300/1733 292/1734
f 292/1735 300/1736 301/1737
f 292/1738 301/1739 293/1740
f 293/1741 301/1742 302/1743
f 293/1744 302/1745 294/1746
f 294/1747 302/1748 303/1749
f 294/1750 303/1751 295/1752
f 295/1753 303/1754 304/1755
f 295/1756 304/1757 296/1758
f 296/1759 304/1760 305/1761
f 296/1762 305/1763 297/1764
f 297/1765 305/1766 306/1767
f 297/1768 306/1769 298/1770
f 298/1771 306/1772 299/1773
f 298/1774 299/1775 291/1776
f 299/1777 307/1778 308/1779
f 299/1780 308/1781 300/1782
f 300/1783 308/1784 309/1785
f 300/1786 309/1787 301/1788
f 301/1789 309/1790 310/1791
f 301/1792 310/1793 302/1794
f 302/1795 310/1796 311/1797
f 302/1798 311/1799 303/1800
f 303/1801 311/1802 312/1803
f 303/1804 312/1805 304/1806
f 304/1807 312/1808 313/1809
f 304/1810 313/1811 305/1812
f 305/1813 313/1814 314/1815
f 305/1816 314/1817 306/1818
f 306/1819 314/1820 307/1821
f 306/1822 307/1823 299/1824
f 307/1825 315/1826 316/1827
f 307/1828 316/1829 308/1830
f 308/1831 316/1832 317/1833
f 308/1834 317/1835 309/1836
f 309/1837 317/1838 318/1839
f 309/1840 318/1841 310/1842
f 310/1843 318/1844 319/1845
f 310/1846 319/1847 311/1848
f 311/1849 319/1850 320/1851
f 311/1852 320/1853 312/1854
f 312/1855 320/1856 321/1857
f 312/1858 321/1859 313/1860
f 313/1861 321/1862 322/1863
f 313/1864 322/1865 314/1866
f 314/1867 322/1868 315/1869
f 314/1870 315/1871 307/1872
f 315/1873 323/1874 324/1875
f 315/1876 324/1877 316/1878
f 316/1879 324/1880 325/1881
f 316/1882 325/1883 317/1884
f 317/1885 325/1886 326/1887
f 317/1888 326/1889 318/1890
f 318/1891 326/1892 327/1893
f 318/1894 327/1895 319/1896
f 319/1897 327/1898 328/1899
f 319/1900 328/1901 320/1902
f 320/1903 328/1904 329/1905
f 320/1906 329/1907 321/1908
f 321/1909 329/1910 330/1911
f 321/1912 330/1913 322/1914
f 322/1915 330/1916 323/1917
f 322/1918 323/1919 315/1920
f 323/1921 331/1922 332/1923
f 323/1924 332/1925 324/1926
f 324/1927 332/1928 333/1929
f 324/1930 333/1931 325/1932
f 325/1933 333/1934 334/1935
f 325/1936 334/1937 326/1938
f 326/1939 334/1940 335/1941
f 326/1942 335/1943 327/1944
f 327/1945 335/1946 336/1947
f 327/1948 336/1949 328/1950
f 328/1951 336/1952 337/1953
f 328/1954 337/1955 329/1956
f 329/1957 337/1958 338/1959
f 329/1960 338/1961 330/1962
f 330/1963 338/1964 331/1965
f 330/1966 331/1967 323/1968
f 331/1969 339/1970 340/1971
f 331/1972 340/1973 332/1974
f 332/1975 340/1976 341/1977
f 332/1978 341/1979 333/1980
f 333/1981 341/1982 342/1983
f 333/1984 342/1985 334/1986
f 334/1987 342/1988 343/1989
f 334/1990 343/1991 335/1992
f 335/1993 343/1994 344/1995
f 335/1996 344/1997 336/1998
f 336/1999 344/2000 345/2001
f 336/2002 345/2003 337/2004
f 337/2005 345/2006 346/2007
f 337/2008 346/2009 338/2010
f 338/2011 346/2012 339/2013
f 338/2014 339/2015 331/2016
f 339/2017 347/2018 348/2019
f 339/2020 348/2021 340/2022
f 340/2023 348/2024 349/2025
f 340/2026 349/2027 341/2028
f 341/2029 349/2030 350/2031
f 341/2032 350/2033 342/2034
f 342/2035 350/2036 351/2037
f 342/2038 351/2039 343/2040
f 343/2041 351/2042 352/2043
f 343/2044 352/2045 344/2046
f 344/2047 352/2048 353/2049
f 344/2050 353/2051 345/2052
f 345/2053 353/2054 354/2055
f 345/2056 354/2057 346/2058
f 346/2059 354/2060 347/2061
f 346/2062 347/2063 339/2064
f 347/2065 355/2066 356/2067
f 347/2068 356/2069 348/2070
f 348/2071 356/2072 357/2073
f 348/2074 357/2075 349/2076
f 349/2077 357/2078 358/2079
f 349/2080 358/2081 350/2082
f 350/2083 358/2084 359/2085
f 350/2086 359/2087 351/2088
f 351/2089 359/2090 360/2091
f 351/2092 360/2093 352/2094
f 352/2095 360/2096 361/2097
f 352/2098 361/2099 353/2100
f 353/2101 361/2102 362/2103
f 353/2104 362/2105 354/2106
f 354/2107 362/2108 355/2109
f 354/2110 355/2111 347/2112
f 355/2113 363/2114 364/2115
f 355/2116 364/2117 356/2118
f 356/2119 364/2120 365/2121
f 356/2122 365/2123 357/2124
f 357/2125 365/2126 366/2127
f 357/2128 366/2129 358/2130
f 358/2131 366/2132 367/2133
f 358/2134 367/2135 359/2136
f 359/2137 367/2138 368/2139
f 359/2140 368/2141 360/2142
f 360/2143 368/2144 369/2145
f 360/2146 369/2147 361/2148
f 361/2149 369/2150 370/2151
f 361/2152 370/2153 362/2154
f 362/2155 370/2156 363/2157
f 362/2158 363/2159 355/2160
f 363/2161 371/2162 372/2163
f 363/2164 372/2165 364/2166
f 364/2167 372/2168 373/2169
f 364/2170 373/2171 365/2172
f 365/2173 373/2174 374/2175
f 365/2176 374/2177 366/2178
f 366/2179 374/2180 375/2181
f 366/2182 375/2183 367/2184
f 367/2185 375/2186 376/2187
f 367/2188 376/2189 368/2190
f 368/2191 376/2192 377/2193
f 368/2194 377/2195 369/2196
f 369/2197 377/2198 378/2199
f 369/2200 378/2201 370/2202
f 370/2203 378/2204 371/2205
f 370/2206 371/2207 363/2208
f 371/2209 379/2210 380/2211
f 371/2212 380/2213 372/2214
f 372/2215 380/2216 381/2217
f 372/2218 381/2219 373/2220
f 373/2221 381/2222 382/2223
f 373/2224 382/2225 374/2226
f 374/2227 382/2228 383/2229
f 374/2230 383/2231 375/2232
f 375/2233 383/2234 384/2235
f 375/2236 384/2237 376/2238
f 376/2239 384/2240 385/2241
f 376/2242 385/2243 377/2244
f 377/2245 385/2246 386/2247
f 377/2248 386/2249 378/2250
f 378/2251 386/2252 379/2253
f 378/2254 379/2255 371/2256
f 379/2257 387/2258 388/2259
f 379/2260 388/2261 380/2262
f 380/2263 388/2264 389/2265
f 380/2266 389/2267 381/2268
f 381/2269 389/2270 390/2271
f 381/2272 390/2273 382/2274
f 382/2275 390/2276 391/2277
f 382/2278 391/2279 383/2280
f 383/2281 391/2282 392/2283
f 383/2284 392/2285 384/2286
f 384/2287 392/2288 393/2289
f 384/2290 393/2291 385/2292
f 385/2293 393/2294 394/2295
f 385/2296 394/2297 386/2298
f 386/2299 394/2300 387/2301
f 386/2302 387/2303 379/2304
f 387/2305 395/2306 396/2307
f 387/2308 396/2309 388/2310
f 388/2311 396/2312 397/2313
f 388/2314 397/2315 389/2316
f 389/2317 397/2318 398/2319
f 389/2320 398/2321 390/2322
f 390/2323 398/2324 399/2325
f 390/2326 399/2327 391/2328
f 391/2329 399/2330 400/2331
f 391/2332 400/2333 392/2334
f 392/2335 400/2336 401/2337
f 392/2338 401/2339 393/2340
f 393/2341 401/2342 402/2343
f 393/2344 402/2345 394/2346
f 394/2347 402/2348 395/2349
f 394/2350 395/2351 387/2352
f 395/2353 403/2354 404/2355
f 395/2356 404/2357 396/2358
f 396/2359 404/2360 405/2361
f 396/2362 405/2363 397/2364
f 397/2365 405/2366 406/2367
f 397/2368 406/2369 398/2370
f 398/2371 406/2372 407/2373
f 398/2374 407/2375 399/2376
f 399/2377 407/2378 408/2379
f 399/2380 408/2381 400/2382
f 400/2383 408/2384 409/2385
f 400/2386 409/2387 401/2388
f 401/2389 409/2390 410/2391
f 401/2392 410/2393 402/2394
f 402/2395 410/2396 403/2397
f 402/2398 403/2399 395/2400
f 403/2401 411/2402 412/2403
f 403/2404 412/2405 404/2406
f 404/2407 412/2408 413/2409
f 404/2410 413/2411 405/2412
f 405/2413 413/2414 414/2415
f 405/2416 414/2417 406/2418
f 406/2419 414/2420 415/2421
f 406/2422 415/2423 407/2424
f 407/2425 415/2426 416/2427
f 407/2428 416/2429 408/2430
f 408/2431 416/2432 417/2433
f 408/2434 417/2435 409/2436
f 409/2437 417/2438 418/2439
f 409/2440 418/2441 410/2442
f 410/2443 418/2444 411/2445
f 410/2446 411/2447 403/2448
f 411/2449 419/2450 420/2451
f 411/2452 420/2453 412/2454
f 412/2455 420/2456 421/2457
f 412/2458 421/2459 413/2460
f 413/2461 421/2462 422/2463
f 413/2464 422/2465 414/2466
f 414/2467 422/2468 423/2469
f 414/2470 423/2471 415/2472
f 415/2473 423/2474 424/2475
f 415/2476 424/2477 416/2478
f 416/2479 424/2480 425/2481
f 416/2482 425/2483 417/2484
f 417/2485 425/2486 426/2487
f 417/2488 426/2489 418/2490
f 418/2491 426/2492 419/2493
f 418/2494 419/2495 411/2496
f 419/2497 427/2498 428/2499
f 419/2500 428/2501 420/2502
f 420/2503 428/2504 429/2505
f 420/2506 429/2507 421/2508
f 421/2509 429/2510 430/2511
f 421/2512 430/2513 422/2514
f 422/2515 430/2516 431/2517
f 422/2518 431/2519 423/2520
f 423/2521 431/2522 432/2523
f 423/2524 432/2525 424/2526
f 424/2527 432/2528 433/2529
f 424/2530 433/2531 425/2532
f 425/2533 433/2534 434/2535
f 425/2536 434/2537 426/2538
f 426/2539 434/2540 427/2541
f 426/2542 427/2543 419/2544
f 427/2545 435/2546 436/2547
f 427/2548 436/2549 428/2550
f 428/2551 436/2552 437/2553
f 428/2554 437/2555 429/2556
f 429/2557 437/2558 438/2559
f 429/2560 438/2561 430/2562
f 430/2563 438/2564 439/2565
f 430/2566 439/2567 431/2568
f 431/2569 439/2570 440/2571
f 431/2572 440/2573 432/2574
f 432/2575 440/2576 441/2577
f 432/2578 441/2579 433/2580
f 433/2581 441/2582 442/2583
f 433/2584 442/2585 434/2586
f 434/2587 442/2588 435/2589
f 434/2590 435/2591 427/2592
f 435/2593 443/2594 444/2595
f 435/2596 444/2597 436/2598
f 436/2599 444/2600 445/2601
f 436/2602 445/2603 437/2604
f 437/2605 445/2606 446/2607
f 437/2608 446/2609 438/2610
f 438/2611 446/2612 447/2613
f 438/2614 447/2615 439/2616
f 439/2617 447/2618 448/2619
f 439/2620 448/2621 440/2622
f 440/2623 448/2624 449/2625
f 440/2626 449/2627 441/2628
f 441/2629 449/2630 450/2631
f 441/2632 450/2633 442/2634
f 442/2635 450/2636 443/2637
f 442/2638 443/2639 435/2640
f 443/2641 451/2642 452/2643
f 443/2644 452/2645 444/2646
f 444/2647 452/2648 453/2649
f 444/2650 453/2651 445/2652
f 445/2653 453/2654 454/2655
f 445/2656 454/2657 446/2658
f 446/2659 454/2660 455/2661
f 446/2662 455/2663 447/2664
f 447/2665 455/2666 456/2667
f 447/2668 456/2669 448/2670
f 448/2671 456/2672 457/2673
f 448/2674 457/2675 449/2676
f 449/2677 457/2678 458/2679
f 449/2680 458/2681 450/2682
f 450/2683 458/2684 451/2685
f 450/2686 451/2687 443/2688
f 451/2689 459/2690 460/2691
f 451/2692 460/2693 452/2694
f 452/2695 460/2696 461/2697
f 452/2698 461/2699 453/2700
f 453/2701 461/2702 462/2703
f 453/2704 462/2705 454/2706
f 454/2707 462/2708 463/2709
f 454/2710 463/2711 455/2712
f 455/2713 463/2714 464/2715
f 455/2716 464/2717 456/2718
f 456/2719 464/2720 465/2721
f 456/2722 465/2723 457/2724
f 457/2725 465/2726 466/2727
f 457/2728 466/2729 458/2730
f 458/2731 466/2732 459/2733
f 458/2734 459/2735 451/2736
f 459/2737 467/2738 468/2739
f 459/2740 468/2741 460/2742
f 460/2743 468/2744 469/2745
f 460/2746 469/2747 461/2748
f 461/2749 469/2750 470/2751
f 461/2752 470/2753 462/2754
f 462/2755 470/2756 471/2757
f 462/2758 471/2759 463/2760
f 463/2761 471/2762 472/2763
f 463/2764 472/2765 464/2766
f 464/2767 472/2768 473/2769
f 464/2770 473/2771 465/2772
f 465/2773 473/2774 474/2775
f 465/2776 474/2777 466/2778
f 466/2779 474/2780 467/2781
f 466/2782 467/2783 459/2784
f 467/2785 475/2786 476/2787
f 467/2788 476/2789 468/2790
f 468/2791 476/2792 477/2793
f 468/2794 477/2795 469/2796
f 469/2797 477/2798 478/2799
f 469/2800 478/2801 470/2802
f 470/2803 478/2804 479/2805
f 470/2806 479/2807 471/2808
f 471/2809 479/2810 480/2811
f 471/2812 480/2813 472/2814
f 472/2815 480/2816 481/2817
f 472/2818 481/2819 473/2820
f 473/2821 481/2822 482/2823
f 473/2824 482/2825 474/2826
f 474/2827 482/2828 475/2829
f 474/2830 475/2831 467/2832
f 475/2833 99/2834 100/2835
f 475/2836 100/2837 476/2838
f 476/2839 100/2840 101/2841
f 476/2842 101/2843 477/2844
f 477/2845 101/2846 102/2847
f 477/2848 102/2849 478/2850
f 478/2851 102/2852 103/2853
f 478/2854 103/2855 479/2856
f 479/2857 103/2858 104/2859
f 479/2860 104/2861 480/2862
f 480/2863 104/2864 105/2865
f 480/2866 105/2867 481/2868
f 481/2869 105/2870 106/2871
f 481/2872 106/2873 482/2874
f 482/2875 106/2876 99/2877
f 482/2878 99/2879 475/2880
f 1163/2881 484/2882 483/2883
f 1123/2884 1124/2885 1164/2886
f 1163/2887 485/2888 484/2889
f 1124/2890 1125/2891 1164/2892
f 1163/2893 486/2894 485/2895
f 1125/2896 1126/2897 1164/2898
f 1163/2899 487/2900 486/2901
f 1126/2902 1127/2903 1164/2904
f 1163/2905 488/2906 487/2907
f 1127/2908 1128/2909 1164/2910
f 1163/2911 489/2912 488/2913
f 1128/2914 1129/2915 1164/2916
f 1163/2917 490/2918 489/2919
f 1129/2920 1130/2921 1164/2922
f 1163/2923 491/2924 490/2925
f 1130/2926 1131/2927 1164/2928
f 1163/2929 492/2930 491/2931
f 1131/2932 1132/2933 1164/2934
f 1163/2935 493/2936 492/2937
f 1132/2938 1133/2939 1164/2940
f 1163/2941 494/2942 493/2943
f 1133/2944 1134/2945 1164/2946
f 1163/2947 495/2948 494/2949
f 1134/2950 1135/2951 1164/2952
f 1163/2953 496/2954 495/2955
f 1135/2956 1136/2957 1164/2958
f 1163/2959 497/2960 496/2961
f 1136/2962 1137/2963 1164/2964
f 1163/2965 498/2966 497/2967
f 1137/2968 1138/2969 1164/2970
f 1163/2971 499/2972 498/2973
f 1138/2974 1139/2975 1164/2976
f 1163/2977 500/2978 499/2979
f 1139/2980 1140/2981 1164/2982
f 1163/2983 501/2984 500/2985
f 1140/2986 1141/2987 1164/2988
f 1163/2989 502/2990 501/2991
f 1141/2992 1142/2993 1164/2994
f 1163/2995 503/2996 502/2997
f 1142/2998 1143/2999 1164/3000
f 1163/3001 504/3002 503/3003
f 1143/3004 1144/3005 1164/3006
f 1163/3007 505/3008 504/3009
f 1144/3010 1145/3011 1164/3012
f 1163/3013 506/3014 505/3015
f 1145/3016 1146/3017 1164/3018
f 1163/3019 507/3020 506/3021
f 1146/3022 1147/3023 1164/3024
f 1163/3025 508/3026 507/3027
f 1147/3028 1148/3029 1164/3030
f 1163/3031 509/3032 508/3033
f 1148/3034 1149/3035 1164/3036
f 1163/3037 510/3038 509/3039
f 1149/3040 1150/3041 1164/3042
f 1163/3043 511/3044 510/3045
f 1150/3046 1151/3047 1164/3048
f 1163/3049 512/3050 511/3051
f 1151/3052 1152/3053 1164/3054
f 1163/3055 513/3056 512/3057
f 1152/3058 1153/3059 1164/3060
f 1163/3061 514/3062 513/3063
f 1153/3064 1154/3065 1164/3066
f 1163/3067 515/3068 514/3069
f 1154/3070 1155/3071 1164/3072
f 1163/3073 516/3074 515/3075
f 1155/3076 1156/3077 1164/3078
f 1163/3079 517/3080 516/3081
f 1156/3082 1157/3083 1164/3084
f 1163/3085 518/3086 517/3087
f 1157/3088 1158/3089 1164/3090
f 1163/3091 519/3092 518/3093
f 1158/3094 1159/3095 1164/3096
f 1163/3097 520/3098 519/3099
f 1159/3100 1160/3101 1164/3102
f 1163/3103 521/3104 520/3105
f 1160/3106 1161/3107 1164/3108
f 1163/3109 522/3110 521/3111
f 1161/3112 1162/3113 1164/3114
f 1163/3115 483/3116 522/3117
f 1162/3118 1123/3119 1164/3120
f 483/3121 484/3122 524/3123
f 483/3124 524/3125 523/3126
f 484/3127 485/3128 525/3129
f 484/3130 525/3131 524/3132
f 485/3133 486/3134 526/3135
f 485/3136 526/3137 525/3138
f 486/3139 487/3140 527/3141
f 486/3142 527/3143 526/3144
f 487/3145 488/3146 528/3147
f 487/3148 528/3149 527/3150
f 488/3151 489/3152 529/3153
f 488/3154 529/3155 528/3156
f 489/3157 490/3158 530/3159
f 489/3160 530/3161 529/3162
f 490/3163 491/3164 531/3165
f 490/3166 531/3167 530/3168
f 491/3169 492/3170 532/3171
f 491/3172 532/3173 531/3174
f 492/3175 493/3176 533/3177
f 492/3178 533/3179 532/3180
f 493/3181 494/3182 534/3183
f 493/3184 534/3185 533/3186
f 494/3187 495/3188 535/3189
f 494/3190 535/3191 534/3192
f 495/3193 496/3194 536/3195
f 495/3196 536/3197 535/3198
f 496/3199 497/3200 537/3201
f 496/3202 537/3203 536/3204
f 497/3205 498/3206 538/3207
f 497/3208 538/3209 537/3210
f 498/3211 499/3212 539/3213
f 498/3214 539/3215 538/3216
f 499/3217 500/3218 540/3219
f 499/3220 540/3221 539/3222
f 500/3223 501/3224 541/3225
f 500/3226 541/3227 540/3228
f 501/3229 502/3230 542/3231
f 501/3232 542/3233 541/3234
f 502/3235 503/3236 543/3237
f 502/3238 543/3239 542/3240
f 503/3241 504/3242 544/3243
f 503/3244 544/3245 543/3246
f 504/3247 505/3248 545/3249
f 504/3250 545/3251 544/3252
f 505/3253 506/3254 546/3255
f 505/3256 546/3257 545/3258
f 506/3259 507/3260 547/3261
f 506/3262 547/3263 546/3264
f 507/3265 508/3266 548/3267
f 507/3268 548/3269 547/3270
f 508/3271 509/3272 549/3273
f 508/3274 549/3275 548/3276
f 509/3277 510/3278 550/3279
f 509/3280 550/3281 549/3282
f 510/3283 511/3284 551/3285
f 510/3286 551/3287 550/3288
f 511/3289 512/3290 552/3291
f 511/3292 552/3293 551/3294
f 512/3295 513/3296 553/3297
f 512/3298 553/3299 552/3300
f 513/3301 514/3302 554/3303
f 513/3304 554/3305 553/3306
f 514/3307 515/3308 555/3309
f 514/3310 555/3311 554/3312
f 515/3313 516/3314 556/3315
f 515/3316 556/3317 555/3318
f 516/3319 517/3320 557/3321
f 516/3322 557/3323 556/3324
f 517/3325 518/3326 558/3327
f 517/3328 558/3329 557/3330
f 518/3331 519/3332 559/3333
f 518/3334 559/3335 558/3336
f 519/3337 520/3338 560/3339
f 519/3340 560/3341 559/3342
f 520/3343 521/3344 561/3345
f 520/3346 561/3347 560/3348
f 521/3349 522/3350 562/3351
f 521/3352 562/3353 561/3354
f 522/3355 483/3356 523/3357
f 522/3358 523/3359 562/3360
f 523/3361 524/3362 564/3363
f 523/3364 564/3365 563/3366
f 524/3367 525/3368 565/3369
f 524/3370 565/3371 564/3372
f 525/3373 526/3374 566/3375
f 525/3376 566/3377 565/3378
f 526/3379 527/3380 567/3381
f 526/3382 567/3383 566/3384
f 527/3385 528/3386 568/3387
f 527/3388 568/3389 567/3390
f 528/3391 529/3392 569/3393
f 528/3394 569/3395 568/3396
f 529/3397 530/3398 570/3399
f 529/3400 570/3401 569/3402
f 530/3403 531/3404 571/3405
f 530/3406 571/3407 570/3408
f 531/3409 532/3410 572/3411
f 531/3412 572/3413 571/3414
f 532/3415 533/3416 573/3417
f 532/3418 573/3419 572/3420
f 533/3421 534/3422 574/3423
f 533/3424 574/3425 573/3426
f 534/3427 535/3428 575/3429
f 534/3430 575/3431 574/3432
f 535/3433 536/3434 576/3435
f 535/3436 576/3437 575/3438
f 536/3439 537/3440 577/3441
f 536/3442 577/3443 576/3444
f 537/3445 538/3446 578/3447
f 537/3448 578/3449 577/3450
f 538/3451 539/3452 579/3453
f 538/3454 579/3455 578/3456
f 539/3457 540/3458 580/3459
f 539/3460 580/3461 579/3462
f 540/3463 541/3464 581/3465
f 540/3466 581/3467 580/3468
f 541/3469 542/3470 582/3471
f 541/3472 582/3473 581/3474
f 542/3475 543/3476 583/3477
f 542/3478 583/3479 582/3480
f 543/3481 544/3482 584/3483
f 543/3484 584/3485 583/3486
f 544/3487 545/3488 585/3489
f 544/3490 585/3491 584/3492
f 545/3493 546/3494 586/3495
f 545/3496 586/3497 585/3498
f 546/3499 547/3500 587/3501
f 546/3502 587/3503 586/3504
f 547/3505 548/3506 588/3507
f 547/3508 588/3509 587/3510
f 548/3511 549/3512 589/3513
f 548/3514 589/3515 588/3516
f 549/3517 550/3518 590/3519
f 549/3520 590/3521 589/3522
f 550/3523 551/3524 591/3525
f 550/3526 591/3527 590/3528
f 551/3529 552/3530 592/3531
f 551/3532 592/3533 591/3534
f 552/3535 553/3536 593/3537
f 552/3538 593/3539 592/3540
f 553/3541 554/3542 594/3543
f 553/3544 594/3545 593/3546
f 554/3547 555/3548 595/3549
f 554/3550 595/3551 594/3552
f 555/3553 556/3554 596/3555
f 555/3556 596/3557 595/3558
f 556/3559 557/3560 597/3561
f 556/3562 597/3563 596/3564
f 557/3565 558/3566 598/3567
f 557/3568 598/3569 597/3570
f 558/3571 559/3572 599/3573
f 558/3574 599/3575 598/3576
f 559/3577 560/3578 600/3579
f 559/3580 600/3581 599/3582
f 560/3583 561/3584 601/3585
f 560/3586 601/3587 600/3588
f 561/3589 562/3590 602/3591
f 561/3592 602/3593 601/3594
f 562/3595 523/3596 563/3597
f 562/3598 563/3599 602/3600
f 563/3601 564/3602 604/3603
f 563/3604 604/3605 603/3606
f 564/3607 565/3608 605/3609
f 564/3610 605/3611 604/3612
f 565/3613 566/3614 606/3615
f 565/3616 606/3617 605/3618
f 566/3619 567/3620 607/3621
f 566/3622 607/3623 606/3624
f 567/3625 568/3626 608/3627
f 567/3628 608/3629 607/3630
f 568/3631 569/3632 609/3633
f 568/3634 609/3635 608/3636
f 569/3637 570/3638 610/3639
f 569/3640 610/3641 609/3642
f 570/3643 571/3644 611/3645
f 570/3646 611/3647 610/3648
f 571/3649 572/3650 612/3651
f 571/3652 612/3653 611/3654
f 572/3655 573/3656 613/3657
f 572/3658 613/3659 612/3660
f 573/3661 574/3662 614/3663
f 573/3664 614/3665 613/3666
f 574/3667 575/3668 615/3669
f 574/3670 615/3671 614/3672
f 575/3673 576/3674 616/3675
f 575/3676 616/3677 615/3678
f 576/3679 577/3680 617/3681
f 576/3682 617/3683 616/3684
f 577/3685 578/3686 618/3687
f 577/3688 618/3689 617/3690
f 578/3691 579/3692 619/3693
f 578/3694 619/3695 618/3696
f 579/3697 580/3698 620/3699
f 579/3700 620/3701 619/3702
f 580/3703 581/3704 621/3705
f 580/3706 621/3707 620/3708
f 581/3709 582/3710 622/3711
f 581/3712 622/3713 621/3714
f 582/3715 583/3716 623/3717
f 582/3718 623/3719 622/3720
f 583/3721 584/3722 624/3723
f 583/3724 624/3725 623/3726
f 584/3727 585/3728 625/3729
f 584/3730 625/3731 624/3732
f 585/3733 586/3734 626/3735
f 585/3736 626/3737 625/3738
f 586/3739 587/3740 627/3741
f 586/3742 627/3743 626/3744
f 587/3745 588/3746 628/3747
f 587/3748 628/3749 627/3750
f 588/3751 589/3752 629/3753
f 588/3754 629/3755 628/3756
f 589/3757 590/3758 630/3759
f 589/3760 630/3761 629/3762
f 590/3763 591/3764 631/3765
f 590/3766 631/3767 630/3768
f 591/3769 592/3770 632/3771
f 591/3772 632/3773 631/3774
f 592/3775 593/3776 633/3777
f 592/3778 633/3779 632/3780
f 593/3781 594/3782 634/3783
f 593/3784 634/3785 633/3786
f 594/3787 595/3788 635/3789
f 594/3790 635/3791 634/3792
f 595/3793 596/3794 636/3795
f 595/3796 636/3797 635/3798
f 596/3799 597/3800 637/3801
f 596/3802 637/3803 636/3804
f 597/3805 598/3806 638/3807
f 597/3808 638/3809 637/3810
f 598/3811 599/3812 639/3813
f 598/3814 639/3815 638/3816
f 599/3817 600/3818 640/3819
f 599/3820 640/3821 639/3822
f 600/3823 601/3824 641/3825
f 600/3826 641/3827 640/3828
f 601/3829 602/3830 642/3831
f 601/3832 642/3833 641/3834
f 602/3835 563/3836 603/3837
f 602/3838 603/3839 642/3840
f 603/3841 604/3842 644/3843
f 603/3844 644/3845 643/3846
f 604/3847 605/3848 645/3849
f 604/3850 645/3851 644/3852
f 605/3853 606/3854 646/3855
f 605/3856 646/3857 645/3858
f 606/3859 607/3860 647/3861
f 606/3862 647/3863 646/3864
f 607/3865 608/3866 648/3867
f 607/3868 648/3869 647/3870
f 608/3871 609/3872 649/3873
f 608/3874 649/3875 648/3876
f 609/3877 610/3878 650/3879
f 609/3880 650/3881 649/3882
f 610/3883 611/3884 651/3885
f 610/3886 651/3887 650/3888
f 611/3889 612/3890 652/3891
f 611/3892 652/3893 651/3894
f 612/3895 613/3896 653/3897
f 612/3898 653/3899 652/3900
f 613/3901 614/3902 654/3903
f 613/3904 654/3905 653/3906
f 614/3907 615/3908 655/3909
f 614/3910 655/3911 654/3912
f 615/3913 616/3914 656/3915
f 615/3916 656/3917 655/3918
f 616/3919 617/3920 657/3921
f 616/3922 657/3923 656/3924
f 617/3925 618/3926 658/3927
f 617/3928 658/3929 657/3930
f 618/3931 619/3932 659/3933
f 618/3934 659/3935 658/3936
f 619/3937 620/3938 660/3939
f 619/3940 660/3941 659/3942
f 620/3943 621/3944 661/3945
f 620/3946 661/3947 660/3948
f 621/3949 622/3950 662/3951
f 621/3952 662/3953 661/3954
f 622/3955 623/3956 663/3957
f 622/3958 663/3959 662/3960
f 623/3961 624/3962 664/3963
f 623/3964 664/3965 663/3966
f 624/3967 625/3968 665/3969
f 624/3970 665/3971 664/3972
f 625/3973 626/3974 666/3975
f 625/3976 666/3977 665/3978
f 626/3979 627/3980 667/3981
f 626/3982 667/3983 666/3984
f 627/3985 628/3986 668/3987
f 627/3988 668/3989 667/3990
f 628/3991 629/3992 669/3993
f 628/3994 669/3995 668/3996
f 629/3997 630/3998 670/3999
f 629/4000 670/4001 669/4002
f 630/4003 631/4004 671/4005
f 630/4006 671/4007 670/4008
f 631/4009 632/4010 672/4011
f 631/4012 672/4013 671/4014
f 632/4015 633/4016 673/4017
f 632/4018 673/4019 672/4020
f 633/4021 634/4022 674/4023
f 633/4024 674/4025 673/4026
f 634/4027 635/4028 675/4029
f 634/4030 675/4031 674/4032
f 635/4033 636/4034 676/4035
f 635/4036 676/4037 675/4038
f 636/4039 637/4040 677/4041
f 636/4042 677/4043 676/4044
f 637/4045 638/4046 678/4047
f 637/4048 678/4049 677/4050
f 638/4051 639/4052 679/4053
f 638/4054 679/4055 678/4056
f 639/4057 640/4058 680/4059
f 639/4060 680/4061 679/4062
f 640/4063 641/4064 681/4065
f 640/4066 681/4067 680/4068
f 641/4069 642/4070 682/4071
f 641/4072 682/4073 681/4074
f 642/4075 603/4076 643/4077
f 642/4078 643/4079 682/4080
f 643/4081 644/4082 684/4083
f 643/4084 684/4085 683/4086
f 644/4087 645/4088 685/4089
f 644/4090 685/4091 684/4092
f 645/4093 646/4094 686/4095
f 645/4096 686/4097 685/4098
f 646/4099 647/4100 687/4101
f 646/4102 687/4103 686/4104
f 647/4105 648/4106 688/4107
f 647/4108 688/4109 687/4110
f 648/4111 649/4112 689/4113
f 648/4114 689/4115 688/4116
f 649/4117 650/4118 690/4119
f 649/4120 690/4121 689/4122
f 650/4123 651/4124 691/4125
f 650/4126 691/4127 690/4128
f 651/4129 652/4130 692/4131
f 651/4132 692/4133 691/4134
f 652/4135 653/4136 693/4137
f 652/4138 693/4139 692/4140
f 653/4141 654/4142 694/4143
f 653/4144 694/4145 693/4146
f 654/4147 655/4148 695/4149
f 654/4150 695/4151 694/4152
f 655/4153 656/4154 696/4155
f 655/4156 696/4157 695/4158
f 656/4159 657/4160 697/4161
f 656/4162 697/4163 696/4164
f 657/4165 658/4166 698/4167
f 657/4168 698/4169 697/4170
f 658/4171 659/4172 699/4173
f 658/4174 699/4175 698/4176
f 659/4177 660/4178 700/4179
f 659/4180 700/4181 699/4182
f 660/4183 661/4184 701/4185
f 660/4186 701/4187 700/4188
f 661/4189 662/4190 702/4191
f 661/4192 702/4193 701/4194
f 662/4195 663/4196 703/4197
f 662/4198 703/4199 702/4200
f 663/4201 664/4202 704/4203
f 663/4204 704/4205 703/4206
f 664/4207 665/4208 705/4209
f 664/4210 705/4211 704/4212
f 665/4213 666/4214 706/4215
f 665/4216 706/4217 705/4218
f 666/4219 667/4220 707/4221
f 666/4222 707/4223 706/4224
f 667/4225 668/4226 708/4227
f 667/4228 708/4229 707/4230
f 668/4231 669/4232 709/4233
f 668/4234 709/4235 708/4236
f 669/4237 670/4238 710/4239
f 669/4240 710/4241 709/4242
f 670/4243 671/4244 711/4245
f 670/4246 711/4247 710/4248
f 671/4249 672/4250 712/4251
f 671/4252 712/4253 711/4254
f 672/4255 673/4256 713/4257
f 672/4258 713/4259 712/4260
f 673/4261 674/4262 714/4263
f 673/4264 714/4265 713/4266
f 674/4267 675/4268 715/4269
f 674/4270 715/4271 714/4272
f 675/4273 676/4274 716/4275
f 675/4276 716/4277 715/4278
f 676/4279 677/4280 717/4281
f 676/4282 717/4283 716/4284
f 677/4285 678/4286 718/4287
f 677/4288 718/4289 717/4290
f 678/4291 679/4292 719/4293
f 678/4294 719/4295 718/4296
f 679/4297 680/4298 720/4299
f 679/4300 720/4301 719/4302
f 680/4303 681/4304 721/4305
f 680/4306 721/4307 720/4308
f 681/4309 682/4310 722/4311
f 681/4312 722/4313 721/4314
f 682/4315 643/4316 683/4317
f 682/4318 683/4319 722/4320
f 683/4321 684/4322 724/4323
f 683/4324 724/4325 723/4326
f 684/4327 685/4328 725/4329
f 684/4330 725/4331 724/4332
f 685/4333 686/4334 726/4335
f 685/4336 726/4337 725/4338
f 686/4339 687/4340 727/4341
f 686/4342 727/4343 726/4344
f 687/4345 688/4346 728/4347
f 687/4348 728/4349 727/4350
f 688/4351 689/4352 729/4353
f 688/4354 729/4355 728/4356
f 689/4357 690/4358 730/4359
f 689/4360 730/4361 729/4362
f 690/4363 691/4364 731/4365
f 690/4366 731/4367 730/4368
f 691/4369 692/4370 732/4371
f 691/4372 732/4373 731/4374
f 692/4375 693/4376 733/4377
f 692/4378 733/4379 732/4380
f 693/4381 694/4382 734/4383
f 693/4384 734/4385 733/4386
f 694/4387 695/4388 735/4389
f 694/4390 735/4391 734/4392
f 695/4393 696/4394 736/4395
f 695/4396 736/4397 735/4398
f 696/4399 697/4400 737/4401
f 696/4402 737/4403 736/4404
f 697/4405 698/4406 738/4407
f 697/4408 738/4409 737/4410
f 698/4411 699/4412 739/4413
f 698/4414 739/4415 738/4416
f 699/4417 700/4418 740/4419
f 699/4420 740/4421 739/4422
f 700/4423 701/4424 741/4425
f 700/4426 741/4427 740/4428
f 701/4429 702/4430 742/4431
f 701/4432 742/4433 741/4434
f 702/4435 703/4436 743/4437
f 702/4438 743/4439 742/4440
f 703/4441 704/4442 744/4443
f 703/4444 744/4445 743/4446
f 704/4447 705/4448 745/4449
f 704/4450 745/4451 744/4452
f 705/4453 706/4454 746/4455
f 705/4456 746/4457 745/4458
f 706/4459 707/4460 747/4461
f 706/4462 747/4463 746/4464
f 707/4465 708/4466 748/4467
f 707/4468 748/4469 747/4470
f 708/4471 709/4472 749/4473
f 708/4474 749/4475 748/4476
f 709/4477 710/4478 750/4479
f 709/4480 750/4481 749/4482
f 710/4483 711/4484 751/4485
f 710/4486 751/4487 750/4488
f 711/4489 712/4490 752/4491
f 711/4492 752/4493 751/4494
f 712/4495 713/4496 753/4497
f 712/4498 753/4499 752/4500
f 713/4501 714/4502 754/4503
f 713/4504 754/4505 753/4506
f 714/4507 715/4508 755/4509
f 714/4510 755/4511 754/4512
f 715/4513 716/4514 756/4515
f 715/4516 756/4517 755/4518
f 716/4519 717/4520 757/4521
f 716/4522 757/4523 756/4524
f 717/4525 718/4526 758/4527
f 717/4528 758/4529 757/4530
f 718/4531 719/4532 759/4533
f 718/4534 759/4535 758/4536
f 719/4537 720/4538 760/4539
f 719/4540 760/4541 759/4542
f 720/4543 721/4544 761/4545
f 720/4546 761/4547 760/4548
f 721/4549 722/4550 762/4551
f 721/4552 762/4553 761/4554
f 722/4555 683/4556 723/4557
f 722/4558 723/4559 762/4560
f 723/4561 724/4562 764/4563
f 723/4564 764/4565 763/4566
f 724/4567 725/4568 765/4569
f 724/4570 765/4571 764/4572
f 725/4573 726/4574 766/4575
f 725/4576 766/4577 765/4578
f 726/4579 727/4580 767/4581
f 726/4582 767/4583 766/4584
f 727/4585 728/4586 768/4587
f 727/4588 768/4589 767/4590
f 728/4591 729/4592 769/4593
f 728/4594 769/4595 768/4596
f 729/4597 730/4598 770/4599
f 729/4600 770/4601 769/4602
f 730/4603 731/4604 771/4605
f 730/4606 771/4607 770/4608
f 731/4609 732/4610 772/4611
f 731/4612 772/4613 771/4614
f 732/4615 733/4616 773/4617
f 732/4618 773/4619 772/4620
f 733/4621 734/4622 774/4623
f 733/4624 774/4625 773/4626
f 734/4627 735/4628 775/4629
f 734/4630 775/4631 774/4632
f 735/4633 736/4634 776/4635
f 735/4636 776/4637 775/4638
f 736/4639 737/4640 777/4641
f 736/4642 777/4643 776/4644
f 737/4645 738/4646 778/4647
f 737/4648 778/4649 777/4650
f 738/4651 739/4652 779/4653
f 738/4654 779/4655 778/4656
f 739/4657 740/4658 780/4659
f 739/4660 780/4661 779/4662
f 740/4663 741/4664 781/4665
f 740/4666 781/4667 780/4668
f 741/4669 742/4670 782/4671
f 741/4672 782/4673 781/4674
f 742/4675 743/4676 783/4677
f 742/4678 783/4679 782/4680
f 743/4681 744/4682 784/4683
f 743/4684 784/4685 783/4686
f 744/4687 745/4688 785/4689
f 744/4690 785/4691 784/4692
f 745/4693 746/4694 786/4695
f 745/4696 786/4697 785/4698
f 746/4699 747/4700 787/4701
f 746/4702 787/4703 786/4704
f 747/4705 748/4706 788/4707
f 747/4708 788/4709 787/4710
f 748/4711 749/4712 789/4713
f 748/4714 789/4715 788/4716
f 749/4717 750/4718 790/4719
f 749/4720 790/4721 789/4722
f 750/4723 751/4724 791/4725
f 750/4726 791/4727 790/4728
f 751/4729 752/4730 792/4731
f 751/4732 792/4733 791/4734
f 752/4735 753/4736 793/4737
f 752/4738 793/4739 792/4740
f 753/4741 754/4742 794/4743
f 753/4744 794/4745 793/4746
f 754/4747 755/4748 795/4749
f 754/4750 795/4751 794/4752
f 755/4753 756/4754 796/4755
f 755/4756 796/4757 795/4758
f 756/4759 757/4760 797/4761
f 756/4762 797/4763 796/4764
f 757/4765 758/4766 798/4767
f 757/4768 798/4769 797/4770
f 758/4771 759/4772 799/4773
f 758/4774 799/4775 798/4776
f 759/4777 760/4778 800/4779
f 759/4780 800/4781 799/4782
f 760/4783 761/4784 801/4785
f 760/4786 801/4787 800/4788
f 761/4789 762/4790 802/4791
f 761/4792 802/4793 801/4794
f 762/4795 723/4796 763/4797
f 762/4798 763/4799 802/4800
f 763/4801 764/4802 804/4803
f 763/4804 804/4805 803/4806
f 764/4807 765/4808 805/4809
f 764/4810 805/4811 804/4812
f 765/4813 766/4814 806/4815
f 765/4816 806/4817 805/4818
f 766/4819 767/4820 807/4821
f 766/4822 807/4823 806/4824
f 767/4825 768/4826 808/4827
f 767/4828 808/4829 807/4830
f 768/4831 769/4832 809/4833
f 768/4834 809/4835 808/4836
f 769/4837 770/4838 810/4839
f 769/4840 810/4841 809/4842
f 770/4843 771/4844 811/4845
f 770/4846 811/4847 810/4848
f 771/4849 772/4850 812/4851
f 771/4852 812/4853 811/4854
f 772/4855 773/4856 813/4857
f 772/4858 813/4859 812/4860
f 773/4861 774/4862 814/4863
f 773/4864 814/4865 813/4866
f 774/4867 775/4868 815/4869
f 774/4870 815/4871 814/4872
f 775/4873 776/4874 816/4875
f 775/4876 816/4877 815/4878
f 776/4879 777/4880 817/4881
f 776/4882 817/4883 816/4884
f 777/4885 778/4886 818/4887
f 777/4888 818/4889 817/4890
f 778/4891 779/4892 819/4893
f 778/4894 819/4895 818/4896
f 779/4897 780/4898 820/4899
f 779/4900 820/4901 819/4902
f 780/4903 781/4904 821/4905
f 780/4906 821/4907 820/4908
f 781/4909 782/4910 822/4911
f 781/4912 822/4913 821/4914
f 782/4915 783/4916 823/4917
f 782/4918 823/4919 822/4920
f 783/4921 784/4922 824/4923
f 783/4924 824/4925 823/4926
f 784/4927 785/4928 825/4929
f 784/4930 825/4931 824/4932
f 785/4933 786/4934 826/4935
f 785/4936 826/4937 825/4938
f 786/4939 787/4940 827/4941
f 786/4942 827/4943 826/4944
f 787/4945 788/4946 828/4947
f 787/4948 828/4949 827/4950
f 788/4951 789/4952 829/4953
f 788/4954 829/4955 828/4956
f 789/4957 790/4958 830/4959
f 789/4960 830/4961 829/4962
f 790/4963 791/4964 831/4965
f 790/4966 831/4967 830/4968
f 791/4969 792/4970 832/4971
f 791/4972 832/4973 831/4974
f 792/4975 793/4976 833/4977
f 792/4978 833/4979 832/4980
f 793/4981 794/4982 834/4983
f 793/4984 834/4985 833/4986
f 794/4987 795/4988 835/4989
f 794/4990 835/4991 834/4992
f 795/4993 796/4994 836/4995
f 795/4996 836/4997 835/4998
f 796/4999 797/5000 837/5001
f 796/5002 837/5003 836/5004
f 797/5005 798/5006 838/5007
f 797/5008 838/5009 837/5010
f 798/5011 799/5012 839/5013
f 798/5014 839/5015 838/5016
f 799/5017 800/5018 840/5019
f 799/5020 840/5021 839/5022
f 800/5023 801/5024 841/5025
f 800/5026 841/5027 840/5028
f 801/5029 802/5030 842/5031
f 801/5032 842/5033 841/5034
f 802/5035 763/5036 803/5037
f 802/5038 803/5039 842/5040
f 803/5041 804/5042 844/5043
f 803/5044 844/5045 843/5046
f 804/5047 805/5048 845/5049
f 804/5050 845/5051 844/5052
f 805/5053 806/5054 846/5055
f 805/5056 846/5057 845/5058
f 806/5059 807/5060 847/5061
f 806/5062 847/5063 846/5064
f 807/5065 808/5066 848/5067
f 807/5068 848/5069 847/5070
f 808/5071 809/5072 849/5073
f 808/5074 849/5075 848/5076
f 809/5077 810/5078 850/5079
f 809/5080 850/5081 849/5082
f 810/5083 811/5084 851/5085
f 810/5086 851/5087 850/5088
f 811/5089 812/5090 852/5091
f 811/5092 852/5093 851/5094
f 812/5095 813/5096 853/5097
f 812/5098 853/5099 852/5100
f 813/5101 814/5102 854/5103
f 813/5104 854/5105 853/5106
f 814/5107 815/5108 855/5109
f 814/5110 855/5111 854/5112
f 815/5113 816/5114 856/5115
f 815/5116 856/5117 855/5118
f 816/5119 817/5120 857/5121
f 816/5122 857/5123 856/5124
f 817/5125 818/5126 858/5127
f 817/5128 858/5129 857/5130
f 818/5131 819/5132 859/5133
f 818/5134 859/5135 858/5136
f 819/5137 820/5138 860/5139
f 819/5140 860/5141 859/5142
f 820/5143 821/5144 861/5145
f 820/5146 861/5147 860/5148
f 821/5149 822/5150 862/5151
f 821/5152 862/5153 861/5154
f 822/5155 823/5156 863/5157
f 822/5158 863/5159 862/5160
f 823/5161 824/5162 864/5163
f 823/5164 864/5165 863/5166
f 824/5167 825/5168 865/5169
f 824/5170 865/5171 864/5172
f 825/5173 826/5174 866/5175
f 825/5176 866/5177 865/5178
f 826/5179 827/5180 867/5181
f 826/5182 867/5183 866/5184
f 827/5185 828/5186 868/5187
f 827/5188 868/5189 867/5190
f 828/5191 829/5192 869/5193
f 828/5194 869/5195 868/5196
f 829/5197 830/5198 870/5199
f 829/5200 870/5201 869/5202
f 830/5203 831/5204 871/5205
f 830/5206 871/5207 870/5208
f 831/5209 832/5210 872/5211
f 831/5212 872/5213 871/5214
f 832/5215 833/5216 873/5217
f 832/5218 873/5219 872/5220
f 833/5221 834/5222 874/5223
f 833/5224 874/5225 873/5226
f 834/5227 835/5228 875/5229
f 834/5230 875/5231 874/5232
f 835/5233 836/5234 876/5235
f 835/5236 876/5237 875/5238
f 836/5239 837/5240 877/5241
f 836/5242 877/5243 876/5244
f 837/5245 838/5246 878/5247
f 837/5248 878/5249 877/5250
f 838/5251 839/5252 879/5253
f 838/5254 879/5255 878/5256
f 839/5257 840/5258 880/5259
f 839/5260 880/5261 879/5262
f 840/5263 841/5264 881/5265
f 840/5266 881/5267 880/5268
f 841/5269 842/5270 882/5271
f 841/5272 882/5273 881/5274
f 842/5275 803/5276 843/5277
f 842/5278 843/5279 882/5280
f 843/5281 844/5282 884/5283
f 843/5284 884/5285 883/5286
f 844/5287 845/5288 885/5289
f 844/5290 885/5291 884/5292
f 845/5293 846/5294 886/5295
f 845/5296 886/5297 885/5298
f 846/5299 847/5300 887/5301
f 846/5302 887/5303 886/5304
f 847/5305 848/5306 888/5307
f 847/5308 888/5309 887/5310
f 848/5311 849/5312 889/5313
f 848/5314 889/5315 888/5316
f 849/5317 850/5318 890/5319
f 849/5320 890/5321 889/5322
f 850/5323 851/5324 891/5325
f 850/5326 891/5327 890/5328
f 851/5329 852/5330 892/5331
f 851/5332 892/5333 891/5334
f 852/5335 853/5336 893/5337
f 852/5338 893/5339 892/5340
f 853/5341 854/5342 894/5343
f 853/5344 894/5345 893/5346
f 854/5347 855/5348 895/5349
f 854/5350 895/5351 894/5352
f 855/5353 856/5354 896/5355
f 855/5356 896/5357 895/5358
f 856/5359 857/5360 897/5361
f 856/5362 897/5363 896/5364
f 857/5365 858/5366 898/5367
f 857/5368 898/5369 897/5370
f 858/5371 859/5372 899/5373
f 858/5374 899/5375 898/5376
f 859/5377 860/5378 900/5379
f 859/5380 900/5381 899/5382
f 860/5383 861/5384 901/5385
f 860/5386 901/5387 900/5388
f 861/5389 862/5390 902/5391
f 861/5392 902/5393 901/5394
f 862/5395 863/5396 903/5397
f 862/5398 903/5399 902/5400
f 863/5401 864/5402 904/5403
f 863/5404 904/5405 903/5406
f 864/5407 865/5408 905/5409
f 864/5410 905/5411 904/5412
f 865/5413 866/5414 906/5415
f 865/5416 906/5417 905/5418
f 866/5419 867/5420 907/5421
f 866/5422 907/5423 906/5424
f 867/5425 868/5426 908/5427
f 867/5428 908/5429 907/5430
f 868/5431 869/5432 909/5433
f 868/5434 909/5435 908/5436
f 869/5437 870/5438 910/5439
f 869/5440 910/5441 909/5442
f 870/5443 871/5444 911/5445
f 870/5446 911/5447 910/5448
f 871/5449 872/5450 912/5451
f 871/5452 912/5453 911/5454
f 872/5455 873/5456 913/5457
f 872/5458 913/5459 912/5460
f 873/5461 874/5462 914/5463
f 873/5464 914/5465 913/5466
f 874/5467 875/5468 915/5469
f 874/5470 915/5471 914/5472
f 875/5473 876/5474 916/5475
f 875/5476 916/5477 915/5478
f 876/5479 877/5480 917/5481
f 876/5482 917/5483 916/5484
f 877/5485 878/5486 918/5487
f 877/5488 918/5489 917/5490
f 878/5491 879/5492 919/5493
f 878/5494 919/5495 918/5496
f 879/5497 880/5498 920/5499
f 879/5500 920/5501 919/5502
f 880/5503 881/5504 921/5505
f 880/5506 921/5507 920/5508
f 881/5509 882/5510 922/5511
f 881/5512 922/5513 921/5514
f 882/5515 843/5516 883/5517
f 882/5518 883/5519 922/5520
f 883/5521 884/5522 924/5523
f 883/5524 924/5525 923/5526
f 884/5527 885/5528 925/5529
f 884/5530 925/5531 924/5532
f 885/5533 886/5534 926/5535
f 885/5536 926/5537 925/5538
f 886/5539 887/5540 927/5541
f 886/5542 927/5543 926/5544
f 887/5545 888/5546 928/5547
f 887/5548 928/5549 927/5550
f 888/5551 889/5552 929/5553
f 888/5554 929/5555 928/5556
f 889/5557 890/5558 930/5559
f 889/5560 930/5561 929/5562
f 890/5563 891/5564 931/5565
f 890/5566 931/5567 930/5568
f 891/5569 892/5570 932/5571
f 891/5572 932/5573 931/5574
f 892/5575 893/5576 933/5577
f 892/5578 933/5579 932/5580
f 893/5581 894/5582 934/5583
f 893/5584 934/5585 933/5586
f 894/5587 895/5588 935/5589
f 894/5590 935/5591 934/5592
f 895/5593 896/5594 936/5595
f 895/5596 936/5597 935/5598
f 896/5599 897/5600 937/5601
f 896/5602 937/5603 936/5604
f 897/5605 898/5606 938/5607
f 897/5608 938/5609 937/5610
f 898/5611 899/5612 939/5613
f 898/5614 939/5615 938/5616
f 899/5617 900/5618 940/5619
f 899/5620 940/5621 939/5622
f 900/5623 901/5624 941/5625
f 900/5626 941/5627 940/5628
f 901/5629 902/5630 942/5631
f 901/5632 942/5633 941/5634
f 902/5635 903/5636 943/5637
f 902/5638 943/5639 942/5640
f 903/5641 904/5642 944/5643
f 903/5644 944/5645 943/5646
f 904/5647 905/5648 945/5649
f 904/5650 945/5651 944/5652
f 905/5653 906/5654 946/5655
f 905/5656 946/5657 945/5658
f 906/5659 907/5660 947/5661
f 906/5662 947/5663 946/5664
f 907/5665 908/5666 948/5667
f 907/5668 948/5669 947/5670
f 908/5671 909/5672 949/5673
f 908/5674 949/5675 948/5676
f 909/5677 910/5678 950/5679
f 909/5680 950/5681 949/5682
f 910/5683 911/5684 951/5685
f 910/5686 951/5687 950/5688
f 911/5689 912/5690 952/5691
f 911/5692 952/5693 951/5694
f 912/5695 913/5696 953/5697
f 912/5698 953/5699 952/5700
f 913/5701 914/5702 954/5703
f 913/5704 954/5705 953/5706
f 914/5707 915/5708 955/5709
f 914/5710 955/5711 954/5712
f 915/5713 916/5714 956/5715
f 915/5716 956/5717 955/5718
f 916/5719 917/5720 957/5721
f 916/5722 957/5723 956/5724
f 917/5725 918/5726 958/5727
f 917/5728 958/5729 957/5730
f 918/5731 919/5732 959/5733
f 918/5734 959/5735 958/5736
f 919/5737 920/5738 960/5739
f 919/5740 960/5741 959/5742
f 920/5743 921/5744 961/5745
f 920/5746 961/5747 960/5748
f 921/5749 922/5750 962/5751
f 921/5752 962/5753 961/5754
f 922/5755 883/5756 923/5757
f 922/5758 923/5759 962/5760
f 923/5761 924/5762 964/5763
f 923/5764 964/5765 963/5766
f 924/5767 925/5768 965/5769
f 924/5770 965/5771 964/5772
f 925/5773 926/5774 966/5775
f 925/5776 966/5777 965/5778
f 926/5779 927/5780 967/5781
f 926/5782 967/5783 966/5784
f 927/5785 928/5786 968/5787
f 927/5788 968/5789 967/5790
f 928/5791 929/5792 969/5793
f 928/5794 969/5795 968/5796
f 929/5797 930/5798 970/5799
f 929/5800 970/5801 969/5802
f 930/5803 931/5804 971/5805
f 930/5806 971/5807 970/5808
f 931/5809 932/5810 972/5811
f 931/5812 972/5813 971/5814
f 932/5815 933/5816 973/5817
f 932/5818 973/5819 972/5820
f 933/5821 934/5822 974/5823
f 933/5824 974/5825 973/5826
f 934/5827 935/5828 975/5829
f 934/5830 975/5831 974/5832
f 935/5833 936/5834 976/5835
f 935/5836 976/5837 975/5838
f 936/5839 937/5840 977/5841
f 936/5842 977/5843 976/5844
f 937/5845 938/5846 978/5847
f 937/5848 978/5849 977/5850
f 938/5851 939/5852 979/5853
f 938/5854 979/5855 978/5856
f 939/5857 940/5858 980/5859
f 939/5860 980/5861 979/5862
f 940/5863 941/5864 981/5865
f 940/5866 981/5867 980/5868
f 941/5869 942/5870 982/5871
f 941/5872 982/5873 981/5874
f 942/5875 943/5876 983/5877
f 942/5878 983/5879 982/5880
f 943/5881 944/5882 984/5883
f 943/5884 984/5885 983/5886
f 944/5887 945/5888 985/5889
f 944/5890 985/5891 984/5892
f 945/5893 946/5894 986/5895
f 945/5896 986/5897 985/5898
f 946/5899 947/5900 987/5901
f 946/5902 987/5903 986/5904
f 947/5905 948/5906 988/5907
f 947/5908 988/5909 987/5910
f 948/5911 949/5912 989/5913
f 948/5914 989/5915 988/5916
f 949/5917 950/5918 990/5919
f 949/5920 990/5921 989/5922
f 950/5923 951/5924 991/5925
f 950/5926 991/5927 990/5928
f 951/5929 952/5930 992/5931
f 951/5932 992/5933 991/5934
f 952/5935 953/5936 993/5937
f 952/5938 993/5939 992/5940
f 953/5941 954/5942 994/5943
f 953/5944 994/5945 993/5946
f 954/5947 955/5948 995/5949
f 954/5950 995/5951 994/5952
f 955/5953 956/5954 996/5955
f 955/5956 996/5957 995/5958
f 956/5959 957/5960 997/5961
f 956/5962 997/5963 996/5964
f 957/5965 958/5966 998/5967
f 957/5968 998/5969 997/5970
f 958/5971 959/5972 999/5973
f 958/5974 999/5975 998/5976
f 959/5977 960/5978 1000/5979
f 959/5980 1000/5981 999/5982
f 960/5983 961/5984 1001/5985
f 960/5986 1001/5987 1000/5988
f 961/5989 962/5990 1002/5991
f 961/5992 1002/5993 1001/5994
f 962/5995 923/5996 963/5997
f 962/5998 963/5999 1002/6000
f 963/6001 964/6002 1004/6003
f 963/6004 1004/6005 1003/6006
f 964/6007 965/6008 1005/6009
f 964/6010 1005/6011 1004/6012
f 965/6013 966/6014 1006/6015
f 965/6016 1006/6017 1005/6018
f 966/6019 967/6020 1007/6021
f 966/6022 1007/6023 1006/6024
f 967/6025 968/6026 1008/6027
f 967/6028 1008/6029 1007/6030
f 968/6031 969/6032 1009/6033
f 968/6034 1009/6035 1008/6036
f 969/6037 970/6038 1010/6039
f 969/6040 1010/6041 1009/6042
f 970/6043 971/6044 1011/6045
f 970/6046 1011/6047 1010/6048
f 971/6049 972/6050 1012/6051
f 971/6052 1012/6053 1011/6054
f 972/6055 973/6056 1013/6057
f 972/6058 1013/6059 1012/6060
f 973/6061 974/6062 1014/6063
f 973/6064 1014/6065 1013/6066
f 974/6067 975/6068 1015/6069
f 974/6070 1015/6071 1014/6072
f 975/6073 976/6074 1016/6075
f 975/6076 1016/6077 1015/6078
f 976/6079 977/6080 1017/6081
f 976/6082 1017/6083 1016/6084
f 977/6085 978/6086 1018/6087
f 977/6088 1018/6089 1017/6090
f 978/6091 979/6092 1019/6093
f 978/6094 1019/6095 1018/6096
f 979/6097 980/6098 1020/6099
f 979/6100 1020/6101 1019/6102
f 980/6103 981/6104 1021/6105
f 980/6106 1021/6107 1020/6108
f 981/6109 982/6110 1022/6111
f 981/6112 1022/6113 1021/6114
f 982/6115 983/6116 1023/6117
f 982/6118 1023/6119 1022/6120
f 983/6121 984/6122 1024/6123
f 983/6124 1024/6125 1023/6126
f 984/6127 985/6128 1025/6129
f 984/6130 1025/6131 1024/6132
f 985/6133 986/6134 1026/6135
f 985/6136 1026/6137 1025/6138
f 986/6139 987/6140 1027/6141
f 986/6142 1027/6143 1026/6144
f 987/6145 988/6146 1028/6147
f 987/6148 1028/6149 1027/6150
f 988/6151 989/6152 1029/6153
f 988/6154 1029/6155 1028/6156
f 989/6157 990/6158 1030/6159
f 989/6160 1030/6161 1029/6162
f 990/6163 991/6164 1031/6165
f 990/6166 1031/6167 1030/6168
f 991/6169 992/6170 1032/6171
f 991/6172 1032/6173 1031/6174
f 992/6175 993/6176 1033/6177
f 992/6178 1033/6179 1032/6180
f 993/6181 994/6182 1034/6183
f 993/6184 1034/6185 1033/6186
f 994/6187 995/6188 1035/6189
f 994/6190 1035/6191 1034/6192
f 995/6193 996/6194 1036/6195
f 995/6196 1036/6197 1035/6198
f 996/6199 997/6200 1037/6201
f 996/6202 1037/6203 1036/6204
f 997/6205 998/6206 1038/6207
f 997/6208 1038/6209 1037/6210
f 998/6211 999/6212 1039/6213
f 998/6214 1039/6215 1038/6216
f 999/6217 1000/6218 1040/6219
f 999/6220 1040/6221 1039/6222
f 1000/6223 1001/6224 1041/6225
f 1000/6226 1041/6227 1040/6228
f 1001/6229 1002/6230 1042/6231
f 1001/6232 1042/6233 1041/6234
f 1002/6235 963/6236 1003/6237
f 1002/6238 1003/6239 1042/6240
f 1003/6241 1004/6242 1044/6243
f 1003/6244 1044/6245 1043/6246
f 1004/6247 1005/6248 1045/6249
f 1004/6250 1045/6251 1044/6252
f 1005/6253 1006/6254 1046/6255
f 1005/6256 1046/6257 1045/6258
f 1006/6259 1007/6260 1047/6261
f 1006/6262 1047/6263 1046/6264
f 1007/6265 1008/6266 1048/6267
f 1007/6268 1048/6269 1047/6270
f 1008/6271 1009/6272 1049/6273
f 1008/6274 1049/6275 1048/6276
f 1009/6277 1010/6278 1050/6279
f 1009/6280 1050/6281 1049/6282
f 1010/6283 1011/6284 1051/6285
f 1010/6286 1051/6287 1050/6288
f 1011/6289 1012/6290 1052/6291
f 1011/6292 1052/6293 1051/6294
f 1012/6295 1013/6296 1053/6297
f 1012/6298 1053/6299 1052/6300
f 1013/6301 1014/6302 1054/6303
f 1013/6304 1054/6305 1053/6306
f 1014/6307 1015/6308 1055/6309
f 1014/6310 1055/6311 1054/6312
f 1015/6313 1016/6314 1056/6315
f 1015/6316 1056/6317 1055/6318
f 1016/6319 1017/6320 1057/6321
f 1016/6322 1057/6323 1056/6324
f 1017/6325 1018/6326 1058/6327
f 1017/6328 1058/6329 1057/6330
f 1018/6331 1019/6332 1059/6333
f 1018/6334 1059/6335 1058/6336
f 1019/6337 1020/6338 1060/6339
f 1019/6340 1060/6341 1059/6342
f 1020/6343 1021/6344 1061/6345
f 1020/6346 1061/6347 1060/6348
f 1021/6349 1022/6350 1062/6351
f 1021/6352 1062/6353 1061/6354
f 1022/6355 1023/6356 1063/6357
f 1022/6358 1063/6359 1062/6360
f 1023/6361 1024/6362 1064/6363
f 1023/6364 1064/6365 1063/6366
f 1024/6367 1025/6368 1065/6369
f 1024/6370 1065/6371 1064/6372
f 1025/6373 1026/6374 1066/6375
f 1025/6376 1066/6377 1065/6378
f 1026/6379 1027/6380 1067/6381
f 1026/6382 1067/6383 1066/6384
f 1027/6385 1028/6386 1068/6387
f 1027/6388 1068/6389 1067/6390
f 1028/6391 1029/6392 1069/6393
f 1028/6394 1069/6395 1068/6396
f 1029/6397 1030/6398 1070/6399
f 1029/6400 1070/6401 1069/6402
f 1030/6403 1031/6404 1071/6405
f 1030/6406 1071/6407 1070/6408
f 1031/6409 1032/6410 1072/6411
f 1031/6412 1072/6413 1071/6414
f 1032/6415 1033/6416 1073/6417
f 1032/6418 1073/6419 1072/6420
f 1033/6421 1034/6422 1074/6423
f 1033/6424 1074/6425 1073/6426
f 1034/6427 1035/6428 1075/6429
f 1034/6430 1075/6431 1074/6432
f 1035/6433 1036/6434 1076/6435
f 1035/6436 1076/6437 1075/6438
f 1036/6439 1037/6440 1077/6441
f 1036/6442 1077/6443 1076/6444
f 1037/6445 1038/6446 1078/6447
f 1037/6448 1078/6449 1077/6450
f 1038/6451 1039/6452 1079/6453
f 1038/6454 1079/6455 1078/6456
f 1039/6457 1040/6458 1080/6459
f 1039/6460 1080/6461 1079/6462
f 1040/6463 1041/6464 1081/6465
f 1040/6466 1081/6467 1080/6468
f 1041/6469 1042/6470 1082/6471
f 1041/6472 1082/6473 1081/6474
f 1042/6475 1003/6476 1043/6477
f 1042/6478 1043/6479 1082/6480
f 1043/6481 1044/6482 1084/6483
f 1043/6484 1084/6485 1083/6486
f 1044/6487 1045/6488 1085/6489
f 1044/6490 1085/6491 1084/6492
f 1045/6493 1046/6494 1086/6495
f 1045/6496 1086/6497 1085/6498
f 1046/6499 1047/6500 1087/6501
f 1046/6502 1087/6503 1086/6504
f 1047/6505 1048/6506 1088/6507
f 1047/6508 1088/6509 1087/6510
f 1048/6511 1049/6512 1089/6513
f 1048/6514 1089/6515 1088/6516
f 1049/6517 1050/6518 1090/6519
f 1049/6520 1090/6521 1089/6522
f 1050/6523 1051/6524 1091/6525
f 1050/6526 1091/6527 1090/6528
f 1051/6529 1052/6530 1092/6531
f 1051/6532 1092/6533 1091/6534
f 1052/6535 1053/6536 1093/6537
f 1052/6538 1093/6539 1092/6540
f 1053/6541 1054/6542 1094/6543
f 1053/6544 1094/6545 1093/6546
f 1054/6547 1055/6548 1095/6549
f 1054/6550 1095/6551 1094/6552
f 1055/6553 1056/6554 1096/6555
f 1055/6556 1096/6557 1095/6558
f 1056/6559 1057/6560 1097/6561
f 1056/6562 1097/6563 1096/6564
f 1057/6565 1058/6566 1098/6567
f 1057/6568 1098/6569 1097/6570
f 1058/6571 1059/6572 1099/6573
f 1058/6574 1099/6575 1098/6576
f 1059/6577 1060/6578 1100/6579
f 1059/6580 1100/6581 1099/6582
f 1060/6583 1061/6584 1101/6585
f 1060/6586 1101/6587 1100/6588
f 1061/6589 1062/6590 1102/6591
f 1061/6592 1102/6593 1101/6594
f 1062/6595 1063/6596 1103/6597
f 1062/6598 1103/6599 1102/6600
f 1063/6601 1064/6602 1104/6603
f 1063/6604 1104/6605 1103/6606
f 1064/6607 1065/6608 1105/6609
f 1064/6610 1105/6611 1104/6612
f 1065/6613 1066/6614 1106/6615
f 1065/6616 1106/6617 1105/6618
f 1066/6619 1067/6620 1107/6621
f 1066/6622 1107/6623 1106/6624
f 1067/6625 1068/6626 1108/6627
f 1067/6628 1108/6629 1107/6630
f 1068/6631 1069/6632 1109/6633
f 1068/6634 1109/6635 1108/6636
f 1069/6637 1070/6638 1110/6639
f 1069/6640 1110/6641 1109/6642
f 1070/6643 1071/6644 1111/6645
f 1070/6646 1111/6647 1110/6648
f 1071/6649 1072/6650 1112/6651
f 1071/6652 1112/6653 1111/6654
f 1072/6655 1073/6656 1113/6657
f 1072/6658 1113/6659 1112/6660
f 1073/6661 1074/6662 1114/6663
f 1073/6664 1114/6665 1113/6666
f 1074/6667 1075/6668 1115/6669
f 1074/6670 1115/6671 1114/6672
f 1075/6673 1076/6674 1116/6675
f 1075/6676 1116/6677 1115/6678
f 1076/6679 1077/6680 1117/6681
f 1076/6682 1117/6683 1116/6684
f 1077/6685 1078/6686 1118/6687
f 1077/6688 1118/6689 1117/6690
f 1078/6691 1079/6692 1119/6693
f 1078/6694 1119/6695 1118/6696
f 1079/6697 1080/6698 1120/6699
f 1079/6700 1120/6701 1119/6702
f 1080/6703 1081/6704 1121/6705
f 1080/6706 1121/6707 1120/6708
f 1081/6709 1082/6710 1122/6711
f 1081/6712 1122/6713 1121/6714
f 1082/6715 1043/6716 1083/6717
f 1082/6718 1083/6719 1122/6720
f 1083/6721 1084/6722 1124/6723
f 1083/6724 1124/6725 1123/6726
f 1084/6727 1085/6728 1125/6729
f 1084/6730 1125/6731 1124/6732
f 1085/6733 1086/6734 1126/6735
f 1085/6736 1126/6737 1125/6738
f 1086/6739 1087/6740 1127/6741
f 1086/6742 1127/6743 1126/6744
f 1087/6745 1088/6746 1128/6747
f 1087/6748 1128/6749 1127/6750
f 1088/6751 1089/6752 1129/6753
f 1088/6754 1129/6755 1128/6756
f 1089/6757 1090/6758 1130/6759
f 1089/6760 1130/6761 1129/6762
f 1090/6763 1091/6764 1131/6765
f 1090/6766 1131/6767 1130/6768
f 1091/6769 1092/6770 1132/6771
f 1091/6772 1132/6773 1131/6774
f 1092/6775 1093/6776 1133/6777
f 1092/6778 1133/6779 1132/6780
f 1093/6781 1094/6782 1134/6783
f 1093/6784 1134/6785 1133/6786
f 1094/6787 1095/6788 1135/6789
f 1094/6790 1135/6791 1134/6792
f 1095/6793 1096/6794 1136/6795
f 1095/6796 1136/6797 1135/6798
f 1096/6799 1097/6800 1137/6801
f 1096/6802 1137/6803 1136/6804
f 1097/6805 1098/6806 1138/6807
f 1097/6808 1138/6809 1137/6810
f 1098/6811 1099/6812 1139/6813
f 1098/6814 1139/6815 1138/6816
f 1099/6817 1100/6818 1140/6819
f 1099/6820 1140/6821 1139/6822
f 1100/6823 1101/6824 1141/6825
f 1100/6826 1141/6827 1140/6828
f 1101/6829 1102/6830 1142/6831
f 1101/6832 1142/6833 1141/6834
f 1102/6835 1103/6836 1143/6837
f 1102/6838 1143/6839 1142/6840
f 1103/6841 1104/6842 1144/6843
f 1103/6844 1144/6845 1143/6846
f 1104/6847 1105/6848 1145/6849
f 1104/6850 1145/6851 1144/6852
f 1105/6853 1106/6854 1146/6855
f 1105/6856 1146/6857 1145/6858
f 1106/6859 1107/6860 1147/6861
f 1106/6862 1147/6863 1146/6864
f 1107/6865 1108/6866 1148/6867
f 1107/6868 1148/6869 1147/6870
f 1108/6871 1109/6872 1149/6873
f 1108/6874 1149/6875 1148/6876
f 1109/6877 1110/6878 1150/6879
f 1109/6880 1150/6881 1149/6882
f 1110/6883 1111/6884 1151/6885
f 1110/6886 1151/6887 1150/6888
f 1111/6889 1112/6890 1152/6891
f 1111/6892 1152/6893 1151/6894
f 1112/6895 1113/6896 1153/6897
f 1112/6898 1153/6899 1152/6900
f 1113/6901 1114/6902 1154/6903
f 1113/6904 1154/6905 1153/6906
f 1114/6907 1115/6908 1155/6909
f 1114/6910 1155/6911 1154/6912
f 1115/6913 1116/6914 1156/6915
f 1115/6916 1156/6917 1155/6918
f 1116/6919 1117/6920 1157/6921
f 1116/6922 1157/6923 1156/6924
f 1117/6925 1118/6926 1158/6927
f 1117/6928 1158/6929 1157/6930
f 1118/6931 1119/6932 1159/6933
f 1118/6934 1159/6935 1158/6936
f 1119/6937 1120/6938 1160/6939
f 1119/6940 1160/6941 1159/6942
f 1120/6943 1121/6944 1161/6945
f 1120/6946 1161/6947 1160/6948
f 1121/6949 1122/6950 1162/6951
f 1121/6952 1162/6953 1161/6954
f 1122/6955 1083/6956 1123/6957
f 1122/6958 1123/6959 1162/6960
usemtl Shell
f 1165/6961 1168/6962 1167/6963
f 1165/6964 1167/6965 1166/6966
f 1169/6967 1170/6968 1171/6969
f 1169/6970 1171/6971 1172/6972
f 1165/6973 1166/6974 1170/6975
f 1165/6976 1170/6977 1169/6978
f 1168/6979 1172/6980 1171/6981
f 1168/6982 1171/6983 1167/6984
f 1165/6985 1169/6986 1172/6987
f 1165/6988 1172/6989 1168/6990
f 1166/6991 1167/6992 1171/6993
f 1166/6994 1171/6995 1170/6996
f 1173/6997 1176/6998 1175/6999
f 1173/7000 1175/7001 1174/7002
f 1177/7003 1178/7004 1179/7005
f 1177/7006 1179/7007 1180/7008
f 1173/7009 1174/7010 1178/7011
f 1173/7012 1178/7013 1177/7014
f 1176/7015 1180/7016 1179/7017
f 1176/7018 1179/7019 1175/7020
f 1173/7021 1177/7022 1180/7023
f 1173/7024 1180/7025 1176/7026
f 1174/7027 1175/7028 1179/7029
f 1174/7030 1179/7031 1178/7032
f 1181/7033 1184/7034 1183/7035
f 1181/7036 1183/7037 1182/7038
f 1185/7039 1186/7040 1187/7041
f 1185/7042 1187/7043 1188/7044
f 1181/7045 1182/7046 1186/7047
f 1181/7048 1186/7049 1185/7050
f 1184/7051 1188/7052 1187/7053
f 1184/7054 1187/7055 1183/7056
f 1181/7057 1185/7058 1188/7059
f 1181/7060 1188/7061 1184/7062
f 1182/7063 1183/7064 1187/7065
f 1182/7066 1187/7067 1186/7068
f 1189/7069 1192/7070 1191/7071
f 1189/7072 1191/7073 1190/7074
f 1193/7075 1194/7076 1195/7077
f 1193/7078 1195/7079 1196/7080
f 1189/7081 1190/7082 1194/7083
f 1189/7084 1194/7085 1193/7086
f 1192/7087 1196/7088 1195/7089
f 1192/7090 1195/7091 1191/7092
f 1189/7093 1193/7094 1196/7095
f 1189/7096 1196/7097 1192/7098
f 1190/7099 1191/7100 1195/7101
f 1190/7102 1195/7103 1194/7104
f 1197/7105 1200/7106 1199/7107
f 1197/7108 1199/7109 1198/7110
f 1201/7111 1202/7112 1203/7113
f 1201/7114 1203/7115 1204/7116
f 1197/7117 1198/7118 1202/7119
f 1197/7120 1202/7121 1201/7122
f 1200/7123 1204/7124 1203/7125
f 1200/7126 1203/7127 1199/7128
f 1197/7129 1201/7130 1204/7131
f 1197/7132 1204/7133 1200/7134
f 1198/7135 1199/7136 1203/7137
f 1198/7138 1203/7139 1202/7140
f 1205/7141 1208/7142 1207/7143
f 1205/7144 1207/7145 1206/7146
f 1209/7147 1210/7148 1211/7149
f 1209/7150 1211/7151 1212/7152
f 1205/7153 1206/7154 1210/7155
f 1205/7156 1210/7157 1209/7158
f 1208/7159 1212/7160 1211/7161
f 1208/7162 1211/7163 1207/7164
f 1205/7165 1209/7166 1212/7167
f 1205/7168 1212/7169 1208/7170
f 1206/7171 1207/7172 1211/7173
f 1206/7174 1211/7175 1210/7176
f 1213/7177 1216/7178 1215/7179
f 1213/7180 1215/7181 1214/7182
f 1217/7183 1218/7184 1219/7185
f 1217/7186 1219/7187 1220/7188
f 1213/7189 1214/7190 1218/7191
f 1213/7192 1218/7193 1217/7194
f 1216/7195 1220/7196 1219/7197
f 1216/7198 1219/7199 1215/7200
f 1213/7201 1217/7202 1220/7203
f 1213/7204 1220/7205 1216/7206
f 1214/7207 1215/7208 1219/7209
f 1214/7210 1219/7211 1218/7212
f 1221/7213 1224/7214 1223/7215
f 1221/7216 1223/7217 1222/7218
f 1225/7219 1226/7220 1227/7221
f 1225/7222 1227/7223 1228/7224
f 1221/7225 1222/7226 1226/7227
f 1221/7228 1226/7229 1225/7230
f 1224/7231 1228/7232 1227/7233
f 1224/7234 1227/7235 1223/7236
f 1221/7237 1225/7238 1228/7239
f 1221/7240 1228/7241 1224/7242
f 1222/7243 1223/7244 1227/7245
f 1222/7246 1227/7247 1226/7248
f 1229/7249 1232/7250 1231/7251
f 1229/7252 1231/7253 1230/7254
f 1233/7255 1234/7256 1235/7257
f 1233/7258 1235/7259 1236/7260
f 1229/7261 1230/7262 1234/7263
f 1229/7264 1234/7265 1233/7266
f 1232/7267 1236/7268 1235/7269
f 1232/7270 1235/7271 1231/7272
f 1229/7273 1233/7274 1236/7275
f 1229/7276 1236/7277 1232/7278
f 1230/7279 1231/7280 1235/7281
f 1230/7282 1235/7283 1234/7284
f 1237/7285 1240/7286 1239/7287
f 1237/7288 1239/7289 1238/7290
f 1241/7291 1242/7292 1243/7293
f 1241/7294 1243/7295 1244/7296
f 1237/7297 1238/7298 1242/7299
f 1237/7300 1242/7301 1241/7302
f 1240/7303 1244/7304 1243/7305
f 1240/7306 1243/7307 1239/7308
f 1237/7309 1241/7310 1244/7311
f 1237/7312 1244/7313 1240/7314
f 1238/7315 1239/7316 1243/7317
f 1238/7318 1243/7319 1242/7320
f 1245/7321 1248/7322 1247/7323
f 1245/7324 1247/7325 1246/7326
f 1249/7327 1250/7328 1251/7329
f 1249/7330 1251/7331 1252/7332
f 1245/7333 1246/7334 1250/7335
f 1245/7336 1250/7337 1249/7338
f 1248/7339 1252/7340 1251/7341
f 1248/7342 1251/7343 1247/7344
f 1245/7345 1249/7346 1252/7347
f 1245/7348 1252/7349 1248/7350
f 1246/7351 1247/7352 1251/7353
f 1246/7354 1251/7355 1250/7356
f 1253/7357 1256/7358 1255/7359
f 1253/7360 1255/7361 1254/7362
f 1257/7363 1258/7364 1259/7365
f 1257/7366 1259/7367 1260/7368
f 1253/7369 1254/7370 1258/7371
f 1253/7372 1258/7373 1257/7374
f 1256/7375 1260/7376 1259/7377
f 1256/7378 1259/7379 1255/7380
f 1253/7381 1257/7382 1260/7383
f 1253/7384 1260/7385 1256/7386
f 1254/7387 1255/7388 1259/7389
f 1254/7390 1259/7391 1258/7392
usemtl Mechanism
f 1261/7393 1264/7394 1263/7395
f 1261/7396 1263/7397 1262/7398
f 1265/7399 1266/7400 1267/7401
f 1265/7402 1267/7403 1268/7404
f 1261/7405 1262/7406 1266/7407
f 1261/7408 1266/7409 1265/7410
f 1264/7411 1268/7412 1267/7413
f 1264/7414 1267/7415 1263/7416
f 1261/7417 1265/7418 1268/7419
f 1261/7420 1268/7421 1264/7422
f 1262/7423 1263/7424 1267/7425
f 1262/7426 1267/7427 1266/7428
f 1269/7429 1272/7430 1271/7431
f 1269/7432 1271/7433 1270/7434
f 1273/7435 1274/7436 1275/7437
f 1273/7438 1275/7439 1276/7440
f 1269/7441 1270/7442 1274/7443
f 1269/7444 1274/7445 1273/7446
f 1272/7447 1276/7448 1275/7449
f 1272/7450 1275/7451 1271/7452
f 1269/7453 1273/7454 1276/7455
f 1269/7456 1276/7457 1272/7458
f 1270/7459 1271/7460 1275/7461
f 1270/7462 1275/7463 1274/7464
f 1277/7465 1280/7466 1279/7467
f 1277/7468 1279/7469 1278/7470
f 1281/7471 1282/7472 1283/7473
f 1281/7474 1283/7475 1284/7476
f 1277/7477 1278/7478 1282/7479
f 1277/7480 1282/7481 1281/7482
f 1280/7483 1284/7484 1283/7485
f 1280/7486 1283/7487 1279/7488
f 1277/7489 1281/7490 1284/7491
f 1277/7492 1284/7493 1280/7494
f 1278/7495 1279/7496 1283/7497
f 1278/7498 1283/7499 1282/7500
f 1285/7501 1288/7502 1287/7503
f 1285/7504 1287/7505 1286/7506
f 1289/7507 1290/7508 1291/7509
f 1289/7510 1291/7511 1292/7512
f 1285/7513 1286/7514 1290/7515
f 1285/7516 1290/7517 1289/7518
f 1288/7519 1292/7520 1291/7521
f 1288/7522 1291/7523 1287/7524
f 1285/7525 1289/7526 1292/7527
f 1285/7528 1292/7529 1288/7530
f 1286/7531 1287/7532 1291/7533
f 1286/7534 1291/7535 1290/7536
f 1293/7537 1296/7538 1295/7539
f 1293/7540 1295/7541 1294/7542
f 1297/7543 1298/7544 1299/7545
f 1297/7546 1299/7547 1300/7548
f 1293/7549 1294/7550 1298/7551
f 1293/7552 1298/7553 1297/7554
f 1296/7555 1300/7556 1299/7557
f 1296/7558 1299/7559 1295/7560
f 1293/7561 1297/7562 1300/7563
f 1293/7564 1300/7565 1296/7566
f 1294/7567 1295/7568 1299/7569
f 1294/7570 1299/7571 1298/7572
f 1301/7573 1304/7574 1303/7575
f 1301/7576 1303/7577 1302/7578
f 1305/7579 1306/7580 1307/7581
f 1305/7582 1307/7583 1308/7584
f 1301/7585 1302/7586 1306/7587
f 1301/7588 1306/7589 1305/7590
f 1304/7591 1308/7592 1307/7593
f 1304/7594 1307/7595 1303/7596
f 1301/7597 1305/7598 1308/7599
f 1301/7600 1308/7601 1304/7602
f 1302/7603 1303/7604 1307/7605
f 1302/7606 1307/7607 1306/7608
f 1309/7609 1311/7610 1312/7611
f 1309/7612 1312/7613 1310/7614
f 1311/7615 1313/7616 1314/7617
f 1311/7618 1314/7619 1312/7620
f 1313/7621 1315/7622 1316/7623
f 1313/7624 1316/7625 1314/7626
f 1315/7627 1317/7628 1318/7629
f 1315/7630 1318/7631 1316/7632
f 1317/7633 1319/7634 1320/7635
f 1317/7636 1320/7637 1318/7638
f 1319/7639 1321/7640 1322/7641
f 1319/7642 1322/7643 1320/7644
f 1321/7645 1323/7646 1324/7647
f 1321/7648 1324/7649 1322/7650
f 1323/7651 1325/7652 1326/7653
f 1323/7654 1326/7655 1324/7656
f 1325/7657 1327/7658 1328/7659
f 1325/7660 1328/7661 1326/7662
f 1327/7663 1329/7664 1330/7665
f 1327/7666 1330/7667 1328/7668
f 1329/7669 1331/7670 1332/7671
f 1329/7672 1332/7673 1330/7674
f 1331/7675 1333/7676 1334/7677
f 1331/7678 1334/7679 1332/7680
f 1333/7681 1335/7682 1336/7683
f 1333/7684 1336/7685 1334/7686
f 1335/7687 1337/7688 1338/7689
f 1335/7690 1338/7691 1336/7692
f 1337/7693 1339/7694 1340/7695
f 1337/7696 1340/7697 1338/7698
f 1339/7699 1341/7700 1342/7701
f 1339/7702 1342/7703 1340/7704
f 1341/7705 1343/7706 1344/7707
f 1341/7708 1344/7709 1342/7710
f 1343/7711 1345/7712 1346/7713
f 1343/7714 1346/7715 1344/7716
f 1345/7717 1347/7718 1348/7719
f 1345/7720 1348/7721 1346/7722
f 1347/7723 1349/7724 1350/7725
f 1347/7726 1350/7727 1348/7728
f 1349/7729 1351/7730 1352/7731
f 1349/7732 1352/7733 1350/7734
f 1351/7735 1353/7736 1354/7737
f 1351/7738 1354/7739 1352/7740
f 1353/7741 1355/7742 1356/7743
f 1353/7744 1356/7745 1354/7746
f 1355/7747 1357/7748 1358/7749
f 1355/7750 1358/7751 1356/7752
f 1357/7753 1359/7754 1360/7755
f 1357/7756 1360/7757 1358/7758
f 1359/7759 1361/7760 1362/7761
f 1359/7762 1362/7763 1360/7764
f 1361/7765 1363/7766 1364/7767
f 1361/7768 1364/7769 1362/7770
f 1363/7771 1365/7772 1366/7773
f 1363/7774 1366/7775 1364/7776
f 1365/7777 1367/7778 1368/7779
f 1365/7780 1368/7781 1366/7782
f 1367/7783 1369/7784 1370/7785
f 1367/7786 1370/7787 1368/7788
f 1369/7789 1371/7790 1372/7791
f 1369/7792 1372/7793 1370/7794
f 1371/7795 1373/7796 1374/7797
f 1371/7798 1374/7799 1372/7800
f 1373/7801 1375/7802 1376/7803
f 1373/7804 1376/7805 1374/7806
f 1375/7807 1377/7808 1378/7809
f 1375/7810 1378/7811 1376/7812
f 1377/7813 1379/7814 1380/7815
f 1377/7816 1380/7817 1378/7818
f 1379/7819 1381/7820 1382/7821
f 1379/7822 1382/7823 1380/7824
f 1381/7825 1383/7826 1384/7827
f 1381/7828 1384/7829 1382/7830
f 1383/7831 1385/7832 1386/7833
f 1383/7834 1386/7835 1384/7836
f 1385/7837 1387/7838 1388/7839
f 1385/7840 1388/7841 1386/7842
f 1387/7843 1309/7844 1310/7845
f 1387/7846 1310/7847 1388/7848
f 1389/7849 1311/7850 1309/7851
f 1390/7852 1310/7853 1312/7854
f 1389/7855 1313/7856 1311/7857
f 1390/7858 1312/7859 1314/7860
f 1389/7861 1315/7862 1313/7863
f 1390/7864 1314/7865 1316/7866
f 1389/7867 1317/7868 1315/7869
f 1390/7870 1316/7871 1318/7872
f 1389/7873 1319/7874 1317/7875
f 1390/7876 1318/7877 1320/7878
f 1389/7879 1321/7880 1319/7881
f 1390/7882 1320/7883 1322/7884
f 1389/7885 1323/7886 1321/7887
f 1390/7888 1322/7889 1324/7890
f 1389/7891 1325/7892 1323/7893
f 1390/7894 1324/7895 1326/7896
f 1389/7897 1327/7898 1325/7899
f 1390/7900 1326/7901 1328/7902
f 1389/7903 1329/7904 1327/7905
f 1390/7906 1328/7907 1330/7908
f 1389/7909 1331/7910 1329/7911
f 1390/7912 1330/7913 1332/7914
f 1389/7915 1333/7916 1331/7917
f 1390/7918 1332/7919 1334/7920
f 1389/7921 1335/7922 1333/7923
f 1390/7924 1334/7925 1336/7926
f 1389/7927 1337/7928 1335/7929
f 1390/7930 1336/7931 1338/7932
f 1389/7933 1339/7934 1337/7935
f 1390/7936 1338/7937 1340/7938
f 1389/7939 1341/7940 1339/7941
f 1390/7942 1340/7943 1342/7944
f 1389/7945 1343/7946 1341/7947
f 1390/7948 1342/7949 1344/7950
f 1389/7951 1345/7952 1343/7953
f 1390/7954 1344/7955 1346/7956
f 1389/7957 1347/7958 1345/7959
f 1390/7960 1346/7961 1348/7962
f 1389/7963 1349/7964 1347/7965
f 1390/7966 1348/7967 1350/7968
f 1389/7969 1351/7970 1349/7971
f 1390/7972 1350/7973 1352/7974
f 1389/7975 1353/7976 1351/7977
f 1390/7978 1352/7979 1354/7980
f 1389/7981 1355/7982 1353/7983
f 1390/7984 1354/7985 1356/7986
f 1389/7987 1357/7988 1355/7989
f 1390/7990 1356/7991 1358/7992
f 1389/7993 1359/7994 1357/7995
f 1390/7996 1358/7997 1360/7998
f 1389/7999 1361/8000 1359/8001
f 1390/8002 1360/8003 1362/8004
f 1389/8005 1363/8006 1361/8007
f 1390/8008 1362/8009 1364/8010
f 1389/8011 1365/8012 1363/8013
f 1390/8014 1364/8015 1366/8016
f 1389/8017 1367/8018 1365/8019
f 1390/8020 1366/8021 1368/8022
f 1389/8023 1369/8024 1367/8025
f 1390/8026 1368/8027 1370/8028
f 1389/8029 1371/8030 1369/8031
f 1390/8032 1370/8033 1372/8034
f 1389/8035 1373/8036 1371/8037
f 1390/8038 1372/8039 1374/8040
f 1389/8041 1375/8042 1373/8043
f 1390/8044 1374/8045 1376/8046
f 1389/8047 1377/8048 1375/8049
f 1390/8050 1376/8051 1378/8052
f 1389/8053 1379/8054 1377/8055
f 1390/8056 1378/8057 1380/8058
f 1389/8059 1381/8060 1379/8061
f 1390/8062 1380/8063 1382/8064
f 1389/8065 1383/8066 1381/8067
f 1390/8068 1382/8069 1384/8070
f 1389/8071 1385/8072 1383/8073
f 1390/8074 1384/8075 1386/8076
f 1389/8077 1387/8078 1385/8079
f 1390/8080 1386/8081 1388/8082
f 1389/8083 1309/8084 1387/8085
f 1390/8086 1388/8087 1310/8088
usemtl Shell
f 1391/8089 1399/8090 1400/8091
f 1391/8092 1400/8093 1392/8094
f 1392/8095 1400/8096 1401/8097
f 1392/8098 1401/8099 1393/8100
f 1393/8101 1401/8102 1402/8103
f 1393/8104 1402/8105 1394/8106
f 1394/8107 1402/8108 1403/8109
f 1394/8110 1403/8111 1395/8112
f 1395/8113 1403/8114 1404/8115
f 1395/8116 1404/8117 1396/8118
f 1396/8119 1404/8120 1405/8121
f 1396/8122 1405/8123 1397/8124
f 1397/8125 1405/8126 1406/8127
f 1397/8128 1406/8129 1398/8130
f 1398/8131 1406/8132 1399/8133
f 1398/8134 1399/8135 1391/8136
f 1399/8137 1407/8138 1408/8139
f 1399/8140 1408/8141 1400/8142
f 1400/8143 1408/8144 1409/8145
f 1400/8146 1409/8147 1401/8148
f 1401/8149 1409/8150 1410/8151
f 1401/8152 1410/8153 1402/8154
f 1402/8155 1410/8156 1411/8157
f 1402/8158 1411/8159 1403/8160
f 1403/8161 1411/8162 1412/8163
f 1403/8164 1412/8165 1404/8166
f 1404/8167 1412/8168 1413/8169
f 1404/8170 1413/8171 1405/8172
f 1405/8173 1413/8174 1414/8175
f 1405/8176 1414/8177 1406/8178
f 1406/8179 1414/8180 1407/8181
f 1406/8182 1407/8183 1399/8184
f 1407/8185 1415/8186 1416/8187
f 1407/8188 1416/8189 1408/8190
f 1408/8191 1416/8192 1417/8193
f 1408/8194 1417/8195 1409/8196
f 1409/8197 1417/8198 1418/8199
f 1409/8200 1418/8201 1410/8202
f 1410/8203 1418/8204 1419/8205
f 1410/8206 1419/8207 1411/8208
f 1411/8209 1419/8210 1420/8211
f 1411/8212 1420/8213 1412/8214
f 1412/8215 1420/8216 1421/8217
f 1412/8218 1421/8219 1413/8220
f 1413/8221 1421/8222 1422/8223
f 1413/8224 1422/8225 1414/8226
f 1414/8227 1422/8228 1415/8229
f 1414/8230 1415/8231 1407/8232
f 1415/8233 1423/8234 1424/8235
f 1415/8236 1424/8237 1416/8238
f 1416/8239 1424/8240 1425/8241
f 1416/8242 1425/8243 1417/8244
f 1417/8245 1425/8246 1426/8247
f 1417/8248 1426/8249 1418/8250
f 1418/8251 1426/8252 1427/8253
f 1418/8254 1427/8255 1419/8256
f 1419/8257 1427/8258 1428/8259
f 1419/8260 1428/8261 1420/8262
f 1420/8263 1428/8264 1429/8265
f 1420/8266 1429/8267 1421/8268
f 1421/8269 1429/8270 1430/8271
f 1421/8272 1430/8273 1422/8274
f 1422/8275 1430/8276 1423/8277
f 1422/8278 1423/8279 1415/8280
f 1423/8281 1431/8282 1432/8283
f 1423/8284 1432/8285 1424/8286
f 1424/8287 1432/8288 1433/8289
f 1424/8290 1433/8291 1425/8292
f 1425/8293 1433/8294 1434/8295
f 1425/8296 1434/8297 1426/8298
f 1426/8299 1434/8300 1435/8301
f 1426/8302 1435/8303 1427/8304
f 1427/8305 1435/8306 1436/8307
f 1427/8308 1436/8309 1428/8310
f 1428/8311 1436/8312 1437/8313
f 1428/8314 1437/8315 1429/8316
f 1429/8317 1437/8318 1438/8319
f 1429/8320 1438/8321 1430/8322
f 1430/8323 1438/8324 1431/8325
f 1430/8326 1431/8327 1423/8328
f 1431/8329 1439/8330 1440/8331
f 1431/8332 1440/8333 1432/8334
f 1432/8335 1440/8336 1441/8337
f 1432/8338 1441/8339 1433/8340
f 1433/8341 1441/8342 1442/8343
f 1433/8344 1442/8345 1434/8346
f 1434/8347 1442/8348 1443/8349
f 1434/8350 1443/8351 1435/8352
f 1435/8353 1443/8354 1444/8355
f 1435/8356 1444/8357 1436/8358
f 1436/8359 1444/8360 1445/8361
f 1436/8362 1445/8363 1437/8364
f 1437/8365 1445/8366 1446/8367
f 1437/8368 1446/8369 1438/8370
f 1438/8371 1446/8372 1439/8373
f 1438/8374 1439/8375 1431/8376
f 1439/8377 1447/8378 1448/8379
f 1439/8380 1448/8381 1440/8382
f 1440/8383 1448/8384 1449/8385
f 1440/8386 1449/8387 1441/8388
f 1441/8389 1449/8390 1450/8391
f 1441/8392 1450/8393 1442/8394
f 1442/8395 1450/8396 1451/8397
f 1442/8398 1451/8399 1443/8400
f 1443/8401 1451/8402 1452/8403
f 1443/8404 1452/8405 1444/8406
f 1444/8407 1452/8408 1453/8409
f 1444/8410 1453/8411 1445/8412
f 1445/8413 1453/8414 1454/8415
f 1445/8416 1454/8417 1446/8418
f 1446/8419 1454/8420 1447/8421
f 1446/8422 1447/8423 1439/8424
f 1447/8425 1455/8426 1456/8427
f 1447/8428 1456/8429 1448/8430
f 1448/8431 1456/8432 1457/8433
f 1448/8434 1457/8435 1449/8436
f 1449/8437 1457/8438 1458/8439
f 1449/8440 1458/8441 1450/8442
f 1450/8443 1458/8444 1459/8445
f 1450/8446 1459/8447 1451/8448
f 1451/8449 1459/8450 1460/8451
f 1451/8452 1460/8453 1452/8454
f 1452/8455 1460/8456 1461/8457
f 1452/8458 1461/8459 1453/8460
f 1453/8461 1461/8462 1462/8463
f 1453/8464 1462/8465 1454/8466
f 1454/8467 1462/8468 1455/8469
f 1454/8470 1455/8471 1447/8472
f 1455/8473 1463/8474 1464/8475
f 1455/8476 1464/8477 1456/8478
f 1456/8479 1464/8480 1465/8481
f 1456/8482 1465/8483 1457/8484
f 1457/8485 1465/8486 1466/8487
f 1457/8488 1466/8489 1458/8490
f 1458/8491 1466/8492 1467/8493
f 1458/8494 1467/8495 1459/8496
f 1459/8497 1467/8498 1468/8499
f 1459/8500 1468/8501 1460/8502
f 1460/8503 1468/8504 1469/8505
f 1460/8506 1469/8507 1461/8508
f 1461/8509 1469/8510 1470/8511
f 1461/8512 1470/8513 1462/8514
f 1462/8515 1470/8516 1463/8517
f 1462/8518 1463/8519 1455/8520
f 1463/8521 1471/8522 1472/8523
f 1463/8524 1472/8525 1464/8526
f 1464/8527 1472/8528 1473/8529
f 1464/8530 1473/8531 1465/8532
f 1465/8533 1473/8534 1474/8535
f 1465/8536 1474/8537 1466/8538
f 1466/8539 1474/8540 1475/8541
f 1466/8542 1475/8543 1467/8544
f 1467/8545 1475/8546 1476/8547
f 1467/8548 1476/8549 1468/8550
f 1468/8551 1476/8552 1477/8553
f 1468/8554 1477/8555 1469/8556
f 1469/8557 1477/8558 1478/8559
f 1469/8560 1478/8561 1470/8562
f 1470/8563 1478/8564 1471/8565
f 1470/8566 1471/8567 1463/8568
f 1471/8569 1479/8570 1480/8571
f 1471/8572 1480/8573 1472/8574
f 1472/8575 1480/8576 1481/8577
f 1472/8578 1481/8579 1473/8580
f 1473/8581 1481/8582 1482/8583
f 1473/8584 1482/8585 1474/8586
f 1474/8587 1482/8588 1483/8589
f 1474/8590 1483/8591 1475/8592
f 1475/8593 1483/8594 1484/8595
f 1475/8596 1484/8597 1476/8598
f 1476/8599 1484/8600 1485/8601
f 1476/8602 1485/8603 1477/8604
f 1477/8605 1485/8606 1486/8607
f 1477/8608 1486/8609 1478/8610
f 1478/8611 1486/8612 1479/8613
f 1478/8614 1479/8615 1471/8616
f 1479/8617 1487/8618 1488/8619
f 1479/8620 1488/8621 1480/8622
f 1480/8623 1488/8624 1489/8625
f 1480/8626 1489/8627 1481/8628
f 1481/8629 1489/8630 1490/8631
f 1481/8632 1490/8633 1482/8634
f 1482/8635 1490/8636 1491/8637
f 1482/8638 1491/8639 1483/8640
f 1483/8641 1491/8642 1492/8643
f 1483/8644 1492/8645 1484/8646
f 1484/8647 1492/8648 1493/8649
f 1484/8650 1493/8651 1485/8652
f 1485/8653 1493/8654 1494/8655
f 1485/8656 1494/8657 1486/8658
f 1486/8659 1494/8660 1487/8661
f 1486/8662 1487/8663 1479/8664
f 1487/8665 1495/8666 1496/8667
f 1487/8668 1496/8669 1488/8670
f 1488/8671 1496/8672 1497/8673
f 1488/8674 1497/8675 1489/8676
f 1489/8677 1497/8678 1498/8679
f 1489/8680 1498/8681 1490/8682
f 1490/8683 1498/8684 1499/8685
f 1490/8686 1499/8687 1491/8688
f 1491/8689 1499/8690 1500/8691
f 1491/8692 1500/8693 1492/8694
f 1492/8695 1500/8696 1501/8697
f 1492/8698 1501/8699 1493/8700
f 1493/8701 1501/8702 1502/8703
f 1493/8704 1502/8705 1494/8706
f 1494/8707 1502/8708 1495/8709
f 1494/8710 1495/8711 1487/8712
f 1495/8713 1503/8714 1504/8715
f 1495/8716 1504/8717 1496/8718
f 1496/8719 1504/8720 1505/8721
f 1496/8722 1505/8723 1497/8724
f 1497/8725 1505/8726 1506/8727
f 1497/8728 1506/8729 1498/8730
f 1498/8731 1506/8732 1507/8733
f 1498/8734 1507/8735 1499/8736
f 1499/8737 1507/8738 1508/8739
f 1499/8740 1508/8741 1500/8742
f 1500/8743 1508/8744 1509/8745
f 1500/8746 1509/8747 1501/8748
f 1501/8749 1509/8750 1510/8751
f 1501/8752 1510/8753 1502/8754
f 1502/8755 1510/8756 1503/8757
f 1502/8758 1503/8759 1495/8760
f 1503/8761 1511/8762 1512/8763
f 1503/8764 1512/8765 1504/8766
f 1504/8767 1512/8768 1513/8769
f 1504/8770 1513/8771 1505/8772
f 1505/8773 1513/8774 1514/8775
f 1505/8776 1514/8777 1506/8778
f 1506/8779 1514/8780 1515/8781
f 1506/8782 1515/8783 1507/8784
f 1507/8785 1515/8786 1516/8787
f 1507/8788 1516/8789 1508/8790
f 1508/8791 1516/8792 1517/8793
f 1508/8794 1517/8795 1509/8796
f 1509/8797 1517/8798 1518/8799
f 1509/8800 1518/8801 1510/8802
f 1510/8803 1518/8804 1511/8805
f 1510/8806 1511/8807 1503/8808
f 1511/8809 1519/8810 1520/8811
f 1511/8812 1520/8813 1512/8814
f 1512/8815 1520/8816 1521/8817
f 1512/8818 1521/8819 1513/8820
f 1513/8821 1521/8822 1522/8823
f 1513/8824 1522/8825 1514/8826
f 1514/8827 1522/8828 1523/8829
f 1514/8830 1523/8831 1515/8832
f 1515/8833 1523/8834 1524/8835
f 1515/8836 1524/8837 1516/8838
f 1516/8839 1524/8840 1525/8841
f 1516/8842 1525/8843 1517/8844
f 1517/8845 1525/8846 1526/8847
f 1517/8848 1526/8849 1518/8850
f 1518/8851 1526/8852 1519/8853
f 1518/8854 1519/8855 1511/8856
f 1519/8857 1527/8858 1528/8859
f 1519/8860 1528/8861 1520/8862
f 1520/8863 1528/8864 1529/8865
f 1520/8866 1529/8867 1521/8868
f 1521/8869 1529/8870 1530/8871
f 1521/8872 1530/8873 1522/8874
f 1522/8875 1530/8876 1531/8877
f 1522/8878 1531/8879 1523/8880
f 1523/8881 1531/8882 1532/8883
f 1523/8884 1532/8885 1524/8886
f 1524/8887 1532/8888 1533/8889
f 1524/8890 1533/8891 1525/8892
f 1525/8893 1533/8894 1534/8895
f 1525/8896 1534/8897 1526/8898
f 1526/8899 1534/8900 1527/8901
f 1526/8902 1527/8903 1519/8904
f 1527/8905 1535/8906 1536/8907
f 1527/8908 1536/8909 1528/8910
f 1528/8911 1536/8912 1537/8913
f 1528/8914 1537/8915 1529/8916
f 1529/8917 1537/8918 1538/8919
f 1529/8920 1538/8921 1530/8922
f 1530/8923 1538/8924 1539/8925
f 1530/8926 1539/8927 1531/8928
f 1531/8929 1539/8930 1540/8931
f 1531/8932 1540/8933 1532/8934
f 1532/8935 1540/8936 1541/8937
f 1532/8938 1541/8939 1533/8940
f 1533/8941 1541/8942 1542/8943
f 1533/8944 1542/8945 1534/8946
f 1534/8947 1542/8948 1535/8949
f 1534/8950 1535/8951 1527/8952
f 1535/8953 1543/8954 1544/8955
f 1535/8956 1544/8957 1536/8958
f 1536/8959 1544/8960 1545/8961
f 1536/8962 1545/8963 1537/8964
f 1537/8965 1545/8966 1546/8967
f 1537/8968 1546/8969 1538/8970
f 1538/8971 1546/8972 1547/8973
f 1538/8974 1547/8975 1539/8976
f 1539/8977 1547/8978 1548/8979
f 1539/8980 1548/8981 1540/8982
f 1540/8983 1548/8984 1549/8985
f 1540/8986 1549/8987 1541/8988
f 1541/8989 1549/8990 1550/8991
f 1541/8992 1550/8993 1542/8994
f 1542/8995 1550/8996 1543/8997
f 1542/8998 1543/8999 1535/9000
f 1543/9001 1551/9002 1552/9003
f 1543/9004 1552/9005 1544/9006
f 1544/9007 1552/9008 1553/9009
f 1544/9010 1553/9011 1545/9012
f 1545/9013 1553/9014 1554/9015
f 1545/9016 1554/9017 1546/9018
f 1546/9019 1554/9020 1555/9021
f 1546/9022 1555/9023 1547/9024
f 1547/9025 1555/9026 1556/9027
f 1547/9028 1556/9029 1548/9030
f 1548/9031 1556/9032 1557/9033
f 1548/9034 1557/9035 1549/9036
f 1549/9037 1557/9038 1558/9039
f 1549/9040 1558/9041 1550/9042
f 1550/9043 1558/9044 1551/9045
f 1550/9046 1551/9047 1543/9048
f 1551/9049 1559/9050 1560/9051
f 1551/9052 1560/9053 1552/9054
f 1552/9055 1560/9056 1561/9057
f 1552/9058 1561/9059 1553/9060
f 1553/9061 1561/9062 1562/9063
f 1553/9064 1562/9065 1554/9066
f 1554/9067 1562/9068 1563/9069
f 1554/9070 1563/9071 1555/9072
f 1555/9073 1563/9074 1564/9075
f 1555/9076 1564/9077 1556/9078
f 1556/9079 1564/9080 1565/9081
f 1556/9082 1565/9083 1557/9084
f 1557/9085 1565/9086 1566/9087
f 1557/9088 1566/9089 1558/9090
f 1558/9091 1566/9092 1559/9093
f 1558/9094 1559/9095 1551/9096
f 1559/9097 1567/9098 1568/9099
f 1559/9100 1568/9101 1560/9102
f 1560/9103 1568/9104 1569/9105
f 1560/9106 1569/9107 1561/9108
f 1561/9109 1569/9110 1570/9111
f 1561/9112 1570/9113 1562/9114
f 1562/9115 1570/9116 1571/9117
f 1562/9118 1571/9119 1563/9120
f 1563/9121 1571/9122 1572/9123
f 1563/9124 1572/9125 1564/9126
f 1564/9127 1572/9128 1573/9129
f 1564/9130 1573/9131 1565/9132
f 1565/9133 1573/9134 1574/9135
f 1565/9136 1574/9137 1566/9138
f 1566/9139 1574/9140 1567/9141
f 1566/9142 1567/9143 1559/9144
f 1567/9145 1575/9146 1576/9147
f 1567/9148 1576/9149 1568/9150
f 1568/9151 1576/9152 1577/9153
f 1568/9154 1577/9155 1569/9156
f 1569/9157 1577/9158 1578/9159
f 1569/9160 1578/9161 1570/9162
f 1570/9163 1578/9164 1579/9165
f 1570/9166 1579/9167 1571/9168
f 1571/9169 1579/9170 1580/9171
f 1571/9172 1580/9173 1572/9174
f 1572/9175 1580/9176 1581/9177
f 1572/9178 1581/9179 1573/9180
f 1573/9181 1581/9182 1582/9183
f 1573/9184 1582/9185 1574/9186
f 1574/9187 1582/9188 1575/9189
f 1574/9190 1575/9191 1567/9192
f 1575/9193 1583/9194 1584/9195
f 1575/9196 1584/9197 1576/9198
f 1576/9199 1584/9200 1585/9201
f 1576/9202 1585/9203 1577/9204
f 1577/9205 1585/9206 1586/9207
f 1577/9208 1586/9209 1578/9210
f 1578/9211 1586/9212 1587/9213
f 1578/9214 1587/9215 1579/9216
f 1579/9217 1587/9218 1588/9219
f 1579/9220 1588/9221 1580/9222
f 1580/9223 1588/9224 1589/9225
f 1580/9226 1589/9227 1581/9228
f 1581/9229 1589/9230 1590/9231
f 1581/9232 1590/9233 1582/9234
f 1582/9235 1590/9236 1583/9237
f 1582/9238 1583/9239 1575/9240
f 1583/9241 1591/9242 1592/9243
f 1583/9244 1592/9245 1584/9246
f 1584/9247 1592/9248 1593/9249
f 1584/9250 1593/9251 1585/9252
f 1585/9253 1593/9254 1594/9255
f 1585/9256 1594/9257 1586/9258
f 1586/9259 1594/9260 1595/9261
f 1586/9262 1595/9263 1587/9264
f 1587/9265 1595/9266 1596/9267
f 1587/9268 1596/9269 1588/9270
f 1588/9271 1596/9272 1597/9273
f 1588/9274 1597/9275 1589/9276
f 1589/9277 1597/9278 1598/9279
f 1589/9280 1598/9281 1590/9282
f 1590/9283 1598/9284 1591/9285
f 1590/9286 1591/9287 1583/9288
f 1591/9289 1599/9290 1600/9291
f 1591/9292 1600/9293 1592/9294
f 1592/9295 1600/9296 1601/9297
f 1592/9298 1601/9299 1593/9300
f 1593/9301 1601/9302 1602/9303
f 1593/9304 1602/9305 1594/9306
f 1594/9307 1602/9308 1603/9309
f 1594/9310 1603/9311 1595/9312
f 1595/9313 1603/9314 1604/9315
f 1595/9316 1604/9317 1596/9318
f 1596/9319 1604/9320 1605/9321
f 1596/9322 1605/9323 1597/9324
f 1597/9325 1605/9326 1606/9327
f 1597/9328 1606/9329 1598/9330
f 1598/9331 1606/9332 1599/9333
f 1598/9334 1599/9335 1591/9336
f 1599/9337 1607/9338 1608/9339
f 1599/9340 1608/9341 1600/9342
f 1600/9343 1608/9344 1609/9345
f 1600/9346 1609/9347 1601/9348
f 1601/9349 1609/9350 1610/9351
f 1601/9352 1610/9353 1602/9354
f 1602/9355 1610/9356 1611/9357
f 1602/9358 1611/9359 1603/9360
f 1603/9361 1611/9362 1612/9363
f 1603/9364 1612/9365 1604/9366
f 1604/9367 1612/9368 1613/9369
f 1604/9370 1613/9371 1605/9372
f 1605/9373 1613/9374 1614/9375
f 1605/9376 1614/9377 1606/9378
f 1606/9379 1614/9380 1607/9381
f 1606/9382 1607/9383 1599/9384
f 1607/9385 1615/9386 1616/9387
f 1607/9388 1616/9389 1608/9390
f 1608/9391 1616/9392 1617/9393
f 1608/9394 1617/9395 1609/9396
f 1609/9397 1617/9398 1618/9399
f 1609/9400 1618/9401 1610/9402
f 1610/9403 1618/9404 1619/9405
f 1610/9406 1619/9407 1611/9408
f 1611/9409 1619/9410 1620/9411
f 1611/9412 1620/9413 1612/9414
f 1612/9415 1620/9416 1621/9417
f 1612/9418 1621/9419 1613/9420
f 1613/9421 1621/9422 1622/9423
f 1613/9424 1622/9425 1614/9426
f 1614/9427 1622/9428 1615/9429
f 1614/9430 1615/9431 1607/9432
f 1615/9433 1623/9434 1624/9435
f 1615/9436 1624/9437 1616/9438
f 1616/9439 1624/9440 1625/9441
f 1616/9442 1625/9443 1617/9444
f 1617/9445 1625/9446 1626/9447
f 1617/9448 1626/9449 1618/9450
f 1618/9451 1626/9452 1627/9453
f 1618/9454 1627/9455 1619/9456
f 1619/9457 1627/9458 1628/9459
f 1619/9460 1628/9461 1620/9462
f 1620/9463 1628/9464 1629/9465
f 1620/9466 1629/9467 1621/9468
f 1621/9469 1629/9470 1630/9471
f 1621/9472 1630/9473 1622/9474
f 1622/9475 1630/9476 1623/9477
f 1622/9478 1623/9479 1615/9480
f 1623/9481 1631/9482 1632/9483
f 1623/9484 1632/9485 1624/9486
f 1624/9487 1632/9488 1633/9489
f 1624/9490 1633/9491 1625/9492
f 1625/9493 1633/9494 1634/9495
f 1625/9496 1634/9497 1626/9498
f 1626/9499 1634/9500 1635/9501
f 1626/9502 1635/9503 1627/9504
f 1627/9505 1635/9506 1636/9507
f 1627/9508 1636/9509 1628/9510
f 1628/9511 1636/9512 1637/9513
f 1628/9514 1637/9515 1629/9516
f 1629/9517 1637/9518 1638/9519
f 1629/9520 1638/9521 1630/9522
f 1630/9523 1638/9524 1631/9525
f 1630/9526 1631/9527 1623/9528
f 1631/9529 1639/9530 1640/9531
f 1631/9532 1640/9533 1632/9534
f 1632/9535 1640/9536 1641/9537
f 1632/9538 1641/9539 1633/9540
f 1633/9541 1641/9542 1642/9543
f 1633/9544 1642/9545 1634/9546
f 1634/9547 1642/9548 1643/9549
f 1634/9550 1643/9551 1635/9552
f 1635/9553 1643/9554 1644/9555
f 1635/9556 1644/9557 1636/9558
f 1636/9559 1644/9560 1645/9561
f 1636/9562 1645/9563 1637/9564
f 1637/9565 1645/9566 1646/9567
f 1637/9568 1646/9569 1638/9570
f 1638/9571 1646/9572 1639/9573
f 1638/9574 1639/9575 1631/9576
f 1639/9577 1647/9578 1648/9579
f 1639/9580 1648/9581 1640/9582
f 1640/9583 1648/9584 1649/9585
f 1640/9586 1649/9587 1641/9588
f 1641/9589 1649/9590 1650/9591
f 1641/9592 1650/9593 1642/9594
f 1642/9595 1650/9596 1651/9597
f 1642/9598 1651/9599 1643/9600
f 1643/9601 1651/9602 1652/9603
f 1643/9604 1652/9605 1644/9606
f 1644/9607 1652/9608 1653/9609
f 1644/9610 1653/9611 1645/9612
f 1645/9613 1653/9614 1654/9615
f 1645/9616 1654/9617 1646/9618
f 1646/9619 1654/9620 1647/9621
f 1646/9622 1647/9623 1639/9624
f 1647/9625 1655/9626 1656/9627
f 1647/9628 1656/9629 1648/9630
f 1648/9631 1656/9632 1657/9633
f 1648/9634 1657/9635 1649/9636
f 1649/9637 1657/9638 1658/9639
f 1649/9640 1658/9641 1650/9642
f 1650/9643 1658/9644 1659/9645
f 1650/9646 1659/9647 1651/9648
f 1651/9649 1659/9650 1660/9651
f 1651/9652 1660/9653 1652/9654
f 1652/9655 1660/9656 1661/9657
f 1652/9658 1661/9659 1653/9660
f 1653/9661 1661/9662 1662/9663
f 1653/9664 1662/9665 1654/9666
f 1654/9667 1662/9668 1655/9669
f 1654/9670 1655/9671 1647/9672
f 1655/9673 1663/9674 1664/9675
f 1655/9676 1664/9677 1656/9678
f 1656/9679 1664/9680 1665/9681
f 1656/9682 1665/9683 1657/9684
f 1657/9685 1665/9686 1666/9687
f 1657/9688 1666/9689 1658/9690
f 1658/9691 1666/9692 1667/9693
f 1658/9694 1667/9695 1659/9696
f 1659/9697 1667/9698 1668/9699
f 1659/9700 1668/9701 1660/9702
f 1660/9703 1668/9704 1669/9705
f 1660/9706 1669/9707 1661/9708
f 1661/9709 1669/9710 1670/9711
f 1661/9712 1670/9713 1662/9714
f 1662/9715 1670/9716 1663/9717
f 1662/9718 1663/9719 1655/9720
f 1663/9721 1671/9722 1672/9723
f 1663/9724 1672/9725 1664/9726
f 1664/9727 1672/9728 1673/9729
f 1664/9730 1673/9731 1665/9732
f 1665/9733 1673/9734 1674/9735
f 1665/9736 1674/9737 1666/9738
f 1666/9739 1674/9740 1675/9741
f 1666/9742 1675/9743 1667/9744
f 1667/9745 1675/9746 1676/9747
f 1667/9748 1676/9749 1668/9750
f 1668/9751 1676/9752 1677/9753
f 1668/9754 1677/9755 1669/9756
f 1669/9757 1677/9758 1678/9759
f 1669/9760 1678/9761 1670/9762
f 1670/9763 1678/9764 1671/9765
f 1670/9766 1671/9767 1663/9768
f 1671/9769 1679/9770 1680/9771
f 1671/9772 1680/9773 1672/9774
f 1672/9775 1680/9776 1681/9777
f 1672/9778 1681/9779 1673/9780
f 1673/9781 1681/9782 1682/9783
f 1673/9784 1682/9785 1674/9786
f 1674/9787 1682/9788 1683/9789
f 1674/9790 1683/9791 1675/9792
f 1675/9793 1683/9794 1684/9795
f 1675/9796 1684/9797 1676/9798
f 1676/9799 1684/9800 1685/9801
f 1676/9802 1685/9803 1677/9804
f 1677/9805 1685/9806 1686/9807
f 1677/9808 1686/9809 1678/9810
f 1678/9811 1686/9812 1679/9813
f 1678/9814 1679/9815 1671/9816
f 1679/9817 1687/9818 1688/9819
f 1679/9820 1688/9821 1680/9822
f 1680/9823 1688/9824 1689/9825
f 1680/9826 1689/9827 1681/9828
f 1681/9829 1689/9830 1690/9831
f 1681/9832 1690/9833 1682/9834
f 1682/9835 1690/9836 1691/9837
f 1682/9838 1691/9839 1683/9840
f 1683/9841 1691/9842 1692/9843
f 1683/9844 1692/9845 1684/9846
f 1684/9847 1692/9848 1693/9849
f 1684/9850 1693/9851 1685/9852
f 1685/9853 1693/9854 1694/9855
f 1685/9856 1694/9857 1686/9858
f 1686/9859 1694/9860 1687/9861
f 1686/9862 1687/9863 1679/9864
f 1687/9865 1695/9866 1696/9867
f 1687/9868 1696/9869 1688/9870
f 1688/9871 1696/9872 1697/9873
f 1688/9874 1697/9875 1689/9876
f 1689/9877 1697/9878 1698/9879
f 1689/9880 1698/9881 1690/9882
f 1690/9883 1698/9884 1699/9885
f 1690/9886 1699/9887 1691/9888
f 1691/9889 1699/9890 1700/9891
f 1691/9892 1700/9893 1692/9894
f 1692/9895 1700/9896 1701/9897
f 1692/9898 1701/9899 1693/9900
f 1693/9901 1701/9902 1702/9903
f 1693/9904 1702/9905 1694/9906
f 1694/9907 1702/9908 1695/9909
f 1694/9910 1695/9911 1687/9912
f 1695/9913 1703/9914 1704/9915
f 1695/9916 1704/9917 1696/9918
f 1696/9919 1704/9920 1705/9921
f 1696/9922 1705/9923 1697/9924
f 1697/9925 1705/9926 1706/9927
f 1697/9928 1706/9929 1698/9930
f 1698/9931 1706/9932 1707/9933
f 1698/9934 1707/9935 1699/9936
f 1699/9937 1707/9938 1708/9939
f 1699/9940 1708/9941 1700/9942
f 1700/9943 1708/9944 1709/9945
f 1700/9946 1709/9947 1701/9948
f 1701/9949 1709/9950 1710/9951
f 1701/9952 1710/9953 1702/9954
f 1702/9955 1710/9956 1703/9957
f 1702/9958 1703/9959 1695/9960
f 1703/9961 1391/9962 1392/9963
f 1703/9964 1392/9965 1704/9966
f 1704/9967 1392/9968 1393/9969
f 1704/9970 1393/9971 1705/9972
f 1705/9973 1393/9974 1394/9975
f 1705/9976 1394/9977 1706/9978
f 1706/9979 1394/9980 1395/9981
f 1706/9982 1395/9983 1707/9984
f 1707/9985 1395/9986 1396/9987
f 1707/9988 1396/9989 1708/9990
f 1708/9991 1396/9992 1397/9993
f 1708/9994 1397/9995 1709/9996
f 1709/9997 1397/9998 1398/9999
f 1709/10000 1398/10001 1710/10002
f 1710/10003 1398/10004 1391/10005
f 1710/10006 1391/10007 1703/10008
usemtl Mechanism
f 1711/10009 1713/10010 1714/10011
f 1711/10012 1714/10013 1712/10014
f 1713/10015 1715/10016 1716/10017
f 1713/10018 1716/10019 1714/10020
f 1715/10021 1717/10022 1718/10023
f 1715/10024 1718/10025 1716/10026
f 1717/10027 1719/10028 1720/10029
f 1717/10030 1720/10031 1718/10032
f 1719/10033 1721/10034 1722/10035
f 1719/10036 1722/10037 1720/10038
f 1721/10039 1723/10040 1724/10041
f 1721/10042 1724/10043 1722/10044
f 1723/10045 1725/10046 1726/10047
f 1723/10048 1726/10049 1724/10050
f 1725/10051 1727/10052 1728/10053
f 1725/10054 1728/10055 1726/10056
f 1727/10057 1729/10058 1730/10059
f 1727/10060 1730/10061 1728/10062
f 1729/10063 1731/10064 1732/10065
f 1729/10066 1732/10067 1730/10068
f 1731/10069 1733/10070 1734/10071
f 1731/10072 1734/10073 1732/10074
f 1733/10075 1735/10076 1736/10077
f 1733/10078 1736/10079 1734/10080
f 1735/10081 1737/10082 1738/10083
f 1735/10084 1738/10085 1736/10086
f 1737/10087 1739/10088 1740/10089
f 1737/10090 1740/10091 1738/10092
f 1739/10093 1741/10094 1742/10095
f 1739/10096 1742/10097 1740/10098
f 1741/10099 1743/10100 1744/10101
f 1741/10102 1744/10103 1742/10104
f 1743/10105 1745/10106 1746/10107
f 1743/10108 1746/10109 1744/10110
f 1745/10111 1747/10112 1748/10113
f 1745/10114 1748/10115 1746/10116
f 1747/10117 1749/10118 1750/10119
f 1747/10120 1750/10121 1748/10122
f 1749/10123 1751/10124 1752/10125
f 1749/10126 1752/10127 1750/10128
f 1751/10129 1753/10130 1754/10131
f 1751/10132 1754/10133 1752/10134
f 1753/10135 1755/10136 1756/10137
f 1753/10138 1756/10139 1754/10140
f 1755/10141 1757/10142 1758/10143
f 1755/10144 1758/10145 1756/10146
f 1757/10147 1759/10148 1760/10149
f 1757/10150 1760/10151 1758/10152
f 1759/10153 1761/10154 1762/10155
f 1759/10156 1762/10157 1760/10158
f 1761/10159 1763/10160 1764/10161
f 1761/10162 1764/10163 1762/10164
f 1763/10165 1765/10166 1766/10167
f 1763/10168 1766/10169 1764/10170
f 1765/10171 1767/10172 1768/10173
f 1765/10174 1768/10175 1766/10176
f 1767/10177 1769/10178 1770/10179
f 1767/10180 1770/10181 1768/10182
f 1769/10183 1771/10184 1772/10185
f 1769/10186 1772/10187 1770/10188
f 1771/10189 1773/10190 1774/10191
f 1771/10192 1774/10193 1772/10194
f 1773/10195 1775/10196 1776/10197
f 1773/10198 1776/10199 1774/10200
f 1775/10201 1777/10202 1778/10203
f 1775/10204 1778/10205 1776/10206
f 1777/10207 1779/10208 1780/10209
f 1777/10210 1780/10211 1778/10212
f 1779/10213 1781/10214 1782/10215
f 1779/10216 1782/10217 1780/10218
f 1781/10219 1783/10220 1784/10221
f 1781/10222 1784/10223 1782/10224
f 1783/10225 1785/10226 1786/10227
f 1783/10228 1786/10229 1784/10230
f 1785/10231 1787/10232 1788/10233
f 1785/10234 1788/10235 1786/10236
f 1787/10237 1789/10238 1790/10239
f 1787/10240 1790/10241 1788/10242
f 1789/10243 1711/10244 1712/10245
f 1789/10246 1712/10247 1790/10248
f 1791/10249 1713/10250 1711/10251
f 1792/10252 1712/10253 1714/10254
f 1791/10255 1715/10256 1713/10257
f 1792/10258 1714/10259 1716/10260
f 1791/10261 1717/10262 1715/10263
f 1792/10264 1716/10265 1718/10266
f 1791/10267 1719/10268 1717/10269
f 1792/10270 1718/10271 1720/10272
f 1791/10273 1721/10274 1719/10275
f 1792/10276 1720/10277 1722/10278
f 1791/10279 1723/10280 1721/10281
f 1792/10282 1722/10283 1724/10284
f 1791/10285 1725/10286 1723/10287
f 1792/10288 1724/10289 1726/10290
f 1791/10291 1727/10292 1725/10293
f 1792/10294 1726/10295 1728/10296
f 1791/10297 1729/10298 1727/10299
f 1792/10300 1728/10301 1730/10302
f 1791/10303 1731/10304 1729/10305
f 1792/10306 1730/10307 1732/10308
f 1791/10309 1733/10310 1731/10311
f 1792/10312 1732/10313 1734/10314
f 1791/10315 1735/10316 1733/10317
f 1792/10318 1734/10319 1736/10320
f 1791/10321 1737/10322 1735/10323
f 1792/10324 1736/10325 1738/10326
f 1791/10327 1739/10328 1737/10329
f 1792/10330 1738/10331 1740/10332
f 1791/10333 1741/10334 1739/10335
f 1792/10336 1740/10337 1742/10338
f 1791/10339 1743/10340 1741/10341
f 1792/10342 1742/10343 1744/10344
f 1791/10345 1745/10346 1743/10347
f 1792/10348 1744/10349 1746/10350
f 1791/10351 1747/10352 1745/10353
f 1792/10354 1746/10355 1748/10356
f 1791/10357 1749/10358 1747/10359
f 1792/10360 1748/10361 1750/10362
f 1791/10363 1751/10364 1749/10365
f 1792/10366 1750/10367 1752/10368
f 1791/10369 1753/10370 1751/10371
f 1792/10372 1752/10373 1754/10374
f 1791/10375 1755/10376 1753/10377
f 1792/10378 1754/10379 1756/10380
f 1791/10381 1757/10382 1755/10383
f 1792/10384 1756/10385 1758/10386
f 1791/10387 1759/10388 1757/10389
f 1792/10390 1758/10391 1760/10392
f 1791/10393 1761/10394 1759/10395
f 1792/10396 1760/10397 1762/10398
f 1791/10399 1763/10400 1761/10401
f 1792/10402 1762/10403 1764/10404
f 1791/10405 1765/10406 1763/10407
f 1792/10408 1764/10409 1766/10410
f 1791/10411 1767/10412 1765/10413
f 1792/10414 1766/10415 1768/10416
f 1791/10417 1769/10418 1767/10419
f 1792/10420 1768/10421 1770/10422
f 1791/10423 1771/10424 1769/10425
f 1792/10426 1770/10427 1772/10428
f 1791/10429 1773/10430 1771/10431
f 1792/10432 1772/10433 1774/10434
f 1791/10435 1775/10436 1773/10437
f 1792/10438 1774/10439 1776/10440
f 1791/10441 1777/10442 1775/10443
f 1792/10444 1776/10445 1778/10446
f 1791/10447 1779/10448 1777/10449
f 1792/10450 1778/10451 1780/10452
f 1791/10453 1781/10454 1779/10455
f 1792/10456 1780/10457 1782/10458
f 1791/10459 1783/10460 1781/10461
f 1792/10462 1782/10463 1784/10464
f 1791/10465 1785/10466 1783/10467
f 1792/10468 1784/10469 1786/10470
f 1791/10471 1787/10472 1785/10473
f 1792/10474 1786/10475 1788/10476
f 1791/10477 1789/10478 1787/10479
f 1792/10480 1788/10481 1790/10482
f 1791/10483 1711/10484 1789/10485
f 1792/10486 1790/10487 1712/10488
usemtl Optic
f 1793/10489 1801/10490 1802/10491
f 1793/10492 1802/10493 1794/10494
f 1794/10495 1802/10496 1803/10497
f 1794/10498 1803/10499 1795/10500
f 1795/10501 1803/10502 1804/10503
f 1795/10504 1804/10505 1796/10506
f 1796/10507 1804/10508 1805/10509
f 1796/10510 1805/10511 1797/10512
f 1797/10513 1805/10514 1806/10515
f 1797/10516 1806/10517 1798/10518
f 1798/10519 1806/10520 1807/10521
f 1798/10522 1807/10523 1799/10524
f 1799/10525 1807/10526 1808/10527
f 1799/10528 1808/10529 1800/10530
f 1800/10531 1808/10532 1801/10533
f 1800/10534 1801/10535 1793/10536
f 1801/10537 1809/10538 1810/10539
f 1801/10540 1810/10541 1802/10542
f 1802/10543 1810/10544 1811/10545
f 1802/10546 1811/10547 1803/10548
f 1803/10549 1811/10550 1812/10551
f 1803/10552 1812/10553 1804/10554
f 1804/10555 1812/10556 1813/10557
f 1804/10558 1813/10559 1805/10560
f 1805/10561 1813/10562 1814/10563
f 1805/10564 1814/10565 1806/10566
f 1806/10567 1814/10568 1815/10569
f 1806/10570 1815/10571 1807/10572
f 1807/10573 1815/10574 1816/10575
f 1807/10576 1816/10577 1808/10578
f 1808/10579 1816/10580 1809/10581
f 1808/10582 1809/10583 1801/10584
f 1809/10585 1817/10586 1818/10587
f 1809/10588 1818/10589 1810/10590
f 1810/10591 1818/10592 1819/10593
f 1810/10594 1819/10595 1811/10596
f 1811/10597 1819/10598 1820/10599
f 1811/10600 1820/10601 1812/10602
f 1812/10603 1820/10604 1821/10605
f 1812/10606 1821/10607 1813/10608
f 1813/10609 1821/10610 1822/10611
f 1813/10612 1822/10613 1814/10614
f 1814/10615 1822/10616 1823/10617
f 1814/10618 1823/10619 1815/10620
f 1815/10621 1823/10622 1824/10623
f 1815/10624 1824/10625 1816/10626
f 1816/10627 1824/10628 1817/10629
f 1816/10630 1817/10631 1809/10632
f 1817/10633 1825/10634 1826/10635
f 1817/10636 1826/10637 1818/10638
f 1818/10639 1826/10640 1827/10641
f 1818/10642 1827/10643 1819/10644
f 1819/10645 1827/10646 1828/10647
f 1819/10648 1828/10649 1820/10650
f 1820/10651 1828/10652 1829/10653
f 1820/10654 1829/10655 1821/10656
f 1821/10657 1829/10658 1830/10659
f 1821/10660 1830/10661 1822/10662
f 1822/10663 1830/10664 1831/10665
f 1822/10666 1831/10667 1823/10668
f 1823/10669 1831/10670 1832/10671
f 1823/10672 1832/10673 1824/10674
f 1824/10675 1832/10676 1825/10677
f 1824/10678 1825/10679 1817/10680
f 1825/10681 1833/10682 1834/10683
f 1825/10684 1834/10685 1826/10686
f 1826/10687 1834/10688 1835/10689
f 1826/10690 1835/10691 1827/10692
f 1827/10693 1835/10694 1836/10695
f 1827/10696 1836/10697 1828/10698
f 1828/10699 1836/10700 1837/10701
f 1828/10702 1837/10703 1829/10704
f 1829/10705 1837/10706 1838/10707
f 1829/10708 1838/10709 1830/10710
f 1830/10711 1838/10712 1839/10713
f 1830/10714 1839/10715 1831/10716
f 1831/10717 1839/10718 1840/10719
f 1831/10720 1840/10721 1832/10722
f 1832/10723 1840/10724 1833/10725
f 1832/10726 1833/10727 1825/10728
f 1833/10729 1841/10730 1842/10731
f 1833/10732 1842/10733 1834/10734
f 1834/10735 1842/10736 1843/10737
f 1834/10738 1843/10739 1835/10740
f 1835/10741 1843/10742 1844/10743
f 1835/10744 1844/10745 1836/10746
f 1836/10747 1844/10748 1845/10749
f 1836/10750 1845/10751 1837/10752
f 1837/10753 1845/10754 1846/10755
f 1837/10756 1846/10757 1838/10758
f 1838/10759 1846/10760 1847/10761
f 1838/10762 1847/10763 1839/10764
f 1839/10765 1847/10766 1848/10767
f 1839/10768 1848/10769 1840/10770
f 1840/10771 1848/10772 1841/10773
f 1840/10774 1841/10775 1833/10776
f 1841/10777 1849/10778 1850/10779
f 1841/10780 1850/10781 1842/10782
f 1842/10783 1850/10784 1851/10785
f 1842/10786 1851/10787 1843/10788
f 1843/10789 1851/10790 1852/10791
f 1843/10792 1852/10793 1844/10794
f 1844/10795 1852/10796 1853/10797
f 1844/10798 1853/10799 1845/10800
f 1845/10801 1853/10802 1854/10803
f 1845/10804 1854/10805 1846/10806
f 1846/10807 1854/10808 1855/10809
f 1846/10810 1855/10811 1847/10812
f 1847/10813 1855/10814 1856/10815
f 1847/10816 1856/10817 1848/10818
f 1848/10819 1856/10820 1849/10821
f 1848/10822 1849/10823 1841/10824
f 1849/10825 1857/10826 1858/10827
f 1849/10828 1858/10829 1850/10830
f 1850/10831 1858/10832 1859/10833
f 1850/10834 1859/10835 1851/10836
f 1851/10837 1859/10838 1860/10839
f 1851/10840 1860/10841 1852/10842
f 1852/10843 1860/10844 1861/10845
f 1852/10846 1861/10847 1853/10848
f 1853/10849 1861/10850 1862/10851
f 1853/10852 1862/10853 1854/10854
f 1854/10855 1862/10856 1863/10857
f 1854/10858 1863/10859 1855/10860
f 1855/10861 1863/10862 1864/10863
f 1855/10864 1864/10865 1856/10866
f 1856/10867 1864/10868 1857/10869
f 1856/10870 1857/10871 1849/10872
f 1857/10873 1865/10874 1866/10875
f 1857/10876 1866/10877 1858/10878
f 1858/10879 1866/10880 1867/10881
f 1858/10882 1867/10883 1859/10884
f 1859/10885 1867/10886 1868/10887
f 1859/10888 1868/10889 1860/10890
f 1860/10891 1868/10892 1869/10893
f 1860/10894 1869/10895 1861/10896
f 1861/10897 1869/10898 1870/10899
f 1861/10900 1870/10901 1862/10902
f 1862/10903 1870/10904 1871/10905
f 1862/10906 1871/10907 1863/10908
f 1863/10909 1871/10910 1872/10911
f 1863/10912 1872/10913 1864/10914
f 1864/10915 1872/10916 1865/10917
f 1864/10918 1865/10919 1857/10920
f 1865/10921 1873/10922 1874/10923
f 1865/10924 1874/10925 1866/10926
f 1866/10927 1874/10928 1875/10929
f 1866/10930 1875/10931 1867/10932
f 1867/10933 1875/10934 1876/10935
f 1867/10936 1876/10937 1868/10938
f 1868/10939 1876/10940 1877/10941
f 1868/10942 1877/10943 1869/10944
f 1869/10945 1877/10946 1878/10947
f 1869/10948 1878/10949 1870/10950
f 1870/10951 1878/10952 1879/10953
f 1870/10954 1879/10955 1871/10956
f 1871/10957 1879/10958 1880/10959
f 1871/10960 1880/10961 1872/10962
f 1872/10963 1880/10964 1873/10965
f 1872/10966 1873/10967 1865/10968
f 1873/10969 1881/10970 1882/10971
f 1873/10972 1882/10973 1874/10974
f 1874/10975 1882/10976 1883/10977
f 1874/10978 1883/10979 1875/10980
f 1875/10981 1883/10982 1884/10983
f 1875/10984 1884/10985 1876/10986
f 1876/10987 1884/10988 1885/10989
f 1876/10990 1885/10991 1877/10992
f 1877/10993 1885/10994 1886/10995
f 1877/10996 1886/10997 1878/10998
f 1878/10999 1886/11000 1887/11001
f 1878/11002 1887/11003 1879/11004
f 1879/11005 1887/11006 1888/11007
f 1879/11008 1888/11009 1880/11010
f 1880/11011 1888/11012 1881/11013
f 1880/11014 1881/11015 1873/11016
f 1881/11017 1889/11018 1890/11019
f 1881/11020 1890/11021 1882/11022
f 1882/11023 1890/11024 1891/11025
f 1882/11026 1891/11027 1883/11028
f 1883/11029 1891/11030 1892/11031
f 1883/11032 1892/11033 1884/11034
f 1884/11035 1892/11036 1893/11037
f 1884/11038 1893/11039 1885/11040
f 1885/11041 1893/11042 1894/11043
f 1885/11044 1894/11045 1886/11046
f 1886/11047 1894/11048 1895/11049
f 1886/11050 1895/11051 1887/11052
f 1887/11053 1895/11054 1896/11055
f 1887/11056 1896/11057 1888/11058
f 1888/11059 1896/11060 1889/11061
f 1888/11062 1889/11063 1881/11064
f 1889/11065 1897/11066 1898/11067
f 1889/11068 1898/11069 1890/11070
f 1890/11071 1898/11072 1899/11073
f 1890/11074 1899/11075 1891/11076
f 1891/11077 1899/11078 1900/11079
f 1891/11080 1900/11081 1892/11082
f 1892/11083 1900/11084 1901/11085
f 1892/11086 1901/11087 1893/11088
f 1893/11089 1901/11090 1902/11091
f 1893/11092 1902/11093 1894/11094
f 1894/11095 1902/11096 1903/11097
f 1894/11098 1903/11099 1895/11100
f 1895/11101 1903/11102 1904/11103
f 1895/11104 1904/11105 1896/11106
f 1896/11107 1904/11108 1897/11109
f 1896/11110 1897/11111 1889/11112
f 1897/11113 1905/11114 1906/11115
f 1897/11116 1906/11117 1898/11118
f 1898/11119 1906/11120 1907/11121
f 1898/11122 1907/11123 1899/11124
f 1899/11125 1907/11126 1908/11127
f 1899/11128 1908/11129 1900/11130
f 1900/11131 1908/11132 1909/11133
f 1900/11134 1909/11135 1901/11136
f 1901/11137 1909/11138 1910/11139
f 1901/11140 1910/11141 1902/11142
f 1902/11143 1910/11144 1911/11145
f 1902/11146 1911/11147 1903/11148
f 1903/11149 1911/11150 1912/11151
f 1903/11152 1912/11153 1904/11154
f 1904/11155 1912/11156 1905/11157
f 1904/11158 1905/11159 1897/11160
f 1905/11161 1913/11162 1914/11163
f 1905/11164 1914/11165 1906/11166
f 1906/11167 1914/11168 1915/11169
f 1906/11170 1915/11171 1907/11172
f 1907/11173 1915/11174 1916/11175
f 1907/11176 1916/11177 1908/11178
f 1908/11179 1916/11180 1917/11181
f 1908/11182 1917/11183 1909/11184
f 1909/11185 1917/11186 1918/11187
f 1909/11188 1918/11189 1910/11190
f 1910/11191 1918/11192 1919/11193
f 1910/11194 1919/11195 1911/11196
f 1911/11197 1919/11198 1920/11199
f 1911/11200 1920/11201 1912/11202
f 1912/11203 1920/11204 1913/11205
f 1912/11206 1913/11207 1905/11208
f 1913/11209 1921/11210 1922/11211
f 1913/11212 1922/11213 1914/11214
f 1914/11215 1922/11216 1923/11217
f 1914/11218 1923/11219 1915/11220
f 1915/11221 1923/11222 1924/11223
f 1915/11224 1924/11225 1916/11226
f 1916/11227 1924/11228 1925/11229
f 1916/11230 1925/11231 1917/11232
f 1917/11233 1925/11234 1926/11235
f 1917/11236 1926/11237 1918/11238
f 1918/11239 1926/11240 1927/11241
f 1918/11242 1927/11243 1919/11244
f 1919/11245 1927/11246 1928/11247
f 1919/11248 1928/11249 1920/11250
f 1920/11251 1928/11252 1921/11253
f 1920/11254 1921/11255 1913/11256
f 1921/11257 1929/11258 1930/11259
f 1921/11260 1930/11261 1922/11262
f 1922/11263 1930/11264 1931/11265
f 1922/11266 1931/11267 1923/11268
f 1923/11269 1931/11270 1932/11271
f 1923/11272 1932/11273 1924/11274
f 1924/11275 1932/11276 1933/11277
f 1924/11278 1933/11279 1925/11280
f 1925/11281 1933/11282 1934/11283
f 1925/11284 1934/11285 1926/11286
f 1926/11287 1934/11288 1935/11289
f 1926/11290 1935/11291 1927/11292
f 1927/11293 1935/11294 1936/11295
f 1927/11296 1936/11297 1928/11298
f 1928/11299 1936/11300 1929/11301
f 1928/11302 1929/11303 1921/11304
f 1929/11305 1937/11306 1938/11307
f 1929/11308 1938/11309 1930/11310
f 1930/11311 1938/11312 1939/11313
f 1930/11314 1939/11315 1931/11316
f 1931/11317 1939/11318 1940/11319
f 1931/11320 1940/11321 1932/11322
f 1932/11323 1940/11324 1941/11325
f 1932/11326 1941/11327 1933/11328
f 1933/11329 1941/11330 1942/11331
f 1933/11332 1942/11333 1934/11334
f 1934/11335 1942/11336 1943/11337
f 1934/11338 1943/11339 1935/11340
f 1935/11341 1943/11342 1944/11343
f 1935/11344 1944/11345 1936/11346
f 1936/11347 1944/11348 1937/11349
f 1936/11350 1937/11351 1929/11352
f 1937/11353 1945/11354 1946/11355
f 1937/11356 1946/11357 1938/11358
f 1938/11359 1946/11360 1947/11361
f 1938/11362 1947/11363 1939/11364
f 1939/11365 1947/11366 1948/11367
f 1939/11368 1948/11369 1940/11370
f 1940/11371 1948/11372 1949/11373
f 1940/11374 1949/11375 1941/11376
f 1941/11377 1949/11378 1950/11379
f 1941/11380 1950/11381 1942/11382
f 1942/11383 1950/11384 1951/11385
f 1942/11386 1951/11387 1943/11388
f 1943/11389 1951/11390 1952/11391
f 1943/11392 1952/11393 1944/11394
f 1944/11395 1952/11396 1945/11397
f 1944/11398 1945/11399 1937/11400
f 1945/11401 1953/11402 1954/11403
f 1945/11404 1954/11405 1946/11406
f 1946/11407 1954/11408 1955/11409
f 1946/11410 1955/11411 1947/11412
f 1947/11413 1955/11414 1956/11415
f 1947/11416 1956/11417 1948/11418
f 1948/11419 1956/11420 1957/11421
f 1948/11422 1957/11423 1949/11424
f 1949/11425 1957/11426 1958/11427
f 1949/11428 1958/11429 1950/11430
f 1950/11431 1958/11432 1959/11433
f 1950/11434 1959/11435 1951/11436
f 1951/11437 1959/11438 1960/11439
f 1951/11440 1960/11441 1952/11442
f 1952/11443 1960/11444 1953/11445
f 1952/11446 1953/11447 1945/11448
f 1953/11449 1961/11450 1962/11451
f 1953/11452 1962/11453 1954/11454
f 1954/11455 1962/11456 1963/11457
f 1954/11458 1963/11459 1955/11460
f 1955/11461 1963/11462 1964/11463
f 1955/11464 1964/11465 1956/11466
f 1956/11467 1964/11468 1965/11469
f 1956/11470 1965/11471 1957/11472
f 1957/11473 1965/11474 1966/11475
f 1957/11476 1966/11477 1958/11478
f 1958/11479 1966/11480 1967/11481
f 1958/11482 1967/11483 1959/11484
f 1959/11485 1967/11486 1968/11487
f 1959/11488 1968/11489 1960/11490
f 1960/11491 1968/11492 1961/11493
f 1960/11494 1961/11495 1953/11496
f 1961/11497 1969/11498 1970/11499
f 1961/11500 1970/11501 1962/11502
f 1962/11503 1970/11504 1971/11505
f 1962/11506 1971/11507 1963/11508
f 1963/11509 1971/11510 1972/11511
f 1963/11512 1972/11513 1964/11514
f 1964/11515 1972/11516 1973/11517
f 1964/11518 1973/11519 1965/11520
f 1965/11521 1973/11522 1974/11523
f 1965/11524 1974/11525 1966/11526
f 1966/11527 1974/11528 1975/11529
f 1966/11530 1975/11531 1967/11532
f 1967/11533 1975/11534 1976/11535
f 1967/11536 1976/11537 1968/11538
f 1968/11539 1976/11540 1969/11541
f 1968/11542 1969/11543 1961/11544
f 1969/11545 1977/11546 1978/11547
f 1969/11548 1978/11549 1970/11550
f 1970/11551 1978/11552 1979/11553
f 1970/11554 1979/11555 1971/11556
f 1971/11557 1979/11558 1980/11559
f 1971/11560 1980/11561 1972/11562
f 1972/11563 1980/11564 1981/11565
f 1972/11566 1981/11567 1973/11568
f 1973/11569 1981/11570 1982/11571
f 1973/11572 1982/11573 1974/11574
f 1974/11575 1982/11576 1983/11577
f 1974/11578 1983/11579 1975/11580
f 1975/11581 1983/11582 1984/11583
f 1975/11584 1984/11585 1976/11586
f 1976/11587 1984/11588 1977/11589
f 1976/11590 1977/11591 1969/11592
f 1977/11593 1985/11594 1986/11595
f 1977/11596 1986/11597 1978/11598
f 1978/11599 1986/11600 1987/11601
f 1978/11602 1987/11603 1979/11604
f 1979/11605 1987/11606 1988/11607
f 1979/11608 1988/11609 1980/11610
f 1980/11611 1988/11612 1989/11613
f 1980/11614 1989/11615 1981/11616
f 1981/11617 1989/11618 1990/11619
f 1981/11620 1990/11621 1982/11622
f 1982/11623 1990/11624 1991/11625
f 1982/11626 1991/11627 1983/11628
f 1983/11629 1991/11630 1992/11631
f 1983/11632 1992/11633 1984/11634
f 1984/11635 1992/11636 1985/11637
f 1984/11638 1985/11639 1977/11640
f 1985/11641 1993/11642 1994/11643
f 1985/11644 1994/11645 1986/11646
f 1986/11647 1994/11648 1995/11649
f 1986/11650 1995/11651 1987/11652
f 1987/11653 1995/11654 1996/11655
f 1987/11656 1996/11657 1988/11658
f 1988/11659 1996/11660 1997/11661
f 1988/11662 1997/11663 1989/11664
f 1989/11665 1997/11666 1998/11667
f 1989/11668 1998/11669 1990/11670
f 1990/11671 1998/11672 1999/11673
f 1990/11674 1999/11675 1991/11676
f 1991/11677 1999/11678 2000/11679
f 1991/11680 2000/11681 1992/11682
f 1992/11683 2000/11684 1993/11685
f 1992/11686 1993/11687 1985/11688
f 1993/11689 2001/11690 2002/11691
f 1993/11692 2002/11693 1994/11694
f 1994/11695 2002/11696 2003/11697
f 1994/11698 2003/11699 1995/11700
f 1995/11701 2003/11702 2004/11703
f 1995/11704 2004/11705 1996/11706
f 1996/11707 2004/11708 2005/11709
f 1996/11710 2005/11711 1997/11712
f 1997/11713 2005/11714 2006/11715
f 1997/11716 2006/11717 1998/11718
f 1998/11719 2006/11720 2007/11721
f 1998/11722 2007/11723 1999/11724
f 1999/11725 2007/11726 2008/11727
f 1999/11728 2008/11729 2000/11730
f 2000/11731 2008/11732 2001/11733
f 2000/11734 2001/11735 1993/11736
f 2001/11737 2009/11738 2010/11739
f 2001/11740 2010/11741 2002/11742
f 2002/11743 2010/11744 2011/11745
f 2002/11746 2011/11747 2003/11748
f 2003/11749 2011/11750 2012/11751
f 2003/11752 2012/11753 2004/11754
f 2004/11755 2012/11756 2013/11757
f 2004/11758 2013/11759 2005/11760
f 2005/11761 2013/11762 2014/11763
f 2005/11764 2014/11765 2006/11766
f 2006/11767 2014/11768 2015/11769
f 2006/11770 2015/11771 2007/11772
f 2007/11773 2015/11774 2016/11775
f 2007/11776 2016/11777 2008/11778
f 2008/11779 2016/11780 2009/11781
f 2008/11782 2009/11783 2001/11784
f 2009/11785 2017/11786 2018/11787
f 2009/11788 2018/11789 2010/11790
f 2010/11791 2018/11792 2019/11793
f 2010/11794 2019/11795 2011/11796
f 2011/11797 2019/11798 2020/11799
f 2011/11800 2020/11801 2012/11802
f 2012/11803 2020/11804 2021/11805
f 2012/11806 2021/11807 2013/11808
f 2013/11809 2021/11810 2022/11811
f 2013/11812 2022/11813 2014/11814
f 2014/11815 2022/11816 2023/11817
f 2014/11818 2023/11819 2015/11820
f 2015/11821 2023/11822 2024/11823
f 2015/11824 2024/11825 2016/11826
f 2016/11827 2024/11828 2017/11829
f 2016/11830 2017/11831 2009/11832
f 2017/11833 2025/11834 2026/11835
f 2017/11836 2026/11837 2018/11838
f 2018/11839 2026/11840 2027/11841
f 2018/11842 2027/11843 2019/11844
f 2019/11845 2027/11846 2028/11847
f 2019/11848 2028/11849 2020/11850
f 2020/11851 2028/11852 2029/11853
f 2020/11854 2029/11855 2021/11856
f 2021/11857 2029/11858 2030/11859
f 2021/11860 2030/11861 2022/11862
f 2022/11863 2030/11864 2031/11865
f 2022/11866 2031/11867 2023/11868
f 2023/11869 2031/11870 2032/11871
f 2023/11872 2032/11873 2024/11874
f 2024/11875 2032/11876 2025/11877
f 2024/11878 2025/11879 2017/11880
f 2025/11881 2033/11882 2034/11883
f 2025/11884 2034/11885 2026/11886
f 2026/11887 2034/11888 2035/11889
f 2026/11890 2035/11891 2027/11892
f 2027/11893 2035/11894 2036/11895
f 2027/11896 2036/11897 2028/11898
f 2028/11899 2036/11900 2037/11901
f 2028/11902 2037/11903 2029/11904
f 2029/11905 2037/11906 2038/11907
f 2029/11908 2038/11909 2030/11910
f 2030/11911 2038/11912 2039/11913
f 2030/11914 2039/11915 2031/11916
f 2031/11917 2039/11918 2040/11919
f 2031/11920 2040/11921 2032/11922
f 2032/11923 2040/11924 2033/11925
f 2032/11926 2033/11927 2025/11928
f 2033/11929 2041/11930 2042/11931
f 2033/11932 2042/11933 2034/11934
f 2034/11935 2042/11936 2043/11937
f 2034/11938 2043/11939 2035/11940
f 2035/11941 2043/11942 2044/11943
f 2035/11944 2044/11945 2036/11946
f 2036/11947 2044/11948 2045/11949
f 2036/11950 2045/11951 2037/11952
f 2037/11953 2045/11954 2046/11955
f 2037/11956 2046/11957 2038/11958
f 2038/11959 2046/11960 2047/11961
f 2038/11962 2047/11963 2039/11964
f 2039/11965 2047/11966 2048/11967
f 2039/11968 2048/11969 2040/11970
f 2040/11971 2048/11972 2041/11973
f 2040/11974 2041/11975 2033/11976
f 2041/11977 2049/11978 2050/11979
f 2041/11980 2050/11981 2042/11982
f 2042/11983 2050/11984 2051/11985
f 2042/11986 2051/11987 2043/11988
f 2043/11989 2051/11990 2052/11991
f 2043/11992 2052/11993 2044/11994
f 2044/11995 2052/11996 2053/11997
f 2044/11998 2053/11999 2045/12000
f 2045/12001 2053/12002 2054/12003
f 2045/12004 2054/12005 2046/12006
f 2046/12007 2054/12008 2055/12009
f 2046/12010 2055/12011 2047/12012
f 2047/12013 2055/12014 2056/12015
f 2047/12016 2056/12017 2048/12018
f 2048/12019 2056/12020 2049/12021
f 2048/12022 2049/12023 2041/12024
f 2049/12025 2057/12026 2058/12027
f 2049/12028 2058/12029 2050/12030
f 2050/12031 2058/12032 2059/12033
f 2050/12034 2059/12035 2051/12036
f 2051/12037 2059/12038 2060/12039
f 2051/12040 2060/12041 2052/12042
f 2052/12043 2060/12044 2061/12045
f 2052/12046 2061/12047 2053/12048
f 2053/12049 2061/12050 2062/12051
f 2053/12052 2062/12053 2054/12054
f 2054/12055 2062/12056 2063/12057
f 2054/12058 2063/12059 2055/12060
f 2055/12061 2063/12062 2064/12063
f 2055/12064 2064/12065 2056/12066
f 2056/12067 2064/12068 2057/12069
f 2056/12070 2057/12071 2049/12072
f 2057/12073 2065/12074 2066/12075
f 2057/12076 2066/12077 2058/12078
f 2058/12079 2066/12080 2067/12081
f 2058/12082 2067/12083 2059/12084
f 2059/12085 2067/12086 2068/12087
f 2059/12088 2068/12089 2060/12090
f 2060/12091 2068/12092 2069/12093
f 2060/12094 2069/12095 2061/12096
f 2061/12097 2069/12098 2070/12099
f 2061/12100 2070/12101 2062/12102
f 2062/12103 2070/12104 2071/12105
f 2062/12106 2071/12107 2063/12108
f 2063/12109 2071/12110 2072/12111
f 2063/12112 2072/12113 2064/12114
f 2064/12115 2072/12116 2065/12117
f 2064/12118 2065/12119 2057/12120
f 2065/12121 2073/12122 2074/12123
f 2065/12124 2074/12125 2066/12126
f 2066/12127 2074/12128 2075/12129
f 2066/12130 2075/12131 2067/12132
f 2067/12133 2075/12134 2076/12135
f 2067/12136 2076/12137 2068/12138
f 2068/12139 2076/12140 2077/12141
f 2068/12142 2077/12143 2069/12144
f 2069/12145 2077/12146 2078/12147
f 2069/12148 2078/12149 2070/12150
f 2070/12151 2078/12152 2079/12153
f 2070/12154 2079/12155 2071/12156
f 2071/12157 2079/12158 2080/12159
f 2071/12160 2080/12161 2072/12162
f 2072/12163 2080/12164 2073/12165
f 2072/12166 2073/12167 2065/12168
f 2073/12169 2081/12170 2082/12171
f 2073/12172 2082/12173 2074/12174
f 2074/12175 2082/12176 2083/12177
f 2074/12178 2083/12179 2075/12180
f 2075/12181 2083/12182 2084/12183
f 2075/12184 2084/12185 2076/12186
f 2076/12187 2084/12188 2085/12189
f 2076/12190 2085/12191 2077/12192
f 2077/12193 2085/12194 2086/12195
f 2077/12196 2086/12197 2078/12198
f 2078/12199 2086/12200 2087/12201
f 2078/12202 2087/12203 2079/12204
f 2079/12205 2087/12206 2088/12207
f 2079/12208 2088/12209 2080/12210
f 2080/12211 2088/12212 2081/12213
f 2080/12214 2081/12215 2073/12216
f 2081/12217 2089/12218 2090/12219
f 2081/12220 2090/12221 2082/12222
f 2082/12223 2090/12224 2091/12225
f 2082/12226 2091/12227 2083/12228
f 2083/12229 2091/12230 2092/12231
f 2083/12232 2092/12233 2084/12234
f 2084/12235 2092/12236 2093/12237
f 2084/12238 2093/12239 2085/12240
f 2085/12241 2093/12242 2094/12243
f 2085/12244 2094/12245 2086/12246
f 2086/12247 2094/12248 2095/12249
f 2086/12250 2095/12251 2087/12252
f 2087/12253 2095/12254 2096/12255
f 2087/12256 2096/12257 2088/12258
f 2088/12259 2096/12260 2089/12261
f 2088/12262 2089/12263 2081/12264
f 2089/12265 2097/12266 2098/12267
f 2089/12268 2098/12269 2090/12270
f 2090/12271 2098/12272 2099/12273
f 2090/12274 2099/12275 2091/12276
f 2091/12277 2099/12278 2100/12279
f 2091/12280 2100/12281 2092/12282
f 2092/12283 2100/12284 2101/12285
f 2092/12286 2101/12287 2093/12288
f 2093/12289 2101/12290 2102/12291
f 2093/12292 2102/12293 2094/12294
f 2094/12295 2102/12296 2103/12297
f 2094/12298 2103/12299 2095/12300
f 2095/12301 2103/12302 2104/12303
f 2095/12304 2104/12305 2096/12306
f 2096/12307 2104/12308 2097/12309
f 2096/12310 2097/12311 2089/12312
f 2097/12313 2105/12314 2106/12315
f 2097/12316 2106/12317 2098/12318
f 2098/12319 2106/12320 2107/12321
f 2098/12322 2107/12323 2099/12324
f 2099/12325 2107/12326 2108/12327
f 2099/12328 2108/12329 2100/12330
f 2100/12331 2108/12332 2109/12333
f 2100/12334 2109/12335 2101/12336
f 2101/12337 2109/12338 2110/12339
f 2101/12340 2110/12341 2102/12342
f 2102/12343 2110/12344 2111/12345
f 2102/12346 2111/12347 2103/12348
f 2103/12349 2111/12350 2112/12351
f 2103/12352 2112/12353 2104/12354
f 2104/12355 2112/12356 2105/12357
f 2104/12358 2105/12359 2097/12360
f 2105/12361 1793/12362 1794/12363
f 2105/12364 1794/12365 2106/12366
f 2106/12367 1794/12368 1795/12369
f 2106/12370 1795/12371 2107/12372
f 2107/12373 1795/12374 1796/12375
f 2107/12376 1796/12377 2108/12378
f 2108/12379 1796/12380 1797/12381
f 2108/12382 1797/12383 2109/12384
f 2109/12385 1797/12386 1798/12387
f 2109/12388 1798/12389 2110/12390
f 2110/12391 1798/12392 1799/12393
f 2110/12394 1799/12395 2111/12396
f 2111/12397 1799/12398 1800/12399
f 2111/12400 1800/12401 2112/12402
f 2112/12403 1800/12404 1793/12405
f 2112/12406 1793/12407 2105/12408
f 2113/12409 2115/12410 2116/12411
f 2113/12412 2116/12413 2114/12414
f 2115/12415 2117/12416 2118/12417
f 2115/12418 2118/12419 2116/12420
f 2117/12421 2119/12422 2120/12423
f 2117/12424 2120/12425 2118/12426
f 2119/12427 2121/12428 2122/12429
f 2119/12430 2122/12431 2120/12432
f 2121/12433 2123/12434 2124/12435
f 2121/12436 2124/12437 2122/12438
f 2123/12439 2125/12440 2126/12441
f 2123/12442 2126/12443 2124/12444
f 2125/12445 2127/12446 2128/12447
f 2125/12448 2128/12449 2126/12450
f 2127/12451 2129/12452 2130/12453
f 2127/12454 2130/12455 2128/12456
f 2129/12457 2131/12458 2132/12459
f 2129/12460 2132/12461 2130/12462
f 2131/12463 2133/12464 2134/12465
f 2131/12466 2134/12467 2132/12468
f 2133/12469 2135/12470 2136/12471
f 2133/12472 2136/12473 2134/12474
f 2135/12475 2137/12476 2138/12477
f 2135/12478 2138/12479 2136/12480
f 2137/12481 2139/12482 2140/12483
f 2137/12484 2140/12485 2138/12486
f 2139/12487 2141/12488 2142/12489
f 2139/12490 2142/12491 2140/12492
f 2141/12493 2143/12494 2144/12495
f 2141/12496 2144/12497 2142/12498
f 2143/12499 2145/12500 2146/12501
f 2143/12502 2146/12503 2144/12504
f 2145/12505 2147/12506 2148/12507
f 2145/12508 2148/12509 2146/12510
f 2147/12511 2149/12512 2150/12513
f 2147/12514 2150/12515 2148/12516
f 2149/12517 2151/12518 2152/12519
f 2149/12520 2152/12521 2150/12522
f 2151/12523 2153/12524 2154/12525
f 2151/12526 2154/12527 2152/12528
f 2153/12529 2155/12530 2156/12531
f 2153/12532 2156/12533 2154/12534
f 2155/12535 2157/12536 2158/12537
f 2155/12538 2158/12539 2156/12540
f 2157/12541 2159/12542 2160/12543
f 2157/12544 2160/12545 2158/12546
f 2159/12547 2161/12548 2162/12549
f 2159/12550 2162/12551 2160/12552
f 2161/12553 2163/12554 2164/12555
f 2161/12556 2164/12557 2162/12558
f 2163/12559 2165/12560 2166/12561
f 2163/12562 2166/12563 2164/12564
f 2165/12565 2167/12566 2168/12567
f 2165/12568 2168/12569 2166/12570
f 2167/12571 2169/12572 2170/12573
f 2167/12574 2170/12575 2168/12576
f 2169/12577 2171/12578 2172/12579
f 2169/12580 2172/12581 2170/12582
f 2171/12583 2173/12584 2174/12585
f 2171/12586 2174/12587 2172/12588
f 2173/12589 2175/12590 2176/12591
f 2173/12592 2176/12593 2174/12594
f 2175/12595 2177/12596 2178/12597
f 2175/12598 2178/12599 2176/12600
f 2177/12601 2179/12602 2180/12603
f 2177/12604 2180/12605 2178/12606
f 2179/12607 2181/12608 2182/12609
f 2179/12610 2182/12611 2180/12612
f 2181/12613 2183/12614 2184/12615
f 2181/12616 2184/12617 2182/12618
f 2183/12619 2185/12620 2186/12621
f 2183/12622 2186/12623 2184/12624
f 2185/12625 2187/12626 2188/12627
f 2185/12628 2188/12629 2186/12630
f 2187/12631 2189/12632 2190/12633
f 2187/12634 2190/12635 2188/12636
f 2189/12637 2191/12638 2192/12639
f 2189/12640 2192/12641 2190/12642
f 2191/12643 2113/12644 2114/12645
f 2191/12646 2114/12647 2192/12648
f 2193/12649 2115/12650 2113/12651
f 2194/12652 2114/12653 2116/12654
f 2193/12655 2117/12656 2115/12657
f 2194/12658 2116/12659 2118/12660
f 2193/12661 2119/12662 2117/12663
f 2194/12664 2118/12665 2120/12666
f 2193/12667 2121/12668 2119/12669
f 2194/12670 2120/12671 2122/12672
f 2193/12673 2123/12674 2121/12675
f 2194/12676 2122/12677 2124/12678
f 2193/12679 2125/12680 2123/12681
f 2194/12682 2124/12683 2126/12684
f 2193/12685 2127/12686 2125/12687
f 2194/12688 2126/12689 2128/12690
f 2193/12691 2129/12692 2127/12693
f 2194/12694 2128/12695 2130/12696
f 2193/12697 2131/12698 2129/12699
f 2194/12700 2130/12701 2132/12702
f 2193/12703 2133/12704 2131/12705
f 2194/12706 2132/12707 2134/12708
f 2193/12709 2135/12710 2133/12711
f 2194/12712 2134/12713 2136/12714
f 2193/12715 2137/12716 2135/12717
f 2194/12718 2136/12719 2138/12720
f 2193/12721 2139/12722 2137/12723
f 2194/12724 2138/12725 2140/12726
f 2193/12727 2141/12728 2139/12729
f 2194/12730 2140/12731 2142/12732
f 2193/12733 2143/12734 2141/12735
f 2194/12736 2142/12737 2144/12738
f 2193/12739 2145/12740 2143/12741
f 2194/12742 2144/12743 2146/12744
f 2193/12745 2147/12746 2145/12747
f 2194/12748 2146/12749 2148/12750
f 2193/12751 2149/12752 2147/12753
f 2194/12754 2148/12755 2150/12756
f 2193/12757 2151/12758 2149/12759
f 2194/12760 2150/12761 2152/12762
f 2193/12763 2153/12764 2151/12765
f 2194/12766 2152/12767 2154/12768
f 2193/12769 2155/12770 2153/12771
f 2194/12772 2154/12773 2156/12774
f 2193/12775 2157/12776 2155/12777
f 2194/12778 2156/12779 2158/12780
f 2193/12781 2159/12782 2157/12783
f 2194/12784 2158/12785 2160/12786
f 2193/12787 2161/12788 2159/12789
f 2194/12790 2160/12791 2162/12792
f 2193/12793 2163/12794 2161/12795
f 2194/12796 2162/12797 2164/12798
f 2193/12799 2165/12800 2163/12801
f 2194/12802 2164/12803 2166/12804
f 2193/12805 2167/12806 2165/12807
f 2194/12808 2166/12809 2168/12810
f 2193/12811 2169/12812 2167/12813
f 2194/12814 2168/12815 2170/12816
f 2193/12817 2171/12818 2169/12819
f 2194/12820 2170/12821 2172/12822
f 2193/12823 2173/12824 2171/12825
f 2194/12826 2172/12827 2174/12828
f 2193/12829 2175/12830 2173/12831
f 2194/12832 2174/12833 2176/12834
f 2193/12835 2177/12836 2175/12837
f 2194/12838 2176/12839 2178/12840
f 2193/12841 2179/12842 2177/12843
f 2194/12844 2178/12845 2180/12846
f 2193/12847 2181/12848 2179/12849
f 2194/12850 2180/12851 2182/12852
f 2193/12853 2183/12854 2181/12855
f 2194/12856 2182/12857 2184/12858
f 2193/12859 2185/12860 2183/12861
f 2194/12862 2184/12863 2186/12864
f 2193/12865 2187/12866 2185/12867
f 2194/12868 2186/12869 2188/12870
f 2193/12871 2189/12872 2187/12873
f 2194/12874 2188/12875 2190/12876
f 2193/12877 2191/12878 2189/12879
f 2194/12880 2190/12881 2192/12882
f 2193/12883 2113/12884 2191/12885
f 2194/12886 2192/12887 2114/12888
f 2547/12889 2196/12890 2195/12891
f 2515/12892 2516/12893 2548/12894
f 2547/12895 2197/12896 2196/12897
f 2516/12898 2517/12899 2548/12900
f 2547/12901 2198/12902 2197/12903
f 2517/12904 2518/12905 2548/12906
f 2547/12907 2199/12908 2198/12909
f 2518/12910 2519/12911 2548/12912
f 2547/12913 2200/12914 2199/12915
f 2519/12916 2520/12917 2548/12918
f 2547/12919 2201/12920 2200/12921
f 2520/12922 2521/12923 2548/12924
f 2547/12925 2202/12926 2201/12927
f 2521/12928 2522/12929 2548/12930
f 2547/12931 2203/12932 2202/12933
f 2522/12934 2523/12935 2548/12936
f 2547/12937 2204/12938 2203/12939
f 2523/12940 2524/12941 2548/12942
f 2547/12943 2205/12944 2204/12945
f 2524/12946 2525/12947 2548/12948
f 2547/12949 2206/12950 2205/12951
f 2525/12952 2526/12953 2548/12954
f 2547/12955 2207/12956 2206/12957
f 2526/12958 2527/12959 2548/12960
f 2547/12961 2208/12962 2207/12963
f 2527/12964 2528/12965 2548/12966
f 2547/12967 2209/12968 2208/12969
f 2528/12970 2529/12971 2548/12972
f 2547/12973 2210/12974 2209/12975
f 2529/12976 2530/12977 2548/12978
f 2547/12979 2211/12980 2210/12981
f 2530/12982 2531/12983 2548/12984
f 2547/12985 2212/12986 2211/12987
f 2531/12988 2532/12989 2548/12990
f 2547/12991 2213/12992 2212/12993
f 2532/12994 2533/12995 2548/12996
f 2547/12997 2214/12998 2213/12999
f 2533/13000 2534/13001 2548/13002
f 2547/13003 2215/13004 2214/13005
f 2534/13006 2535/13007 2548/13008
f 2547/13009 2216/13010 2215/13011
f 2535/13012 2536/13013 2548/13014
f 2547/13015 2217/13016 2216/13017
f 2536/13018 2537/13019 2548/13020
f 2547/13021 2218/13022 2217/13023
f 2537/13024 2538/13025 2548/13026
f 2547/13027 2219/13028 2218/13029
f 2538/13030 2539/13031 2548/13032
f 2547/13033 2220/13034 2219/13035
f 2539/13036 2540/13037 2548/13038
f 2547/13039 2221/13040 2220/13041
f 2540/13042 2541/13043 2548/13044
f 2547/13045 2222/13046 2221/13047
f 2541/13048 2542/13049 2548/13050
f 2547/13051 2223/13052 2222/13053
f 2542/13054 2543/13055 2548/13056
f 2547/13057 2224/13058 2223/13059
f 2543/13060 2544/13061 2548/13062
f 2547/13063 2225/13064 2224/13065
f 2544/13066 2545/13067 2548/13068
f 2547/13069 2226/13070 2225/13071
f 2545/13072 2546/13073 2548/13074
f 2547/13075 2195/13076 2226/13077
f 2546/13078 2515/13079 2548/13080
f 2195/13081 2196/13082 2228/13083
f 2195/13084 2228/13085 2227/13086
f 2196/13087 2197/13088 2229/13089
f 2196/13090 2229/13091 2228/13092
f 2197/13093 2198/13094 2230/13095
f 2197/13096 2230/13097 2229/13098
f 2198/13099 2199/13100 2231/13101
f 2198/13102 2231/13103 2230/13104
f 2199/13105 2200/13106 2232/13107
f 2199/13108 2232/13109 2231/13110
f 2200/13111 2201/13112 2233/13113
f 2200/13114 2233/13115 2232/13116
f 2201/13117 2202/13118 2234/13119
f 2201/13120 2234/13121 2233/13122
f 2202/13123 2203/13124 2235/13125
f 2202/13126 2235/13127 2234/13128
f 2203/13129 2204/13130 2236/13131
f 2203/13132 2236/13133 2235/13134
f 2204/13135 2205/13136 2237/13137
f 2204/13138 2237/13139 2236/13140
f 2205/13141 2206/13142 2238/13143
f 2205/13144 2238/13145 2237/13146
f 2206/13147 2207/13148 2239/13149
f 2206/13150 2239/13151 2238/13152
f 2207/13153 2208/13154 2240/13155
f 2207/13156 2240/13157 2239/13158
f 2208/13159 2209/13160 2241/13161
f 2208/13162 2241/13163 2240/13164
f 2209/13165 2210/13166 2242/13167
f 2209/13168 2242/13169 2241/13170
f 2210/13171 2211/13172 2243/13173
f 2210/13174 2243/13175 2242/13176
f 2211/13177 2212/13178 2244/13179
f 2211/13180 2244/13181 2243/13182
f 2212/13183 2213/13184 2245/13185
f 2212/13186 2245/13187 2244/13188
f 2213/13189 2214/13190 2246/13191
f 2213/13192 2246/13193 2245/13194
f 2214/13195 2215/13196 2247/13197
f 2214/13198 2247/13199 2246/13200
f 2215/13201 2216/13202 2248/13203
f 2215/13204 2248/13205 2247/13206
f 2216/13207 2217/13208 2249/13209
f 2216/13210 2249/13211 2248/13212
f 2217/13213 2218/13214 2250/13215
f 2217/13216 2250/13217 2249/13218
f 2218/13219 2219/13220 2251/13221
f 2218/13222 2251/13223 2250/13224
f 2219/13225 2220/13226 2252/13227
f 2219/13228 2252/13229 2251/13230
f 2220/13231 2221/13232 2253/13233
f 2220/13234 2253/13235 2252/13236
f 2221/13237 2222/13238 2254/13239
f 2221/13240 2254/13241 2253/13242
f 2222/13243 2223/13244 2255/13245
f 2222/13246 2255/13247 2254/13248
f 2223/13249 2224/13250 2256/13251
f 2223/13252 2256/13253 2255/13254
f 2224/13255 2225/13256 2257/13257
f 2224/13258 2257/13259 2256/13260
f 2225/13261 2226/13262 2258/13263
f 2225/13264 2258/13265 2257/13266
f 2226/13267 2195/13268 2227/13269
f 2226/13270 2227/13271 2258/13272
f 2227/13273 2228/13274 2260/13275
f 2227/13276 2260/13277 2259/13278
f 2228/13279 2229/13280 2261/13281
f 2228/13282 2261/13283 2260/13284
f 2229/13285 2230/13286 2262/13287
f 2229/13288 2262/13289 2261/13290
f 2230/13291 2231/13292 2263/13293
f 2230/13294 2263/13295 2262/13296
f 2231/13297 2232/13298 2264/13299
f 2231/13300 2264/13301 2263/13302
f 2232/13303 2233/13304 2265/13305
f 2232/13306 2265/13307 2264/13308
f 2233/13309 2234/13310 2266/13311
f 2233/13312 2266/13313 2265/13314
f 2234/13315 2235/13316 2267/13317
f 2234/13318 2267/13319 2266/13320
f 2235/13321 2236/13322 2268/13323
f 2235/13324 2268/13325 2267/13326
f 2236/13327 2237/13328 2269/13329
f 2236/13330 2269/13331 2268/13332
f 2237/13333 2238/13334 2270/13335
f 2237/13336 2270/13337 2269/13338
f 2238/13339 2239/13340 2271/13341
f 2238/13342 2271/13343 2270/13344
f 2239/13345 2240/13346 2272/13347
f 2239/13348 2272/13349 2271/13350
f 2240/13351 2241/13352 2273/13353
f 2240/13354 2273/13355 2272/13356
f 2241/13357 2242/13358 2274/13359
f 2241/13360 2274/13361 2273/13362
f 2242/13363 2243/13364 2275/13365
f 2242/13366 2275/13367 2274/13368
f 2243/13369 2244/13370 2276/13371
f 2243/13372 2276/13373 2275/13374
f 2244/13375 2245/13376 2277/13377
f 2244/13378 2277/13379 2276/13380
f 2245/13381 2246/13382 2278/13383
f 2245/13384 2278/13385 2277/13386
f 2246/13387 2247/13388 2279/13389
f 2246/13390 2279/13391 2278/13392
f 2247/13393 2248/13394 2280/13395
f 2247/13396 2280/13397 2279/13398
f 2248/13399 2249/13400 2281/13401
f 2248/13402 2281/13403 2280/13404
f 2249/13405 2250/13406 2282/13407
f 2249/13408 2282/13409 2281/13410
f 2250/13411 2251/13412 2283/13413
f 2250/13414 2283/13415 2282/13416
f 2251/13417 2252/13418 2284/13419
f 2251/13420 2284/13421 2283/13422
f 2252/13423 2253/13424 2285/13425
f 2252/13426 2285/13427 2284/13428
f 2253/13429 2254/13430 2286/13431
f 2253/13432 2286/13433 2285/13434
f 2254/13435 2255/13436 2287/13437
f 2254/13438 2287/13439 2286/13440
f 2255/13441 2256/13442 2288/13443
f 2255/13444 2288/13445 2287/13446
f 2256/13447 2257/13448 2289/13449
f 2256/13450 2289/13451 2288/13452
f 2257/13453 2258/13454 2290/13455
f 2257/13456 2290/13457 2289/13458
f 2258/13459 2227/13460 2259/13461
f 2258/13462 2259/13463 2290/13464
f 2259/13465 2260/13466 2292/13467
f 2259/13468 2292/13469 2291/13470
f 2260/13471 2261/13472 2293/13473
f 2260/13474 2293/13475 2292/13476
f 2261/13477 2262/13478 2294/13479
f 2261/13480 2294/13481 2293/13482
f 2262/13483 2263/13484 2295/13485
f 2262/13486 2295/13487 2294/13488
f 2263/13489 2264/13490 2296/13491
f 2263/13492 2296/13493 2295/13494
f 2264/13495 2265/13496 2297/13497
f 2264/13498 2297/13499 2296/13500
f 2265/13501 2266/13502 2298/13503
f 2265/13504 2298/13505 2297/13506
f 2266/13507 2267/13508 2299/13509
f 2266/13510 2299/13511 2298/13512
f 2267/13513 2268/13514 2300/13515
f 2267/13516 2300/13517 2299/13518
f 2268/13519 2269/13520 2301/13521
f 2268/13522 2301/13523 2300/13524
f 2269/13525 2270/13526 2302/13527
f 2269/13528 2302/13529 2301/13530
f 2270/13531 2271/13532 2303/13533
f 2270/13534 2303/13535 2302/13536
f 2271/13537 2272/13538 2304/13539
f 2271/13540 2304/13541 2303/13542
f 2272/13543 2273/13544 2305/13545
f 2272/13546 2305/13547 2304/13548
f 2273/13549 2274/13550 2306/13551
f 2273/13552 2306/13553 2305/13554
f 2274/13555 2275/13556 2307/13557
f 2274/13558 2307/13559 2306/13560
f 2275/13561 2276/13562 2308/13563
f 2275/13564 2308/13565 2307/13566
f 2276/13567 2277/13568 2309/13569
f 2276/13570 2309/13571 2308/13572
f 2277/13573 2278/13574 2310/13575
f 2277/13576 2310/13577 2309/13578
f 2278/13579 2279/13580 2311/13581
f 2278/13582 2311/13583 2310/13584
f 2279/13585 2280/13586 2312/13587
f 2279/13588 2312/13589 2311/13590
f 2280/13591 2281/13592 2313/13593
f 2280/13594 2313/13595 2312/13596
f 2281/13597 2282/13598 2314/13599
f 2281/13600 2314/13601 2313/13602
f 2282/13603 2283/13604 2315/13605
f 2282/13606 2315/13607 2314/13608
f 2283/13609 2284/13610 2316/13611
f 2283/13612 2316/13613 2315/13614
f 2284/13615 2285/13616 2317/13617
f 2284/13618 2317/13619 2316/13620
f 2285/13621 2286/13622 2318/13623
f 2285/13624 2318/13625 2317/13626
f 2286/13627 2287/13628 2319/13629
f 2286/13630 2319/13631 2318/13632
f 2287/13633 2288/13634 2320/13635
f 2287/13636 2320/13637 2319/13638
f 2288/13639 2289/13640 2321/13641
f 2288/13642 2321/13643 2320/13644
f 2289/13645 2290/13646 2322/13647
f 2289/13648 2322/13649 2321/13650
f 2290/13651 2259/13652 2291/13653
f 2290/13654 2291/13655 2322/13656
f 2291/13657 2292/13658 2324/13659
f 2291/13660 2324/13661 2323/13662
f 2292/13663 2293/13664 2325/13665
f 2292/13666 2325/13667 2324/13668
f 2293/13669 2294/13670 2326/13671
f 2293/13672 2326/13673 2325/13674
f 2294/13675 2295/13676 2327/13677
f 2294/13678 2327/13679 2326/13680
f 2295/13681 2296/13682 2328/13683
f 2295/13684 2328/13685 2327/13686
f 2296/13687 2297/13688 2329/13689
f 2296/13690 2329/13691 2328/13692
f 2297/13693 2298/13694 2330/13695
f 2297/13696 2330/13697 2329/13698
f 2298/13699 2299/13700 2331/13701
f 2298/13702 2331/13703 2330/13704
f 2299/13705 2300/13706 2332/13707
f 2299/13708 2332/13709 2331/13710
f 2300/13711 2301/13712 2333/13713
f 2300/13714 2333/13715 2332/13716
f 2301/13717 2302/13718 2334/13719
f 2301/13720 2334/13721 2333/13722
f 2302/13723 2303/13724 2335/13725
f 2302/13726 2335/13727 2334/13728
f 2303/13729 2304/13730 2336/13731
f 2303/13732 2336/13733 2335/13734
f 2304/13735 2305/13736 2337/13737
f 2304/13738 2337/13739 2336/13740
f 2305/13741 2306/13742 2338/13743
f 2305/13744 2338/13745 2337/13746
f 2306/13747 2307/13748 2339/13749
f 2306/13750 2339/13751 2338/13752
f 2307/13753 2308/13754 2340/13755
f 2307/13756 2340/13757 2339/13758
f 2308/13759 2309/13760 2341/13761
f 2308/13762 2341/13763 2340/13764
f 2309/13765 2310/13766 2342/13767
f 2309/13768 2342/13769 2341/13770
f 2310/13771 2311/13772 2343/13773
f 2310/13774 2343/13775 2342/13776
f 2311/13777 2312/13778 2344/13779
f 2311/13780 2344/13781 2343/13782
f 2312/13783 2313/13784 2345/13785
f 2312/13786 2345/13787 2344/13788
f 2313/13789 2314/13790 2346/13791
f 2313/13792 2346/13793 2345/13794
f 2314/13795 2315/13796 2347/13797
f 2314/13798 2347/13799 2346/13800
f 2315/13801 2316/13802 2348/13803
f 2315/13804 2348/13805 2347/13806
f 2316/13807 2317/13808 2349/13809
f 2316/13810 2349/13811 2348/13812
f 2317/13813 2318/13814 2350/13815
f 2317/13816 2350/13817 2349/13818
f 2318/13819 2319/13820 2351/13821
f 2318/13822 2351/13823 2350/13824
f 2319/13825 2320/13826 2352/13827
f 2319/13828 2352/13829 2351/13830
f 2320/13831 2321/13832 2353/13833
f 2320/13834 2353/13835 2352/13836
f 2321/13837 2322/13838 2354/13839
f 2321/13840 2354/13841 2353/13842
f 2322/13843 2291/13844 2323/13845
f 2322/13846 2323/13847 2354/13848
f 2323/13849 2324/13850 2356/13851
f 2323/13852 2356/13853 2355/13854
f 2324/13855 2325/13856 2357/13857
f 2324/13858 2357/13859 2356/13860
f 2325/13861 2326/13862 2358/13863
f 2325/13864 2358/13865 2357/13866
f 2326/13867 2327/13868 2359/13869
f 2326/13870 2359/13871 2358/13872
f 2327/13873 2328/13874 2360/13875
f 2327/13876 2360/13877 2359/13878
f 2328/13879 2329/13880 2361/13881
f 2328/13882 2361/13883 2360/13884
f 2329/13885 2330/13886 2362/13887
f 2329/13888 2362/13889 2361/13890
f 2330/13891 2331/13892 2363/13893
f 2330/13894 2363/13895 2362/13896
f 2331/13897 2332/13898 2364/13899
f 2331/13900 2364/13901 2363/13902
f 2332/13903 2333/13904 2365/13905
f 2332/13906 2365/13907 2364/13908
f 2333/13909 2334/13910 2366/13911
f 2333/13912 2366/13913 2365/13914
f 2334/13915 2335/13916 2367/13917
f 2334/13918 2367/13919 2366/13920
f 2335/13921 2336/13922 2368/13923
f 2335/13924 2368/13925 2367/13926
f 2336/13927 2337/13928 2369/13929
f 2336/13930 2369/13931 2368/13932
f 2337/13933 2338/13934 2370/13935
f 2337/13936 2370/13937 2369/13938
f 2338/13939 2339/13940 2371/13941
f 2338/13942 2371/13943 2370/13944
f 2339/13945 2340/13946 2372/13947
f 2339/13948 2372/13949 2371/13950
f 2340/13951 2341/13952 2373/13953
f 2340/13954 2373/13955 2372/13956
f 2341/13957 2342/13958 2374/13959
f 2341/13960 2374/13961 2373/13962
f 2342/13963 2343/13964 2375/13965
f 2342/13966 2375/13967 2374/13968
f 2343/13969 2344/13970 2376/13971
f 2343/13972 2376/13973 2375/13974
f 2344/13975 2345/13976 2377/13977
f 2344/13978 2377/13979 2376/13980
f 2345/13981 2346/13982 2378/13983
f 2345/13984 2378/13985 2377/13986
f 2346/13987 2347/13988 2379/13989
f 2346/13990 2379/13991 2378/13992
f 2347/13993 2348/13994 2380/13995
f 2347/13996 2380/13997 2379/13998
f 2348/13999 2349/14000 2381/14001
f 2348/14002 2381/14003 2380/14004
f 2349/14005 2350/14006 2382/14007
f 2349/14008 2382/14009 2381/14010
f 2350/14011 2351/14012 2383/14013
f 2350/14014 2383/14015 2382/14016
f 2351/14017 2352/14018 2384/14019
f 2351/14020 2384/14021 2383/14022
f 2352/14023 2353/14024 2385/14025
f 2352/14026 2385/14027 2384/14028
f 2353/14029 2354/14030 2386/14031
f 2353/14032 2386/14033 2385/14034
f 2354/14035 2323/14036 2355/14037
f 2354/14038 2355/14039 2386/14040
f 2355/14041 2356/14042 2388/14043
f 2355/14044 2388/14045 2387/14046
f 2356/14047 2357/14048 2389/14049
f 2356/14050 2389/14051 2388/14052
f 2357/14053 2358/14054 2390/14055
f 2357/14056 2390/14057 2389/14058
f 2358/14059 2359/14060 2391/14061
f 2358/14062 2391/14063 2390/14064
f 2359/14065 2360/14066 2392/14067
f 2359/14068 2392/14069 2391/14070
f 2360/14071 2361/14072 2393/14073
f 2360/14074 2393/14075 2392/14076
f 2361/14077 2362/14078 2394/14079
f 2361/14080 2394/14081 2393/14082
f 2362/14083 2363/14084 2395/14085
f 2362/14086 2395/14087 2394/14088
f 2363/14089 2364/14090 2396/14091
f 2363/14092 2396/14093 2395/14094
f 2364/14095 2365/14096 2397/14097
f 2364/14098 2397/14099 2396/14100
f 2365/14101 2366/14102 2398/14103
f 2365/14104 2398/14105 2397/14106
f 2366/14107 2367/14108 2399/14109
f 2366/14110 2399/14111 2398/14112
f 2367/14113 2368/14114 2400/14115
f 2367/14116 2400/14117 2399/14118
f 2368/14119 2369/14120 2401/14121
f 2368/14122 2401/14123 2400/14124
f 2369/14125 2370/14126 2402/14127
f 2369/14128 2402/14129 2401/14130
f 2370/14131 2371/14132 2403/14133
f 2370/14134 2403/14135 2402/14136
f 2371/14137 2372/14138 2404/14139
f 2371/14140 2404/14141 2403/14142
f 2372/14143 2373/14144 2405/14145
f 2372/14146 2405/14147 2404/14148
f 2373/14149 2374/14150 2406/14151
f 2373/14152 2406/14153 2405/14154
f 2374/14155 2375/14156 2407/14157
f 2374/14158 2407/14159 2406/14160
f 2375/14161 2376/14162 2408/14163
f 2375/14164 2408/14165 2407/14166
f 2376/14167 2377/14168 2409/14169
f 2376/14170 2409/14171 2408/14172
f 2377/14173 2378/14174 2410/14175
f 2377/14176 2410/14177 2409/14178
f 2378/14179 2379/14180 2411/14181
f 2378/14182 2411/14183 2410/14184
f 2379/14185 2380/14186 2412/14187
f 2379/14188 2412/14189 2411/14190
f 2380/14191 2381/14192 2413/14193
f 2380/14194 2413/14195 2412/14196
f 2381/14197 2382/14198 2414/14199
f 2381/14200 2414/14201 2413/14202
f 2382/14203 2383/14204 2415/14205
f 2382/14206 2415/14207 2414/14208
f 2383/14209 2384/14210 2416/14211
f 2383/14212 2416/14213 2415/14214
f 2384/14215 2385/14216 2417/14217
f 2384/14218 2417/14219 2416/14220
f 2385/14221 2386/14222 2418/14223
f 2385/14224 2418/14225 2417/14226
f 2386/14227 2355/14228 2387/14229
f 2386/14230 2387/14231 2418/14232
f 2387/14233 2388/14234 2420/14235
f 2387/14236 2420/14237 2419/14238
f 2388/14239 2389/14240 2421/14241
f 2388/14242 2421/14243 2420/14244
f 2389/14245 2390/14246 2422/14247
f 2389/14248 2422/14249 2421/14250
f 2390/14251 2391/14252 2423/14253
f 2390/14254 2423/14255 2422/14256
f 2391/14257 2392/14258 2424/14259
f 2391/14260 2424/14261 2423/14262
f 2392/14263 2393/14264 2425/14265
f 2392/14266 2425/14267 2424/14268
f 2393/14269 2394/14270 2426/14271
f 2393/14272 2426/14273 2425/14274
f 2394/14275 2395/14276 2427/14277
f 2394/14278 2427/14279 2426/14280
f 2395/14281 2396/14282 2428/14283
f 2395/14284 2428/14285 2427/14286
f 2396/14287 2397/14288 2429/14289
f 2396/14290 2429/14291 2428/14292
f 2397/14293 2398/14294 2430/14295
f 2397/14296 2430/14297 2429/14298
f 2398/14299 2399/14300 2431/14301
f 2398/14302 2431/14303 2430/14304
f 2399/14305 2400/14306 2432/14307
f 2399/14308 2432/14309 2431/14310
f 2400/14311 2401/14312 2433/14313
f 2400/14314 2433/14315 2432/14316
f 2401/14317 2402/14318 2434/14319
f 2401/14320 2434/14321 2433/14322
f 2402/14323 2403/14324 2435/14325
f 2402/14326 2435/14327 2434/14328
f 2403/14329 2404/14330 2436/14331
f 2403/14332 2436/14333 2435/14334
f 2404/14335 2405/14336 2437/14337
f 2404/14338 2437/14339 2436/14340
f 2405/14341 2406/14342 2438/14343
f 2405/14344 2438/14345 2437/14346
f 2406/14347 2407/14348 2439/14349
f 2406/14350 2439/14351 2438/14352
f 2407/14353 2408/14354 2440/14355
f 2407/14356 2440/14357 2439/14358
f 2408/14359 2409/14360 2441/14361
f 2408/14362 2441/14363 2440/14364
f 2409/14365 2410/14366 2442/14367
f 2409/14368 2442/14369 2441/14370
f 2410/14371 2411/14372 2443/14373
f 2410/14374 2443/14375 2442/14376
f 2411/14377 2412/14378 2444/14379
f 2411/14380 2444/14381 2443/14382
f 2412/14383 2413/14384 2445/14385
f 2412/14386 2445/14387 2444/14388
f 2413/14389 2414/14390 2446/14391
f 2413/14392 2446/14393 2445/14394
f 2414/14395 2415/14396 2447/14397
f 2414/14398 2447/14399 2446/14400
f 2415/14401 2416/14402 2448/14403
f 2415/14404 2448/14405 2447/14406
f 2416/14407 2417/14408 2449/14409
f 2416/14410 2449/14411 2448/14412
f 2417/14413 2418/14414 2450/14415
f 2417/14416 2450/14417 2449/14418
f 2418/14419 2387/14420 2419/14421
f 2418/14422 2419/14423 2450/14424
f 2419/14425 2420/14426 2452/14427
f 2419/14428 2452/14429 2451/14430
f 2420/14431 2421/14432 2453/14433
f 2420/14434 2453/14435 2452/14436
f 2421/14437 2422/14438 2454/14439
f 2421/14440 2454/14441 2453/14442
f 2422/14443 2423/14444 2455/14445
f 2422/14446 2455/14447 2454/14448
f 2423/14449 2424/14450 2456/14451
f 2423/14452 2456/14453 2455/14454
f 2424/14455 2425/14456 2457/14457
f 2424/14458 2457/14459 2456/14460
f 2425/14461 2426/14462 2458/14463
f 2425/14464 2458/14465 2457/14466
f 2426/14467 2427/14468 2459/14469
f 2426/14470 2459/14471 2458/14472
f 2427/14473 2428/14474 2460/14475
f 2427/14476 2460/14477 2459/14478
f 2428/14479 2429/14480 2461/14481
f 2428/14482 2461/14483 2460/14484
f 2429/14485 2430/14486 2462/14487
f 2429/14488 2462/14489 2461/14490
f 2430/14491 2431/14492 2463/14493
f 2430/14494 2463/14495 2462/14496
f 2431/14497 2432/14498 2464/14499
f 2431/14500 2464/14501 2463/14502
f 2432/14503 2433/14504 2465/14505
f 2432/14506 2465/14507 2464/14508
f 2433/14509 2434/14510 2466/14511
f 2433/14512 2466/14513 2465/14514
f 2434/14515 2435/14516 2467/14517
f 2434/14518 2467/14519 2466/14520
f 2435/14521 2436/14522 2468/14523
f 2435/14524 2468/14525 2467/14526
f 2436/14527 2437/14528 2469/14529
f 2436/14530 2469/14531 2468/14532
f 2437/14533 2438/14534 2470/14535
f 2437/14536 2470/14537 2469/14538
f 2438/14539 2439/14540 2471/14541
f 2438/14542 2471/14543 2470/14544
f 2439/14545 2440/14546 2472/14547
f 2439/14548 2472/14549 2471/14550
f 2440/14551 2441/14552 2473/14553
f 2440/14554 2473/14555 2472/14556
f 2441/14557 2442/14558 2474/14559
f 2441/14560 2474/14561 2473/14562
f 2442/14563 2443/14564 2475/14565
f 2442/14566 2475/14567 2474/14568
f 2443/14569 2444/14570 2476/14571
f 2443/14572 2476/14573 2475/14574
f 2444/14575 2445/14576 2477/14577
f 2444/14578 2477/14579 2476/14580
f 2445/14581 2446/14582 2478/14583
f 2445/14584 2478/14585 2477/14586
f 2446/14587 2447/14588 2479/14589
f 2446/14590 2479/14591 2478/14592
f 2447/14593 2448/14594 2480/14595
f 2447/14596 2480/14597 2479/14598
f 2448/14599 2449/14600 2481/14601
f 2448/14602 2481/14603 2480/14604
f 2449/14605 2450/14606 2482/14607
f 2449/14608 2482/14609 2481/14610
f 2450/14611 2419/14612 2451/14613
f 2450/14614 2451/14615 2482/14616
f 2451/14617 2452/14618 2484/14619
f 2451/14620 2484/14621 2483/14622
f 2452/14623 2453/14624 2485/14625
f 2452/14626 2485/14627 2484/14628
f 2453/14629 2454/14630 2486/14631
f 2453/14632 2486/14633 2485/14634
f 2454/14635 2455/14636 2487/14637
f 2454/14638 2487/14639 2486/14640
f 2455/14641 2456/14642 2488/14643
f 2455/14644 2488/14645 2487/14646
f 2456/14647 2457/14648 2489/14649
f 2456/14650 2489/14651 2488/14652
f 2457/14653 2458/14654 2490/14655
f 2457/14656 2490/14657 2489/14658
f 2458/14659 2459/14660 2491/14661
f 2458/14662 2491/14663 2490/14664
f 2459/14665 2460/14666 2492/14667
f 2459/14668 2492/14669 2491/14670
f 2460/14671 2461/14672 2493/14673
f 2460/14674 2493/14675 2492/14676
f 2461/14677 2462/14678 2494/14679
f 2461/14680 2494/14681 2493/14682
f 2462/14683 2463/14684 2495/14685
f 2462/14686 2495/14687 2494/14688
f 2463/14689 2464/14690 2496/14691
f 2463/14692 2496/14693 2495/14694
f 2464/14695 2465/14696 2497/14697
f 2464/14698 2497/14699 2496/14700
f 2465/14701 2466/14702 2498/14703
f 2465/14704 2498/14705 2497/14706
f 2466/14707 2467/14708 2499/14709
f 2466/14710 2499/14711 2498/14712
f 2467/14713 2468/14714 2500/14715
f 2467/14716 2500/14717 2499/14718
f 2468/14719 2469/14720 2501/14721
f 2468/14722 2501/14723 2500/14724
f 2469/14725 2470/14726 2502/14727
f 2469/14728 2502/14729 2501/14730
f 2470/14731 2471/14732 2503/14733
f 2470/14734 2503/14735 2502/14736
f 2471/14737 2472/14738 2504/14739
f 2471/14740 2504/14741 2503/14742
f 2472/14743 2473/14744 2505/14745
f 2472/14746 2505/14747 2504/14748
f 2473/14749 2474/14750 2506/14751
f 2473/14752 2506/14753 2505/14754
f 2474/14755 2475/14756 2507/14757
f 2474/14758 2507/14759 2506/14760
f 2475/14761 2476/14762 2508/14763
f 2475/14764 2508/14765 2507/14766
f 2476/14767 2477/14768 2509/14769
f 2476/14770 2509/14771 2508/14772
f 2477/14773 2478/14774 2510/14775
f 2477/14776 2510/14777 2509/14778
f 2478/14779 2479/14780 2511/14781
f 2478/14782 2511/14783 2510/14784
f 2479/14785 2480/14786 2512/14787
f 2479/14788 2512/14789 2511/14790
f 2480/14791 2481/14792 2513/14793
f 2480/14794 2513/14795 2512/14796
f 2481/14797 2482/14798 2514/14799
f 2481/14800 2514/14801 2513/14802
f 2482/14803 2451/14804 2483/14805
f 2482/14806 2483/14807 2514/14808
f 2483/14809 2484/14810 2516/14811
f 2483/14812 2516/14813 2515/14814
f 2484/14815 2485/14816 2517/14817
f 2484/14818 2517/14819 2516/14820
f 2485/14821 2486/14822 2518/14823
f 2485/14824 2518/14825 2517/14826
f 2486/14827 2487/14828 2519/14829
f 2486/14830 2519/14831 2518/14832
f 2487/14833 2488/14834 2520/14835
f 2487/14836 2520/14837 2519/14838
f 2488/14839 2489/14840 2521/14841
f 2488/14842 2521/14843 2520/14844
f 2489/14845 2490/14846 2522/14847
f 2489/14848 2522/14849 2521/14850
f 2490/14851 2491/14852 2523/14853
f 2490/14854 2523/14855 2522/14856
f 2491/14857 2492/14858 2524/14859
f 2491/14860 2524/14861 2523/14862
f 2492/14863 2493/14864 2525/14865
f 2492/14866 2525/14867 2524/14868
f 2493/14869 2494/14870 2526/14871
f 2493/14872 2526/14873 2525/14874
f 2494/14875 2495/14876 2527/14877
f 2494/14878 2527/14879 2526/14880
f 2495/14881 2496/14882 2528/14883
f 2495/14884 2528/14885 2527/14886
f 2496/14887 2497/14888 2529/14889
f 2496/14890 2529/14891 2528/14892
f 2497/14893 2498/14894 2530/14895
f 2497/14896 2530/14897 2529/14898
f 2498/14899 2499/14900 2531/14901
f 2498/14902 2531/14903 2530/14904
f 2499/14905 2500/14906 2532/14907
f 2499/14908 2532/14909 2531/14910
f 2500/14911 2501/14912 2533/14913
f 2500/14914 2533/14915 2532/14916
f 2501/14917 2502/14918 2534/14919
f 2501/14920 2534/14921 2533/14922
f 2502/14923 2503/14924 2535/14925
f 2502/14926 2535/14927 2534/14928
f 2503/14929 2504/14930 2536/14931
f 2503/14932 2536/14933 2535/14934
f 2504/14935 2505/14936 2537/14937
f 2504/14938 2537/14939 2536/14940
f 2505/14941 2506/14942 2538/14943
f 2505/14944 2538/14945 2537/14946
f 2506/14947 2507/14948 2539/14949
f 2506/14950 2539/14951 2538/14952
f 2507/14953 2508/14954 2540/14955
f 2507/14956 2540/14957 2539/14958
f 2508/14959 2509/14960 2541/14961
f 2508/14962 2541/14963 2540/14964
f 2509/14965 2510/14966 2542/14967
f 2509/14968 2542/14969 2541/14970
f 2510/14971 2511/14972 2543/14973
f 2510/14974 2543/14975 2542/14976
f 2511/14977 2512/14978 2544/14979
f 2511/14980 2544/14981 2543/14982
f 2512/14983 2513/14984 2545/14985
f 2512/14986 2545/14987 2544/14988
f 2513/14989 2514/14990 2546/14991
f 2513/14992 2546/14993 2545/14994
f 2514/14995 2483/14996 2515/14997
f 2514/14998 2515/14999 2546/15000
