# Generated by Scripts/LaserGimmicks/generate_laser_gimmick_meshes.py
mtllib SM_LaserRedirectorCube.mtl
o SM_LaserRedirectorCube
g SM_LaserRedirectorCube
v -42.000000 -42.000000 -42.000000
v 42.000000 -42.000000 -42.000000
v 42.000000 42.000000 -42.000000
v -42.000000 42.000000 -42.000000
v -42.000000 -42.000000 42.000000
v 42.000000 -42.000000 42.000000
v 42.000000 42.000000 42.000000
v -42.000000 42.000000 42.000000
v -46.000000 -47.500000 -47.500000
v 46.000000 -47.500000 -47.500000
v 46.000000 -40.500000 -47.500000
v -46.000000 -40.500000 -47.500000
v -46.000000 -47.500000 -40.500000
v 46.000000 -47.500000 -40.500000
v 46.000000 -40.500000 -40.500000
v -46.000000 -40.500000 -40.500000
v -46.000000 -47.500000 40.500000
v 46.000000 -47.500000 40.500000
v 46.000000 -40.500000 40.500000
v -46.000000 -40.500000 40.500000
v -46.000000 -47.500000 47.500000
v 46.000000 -47.500000 47.500000
v 46.000000 -40.500000 47.500000
v -46.000000 -40.500000 47.500000
v -46.000000 40.500000 -47.500000
v 46.000000 40.500000 -47.500000
v 46.000000 47.500000 -47.500000
v -46.000000 47.500000 -47.500000
v -46.000000 40.500000 -40.500000
v 46.000000 40.500000 -40.500000
v 46.000000 47.500000 -40.500000
v -46.000000 47.500000 -40.500000
v -46.000000 40.500000 40.500000
v 46.000000 40.500000 40.500000
v 46.000000 47.500000 40.500000
v -46.000000 47.500000 40.500000
v -46.000000 40.500000 47.500000
v 46.000000 40.500000 47.500000
v 46.000000 47.500000 47.500000
v -46.000000 47.500000 47.500000
v -47.500000 -46.000000 -47.500000
v -40.500000 -46.000000 -47.500000
v -40.500000 46.000000 -47.500000
v -47.500000 46.000000 -47.500000
v -47.500000 -46.000000 -40.500000
v -40.500000 -46.000000 -40.500000
v -40.500000 46.000000 -40.500000
v -47.500000 46.000000 -40.500000
v -47.500000 -46.000000 40.500000
v -40.500000 -46.000000 40.500000
v -40.500000 46.000000 40.500000
v -47.500000 46.000000 40.500000
v -47.500000 -46.000000 47.500000
v -40.500000 -46.000000 47.500000
v -40.500000 46.000000 47.500000
v -47.500000 46.000000 47.500000
v 40.500000 -46.000000 -47.500000
v 47.500000 -46.000000 -47.500000
v 47.500000 46.000000 -47.500000
v 40.500000 46.000000 -47.500000
v 40.500000 -46.000000 -40.500000
v 47.500000 -46.000000 -40.500000
v 47.500000 46.000000 -40.500000
v 40.500000 46.000000 -40.500000
v 40.500000 -46.000000 40.500000
v 47.500000 -46.000000 40.500000
v 47.500000 46.000000 40.500000
v 40.500000 46.000000 40.500000
v 40.500000 -46.000000 47.500000
v 47.500000 -46.000000 47.500000
v 47.500000 46.000000 47.500000
v 40.500000 46.000000 47.500000
v -47.500000 -47.500000 -46.000000
v -40.500000 -47.500000 -46.000000
v -40.500000 -40.500000 -46.000000
v -47.500000 -40.500000 -46.000000
v -47.500000 -47.500000 46.000000
v -40.500000 -47.500000 46.000000
v -40.500000 -40.500000 46.000000
v -47.500000 -40.500000 46.000000
v -47.500000 40.500000 -46.000000
v -40.500000 40.500000 -46.000000
v -40.500000 47.500000 -46.000000
v -47.500000 47.500000 -46.000000
v -47.500000 40.500000 46.000000
v -40.500000 40.500000 46.000000
v -40.500000 47.500000 46.000000
v -47.500000 47.500000 46.000000
v 40.500000 -47.500000 -46.000000
v 47.500000 -47.500000 -46.000000
v 47.500000 -40.500000 -46.000000
v 40.500000 -40.500000 -46.000000
v 40.500000 -47.500000 46.000000
v 47.500000 -47.500000 46.000000
v 47.500000 -40.500000 46.000000
v 40.500000 -40.500000 46.000000
v 40.500000 40.500000 -46.000000
v 47.500000 40.500000 -46.000000
v 47.500000 47.500000 -46.000000
v 40.500000 47.500000 -46.000000
v 40.500000 40.500000 46.000000
v 47.500000 40.500000 46.000000
v 47.500000 47.500000 46.000000
v 40.500000 47.500000 46.000000
v 44.500000 -42.500000 -42.500000
v 49.500000 -42.500000 -42.500000
v 49.500000 -17.500000 -42.500000
v 44.500000 -17.500000 -42.500000
v 44.500000 -42.500000 -17.500000
v 49.500000 -42.500000 -17.500000
v 49.500000 -17.500000 -17.500000
v 44.500000 -17.500000 -17.500000
v 44.500000 -42.500000 17.500000
v 49.500000 -42.500000 17.500000
v 49.500000 -17.500000 17.500000
v 44.500000 -17.500000 17.500000
v 44.500000 -42.500000 42.500000
v 49.500000 -42.500000 42.500000
v 49.500000 -17.500000 42.500000
v 44.500000 -17.500000 42.500000
v 44.500000 17.500000 -42.500000
v 49.500000 17.500000 -42.500000
v 49.500000 42.500000 -42.500000
v 44.500000 42.500000 -42.500000
v 44.500000 17.500000 -17.500000
v 49.500000 17.500000 -17.500000
v 49.500000 42.500000 -17.500000
v 44.500000 42.500000 -17.500000
v 44.500000 17.500000 17.500000
v 49.500000 17.500000 17.500000
v 49.500000 42.500000 17.500000
v 44.500000 42.500000 17.500000
v 44.500000 17.500000 42.500000
v 49.500000 17.500000 42.500000
v 49.500000 42.500000 42.500000
v 44.500000 42.500000 42.500000
v 44.000000 23.000000 0.000000
v 53.000000 20.000000 0.000000
v 44.000000 22.558061 4.487077
v 53.000000 19.615706 3.901806
v 44.000000 21.249229 8.801719
v 53.000000 18.477591 7.653669
v 44.000000 19.123801 12.778115
v 53.000000 16.629392 11.111405
v 44.000000 16.263456 16.263456
v 53.000000 14.142136 14.142136
v 44.000000 12.778115 19.123801
v 53.000000 11.111405 16.629392
v 44.000000 8.801719 21.249229
v 53.000000 7.653669 18.477591
v 44.000000 4.487077 22.558061
v 53.000000 3.901806 19.615706
v 44.000000 0.000000 23.000000
v 53.000000 0.000000 20.000000
v 44.000000 -4.487077 22.558061
v 53.000000 -3.901806 19.615706
v 44.000000 -8.801719 21.249229
v 53.000000 -7.653669 18.477591
v 44.000000 -12.778115 19.123801
v 53.000000 -11.111405 16.629392
v 44.000000 -16.263456 16.263456
v 53.000000 -14.142136 14.142136
v 44.000000 -19.123801 12.778115
v 53.000000 -16.629392 11.111405
v 44.000000 -21.249229 8.801719
v 53.000000 -18.477591 7.653669
v 44.000000 -22.558061 4.487077
v 53.000000 -19.615706 3.901806
v 44.000000 -23.000000 0.000000
v 53.000000 -20.000000 0.000000
v 44.000000 -22.558061 -4.487077
v 53.000000 -19.615706 -3.901806
v 44.000000 -21.249229 -8.801719
v 53.000000 -18.477591 -7.653669
v 44.000000 -19.123801 -12.778115
v 53.000000 -16.629392 -11.111405
v 44.000000 -16.263456 -16.263456
v 53.000000 -14.142136 -14.142136
v 44.000000 -12.778115 -19.123801
v 53.000000 -11.111405 -16.629392
v 44.000000 -8.801719 -21.249229
v 53.000000 -7.653669 -18.477591
v 44.000000 -4.487077 -22.558061
v 53.000000 -3.901806 -19.615706
v 44.000000 -0.000000 -23.000000
v 53.000000 -0.000000 -20.000000
v 44.000000 4.487077 -22.558061
v 53.000000 3.901806 -19.615706
v 44.000000 8.801719 -21.249229
v 53.000000 7.653669 -18.477591
v 44.000000 12.778115 -19.123801
v 53.000000 11.111405 -16.629392
v 44.000000 16.263456 -16.263456
v 53.000000 14.142136 -14.142136
v 44.000000 19.123801 -12.778115
v 53.000000 16.629392 -11.111405
v 44.000000 21.249229 -8.801719
v 53.000000 18.477591 -7.653669
v 44.000000 22.558061 -4.487077
v 53.000000 19.615706 -3.901806
v 44.000000 0.000000 0.000000
v 53.000000 0.000000 0.000000
v 52.000000 15.500000 0.000000
v 55.000000 14.500000 0.000000
v 52.000000 15.202172 3.023900
v 55.000000 14.221387 2.828810
v 52.000000 14.320133 5.931593
v 55.000000 13.396253 5.548910
v 52.000000 12.887779 8.611339
v 55.000000 12.056309 8.055768
v 52.000000 10.960155 10.960155
v 55.000000 10.253048 10.253048
v 52.000000 8.611339 12.887779
v 55.000000 8.055768 12.056309
v 52.000000 5.931593 14.320133
v 55.000000 5.548910 13.396253
v 52.000000 3.023900 15.202172
v 55.000000 2.828810 14.221387
v 52.000000 0.000000 15.500000
v 55.000000 0.000000 14.500000
v 52.000000 -3.023900 15.202172
v 55.000000 -2.828810 14.221387
v 52.000000 -5.931593 14.320133
v 55.000000 -5.548910 13.396253
v 52.000000 -8.611339 12.887779
v 55.000000 -8.055768 12.056309
v 52.000000 -10.960155 10.960155
v 55.000000 -10.253048 10.253048
v 52.000000 -12.887779 8.611339
v 55.000000 -12.056309 8.055768
v 52.000000 -14.320133 5.931593
v 55.000000 -13.396253 5.548910
v 52.000000 -15.202172 3.023900
v 55.000000 -14.221387 2.828810
v 52.000000 -15.500000 0.000000
v 55.000000 -14.500000 0.000000
v 52.000000 -15.202172 -3.023900
v 55.000000 -14.221387 -2.828810
v 52.000000 -14.320133 -5.931593
v 55.000000 -13.396253 -5.548910
v 52.000000 -12.887779 -8.611339
v 55.000000 -12.056309 -8.055768
v 52.000000 -10.960155 -10.960155
v 55.000000 -10.253048 -10.253048
v 52.000000 -8.611339 -12.887779
v 55.000000 -8.055768 -12.056309
v 52.000000 -5.931593 -14.320133
v 55.000000 -5.548910 -13.396253
v 52.000000 -3.023900 -15.202172
v 55.000000 -2.828810 -14.221387
v 52.000000 -0.000000 -15.500000
v 55.000000 -0.000000 -14.500000
v 52.000000 3.023900 -15.202172
v 55.000000 2.828810 -14.221387
v 52.000000 5.931593 -14.320133
v 55.000000 5.548910 -13.396253
v 52.000000 8.611339 -12.887779
v 55.000000 8.055768 -12.056309
v 52.000000 10.960155 -10.960155
v 55.000000 10.253048 -10.253048
v 52.000000 12.887779 -8.611339
v 55.000000 12.056309 -8.055768
v 52.000000 14.320133 -5.931593
v 55.000000 13.396253 -5.548910
v 52.000000 15.202172 -3.023900
v 55.000000 14.221387 -2.828810
v 52.000000 0.000000 0.000000
v 55.000000 0.000000 0.000000
v -49.500000 17.500000 -42.500000
v -44.500000 17.500000 -42.500000
v -44.500000 42.500000 -42.500000
v -49.500000 42.500000 -42.500000
v -49.500000 17.500000 -17.500000
v -44.500000 17.500000 -17.500000
v -44.500000 42.500000 -17.500000
v -49.500000 42.500000 -17.500000
v -49.500000 17.500000 17.500000
v -44.500000 17.500000 17.500000
v -44.500000 42.500000 17.500000
v -49.500000 42.500000 17.500000
v -49.500000 17.500000 42.500000
v -44.500000 17.500000 42.500000
v -44.500000 42.500000 42.500000
v -49.500000 42.500000 42.500000
v -49.500000 -42.500000 -42.500000
v -44.500000 -42.500000 -42.500000
v -44.500000 -17.500000 -42.500000
v -49.500000 -17.500000 -42.500000
v -49.500000 -42.500000 -17.500000
v -44.500000 -42.500000 -17.500000
v -44.500000 -17.500000 -17.500000
v -49.500000 -17.500000 -17.500000
v -49.500000 -42.500000 17.500000
v -44.500000 -42.500000 17.500000
v -44.500000 -17.500000 17.500000
v -49.500000 -17.500000 17.500000
v -49.500000 -42.500000 42.500000
v -44.500000 -42.500000 42.500000
v -44.500000 -17.500000 42.500000
v -49.500000 -17.500000 42.500000
v -44.000000 -23.000000 0.000000
v -53.000000 -20.000000 0.000000
v -44.000000 -22.558061 4.487077
v -53.000000 -19.615706 3.901806
v -44.000000 -21.249229 8.801719
v -53.000000 -18.477591 7.653669
v -44.000000 -19.123801 12.778115
v -53.000000 -16.629392 11.111405
v -44.000000 -16.263456 16.263456
v -53.000000 -14.142136 14.142136
v -44.000000 -12.778115 19.123801
v -53.000000 -11.111405 16.629392
v -44.000000 -8.801719 21.249229
v -53.000000 -7.653669 18.477591
v -44.000000 -4.487077 22.558061
v -53.000000 -3.901806 19.615706
v -44.000000 -0.000000 23.000000
v -53.000000 -0.000000 20.000000
v -44.000000 4.487077 22.558061
v -53.000000 3.901806 19.615706
v -44.000000 8.801719 21.249229
v -53.000000 7.653669 18.477591
v -44.000000 12.778115 19.123801
v -53.000000 11.111405 16.629392
v -44.000000 16.263456 16.263456
v -53.000000 14.142136 14.142136
v -44.000000 19.123801 12.778115
v -53.000000 16.629392 11.111405
v -44.000000 21.249229 8.801719
v -53.000000 18.477591 7.653669
v -44.000000 22.558061 4.487077
v -53.000000 19.615706 3.901806
v -44.000000 23.000000 0.000000
v -53.000000 20.000000 0.000000
v -44.000000 22.558061 -4.487077
v -53.000000 19.615706 -3.901806
v -44.000000 21.249229 -8.801719
v -53.000000 18.477591 -7.653669
v -44.000000 19.123801 -12.778115
v -53.000000 16.629392 -11.111405
v -44.000000 16.263456 -16.263456
v -53.000000 14.142136 -14.142136
v -44.000000 12.778115 -19.123801
v -53.000000 11.111405 -16.629392
v -44.000000 8.801719 -21.249229
v -53.000000 7.653669 -18.477591
v -44.000000 4.487077 -22.558061
v -53.000000 3.901806 -19.615706
v -44.000000 0.000000 -23.000000
v -53.000000 0.000000 -20.000000
v -44.000000 -4.487077 -22.558061
v -53.000000 -3.901806 -19.615706
v -44.000000 -8.801719 -21.249229
v -53.000000 -7.653669 -18.477591
v -44.000000 -12.778115 -19.123801
v -53.000000 -11.111405 -16.629392
v -44.000000 -16.263456 -16.263456
v -53.000000 -14.142136 -14.142136
v -44.000000 -19.123801 -12.778115
v -53.000000 -16.629392 -11.111405
v -44.000000 -21.249229 -8.801719
v -53.000000 -18.477591 -7.653669
v -44.000000 -22.558061 -4.487077
v -53.000000 -19.615706 -3.901806
v -44.000000 0.000000 0.000000
v -53.000000 0.000000 0.000000
v -52.000000 -15.500000 0.000000
v -55.000000 -14.500000 0.000000
v -52.000000 -15.202172 3.023900
v -55.000000 -14.221387 2.828810
v -52.000000 -14.320133 5.931593
v -55.000000 -13.396253 5.548910
v -52.000000 -12.887779 8.611339
v -55.000000 -12.056309 8.055768
v -52.000000 -10.960155 10.960155
v -55.000000 -10.253048 10.253048
v -52.000000 -8.611339 12.887779
v -55.000000 -8.055768 12.056309
v -52.000000 -5.931593 14.320133
v -55.000000 -5.548910 13.396253
v -52.000000 -3.023900 15.202172
v -55.000000 -2.828810 14.221387
v -52.000000 -0.000000 15.500000
v -55.000000 -0.000000 14.500000
v -52.000000 3.023900 15.202172
v -55.000000 2.828810 14.221387
v -52.000000 5.931593 14.320133
v -55.000000 5.548910 13.396253
v -52.000000 8.611339 12.887779
v -55.000000 8.055768 12.056309
v -52.000000 10.960155 10.960155
v -55.000000 10.253048 10.253048
v -52.000000 12.887779 8.611339
v -55.000000 12.056309 8.055768
v -52.000000 14.320133 5.931593
v -55.000000 13.396253 5.548910
v -52.000000 15.202172 3.023900
v -55.000000 14.221387 2.828810
v -52.000000 15.500000 0.000000
v -55.000000 14.500000 0.000000
v -52.000000 15.202172 -3.023900
v -55.000000 14.221387 -2.828810
v -52.000000 14.320133 -5.931593
v -55.000000 13.396253 -5.548910
v -52.000000 12.887779 -8.611339
v -55.000000 12.056309 -8.055768
v -52.000000 10.960155 -10.960155
v -55.000000 10.253048 -10.253048
v -52.000000 8.611339 -12.887779
v -55.000000 8.055768 -12.056309
v -52.000000 5.931593 -14.320133
v -55.000000 5.548910 -13.396253
v -52.000000 3.023900 -15.202172
v -55.000000 2.828810 -14.221387
v -52.000000 0.000000 -15.500000
v -55.000000 0.000000 -14.500000
v -52.000000 -3.023900 -15.202172
v -55.000000 -2.828810 -14.221387
v -52.000000 -5.931593 -14.320133
v -55.000000 -5.548910 -13.396253
v -52.000000 -8.611339 -12.887779
v -55.000000 -8.055768 -12.056309
v -52.000000 -10.960155 -10.960155
v -55.000000 -10.253048 -10.253048
v -52.000000 -12.887779 -8.611339
v -55.000000 -12.056309 -8.055768
v -52.000000 -14.320133 -5.931593
v -55.000000 -13.396253 -5.548910
v -52.000000 -15.202172 -3.023900
v -55.000000 -14.221387 -2.828810
v -52.000000 0.000000 0.000000
v -55.000000 0.000000 0.000000
v 17.500000 44.500000 -42.500000
v 42.500000 44.500000 -42.500000
v 42.500000 49.500000 -42.500000
v 17.500000 49.500000 -42.500000
v 17.500000 44.500000 -17.500000
v 42.500000 44.500000 -17.500000
v 42.500000 49.500000 -17.500000
v 17.500000 49.500000 -17.500000
v 17.500000 44.500000 17.500000
v 42.500000 44.500000 17.500000
v 42.500000 49.500000 17.500000
v 17.500000 49.500000 17.500000
v 17.500000 44.500000 42.500000
v 42.500000 44.500000 42.500000
v 42.500000 49.500000 42.500000
v 17.500000 49.500000 42.500000
v -42.500000 44.500000 -42.500000
v -17.500000 44.500000 -42.500000
v -17.500000 49.500000 -42.500000
v -42.500000 49.500000 -42.500000
v -42.500000 44.500000 -17.500000
v -17.500000 44.500000 -17.500000
v -17.500000 49.500000 -17.500000
v -42.500000 49.500000 -17.500000
v -42.500000 44.500000 17.500000
v -17.500000 44.500000 17.500000
v -17.500000 49.500000 17.500000
v -42.500000 49.500000 17.500000
v -42.500000 44.500000 42.500000
v -17.500000 44.500000 42.500000
v -17.500000 49.500000 42.500000
v -42.500000 49.500000 42.500000
v -23.000000 44.000000 0.000000
v -20.000000 53.000000 0.000000
v -22.558061 44.000000 4.487077
v -19.615706 53.000000 3.901806
v -21.249229 44.000000 8.801719
v -18.477591 53.000000 7.653669
v -19.123801 44.000000 12.778115
v -16.629392 53.000000 11.111405
v -16.263456 44.000000 16.263456
v -14.142136 53.000000 14.142136
v -12.778115 44.000000 19.123801
v -11.111405 53.000000 16.629392
v -8.801719 44.000000 21.249229
v -7.653669 53.000000 18.477591
v -4.487077 44.000000 22.558061
v -3.901806 53.000000 19.615706
v -0.000000 44.000000 23.000000
v -0.000000 53.000000 20.000000
v 4.487077 44.000000 22.558061
v 3.901806 53.000000 19.615706
v 8.801719 44.000000 21.249229
v 7.653669 53.000000 18.477591
v 12.778115 44.000000 19.123801
v 11.111405 53.000000 16.629392
v 16.263456 44.000000 16.263456
v 14.142136 53.000000 14.142136
v 19.123801 44.000000 12.778115
v 16.629392 53.000000 11.111405
v 21.249229 44.000000 8.801719
v 18.477591 53.000000 7.653669
v 22.558061 44.000000 4.487077
v 19.615706 53.000000 3.901806
v 23.000000 44.000000 0.000000
v 20.000000 53.000000 0.000000
v 22.558061 44.000000 -4.487077
v 19.615706 53.000000 -3.901806
v 21.249229 44.000000 -8.801719
v 18.477591 53.000000 -7.653669
v 19.123801 44.000000 -12.778115
v 16.629392 53.000000 -11.111405
v 16.263456 44.000000 -16.263456
v 14.142136 53.000000 -14.142136
v 12.778115 44.000000 -19.123801
v 11.111405 53.000000 -16.629392
v 8.801719 44.000000 -21.249229
v 7.653669 53.000000 -18.477591
v 4.487077 44.000000 -22.558061
v 3.901806 53.000000 -19.615706
v 0.000000 44.000000 -23.000000
v 0.000000 53.000000 -20.000000
v -4.487077 44.000000 -22.558061
v -3.901806 53.000000 -19.615706
v -8.801719 44.000000 -21.249229
v -7.653669 53.000000 -18.477591
v -12.778115 44.000000 -19.123801
v -11.111405 53.000000 -16.629392
v -16.263456 44.000000 -16.263456
v -14.142136 53.000000 -14.142136
v -19.123801 44.000000 -12.778115
v -16.629392 53.000000 -11.111405
v -21.249229 44.000000 -8.801719
v -18.477591 53.000000 -7.653669
v -22.558061 44.000000 -4.487077
v -19.615706 53.000000 -3.901806
v 0.000000 44.000000 0.000000
v 0.000000 53.000000 0.000000
v -15.500000 52.000000 0.000000
v -14.500000 55.000000 0.000000
v -15.202172 52.000000 3.023900
v -14.221387 55.000000 2.828810
v -14.320133 52.000000 5.931593
v -13.396253 55.000000 5.548910
v -12.887779 52.000000 8.611339
v -12.056309 55.000000 8.055768
v -10.960155 52.000000 10.960155
v -10.253048 55.000000 10.253048
v -8.611339 52.000000 12.887779
v -8.055768 55.000000 12.056309
v -5.931593 52.000000 14.320133
v -5.548910 55.000000 13.396253
v -3.023900 52.000000 15.202172
v -2.828810 55.000000 14.221387
v -0.000000 52.000000 15.500000
v -0.000000 55.000000 14.500000
v 3.023900 52.000000 15.202172
v 2.828810 55.000000 14.221387
v 5.931593 52.000000 14.320133
v 5.548910 55.000000 13.396253
v 8.611339 52.000000 12.887779
v 8.055768 55.000000 12.056309
v 10.960155 52.000000 10.960155
v 10.253048 55.000000 10.253048
v 12.887779 52.000000 8.611339
v 12.056309 55.000000 8.055768
v 14.320133 52.000000 5.931593
v 13.396253 55.000000 5.548910
v 15.202172 52.000000 3.023900
v 14.221387 55.000000 2.828810
v 15.500000 52.000000 0.000000
v 14.500000 55.000000 0.000000
v 15.202172 52.000000 -3.023900
v 14.221387 55.000000 -2.828810
v 14.320133 52.000000 -5.931593
v 13.396253 55.000000 -5.548910
v 12.887779 52.000000 -8.611339
v 12.056309 55.000000 -8.055768
v 10.960155 52.000000 -10.960155
v 10.253048 55.000000 -10.253048
v 8.611339 52.000000 -12.887779
v 8.055768 55.000000 -12.056309
v 5.931593 52.000000 -14.320133
v 5.548910 55.000000 -13.396253
v 3.023900 52.000000 -15.202172
v 2.828810 55.000000 -14.221387
v 0.000000 52.000000 -15.500000
v 0.000000 55.000000 -14.500000
v -3.023900 52.000000 -15.202172
v -2.828810 55.000000 -14.221387
v -5.931593 52.000000 -14.320133
v -5.548910 55.000000 -13.396253
v -8.611339 52.000000 -12.887779
v -8.055768 55.000000 -12.056309
v -10.960155 52.000000 -10.960155
v -10.253048 55.000000 -10.253048
v -12.887779 52.000000 -8.611339
v -12.056309 55.000000 -8.055768
v -14.320133 52.000000 -5.931593
v -13.396253 55.000000 -5.548910
v -15.202172 52.000000 -3.023900
v -14.221387 55.000000 -2.828810
v 0.000000 52.000000 0.000000
v 0.000000 55.000000 0.000000
v -42.500000 -49.500000 -42.500000
v -17.500000 -49.500000 -42.500000
v -17.500000 -44.500000 -42.500000
v -42.500000 -44.500000 -42.500000
v -42.500000 -49.500000 -17.500000
v -17.500000 -49.500000 -17.500000
v -17.500000 -44.500000 -17.500000
v -42.500000 -44.500000 -17.500000
v -42.500000 -49.500000 17.500000
v -17.500000 -49.500000 17.500000
v -17.500000 -44.500000 17.500000
v -42.500000 -44.500000 17.500000
v -42.500000 -49.500000 42.500000
v -17.500000 -49.500000 42.500000
v -17.500000 -44.500000 42.500000
v -42.500000 -44.500000 42.500000
v 17.500000 -49.500000 -42.500000
v 42.500000 -49.500000 -42.500000
v 42.500000 -44.500000 -42.500000
v 17.500000 -44.500000 -42.500000
v 17.500000 -49.500000 -17.500000
v 42.500000 -49.500000 -17.500000
v 42.500000 -44.500000 -17.500000
v 17.500000 -44.500000 -17.500000
v 17.500000 -49.500000 17.500000
v 42.500000 -49.500000 17.500000
v 42.500000 -44.500000 17.500000
v 17.500000 -44.500000 17.500000
v 17.500000 -49.500000 42.500000
v 42.500000 -49.500000 42.500000
v 42.500000 -44.500000 42.500000
v 17.500000 -44.500000 42.500000
v 23.000000 -44.000000 0.000000
v 20.000000 -53.000000 0.000000
v 22.558061 -44.000000 4.487077
v 19.615706 -53.000000 3.901806
v 21.249229 -44.000000 8.801719
v 18.477591 -53.000000 7.653669
v 19.123801 -44.000000 12.778115
v 16.629392 -53.000000 11.111405
v 16.263456 -44.000000 16.263456
v 14.142136 -53.000000 14.142136
v 12.778115 -44.000000 19.123801
v 11.111405 -53.000000 16.629392
v 8.801719 -44.000000 21.249229
v 7.653669 -53.000000 18.477591
v 4.487077 -44.000000 22.558061
v 3.901806 -53.000000 19.615706
v 0.000000 -44.000000 23.000000
v 0.000000 -53.000000 20.000000
v -4.487077 -44.000000 22.558061
v -3.901806 -53.000000 19.615706
v -8.801719 -44.000000 21.249229
v -7.653669 -53.000000 18.477591
v -12.778115 -44.000000 19.123801
v -11.111405 -53.000000 16.629392
v -16.263456 -44.000000 16.263456
v -14.142136 -53.000000 14.142136
v -19.123801 -44.000000 12.778115
v -16.629392 -53.000000 11.111405
v -21.249229 -44.000000 8.801719
v -18.477591 -53.000000 7.653669
v -22.558061 -44.000000 4.487077
v -19.615706 -53.000000 3.901806
v -23.000000 -44.000000 0.000000
v -20.000000 -53.000000 0.000000
v -22.558061 -44.000000 -4.487077
v -19.615706 -53.000000 -3.901806
v -21.249229 -44.000000 -8.801719
v -18.477591 -53.000000 -7.653669
v -19.123801 -44.000000 -12.778115
v -16.629392 -53.000000 -11.111405
v -16.263456 -44.000000 -16.263456
v -14.142136 -53.000000 -14.142136
v -12.778115 -44.000000 -19.123801
v -11.111405 -53.000000 -16.629392
v -8.801719 -44.000000 -21.249229
v -7.653669 -53.000000 -18.477591
v -4.487077 -44.000000 -22.558061
v -3.901806 -53.000000 -19.615706
v -0.000000 -44.000000 -23.000000
v -0.000000 -53.000000 -20.000000
v 4.487077 -44.000000 -22.558061
v 3.901806 -53.000000 -19.615706
v 8.801719 -44.000000 -21.249229
v 7.653669 -53.000000 -18.477591
v 12.778115 -44.000000 -19.123801
v 11.111405 -53.000000 -16.629392
v 16.263456 -44.000000 -16.263456
v 14.142136 -53.000000 -14.142136
v 19.123801 -44.000000 -12.778115
v 16.629392 -53.000000 -11.111405
v 21.249229 -44.000000 -8.801719
v 18.477591 -53.000000 -7.653669
v 22.558061 -44.000000 -4.487077
v 19.615706 -53.000000 -3.901806
v 0.000000 -44.000000 0.000000
v 0.000000 -53.000000 0.000000
v 15.500000 -52.000000 0.000000
v 14.500000 -55.000000 0.000000
v 15.202172 -52.000000 3.023900
v 14.221387 -55.000000 2.828810
v 14.320133 -52.000000 5.931593
v 13.396253 -55.000000 5.548910
v 12.887779 -52.000000 8.611339
v 12.056309 -55.000000 8.055768
v 10.960155 -52.000000 10.960155
v 10.253048 -55.000000 10.253048
v 8.611339 -52.000000 12.887779
v 8.055768 -55.000000 12.056309
v 5.931593 -52.000000 14.320133
v 5.548910 -55.000000 13.396253
v 3.023900 -52.000000 15.202172
v 2.828810 -55.000000 14.221387
v 0.000000 -52.000000 15.500000
v 0.000000 -55.000000 14.500000
v -3.023900 -52.000000 15.202172
v -2.828810 -55.000000 14.221387
v -5.931593 -52.000000 14.320133
v -5.548910 -55.000000 13.396253
v -8.611339 -52.000000 12.887779
v -8.055768 -55.000000 12.056309
v -10.960155 -52.000000 10.960155
v -10.253048 -55.000000 10.253048
v -12.887779 -52.000000 8.611339
v -12.056309 -55.000000 8.055768
v -14.320133 -52.000000 5.931593
v -13.396253 -55.000000 5.548910
v -15.202172 -52.000000 3.023900
v -14.221387 -55.000000 2.828810
v -15.500000 -52.000000 0.000000
v -14.500000 -55.000000 0.000000
v -15.202172 -52.000000 -3.023900
v -14.221387 -55.000000 -2.828810
v -14.320133 -52.000000 -5.931593
v -13.396253 -55.000000 -5.548910
v -12.887779 -52.000000 -8.611339
v -12.056309 -55.000000 -8.055768
v -10.960155 -52.000000 -10.960155
v -10.253048 -55.000000 -10.253048
v -8.611339 -52.000000 -12.887779
v -8.055768 -55.000000 -12.056309
v -5.931593 -52.000000 -14.320133
v -5.548910 -55.000000 -13.396253
v -3.023900 -52.000000 -15.202172
v -2.828810 -55.000000 -14.221387
v -0.000000 -52.000000 -15.500000
v -0.000000 -55.000000 -14.500000
v 3.023900 -52.000000 -15.202172
v 2.828810 -55.000000 -14.221387
v 5.931593 -52.000000 -14.320133
v 5.548910 -55.000000 -13.396253
v 8.611339 -52.000000 -12.887779
v 8.055768 -55.000000 -12.056309
v 10.960155 -52.000000 -10.960155
v 10.253048 -55.000000 -10.253048
v 12.887779 -52.000000 -8.611339
v 12.056309 -55.000000 -8.055768
v 14.320133 -52.000000 -5.931593
v 13.396253 -55.000000 -5.548910
v 15.202172 -52.000000 -3.023900
v 14.221387 -55.000000 -2.828810
v 0.000000 -52.000000 0.000000
v 0.000000 -55.000000 0.000000
v -42.500000 -42.500000 44.500000
v -17.500000 -42.500000 44.500000
v -17.500000 -17.500000 44.500000
v -42.500000 -17.500000 44.500000
v -42.500000 -42.500000 49.500000
v -17.500000 -42.500000 49.500000
v -17.500000 -17.500000 49.500000
v -42.500000 -17.500000 49.500000
v -42.500000 17.500000 44.500000
v -17.500000 17.500000 44.500000
v -17.500000 42.500000 44.500000
v -42.500000 42.500000 44.500000
v -42.500000 17.500000 49.500000
v -17.500000 17.500000 49.500000
v -17.500000 42.500000 49.500000
v -42.500000 42.500000 49.500000
v 17.500000 -42.500000 44.500000
v 42.500000 -42.500000 44.500000
v 42.500000 -17.500000 44.500000
v 17.500000 -17.500000 44.500000
v 17.500000 -42.500000 49.500000
v 42.500000 -42.500000 49.500000
v 42.500000 -17.500000 49.500000
v 17.500000 -17.500000 49.500000
v 17.500000 17.500000 44.500000
v 42.500000 17.500000 44.500000
v 42.500000 42.500000 44.500000
v 17.500000 42.500000 44.500000
v 17.500000 17.500000 49.500000
v 42.500000 17.500000 49.500000
v 42.500000 42.500000 49.500000
v 17.500000 42.500000 49.500000
v 23.000000 0.000000 44.000000
v 20.000000 0.000000 53.000000
v 22.558061 4.487077 44.000000
v 19.615706 3.901806 53.000000
v 21.249229 8.801719 44.000000
v 18.477591 7.653669 53.000000
v 19.123801 12.778115 44.000000
v 16.629392 11.111405 53.000000
v 16.263456 16.263456 44.000000
v 14.142136 14.142136 53.000000
v 12.778115 19.123801 44.000000
v 11.111405 16.629392 53.000000
v 8.801719 21.249229 44.000000
v 7.653669 18.477591 53.000000
v 4.487077 22.558061 44.000000
v 3.901806 19.615706 53.000000
v 0.000000 23.000000 44.000000
v 0.000000 20.000000 53.000000
v -4.487077 22.558061 44.000000
v -3.901806 19.615706 53.000000
v -8.801719 21.249229 44.000000
v -7.653669 18.477591 53.000000
v -12.778115 19.123801 44.000000
v -11.111405 16.629392 53.000000
v -16.263456 16.263456 44.000000
v -14.142136 14.142136 53.000000
v -19.123801 12.778115 44.000000
v -16.629392 11.111405 53.000000
v -21.249229 8.801719 44.000000
v -18.477591 7.653669 53.000000
v -22.558061 4.487077 44.000000
v -19.615706 3.901806 53.000000
v -23.000000 0.000000 44.000000
v -20.000000 0.000000 53.000000
v -22.558061 -4.487077 44.000000
v -19.615706 -3.901806 53.000000
v -21.249229 -8.801719 44.000000
v -18.477591 -7.653669 53.000000
v -19.123801 -12.778115 44.000000
v -16.629392 -11.111405 53.000000
v -16.263456 -16.263456 44.000000
v -14.142136 -14.142136 53.000000
v -12.778115 -19.123801 44.000000
v -11.111405 -16.629392 53.000000
v -8.801719 -21.249229 44.000000
v -7.653669 -18.477591 53.000000
v -4.487077 -22.558061 44.000000
v -3.901806 -19.615706 53.000000
v -0.000000 -23.000000 44.000000
v -0.000000 -20.000000 53.000000
v 4.487077 -22.558061 44.000000
v 3.901806 -19.615706 53.000000
v 8.801719 -21.249229 44.000000
v 7.653669 -18.477591 53.000000
v 12.778115 -19.123801 44.000000
v 11.111405 -16.629392 53.000000
v 16.263456 -16.263456 44.000000
v 14.142136 -14.142136 53.000000
v 19.123801 -12.778115 44.000000
v 16.629392 -11.111405 53.000000
v 21.249229 -8.801719 44.000000
v 18.477591 -7.653669 53.000000
v 22.558061 -4.487077 44.000000
v 19.615706 -3.901806 53.000000
v 0.000000 0.000000 44.000000
v 0.000000 0.000000 53.000000
v 15.500000 0.000000 52.000000
v 14.500000 0.000000 55.000000
v 15.202172 3.023900 52.000000
v 14.221387 2.828810 55.000000
v 14.320133 5.931593 52.000000
v 13.396253 5.548910 55.000000
v 12.887779 8.611339 52.000000
v 12.056309 8.055768 55.000000
v 10.960155 10.960155 52.000000
v 10.253048 10.253048 55.000000
v 8.611339 12.887779 52.000000
v 8.055768 12.056309 55.000000
v 5.931593 14.320133 52.000000
v 5.548910 13.396253 55.000000
v 3.023900 15.202172 52.000000
v 2.828810 14.221387 55.000000
v 0.000000 15.500000 52.000000
v 0.000000 14.500000 55.000000
v -3.023900 15.202172 52.000000
v -2.828810 14.221387 55.000000
v -5.931593 14.320133 52.000000
v -5.548910 13.396253 55.000000
v -8.611339 12.887779 52.000000
v -8.055768 12.056309 55.000000
v -10.960155 10.960155 52.000000
v -10.253048 10.253048 55.000000
v -12.887779 8.611339 52.000000
v -12.056309 8.055768 55.000000
v -14.320133 5.931593 52.000000
v -13.396253 5.548910 55.000000
v -15.202172 3.023900 52.000000
v -14.221387 2.828810 55.000000
v -15.500000 0.000000 52.000000
v -14.500000 0.000000 55.000000
v -15.202172 -3.023900 52.000000
v -14.221387 -2.828810 55.000000
v -14.320133 -5.931593 52.000000
v -13.396253 -5.548910 55.000000
v -12.887779 -8.611339 52.000000
v -12.056309 -8.055768 55.000000
v -10.960155 -10.960155 52.000000
v -10.253048 -10.253048 55.000000
v -8.611339 -12.887779 52.000000
v -8.055768 -12.056309 55.000000
v -5.931593 -14.320133 52.000000
v -5.548910 -13.396253 55.000000
v -3.023900 -15.202172 52.000000
v -2.828810 -14.221387 55.000000
v -0.000000 -15.500000 52.000000
v -0.000000 -14.500000 55.000000
v 3.023900 -15.202172 52.000000
v 2.828810 -14.221387 55.000000
v 5.931593 -14.320133 52.000000
v 5.548910 -13.396253 55.000000
v 8.611339 -12.887779 52.000000
v 8.055768 -12.056309 55.000000
v 10.960155 -10.960155 52.000000
v 10.253048 -10.253048 55.000000
v 12.887779 -8.611339 52.000000
v 12.056309 -8.055768 55.000000
v 14.320133 -5.931593 52.000000
v 13.396253 -5.548910 55.000000
v 15.202172 -3.023900 52.000000
v 14.221387 -2.828810 55.000000
v 0.000000 0.000000 52.000000
v 0.000000 0.000000 55.000000
v 17.500000 -42.500000 -49.500000
v 42.500000 -42.500000 -49.500000
v 42.500000 -17.500000 -49.500000
v 17.500000 -17.500000 -49.500000
v 17.500000 -42.500000 -44.500000
v 42.500000 -42.500000 -44.500000
v 42.500000 -17.500000 -44.500000
v 17.500000 -17.500000 -44.500000
v 17.500000 17.500000 -49.500000
v 42.500000 17.500000 -49.500000
v 42.500000 42.500000 -49.500000
v 17.500000 42.500000 -49.500000
v 17.500000 17.500000 -44.500000
v 42.500000 17.500000 -44.500000
v 42.500000 42.500000 -44.500000
v 17.500000 42.500000 -44.500000
v -42.500000 -42.500000 -49.500000
v -17.500000 -42.500000 -49.500000
v -17.500000 -17.500000 -49.500000
v -42.500000 -17.500000 -49.500000
v -42.500000 -42.500000 -44.500000
v -17.500000 -42.500000 -44.500000
v -17.500000 -17.500000 -44.500000
v -42.500000 -17.500000 -44.500000
v -42.500000 17.500000 -49.500000
v -17.500000 17.500000 -49.500000
v -17.500000 42.500000 -49.500000
v -42.500000 42.500000 -49.500000
v -42.500000 17.500000 -44.500000
v -17.500000 17.500000 -44.500000
v -17.500000 42.500000 -44.500000
v -42.500000 42.500000 -44.500000
v -23.000000 0.000000 -44.000000
v -20.000000 0.000000 -53.000000
v -22.558061 4.487077 -44.000000
v -19.615706 3.901806 -53.000000
v -21.249229 8.801719 -44.000000
v -18.477591 7.653669 -53.000000
v -19.123801 12.778115 -44.000000
v -16.629392 11.111405 -53.000000
v -16.263456 16.263456 -44.000000
v -14.142136 14.142136 -53.000000
v -12.778115 19.123801 -44.000000
v -11.111405 16.629392 -53.000000
v -8.801719 21.249229 -44.000000
v -7.653669 18.477591 -53.000000
v -4.487077 22.558061 -44.000000
v -3.901806 19.615706 -53.000000
v -0.000000 23.000000 -44.000000
v -0.000000 20.000000 -53.000000
v 4.487077 22.558061 -44.000000
v 3.901806 19.615706 -53.000000
v 8.801719 21.249229 -44.000000
v 7.653669 18.477591 -53.000000
v 12.778115 19.123801 -44.000000
v 11.111405 16.629392 -53.000000
v 16.263456 16.263456 -44.000000
v 14.142136 14.142136 -53.000000
v 19.123801 12.778115 -44.000000
v 16.629392 11.111405 -53.000000
v 21.249229 8.801719 -44.000000
v 18.477591 7.653669 -53.000000
v 22.558061 4.487077 -44.000000
v 19.615706 3.901806 -53.000000
v 23.000000 0.000000 -44.000000
v 20.000000 0.000000 -53.000000
v 22.558061 -4.487077 -44.000000
v 19.615706 -3.901806 -53.000000
v 21.249229 -8.801719 -44.000000
v 18.477591 -7.653669 -53.000000
v 19.123801 -12.778115 -44.000000
v 16.629392 -11.111405 -53.000000
v 16.263456 -16.263456 -44.000000
v 14.142136 -14.142136 -53.000000
v 12.778115 -19.123801 -44.000000
v 11.111405 -16.629392 -53.000000
v 8.801719 -21.249229 -44.000000
v 7.653669 -18.477591 -53.000000
v 4.487077 -22.558061 -44.000000
v 3.901806 -19.615706 -53.000000
v 0.000000 -23.000000 -44.000000
v 0.000000 -20.000000 -53.000000
v -4.487077 -22.558061 -44.000000
v -3.901806 -19.615706 -53.000000
v -8.801719 -21.249229 -44.000000
v -7.653669 -18.477591 -53.000000
v -12.778115 -19.123801 -44.000000
v -11.111405 -16.629392 -53.000000
v -16.263456 -16.263456 -44.000000
v -14.142136 -14.142136 -53.000000
v -19.123801 -12.778115 -44.000000
v -16.629392 -11.111405 -53.000000
v -21.249229 -8.801719 -44.000000
v -18.477591 -7.653669 -53.000000
v -22.558061 -4.487077 -44.000000
v -19.615706 -3.901806 -53.000000
v 0.000000 0.000000 -44.000000
v 0.000000 0.000000 -53.000000
v -15.500000 0.000000 -52.000000
v -14.500000 0.000000 -55.000000
v -15.202172 3.023900 -52.000000
v -14.221387 2.828810 -55.000000
v -14.320133 5.931593 -52.000000
v -13.396253 5.548910 -55.000000
v -12.887779 8.611339 -52.000000
v -12.056309 8.055768 -55.000000
v -10.960155 10.960155 -52.000000
v -10.253048 10.253048 -55.000000
v -8.611339 12.887779 -52.000000
v -8.055768 12.056309 -55.000000
v -5.931593 14.320133 -52.000000
v -5.548910 13.396253 -55.000000
v -3.023900 15.202172 -52.000000
v -2.828810 14.221387 -55.000000
v -0.000000 15.500000 -52.000000
v -0.000000 14.500000 -55.000000
v 3.023900 15.202172 -52.000000
v 2.828810 14.221387 -55.000000
v 5.931593 14.320133 -52.000000
v 5.548910 13.396253 -55.000000
v 8.611339 12.887779 -52.000000
v 8.055768 12.056309 -55.000000
v 10.960155 10.960155 -52.000000
v 10.253048 10.253048 -55.000000
v 12.887779 8.611339 -52.000000
v 12.056309 8.055768 -55.000000
v 14.320133 5.931593 -52.000000
v 13.396253 5.548910 -55.000000
v 15.202172 3.023900 -52.000000
v 14.221387 2.828810 -55.000000
v 15.500000 0.000000 -52.000000
v 14.500000 0.000000 -55.000000
v 15.202172 -3.023900 -52.000000
v 14.221387 -2.828810 -55.000000
v 14.320133 -5.931593 -52.000000
v 13.396253 -5.548910 -55.000000
v 12.887779 -8.611339 -52.000000
v 12.056309 -8.055768 -55.000000
v 10.960155 -10.960155 -52.000000
v 10.253048 -10.253048 -55.000000
v 8.611339 -12.887779 -52.000000
v 8.055768 -12.056309 -55.000000
v 5.931593 -14.320133 -52.000000
v 5.548910 -13.396253 -55.000000
v 3.023900 -15.202172 -52.000000
v 2.828810 -14.221387 -55.000000
v 0.000000 -15.500000 -52.000000
v 0.000000 -14.500000 -55.000000
v -3.023900 -15.202172 -52.000000
v -2.828810 -14.221387 -55.000000
v -5.931593 -14.320133 -52.000000
v -5.548910 -13.396253 -55.000000
v -8.611339 -12.887779 -52.000000
v -8.055768 -12.056309 -55.000000
v -10.960155 -10.960155 -52.000000
v -10.253048 -10.253048 -55.000000
v -12.887779 -8.611339 -52.000000
v -12.056309 -8.055768 -55.000000
v -14.320133 -5.931593 -52.000000
v -13.396253 -5.548910 -55.000000
v -15.202172 -3.023900 -52.000000
v -14.221387 -2.828810 -55.000000
v 0.000000 0.000000 -52.000000
v 0.000000 0.000000 -55.000000
v 54.000000 19.500000 0.000000
v 55.414214 18.914214 0.000000
v 56.000000 17.500000 0.000000
v 55.414214 16.085786 0.000000
v 54.000000 15.500000 0.000000
v 52.585786 16.085786 0.000000
v 52.000000 17.500000 0.000000
v 52.585786 18.914214 0.000000
v 54.000000 19.125313 3.804261
v 55.414214 18.550782 3.689980
v 56.000000 17.163742 3.414081
v 55.414214 15.776703 3.138181
v 54.000000 15.202172 3.023900
v 52.585786 15.776703 3.138181
v 52.000000 17.163742 3.414081
v 52.585786 18.550782 3.689980
v 54.000000 18.015651 7.462327
v 55.414214 17.474455 7.238156
v 56.000000 16.167892 6.696960
v 55.414214 14.861329 6.155764
v 54.000000 14.320133 5.931593
v 52.585786 14.861329 6.155764
v 52.000000 16.167892 6.696960
v 52.585786 17.474455 7.238156
v 54.000000 16.213657 10.833620
v 55.414214 15.726594 10.508174
v 56.000000 14.550718 9.722479
v 55.414214 13.374843 8.936784
v 54.000000 12.887779 8.611339
v 52.585786 13.374843 8.936784
v 52.000000 14.550718 9.722479
v 52.585786 15.726594 10.508174
v 54.000000 13.788582 13.788582
v 55.414214 13.374369 13.374369
v 56.000000 12.374369 12.374369
v 55.414214 11.374369 11.374369
v 54.000000 10.960155 10.960155
v 52.585786 11.374369 11.374369
v 52.000000 12.374369 12.374369
v 52.585786 13.374369 13.374369
v 54.000000 10.833620 16.213657
v 55.414214 10.508174 15.726594
v 56.000000 9.722479 14.550718
v 55.414214 8.936784 13.374843
v 54.000000 8.611339 12.887779
v 52.585786 8.936784 13.374843
v 52.000000 9.722479 14.550718
v 52.585786 10.508174 15.726594
v 54.000000 7.462327 18.015651
v 55.414214 7.238156 17.474455
v 56.000000 6.696960 16.167892
v 55.414214 6.155764 14.861329
v 54.000000 5.931593 14.320133
v 52.585786 6.155764 14.861329
v 52.000000 6.696960 16.167892
v 52.585786 7.238156 17.474455
v 54.000000 3.804261 19.125313
v 55.414214 3.689980 18.550782
v 56.000000 3.414081 17.163742
v 55.414214 3.138181 15.776703
v 54.000000 3.023900 15.202172
v 52.585786 3.138181 15.776703
v 52.000000 3.414081 17.163742
v 52.585786 3.689980 18.550782
v 54.000000 0.000000 19.500000
v 55.414214 0.000000 18.914214
v 56.000000 0.000000 17.500000
v 55.414214 0.000000 16.085786
v 54.000000 0.000000 15.500000
v 52.585786 0.000000 16.085786
v 52.000000 0.000000 17.500000
v 52.585786 0.000000 18.914214
v 54.000000 -3.804261 19.125313
v 55.414214 -3.689980 18.550782
v 56.000000 -3.414081 17.163742
v 55.414214 -3.138181 15.776703
v 54.000000 -3.023900 15.202172
v 52.585786 -3.138181 15.776703
v 52.000000 -3.414081 17.163742
v 52.585786 -3.689980 18.550782
v 54.000000 -7.462327 18.015651
v 55.414214 -7.238156 17.474455
v 56.000000 -6.696960 16.167892
v 55.414214 -6.155764 14.861329
v 54.000000 -5.931593 14.320133
v 52.585786 -6.155764 14.861329
v 52.000000 -6.696960 16.167892
v 52.585786 -7.238156 17.474455
v 54.000000 -10.833620 16.213657
v 55.414214 -10.508174 15.726594
v 56.000000 -9.722479 14.550718
v 55.414214 -8.936784 13.374843
v 54.000000 -8.611339 12.887779
v 52.585786 -8.936784 13.374843
v 52.000000 -9.722479 14.550718
v 52.585786 -10.508174 15.726594
v 54.000000 -13.788582 13.788582
v 55.414214 -13.374369 13.374369
v 56.000000 -12.374369 12.374369
v 55.414214 -11.374369 11.374369
v 54.000000 -10.960155 10.960155
v 52.585786 -11.374369 11.374369
v 52.000000 -12.374369 12.374369
v 52.585786 -13.374369 13.374369
v 54.000000 -16.213657 10.833620
v 55.414214 -15.726594 10.508174
v 56.000000 -14.550718 9.722479
v 55.414214 -13.374843 8.936784
v 54.000000 -12.887779 8.611339
v 52.585786 -13.374843 8.936784
v 52.000000 -14.550718 9.722479
v 52.585786 -15.726594 10.508174
v 54.000000 -18.015651 7.462327
v 55.414214 -17.474455 7.238156
v 56.000000 -16.167892 6.696960
v 55.414214 -14.861329 6.155764
v 54.000000 -14.320133 5.931593
v 52.585786 -14.861329 6.155764
v 52.000000 -16.167892 6.696960
v 52.585786 -17.474455 7.238156
v 54.000000 -19.125313 3.804261
v 55.414214 -18.550782 3.689980
v 56.000000 -17.163742 3.414081
v 55.414214 -15.776703 3.138181
v 54.000000 -15.202172 3.023900
v 52.585786 -15.776703 3.138181
v 52.000000 -17.163742 3.414081
v 52.585786 -18.550782 3.689980
v 54.000000 -19.500000 0.000000
v 55.414214 -18.914214 0.000000
v 56.000000 -17.500000 0.000000
v 55.414214 -16.085786 0.000000
v 54.000000 -15.500000 0.000000
v 52.585786 -16.085786 0.000000
v 52.000000 -17.500000 0.000000
v 52.585786 -18.914214 0.000000
v 54.000000 -19.125313 -3.804261
v 55.414214 -18.550782 -3.689980
v 56.000000 -17.163742 -3.414081
v 55.414214 -15.776703 -3.138181
v 54.000000 -15.202172 -3.023900
v 52.585786 -15.776703 -3.138181
v 52.000000 -17.163742 -3.414081
v 52.585786 -18.550782 -3.689980
v 54.000000 -18.015651 -7.462327
v 55.414214 -17.474455 -7.238156
v 56.000000 -16.167892 -6.696960
v 55.414214 -14.861329 -6.155764
v 54.000000 -14.320133 -5.931593
v 52.585786 -14.861329 -6.155764
v 52.000000 -16.167892 -6.696960
v 52.585786 -17.474455 -7.238156
v 54.000000 -16.213657 -10.833620
v 55.414214 -15.726594 -10.508174
v 56.000000 -14.550718 -9.722479
v 55.414214 -13.374843 -8.936784
v 54.000000 -12.887779 -8.611339
v 52.585786 -13.374843 -8.936784
v 52.000000 -14.550718 -9.722479
v 52.585786 -15.726594 -10.508174
v 54.000000 -13.788582 -13.788582
v 55.414214 -13.374369 -13.374369
v 56.000000 -12.374369 -12.374369
v 55.414214 -11.374369 -11.374369
v 54.000000 -10.960155 -10.960155
v 52.585786 -11.374369 -11.374369
v 52.000000 -12.374369 -12.374369
v 52.585786 -13.374369 -13.374369
v 54.000000 -10.833620 -16.213657
v 55.414214 -10.508174 -15.726594
v 56.000000 -9.722479 -14.550718
v 55.414214 -8.936784 -13.374843
v 54.000000 -8.611339 -12.887779
v 52.585786 -8.936784 -13.374843
v 52.000000 -9.722479 -14.550718
v 52.585786 -10.508174 -15.726594
v 54.000000 -7.462327 -18.015651
v 55.414214 -7.238156 -17.474455
v 56.000000 -6.696960 -16.167892
v 55.414214 -6.155764 -14.861329
v 54.000000 -5.931593 -14.320133
v 52.585786 -6.155764 -14.861329
v 52.000000 -6.696960 -16.167892
v 52.585786 -7.238156 -17.474455
v 54.000000 -3.804261 -19.125313
v 55.414214 -3.689980 -18.550782
v 56.000000 -3.414081 -17.163742
v 55.414214 -3.138181 -15.776703
v 54.000000 -3.023900 -15.202172
v 52.585786 -3.138181 -15.776703
v 52.000000 -3.414081 -17.163742
v 52.585786 -3.689980 -18.550782
v 54.000000 -0.000000 -19.500000
v 55.414214 -0.000000 -18.914214
v 56.000000 -0.000000 -17.500000
v 55.414214 -0.000000 -16.085786
v 54.000000 -0.000000 -15.500000
v 52.585786 -0.000000 -16.085786
v 52.000000 -0.000000 -17.500000
v 52.585786 -0.000000 -18.914214
v 54.000000 3.804261 -19.125313
v 55.414214 3.689980 -18.550782
v 56.000000 3.414081 -17.163742
v 55.414214 3.138181 -15.776703
v 54.000000 3.023900 -15.202172
v 52.585786 3.138181 -15.776703
v 52.000000 3.414081 -17.163742
v 52.585786 3.689980 -18.550782
v 54.000000 7.462327 -18.015651
v 55.414214 7.238156 -17.474455
v 56.000000 6.696960 -16.167892
v 55.414214 6.155764 -14.861329
v 54.000000 5.931593 -14.320133
v 52.585786 6.155764 -14.861329
v 52.000000 6.696960 -16.167892
v 52.585786 7.238156 -17.474455
v 54.000000 10.833620 -16.213657
v 55.414214 10.508174 -15.726594
v 56.000000 9.722479 -14.550718
v 55.414214 8.936784 -13.374843
v 54.000000 8.611339 -12.887779
v 52.585786 8.936784 -13.374843
v 52.000000 9.722479 -14.550718
v 52.585786 10.508174 -15.726594
v 54.000000 13.788582 -13.788582
v 55.414214 13.374369 -13.374369
v 56.000000 12.374369 -12.374369
v 55.414214 11.374369 -11.374369
v 54.000000 10.960155 -10.960155
v 52.585786 11.374369 -11.374369
v 52.000000 12.374369 -12.374369
v 52.585786 13.374369 -13.374369
v 54.000000 16.213657 -10.833620
v 55.414214 15.726594 -10.508174
v 56.000000 14.550718 -9.722479
v 55.414214 13.374843 -8.936784
v 54.000000 12.887779 -8.611339
v 52.585786 13.374843 -8.936784
v 52.000000 14.550718 -9.722479
v 52.585786 15.726594 -10.508174
v 54.000000 18.015651 -7.462327
v 55.414214 17.474455 -7.238156
v 56.000000 16.167892 -6.696960
v 55.414214 14.861329 -6.155764
v 54.000000 14.320133 -5.931593
v 52.585786 14.861329 -6.155764
v 52.000000 16.167892 -6.696960
v 52.585786 17.474455 -7.238156
v 54.000000 19.125313 -3.804261
v 55.414214 18.550782 -3.689980
v 56.000000 17.163742 -3.414081
v 55.414214 15.776703 -3.138181
v 54.000000 15.202172 -3.023900
v 52.585786 15.776703 -3.138181
v 52.000000 17.163742 -3.414081
v 52.585786 18.550782 -3.689980
vt 0.000000 0.000000
vt 1.000000 0.000000
vt 0.000000 1.000000
vt 0.000000 0.000000
vt 1.000000 0.000000
vt 0.000000 1.000000
vt 0.000000 0.000000
vt 1.000000 0.000000
vt 0.000000 1.000000
vt 0.000000 0.000000
vt 1.000000 0.000000
vt 0.000000 1.000000
vt 0.000000 0.000000
vt 1.000000 0.000000
vt 0.000000 1.000000
vt 0.000000 0.000000
vt 1.000000 0.000000
vt 0.000000 1.000000
vt 0.000000 0.000000
vt 1.000000 0.000000
vt 0.000000 1.000000
vt 0.000000 0.000000
vt 1.000000 0.000000
vt 0.000000 1.000000
vt 0.000000 0.000000
vt 1.000000 0.000000
vt 0.000000 1.000000
vt 0.000000 0.000000
vt 1.000000 0.000000
vt 0.000000 1.000000
vt 0.000000 0.000000
vt 1.000000 0.000000
vt 0.000000 1.000000
vt 0.000000 0.000000
vt 1.000000 0.000000
vt 0.000000 1.000000
vt 0.000000 0.000000
vt 1.000000 0.000000
vt 0.000000 1.000000
vt 0.000000 0.000000
vt 1.000000 0.000000
vt 0.000000 1.000000
vt 0.000000 0.000000
vt 1.000000 0.000000
vt 0.000000 1.000000
vt 0.000000 0.000000
vt 1.000000 0.000000
vt 0.000000 1.000000
vt 0.000000 0.000000
vt 1.000000 0.000000
vt 0.000000 1.000000
vt 0.000000 0.000000
vt 1.000000 0.000000
vt 0.000000 1.000000
vt 0.000000 0.000000
vt 1.000000 0.000000
vt 0.000000 1.000000
vt 0.000000 0.000000
vt 1.000000 0.000000
vt 0.000000 1.000000
vt 0.000000 0.000000
vt 1.000000 0.000000
vt 0.000000 1.000000
vt 0.000000 0.000000
vt 1.000000 0.000000
vt 0.000000 1.000000
vt 0.000000 0.000000
vt 1.000000 0.000000
vt 0.000000 1.000000
vt 0.000000 0.000000
vt 1.000000 0.000000
vt 0.000000 1.000000
vt 0.000000 0.000000
vt 1.000000 0.000000
vt 0.000000 1.000000
vt 0.000000 0.000000
vt 1.000000 0.000000
vt 0.000000 1.000000
vt 0.000000 0.000000
vt 1.000000 0.000000
vt 0.000000 1.000000
vt 0.000000 0.000000
vt 1.000000 0.000000
vt 0.000000 1.000000
vt 0.000000 0.000000
vt 1.000000 0.000000
vt 0.000000 1.000000
vt 0.000000 0.000000
vt 1.000000 0.000000
vt 0.000000 1.000000
vt 0.000000 0.000000
vt 1.000000 0.000000
vt 0.000000 1.000000
vt 0.000000 0.000000
vt 1.000000 0.000000
vt 0.000000 1.000000
vt 0.000000 0.000000
vt 1.000000 0.000000
vt 0.000000 1.000000
vt 0.000000 0.000000
vt 1.000000 0.000000
vt 0.000000 1.000000
vt 0.000000 0.000000
vt 1.000000 0.000000
vt 0.000000 1.000000
vt 0.000000 0.000000
vt 1.000000 0.000000
vt 0.000000 1.000000
vt 0.000000 0.000000
vt 1.000000 0.000000
vt 0.000000 1.000000
vt 0.000000 0.000000
vt 1.000000 0.000000
vt 0.000000 1.000000
vt 0.000000 0.000000
vt 1.000000 0.000000
vt 0.000000 1.000000
vt 0.000000 0.000000
vt 1.000000 0.000000
vt 0.000000 1.000000
vt 0.000000 0.000000
vt 1.000000 0.000000
vt 0.000000 1.000000
vt 0.000000 0.000000
vt 1.000000 0.000000
vt 0.000000 1.000000
vt 0.000000 0.000000
vt 1.000000 0.000000
vt 0.000000 1.000000
vt 0.000000 0.000000
vt 1.000000 0.000000
vt 0.000000 1.000000
vt 0.000000 0.000000
vt 1.000000 0.000000
vt 0.000000 1.000000
vt 0.000000 0.000000
vt 1.000000 0.000000
vt 0.000000 1.000000
vt 0.000000 0.000000
vt 1.000000 0.000000
vt 0.000000 1.000000
vt 0.000000 0.000000
vt 1.000000 0.000000
vt 0.000000 1.000000
vt 0.000000 0.000000
vt 1.000000 0.000000
vt 0.000000 1.000000
vt 0.000000 0.000000
vt 1.000000 0.000000
vt 0.000000 1.000000
vt 0.000000 0.000000
vt 1.000000 0.000000
vt 0.000000 1.000000
vt 0.000000 0.000000
vt 1.000000 0.000000
vt 0.000000 1.000000
vt 0.000000 0.000000
vt 1.000000 0.000000
vt 0.000000 1.000000
vt 0.000000 0.000000
vt 1.000000 0.000000
vt 0.000000 1.000000
vt 0.000000 0.000000
vt 1.000000 0.000000
vt 0.000000 1.000000
vt 0.000000 0.000000
vt 1.000000 0.000000
vt 0.000000 1.000000
vt 0.000000 0.000000
vt 1.000000 0.000000
vt 0.000000 1.000000
vt 0.000000 0.000000
vt 1.000000 0.000000
vt 0.000000 1.000000
vt 0.000000 0.000000
vt 1.000000 0.000000
vt 0.000000 1.000000
vt 0.000000 0.000000
vt 1.000000 0.000000
vt 0.000000 1.000000
vt 0.000000 0.000000
vt 1.000000 0.000000
vt 0.000000 1.000000
vt 0.000000 0.000000
vt 1.000000 0.000000
vt 0.000000 1.000000
vt 0.000000 0.000000
vt 1.000000 0.000000
vt 0.000000 1.000000
vt 0.000000 0.000000
vt 1.000000 0.000000
vt 0.000000 1.000000
vt 0.000000 0.000000
vt 1.000000 0.000000
vt 0.000000 1.000000
vt 0.000000 0.000000
vt 1.000000 0.000000
vt 0.000000 1.000000
vt 0.000000 0.000000
vt 1.000000 0.000000
vt 0.000000 1.000000
vt 0.000000 0.000000
vt 1.000000 0.000000
vt 0.000000 1.000000
vt 0.000000 0.000000
vt 1.000000 0.000000
vt 0.000000 1.000000
vt 0.000000 0.000000
vt 1.000000 0.000000
vt 0.000000 1.000000
vt 0.000000 0.000000
vt 1.000000 0.000000
vt 0.000000 1.000000
vt 0.000000 0.000000
vt 1.000000 0.000000
vt 0.000000 1.000000
vt 0.000000 0.000000
vt 1.000000 0.000000
vt 0.000000 1.000000
vt 0.000000 0.000000
vt 1.000000 0.000000
vt 0.000000 1.000000
vt 0.000000 0.000000
vt 1.000000 0.000000
vt 0.000000 1.000000
vt 0.000000 0.000000
vt 1.000000 0.000000
vt 0.000000 1.000000
vt 0.000000 0.000000
vt 1.000000 0.000000
vt 0.000000 1.000000
vt 0.000000 0.000000
vt 1.000000 0.000000
vt 0.000000 1.000000
vt 0.000000 0.000000
vt 1.000000 0.000000
vt 0.000000 1.000000
vt 0.000000 0.000000
vt 1.000000 0.000000
vt 0.000000 1.000000
vt 0.000000 0.000000
vt 1.000000 0.000000
vt 0.000000 1.000000
vt 0.000000 0.000000
vt 1.000000 0.000000
vt 0.000000 1.000000
vt 0.000000 0.000000
vt 1.000000 0.000000
vt 0.000000 1.000000
vt 0.000000 0.000000
vt 1.000000 0.000000
vt 0.000000 1.000000
vt 0.000000 0.000000
vt 1.000000 0.000000
vt 0.000000 1.000000
vt 0.000000 0.000000
vt 1.000000 0.000000
vt 0.000000 1.000000
vt 0.000000 0.000000
vt 1.000000 0.000000
vt 0.000000 1.000000
vt 0.000000 0.000000
vt 1.000000 0.000000
vt 0.000000 1.000000
vt 0.000000 0.000000
vt 1.000000 0.000000
vt 0.000000 1.000000
vt 0.000000 0.000000
vt 1.000000 0.000000
vt 0.000000 1.000000
vt 0.000000 0.000000
vt 1.000000 0.000000
vt 0.000000 1.000000
vt 0.000000 0.000000
vt 1.000000 0.000000
vt 0.000000 1.000000
vt 0.000000 0.000000
vt 1.000000 0.000000
vt 0.000000 1.000000
vt 0.000000 0.000000
vt 1.000000 0.000000
vt 0.000000 1.000000
vt 0.000000 0.000000
vt 1.000000 0.000000
vt 0.000000 1.000000
vt 0.000000 0.000000
vt 1.000000 0.000000
vt 0.000000 1.000000
vt 0.000000 0.000000
vt 1.000000 0.000000
vt 0.000000 1.000000
vt 0.000000 0.000000
vt 1.000000 0.000000
vt 0.000000 1.000000
vt 0.000000 0.000000
vt 1.000000 0.000000
vt 0.000000 1.000000
vt 0.000000 0.000000
vt 1.000000 0.000000
vt 0.000000 1.000000
vt 0.000000 0.000000
vt 1.000000 0.000000
vt 0.000000 1.000000
vt 0.000000 0.000000
vt 1.000000 0.000000
vt 0.000000 1.000000
vt 0.000000 0.000000
vt 1.000000 0.000000
vt 0.000000 1.000000
vt 0.000000 0.000000
vt 1.000000 0.000000
vt 0.000000 1.000000
vt 0.000000 0.000000
vt 1.000000 0.000000
vt 0.000000 1.000000
vt 0.000000 0.000000
vt 1.000000 0.000000
vt 0.000000 1.000000
vt 0.000000 0.000000
vt 1.000000 0.000000
vt 0.000000 1.000000
vt 0.000000 0.000000
vt 1.000000 0.000000
vt 0.000000 1.000000
vt 0.000000 0.000000
vt 1.000000 0.000000
vt 0.000000 1.000000
vt 0.000000 0.000000
vt 1.000000 0.000000
vt 0.000000 1.000000
vt 0.000000 0.000000
vt 1.000000 0.000000
vt 0.000000 1.000000
vt 0.000000 0.000000
vt 1.000000 0.000000
vt 0.000000 1.000000
vt 0.000000 0.000000
vt 1.000000 0.000000
vt 0.000000 1.000000
vt 0.000000 0.000000
vt 1.000000 0.000000
vt 0.000000 1.000000
vt 0.000000 0.000000
vt 1.000000 0.000000
vt 0.000000 1.000000
vt 0.000000 0.000000
vt 1.000000 0.000000
vt 0.000000 1.000000
vt 0.000000 0.000000
vt 1.000000 0.000000
vt 0.000000 1.000000
vt 0.000000 0.000000
vt 1.000000 0.000000
vt 0.000000 1.000000
vt 0.000000 0.000000
vt 1.000000 0.000000
vt 0.000000 1.000000
vt 0.000000 0.000000
vt 1.000000 0.000000
vt 0.000000 1.000000
vt 0.000000 0.000000
vt 1.000000 0.000000
vt 0.000000 1.000000
vt 0.000000 0.000000
vt 1.000000 0.000000
vt 0.000000 1.000000
vt 0.000000 0.000000
vt 1.000000 0.000000
vt 0.000000 1.000000
vt 0.000000 0.000000
vt 1.000000 0.000000
vt 0.000000 1.000000
vt 0.000000 0.000000
vt 1.000000 0.000000
vt 0.000000 1.000000
vt 0.000000 0.000000
vt 1.000000 0.000000
vt 0.000000 1.000000
vt 0.000000 0.000000
vt 1.000000 0.000000
vt 0.000000 1.000000
vt 0.000000 0.000000
vt 1.000000 0.000000
vt 0.000000 1.000000
vt 0.000000 0.000000
vt 1.000000 0.000000
vt 0.000000 1.000000
vt 0.000000 0.000000
vt 1.000000 0.000000
vt 0.000000 1.000000
vt 0.000000 0.000000
vt 1.000000 0.000000
vt 0.000000 1.000000
vt 0.000000 0.000000
vt 1.000000 0.000000
vt 0.000000 1.000000
vt 0.000000 0.000000
vt 1.000000 0.000000
vt 0.000000 1.000000
vt 0.000000 0.000000
vt 1.000000 0.000000
vt 0.000000 1.000000
vt 0.000000 0.000000
vt 1.000000 0.000000
vt 0.000000 1.000000
vt 0.000000 0.000000
vt 1.000000 0.000000
vt 0.000000 1.000000
vt 0.000000 0.000000
vt 1.000000 0.000000
vt 0.000000 1.000000
vt 0.000000 0.000000
vt 1.000000 0.000000
vt 0.000000 1.000000
vt 0.000000 0.000000
vt 1.000000 0.000000
vt 0.000000 1.000000
vt 0.000000 0.000000
vt 1.000000 0.000000
vt 0.000000 1.000000
vt 0.000000 0.000000
vt 1.000000 0.000000
vt 0.000000 1.000000
vt 0.000000 0.000000
vt 1.000000 0.000000
vt 0.000000 1.000000
vt 0.000000 0.000000
vt 1.000000 0.000000
vt 0.000000 1.000000
vt 0.000000 0.000000
vt 1.000000 0.000000
vt 0.000000 1.000000
vt 0.000000 0.000000
vt 1.000000 0.000000
vt 0.000000 1.000000
vt 0.000000 0.000000
vt 1.000000 0.000000
vt 0.000000 1.000000
vt 0.000000 0.000000
vt 1.000000 0.000000
vt 0.000000 1.000000
vt 0.000000 0.000000
vt 1.000000 0.000000
vt 0.000000 1.000000
vt 0.000000 0.000000
vt 1.000000 0.000000
vt 0.000000 1.000000
vt 0.000000 0.000000
vt 1.000000 0.000000
vt 0.000000 1.000000
vt 0.000000 0.000000
vt 1.000000 0.000000
vt 0.000000 1.000000
vt 0.000000 0.000000
vt 1.000000 0.000000
vt 0.000000 1.000000
vt 0.000000 0.000000
vt 1.000000 0.000000
vt 0.000000 1.000000
vt 0.000000 0.000000
vt 1.000000 0.000000
vt 0.000000 1.000000
vt 0.000000 0.000000
vt 1.000000 0.000000
vt 0.000000 1.000000
vt 0.000000 0.000000
vt 1.000000 0.000000
vt 0.000000 1.000000
vt 0.000000 0.000000
vt 1.000000 0.000000
vt 0.000000 1.000000
vt 0.000000 0.000000
vt 1.000000 0.000000
vt 0.000000 1.000000
vt 0.000000 0.000000
vt 1.000000 0.000000
vt 0.000000 1.000000
vt 0.000000 0.000000
vt 1.000000 0.000000
vt 0.000000 1.000000
vt 0.000000 0.000000
vt 1.000000 0.000000
vt 0.000000 1.000000
vt 0.000000 0.000000
vt 1.000000 0.000000
vt 0.000000 1.000000
vt 0.000000 0.000000
vt 1.000000 0.000000
vt 0.000000 1.000000
vt 0.000000 0.000000
vt 1.000000 0.000000
vt 0.000000 1.000000
vt 0.000000 0.000000
vt 1.000000 0.000000
vt 0.000000 1.000000
vt 0.000000 0.000000
vt 1.000000 0.000000
vt 0.000000 1.000000
vt 0.000000 0.000000
vt 1.000000 0.000000
vt 0.000000 1.000000
vt 0.000000 0.000000
vt 1.000000 0.000000
vt 0.000000 1.000000
vt 0.000000 0.000000
vt 1.000000 0.000000
vt 0.000000 1.000000
vt 0.000000 0.000000
vt 1.000000 0.000000
vt 0.000000 1.000000
vt 0.000000 0.000000
vt 1.000000 0.000000
vt 0.000000 1.000000
vt 0.000000 0.000000
vt 1.000000 0.000000
vt 0.000000 1.000000
vt 0.000000 0.000000
vt 1.000000 0.000000
vt 0.000000 1.000000
vt 0.000000 0.000000
vt 1.000000 0.000000
vt 0.000000 1.000000
vt 0.000000 0.000000
vt 1.000000 0.000000
vt 0.000000 1.000000
vt 0.000000 0.000000
vt 1.000000 0.000000
vt 0.000000 1.000000
vt 0.000000 0.000000
vt 1.000000 0.000000
vt 0.000000 1.000000
vt 0.000000 0.000000
vt 1.000000 0.000000
vt 0.000000 1.000000
vt 0.000000 0.000000
vt 1.000000 0.000000
vt 0.000000 1.000000
vt 0.000000 0.000000
vt 1.000000 0.000000
vt 0.000000 1.000000
vt 0.000000 0.000000
vt 1.000000 0.000000
vt 0.000000 1.000000
vt 0.000000 0.000000
vt 1.000000 0.000000
vt 0.000000 1.000000
vt 0.000000 0.000000
vt 1.000000 0.000000
vt 0.000000 1.000000
vt 0.000000 0.000000
vt 1.000000 0.000000
vt 0.000000 1.000000
vt 0.000000 0.000000
vt 1.000000 0.000000
vt 0.000000 1.000000
vt 0.000000 0.000000
vt 1.000000 0.000000
vt 0.000000 1.000000
vt 0.000000 0.000000
vt 1.000000 0.000000
vt 0.000000 1.000000
vt 0.000000 0.000000
vt 1.000000 0.000000
vt 0.000000 1.000000
vt 0.000000 0.000000
vt 1.000000 0.000000
vt 0.000000 1.000000
vt 0.000000 0.000000
vt 1.000000 0.000000
vt 0.000000 1.000000
vt 0.000000 0.000000
vt 1.000000 0.000000
vt 0.000000 1.000000
vt 0.000000 0.000000
vt 1.000000 0.000000
vt 0.000000 1.000000
vt 0.000000 0.000000
vt 1.000000 0.000000
vt 0.000000 1.000000
vt 0.000000 0.000000
vt 1.000000 0.000000
vt 0.000000 1.000000
vt 0.000000 0.000000
vt 1.000000 0.000000
vt 0.000000 1.000000
vt 0.000000 0.000000
vt 1.000000 0.000000
vt 0.000000 1.000000
vt 0.000000 0.000000
vt 1.000000 0.000000
vt 0.000000 1.000000
vt 0.000000 0.000000
vt 1.000000 0.000000
vt 0.000000 1.000000
vt 0.000000 0.000000
vt 1.000000 0.000000
vt 0.000000 1.000000
vt 0.000000 0.000000
vt 1.000000 0.000000
vt 0.000000 1.000000
vt 0.000000 0.000000
vt 1.000000 0.000000
vt 0.000000 1.000000
vt 0.000000 0.000000
vt 1.000000 0.000000
vt 0.000000 1.000000
vt 0.000000 0.000000
vt 1.000000 0.000000
vt 0.000000 1.000000
vt 0.000000 0.000000
vt 1.000000 0.000000
vt 0.000000 1.000000
vt 0.000000 0.000000
vt 1.000000 0.000000
vt 0.000000 1.000000
vt 0.000000 0.000000
vt 1.000000 0.000000
vt 0.000000 1.000000
vt 0.000000 0.000000
vt 1.000000 0.000000
vt 0.000000 1.000000
vt 0.000000 0.000000
vt 1.000000 0.000000
vt 0.000000 1.000000
vt 0.000000 0.000000
vt 1.000000 0.000000
vt 0.000000 1.000000
vt 0.000000 0.000000
vt 1.000000 0.000000
vt 0.000000 1.000000
vt 0.000000 0.000000
vt 1.000000 0.000000
vt 0.000000 1.000000
vt 0.000000 0.000000
vt 1.000000 0.000000
vt 0.000000 1.000000
vt 0.000000 0.000000
vt 1.000000 0.000000
vt 0.000000 1.000000
vt 0.000000 0.000000
vt 1.000000 0.000000
vt 0.000000 1.000000
vt 0.000000 0.000000
vt 1.000000 0.000000
vt 0.000000 1.000000
vt 0.000000 0.000000
vt 1.000000 0.000000
vt 0.000000 1.000000
vt 0.000000 0.000000
vt 1.000000 0.000000
vt 0.000000 1.000000
vt 0.000000 0.000000
vt 1.000000 0.000000
vt 0.000000 1.000000
vt 0.000000 0.000000
vt 1.000000 0.000000
vt 0.000000 1.000000
vt 0.000000 0.000000
vt 1.000000 0.000000
vt 0.000000 1.000000
vt 0.000000 0.000000
vt 1.000000 0.000000
vt 0.000000 1.000000
vt 0.000000 0.000000
vt 1.000000 0.000000
vt 0.000000 1.000000
vt 0.000000 0.000000
vt 1.000000 0.000000
vt 0.000000 1.000000
vt 0.000000 0.000000
vt 1.000000 0.000000
vt 0.000000 1.000000
vt 0.000000 0.000000
vt 1.000000 0.000000
vt 0.000000 1.000000
vt 0.000000 0.000000
vt 1.000000 0.000000
vt 0.000000 1.000000
vt 0.000000 0.000000
vt 1.000000 0.000000
vt 0.000000 1.000000
vt 0.000000 0.000000
vt 1.000000 0.000000
vt 0.000000 1.000000
vt 0.000000 0.000000
vt 1.000000 0.000000
vt 0.000000 1.000000
vt 0.000000 0.000000
vt 1.000000 0.000000
vt 0.000000 1.000000
vt 0.000000 0.000000
vt 1.000000 0.000000
vt 0.000000 1.000000
vt 0.000000 0.000000
vt 1.000000 0.000000
vt 0.000000 1.000000
vt 0.000000 0.000000
vt 1.000000 0.000000
vt 0.000000 1.000000
vt 0.000000 0.000000
vt 1.000000 0.000000
vt 0.000000 1.000000
vt 0.000000 0.000000
vt 1.000000 0.000000
vt 0.000000 1.000000
vt 0.000000 0.000000
vt 1.000000 0.000000
vt 0.000000 1.000000
vt 0.000000 0.000000
vt 1.000000 0.000000
vt 0.000000 1.000000
vt 0.000000 0.000000
vt 1.000000 0.000000
vt 0.000000 1.000000
vt 0.000000 0.000000
vt 1.000000 0.000000
vt 0.000000 1.000000
vt 0.000000 0.000000
vt 1.000000 0.000000
vt 0.000000 1.000000
vt 0.000000 0.000000
vt 1.000000 0.000000
vt 0.000000 1.000000
vt 0.000000 0.000000
vt 1.000000 0.000000
vt 0.000000 1.000000
vt 0.000000 0.000000
vt 1.000000 0.000000
vt 0.000000 1.000000
vt 0.000000 0.000000
vt 1.000000 0.000000
vt 0.000000 1.000000
vt 0.000000 0.000000
vt 1.000000 0.000000
vt 0.000000 1.000000
vt 0.000000 0.000000
vt 1.000000 0.000000
vt 0.000000 1.000000
vt 0.000000 0.000000
vt 1.000000 0.000000
vt 0.000000 1.000000
vt 0.000000 0.000000
vt 1.000000 0.000000
vt 0.000000 1.000000
vt 0.000000 0.000000
vt 1.000000 0.000000
vt 0.000000 1.000000
vt 0.000000 0.000000
vt 1.000000 0.000000
vt 0.000000 1.000000
vt 0.000000 0.000000
vt 1.000000 0.000000
vt 0.000000 1.000000
vt 0.000000 0.000000
vt 1.000000 0.000000
vt 0.000000 1.000000
vt 0.000000 0.000000
vt 1.000000 0.000000
vt 0.000000 1.000000
vt 0.000000 0.000000
vt 1.000000 0.000000
vt 0.000000 1.000000
vt 0.000000 0.000000
vt 1.000000 0.000000
vt 0.000000 1.000000
vt 0.000000 0.000000
vt 1.000000 0.000000
vt 0.000000 1.000000
vt 0.000000 0.000000
vt 1.000000 0.000000
vt 0.000000 1.000000
vt 0.000000 0.000000
vt 1.000000 0.000000
vt 0.000000 1.000000
vt 0.000000 0.000000
vt 1.000000 0.000000
vt 0.000000 1.000000
vt 0.000000 0.000000
vt 1.000000 0.000000
vt 0.000000 1.000000
vt 0.000000 0.000000
vt 1.000000 0.000000
vt 0.000000 1.000000
vt 0.000000 0.000000
vt 1.000000 0.000000
vt 0.000000 1.000000
vt 0.000000 0.000000
vt 1.000000 0.000000
vt 0.000000 1.000000
vt 0.000000 0.000000
vt 1.000000 0.000000
vt 0.000000 1.000000
vt 0.000000 0.000000
vt 1.000000 0.000000
vt 0.000000 1.000000
vt 0.000000 0.000000
vt 1.000000 0.000000
vt 0.000000 1.000000
vt 0.000000 0.000000
vt 1.000000 0.000000
vt 0.000000 1.000000
vt 0.000000 0.000000
vt 1.000000 0.000000
vt 0.000000 1.000000
vt 0.000000 0.000000
vt 1.000000 0.000000
vt 0.000000 1.000000
vt 0.000000 0.000000
vt 1.000000 0.000000
vt 0.000000 1.000000
vt 0.000000 0.000000
vt 1.000000 0.000000
vt 0.000000 1.000000
vt 0.000000 0.000000
vt 1.000000 0.000000
vt 0.000000 1.000000
vt 0.000000 0.000000
vt 1.000000 0.000000
vt 0.000000 1.000000
vt 0.000000 0.000000
vt 1.000000 0.000000
vt 0.000000 1.000000
vt 0.000000 0.000000
vt 1.000000 0.000000
vt 0.000000 1.000000
vt 0.000000 0.000000
vt 1.000000 0.000000
vt 0.000000 1.000000
vt 0.000000 0.000000
vt 1.000000 0.000000
vt 0.000000 1.000000
vt 0.000000 0.000000
vt 1.000000 0.000000
vt 0.000000 1.000000
vt 0.000000 0.000000
vt 1.000000 0.000000
vt 0.000000 1.000000
vt 0.000000 0.000000
vt 1.000000 0.000000
vt 0.000000 1.000000
vt 0.000000 0.000000
vt 1.000000 0.000000
vt 0.000000 1.000000
vt 0.000000 0.000000
vt 1.000000 0.000000
vt 0.000000 1.000000
vt 0.000000 0.000000
vt 1.000000 0.000000
vt 0.000000 1.000000
vt 0.000000 0.000000
vt 1.000000 0.000000
vt 0.000000 1.000000
vt 0.000000 0.000000
vt 1.000000 0.000000
vt 0.000000 1.000000
vt 0.000000 0.000000
vt 1.000000 0.000000
vt 0.000000 1.000000
vt 0.000000 0.000000
vt 1.000000 0.000000
vt 0.000000 1.000000
vt 0.000000 0.000000
vt 1.000000 0.000000
vt 0.000000 1.000000
vt 0.000000 0.000000
vt 1.000000 0.000000
vt 0.000000 1.000000
vt 0.000000 0.000000
vt 1.000000 0.000000
vt 0.000000 1.000000
vt 0.000000 0.000000
vt 1.000000 0.000000
vt 0.000000 1.000000
vt 0.000000 0.000000
vt 1.000000 0.000000
vt 0.000000 1.000000
vt 0.000000 0.000000
vt 1.000000 0.000000
vt 0.000000 1.000000
vt 0.000000 0.000000
vt 1.000000 0.000000
vt 0.000000 1.000000
vt 0.000000 0.000000
vt 1.000000 0.000000
vt 0.000000 1.000000
vt 0.000000 0.000000
vt 1.000000 0.000000
vt 0.000000 1.000000
vt 0.000000 0.000000
vt 1.000000 0.000000
vt 0.000000 1.000000
vt 0.000000 0.000000
vt 1.000000 0.000000
vt 0.000000 1.000000
vt 0.000000 0.000000
vt 1.000000 0.000000
vt 0.000000 1.000000
vt 0.000000 0.000000
vt 1.000000 0.000000
vt 0.000000 1.000000
vt 0.000000 0.000000
vt 1.000000 0.000000
vt 0.000000 1.000000
vt 0.000000 0.000000
vt 1.000000 0.000000
vt 0.000000 1.000000
vt 0.000000 0.000000
vt 1.000000 0.000000
vt 0.000000 1.000000
vt 0.000000 0.000000
vt 1.000000 0.000000
vt 0.000000 1.000000
vt 0.000000 0.000000
vt 1.000000 0.000000
vt 0.000000 1.000000
vt 0.000000 0.000000
vt 1.000000 0.000000
vt 0.000000 1.000000
vt 0.000000 0.000000
vt 1.000000 0.000000
vt 0.000000 1.000000
vt 0.000000 0.000000
vt 1.000000 0.000000
vt 0.000000 1.000000
vt 0.000000 0.000000
vt 1.000000 0.000000
vt 0.000000 1.000000
vt 0.000000 0.000000
vt 1.000000 0.000000
vt 0.000000 1.000000
vt 0.000000 0.000000
vt 1.000000 0.000000
vt 0.000000 1.000000
vt 0.000000 0.000000
vt 1.000000 0.000000
vt 0.000000 1.000000
vt 0.000000 0.000000
vt 1.000000 0.000000
vt 0.000000 1.000000
vt 0.000000 0.000000
vt 1.000000 0.000000
vt 0.000000 1.000000
vt 0.000000 0.000000
vt 1.000000 0.000000
vt 0.000000 1.000000
vt 0.000000 0.000000
vt 1.000000 0.000000
vt 0.000000 1.000000
vt 0.000000 0.000000
vt 1.000000 0.000000
vt 0.000000 1.000000
vt 0.000000 0.000000
vt 1.000000 0.000000
vt 0.000000 1.000000
vt 0.000000 0.000000
vt 1.000000 0.000000
vt 0.000000 1.000000
vt 0.000000 0.000000
vt 1.000000 0.000000
vt 0.000000 1.000000
vt 0.000000 0.000000
vt 1.000000 0.000000
vt 0.000000 1.000000
vt 0.000000 0.000000
vt 1.000000 0.000000
vt 0.000000 1.000000
vt 0.000000 0.000000
vt 1.000000 0.000000
vt 0.000000 1.000000
vt 0.000000 0.000000
vt 1.000000 0.000000
vt 0.000000 1.000000
vt 0.000000 0.000000
vt 1.000000 0.000000
vt 0.000000 1.000000
vt 0.000000 0.000000
vt 1.000000 0.000000
vt 0.000000 1.000000
vt 0.000000 0.000000
vt 1.000000 0.000000
vt 0.000000 1.000000
vt 0.000000 0.000000
vt 1.000000 0.000000
vt 0.000000 1.000000
vt 0.000000 0.000000
vt 1.000000 0.000000
vt 0.000000 1.000000
vt 0.000000 0.000000
vt 1.000000 0.000000
vt 0.000000 1.000000
vt 0.000000 0.000000
vt 1.000000 0.000000
vt 0.000000 1.000000
vt 0.000000 0.000000
vt 1.000000 0.000000
vt 0.000000 1.000000
vt 0.000000 0.000000
vt 1.000000 0.000000
vt 0.000000 1.000000
vt 0.000000 0.000000
vt 1.000000 0.000000
vt 0.000000 1.000000
vt 0.000000 0.000000
vt 1.000000 0.000000
vt 0.000000 1.000000
vt 0.000000 0.000000
vt 1.000000 0.000000
vt 0.000000 1.000000
vt 0.000000 0.000000
vt 1.000000 0.000000
vt 0.000000 1.000000
vt 0.000000 0.000000
vt 1.000000 0.000000
vt 0.000000 1.000000
vt 0.000000 0.000000
vt 1.000000 0.000000
vt 0.000000 1.000000
vt 0.000000 0.000000
vt 1.000000 0.000000
vt 0.000000 1.000000
vt 0.000000 0.000000
vt 1.000000 0.000000
vt 0.000000 1.000000
vt 0.000000 0.000000
vt 1.000000 0.000000
vt 0.000000 1.000000
vt 0.000000 0.000000
vt 1.000000 0.000000
vt 0.000000 1.000000
vt 0.000000 0.000000
vt 1.000000 0.000000
vt 0.000000 1.000000
vt 0.000000 0.000000
vt 1.000000 0.000000
vt 0.000000 1.000000
vt 0.000000 0.000000
vt 1.000000 0.000000
vt 0.000000 1.000000
vt 0.000000 0.000000
vt 1.000000 0.000000
vt 0.000000 1.000000
vt 0.000000 0.000000
vt 1.000000 0.000000
vt 0.000000 1.000000
vt 0.000000 0.000000
vt 1.000000 0.000000
vt 0.000000 1.000000
vt 0.000000 0.000000
vt 1.000000 0.000000
vt 0.000000 1.000000
vt 0.000000 0.000000
vt 1.000000 0.000000
vt 0.000000 1.000000
vt 0.000000 0.000000
vt 1.000000 0.000000
vt 0.000000 1.000000
vt 0.000000 0.000000
vt 1.000000 0.000000
vt 0.000000 1.000000
vt 0.000000 0.000000
vt 1.000000 0.000000
vt 0.000000 1.000000
vt 0.000000 0.000000
vt 1.000000 0.000000
vt 0.000000 1.000000
vt 0.000000 0.000000
vt 1.000000 0.000000
vt 0.000000 1.000000
vt 0.000000 0.000000
vt 1.000000 0.000000
vt 0.000000 1.000000
vt 0.000000 0.000000
vt 1.000000 0.000000
vt 0.000000 1.000000
vt 0.000000 0.000000
vt 1.000000 0.000000
vt 0.000000 1.000000
vt 0.000000 0.000000
vt 1.000000 0.000000
vt 0.000000 1.000000
vt 0.000000 0.000000
vt 1.000000 0.000000
vt 0.000000 1.000000
vt 0.000000 0.000000
vt 1.000000 0.000000
vt 0.000000 1.000000
vt 0.000000 0.000000
vt 1.000000 0.000000
vt 0.000000 1.000000
vt 0.000000 0.000000
vt 1.000000 0.000000
vt 0.000000 1.000000
vt 0.000000 0.000000
vt 1.000000 0.000000
vt 0.000000 1.000000
vt 0.000000 0.000000
vt 1.000000 0.000000
vt 0.000000 1.000000
vt 0.000000 0.000000
vt 1.000000 0.000000
vt 0.000000 1.000000
vt 0.000000 0.000000
vt 1.000000 0.000000
vt 0.000000 1.000000
vt 0.000000 0.000000
vt 1.000000 0.000000
vt 0.000000 1.000000
vt 0.000000 0.000000
vt 1.000000 0.000000
vt 0.000000 1.000000
vt 0.000000 0.000000
vt 1.000000 0.000000
vt 0.000000 1.000000
vt 0.000000 0.000000
vt 1.000000 0.000000
vt 0.000000 1.000000
vt 0.000000 0.000000
vt 1.000000 0.000000
vt 0.000000 1.000000
vt 0.000000 0.000000
vt 1.000000 0.000000
vt 0.000000 1.000000
vt 0.000000 0.000000
vt 1.000000 0.000000
vt 0.000000 1.000000
vt 0.000000 0.000000
vt 1.000000 0.000000
vt 0.000000 1.000000
vt 0.000000 0.000000
vt 1.000000 0.000000
vt 0.000000 1.000000
vt 0.000000 0.000000
vt 1.000000 0.000000
vt 0.000000 1.000000
vt 0.000000 0.000000
vt 1.000000 0.000000
vt 0.000000 1.000000
vt 0.000000 0.000000
vt 1.000000 0.000000
vt 0.000000 1.000000
vt 0.000000 0.000000
vt 1.000000 0.000000
vt 0.000000 1.000000
vt 0.000000 0.000000
vt 1.000000 0.000000
vt 0.000000 1.000000
vt 0.000000 0.000000
vt 1.000000 0.000000
vt 0.000000 1.000000
vt 0.000000 0.000000
vt 1.000000 0.000000
vt 0.000000 1.000000
vt 0.000000 0.000000
vt 1.000000 0.000000
vt 0.000000 1.000000
vt 0.000000 0.000000
vt 1.000000 0.000000
vt 0.000000 1.000000
vt 0.000000 0.000000
vt 1.000000 0.000000
vt 0.000000 1.000000
vt 0.000000 0.000000
vt 1.000000 0.000000
vt 0.000000 1.000000
vt 0.000000 0.000000
vt 1.000000 0.000000
vt 0.000000 1.000000
vt 0.000000 0.000000
vt 1.000000 0.000000
vt 0.000000 1.000000
vt 0.000000 0.000000
vt 1.000000 0.000000
vt 0.000000 1.000000
vt 0.000000 0.000000
vt 1.000000 0.000000
vt 0.000000 1.000000
vt 0.000000 0.000000
vt 1.000000 0.000000
vt 0.000000 1.000000
vt 0.000000 0.000000
vt 1.000000 0.000000
vt 0.000000 1.000000
vt 0.000000 0.000000
vt 1.000000 0.000000
vt 0.000000 1.000000
vt 0.000000 0.000000
vt 1.000000 0.000000
vt 0.000000 1.000000
vt 0.000000 0.000000
vt 1.000000 0.000000
vt 0.000000 1.000000
vt 0.000000 0.000000
vt 1.000000 0.000000
vt 0.000000 1.000000
vt 0.000000 0.000000
vt 1.000000 0.000000
vt 0.000000 1.000000
vt 0.000000 0.000000
vt 1.000000 0.000000
vt 0.000000 1.000000
vt 0.000000 0.000000
vt 1.000000 0.000000
vt 0.000000 1.000000
vt 0.000000 0.000000
vt 1.000000 0.000000
vt 0.000000 1.000000
vt 0.000000 0.000000
vt 1.000000 0.000000
vt 0.000000 1.000000
vt 0.000000 0.000000
vt 1.000000 0.000000
vt 0.000000 1.000000
vt 0.000000 0.000000
vt 1.000000 0.000000
vt 0.000000 1.000000
vt 0.000000 0.000000
vt 1.000000 0.000000
vt 0.000000 1.000000
vt 0.000000 0.000000
vt 1.000000 0.000000
vt 0.000000 1.000000
vt 0.000000 0.000000
vt 1.000000 0.000000
vt 0.000000 1.000000
vt 0.000000 0.000000
vt 1.000000 0.000000
vt 0.000000 1.000000
vt 0.000000 0.000000
vt 1.000000 0.000000
vt 0.000000 1.000000
vt 0.000000 0.000000
vt 1.000000 0.000000
vt 0.000000 1.000000
vt 0.000000 0.000000
vt 1.000000 0.000000
vt 0.000000 1.000000
vt 0.000000 0.000000
vt 1.000000 0.000000
vt 0.000000 1.000000
vt 0.000000 0.000000
vt 1.000000 0.000000
vt 0.000000 1.000000
vt 0.000000 0.000000
vt 1.000000 0.000000
vt 0.000000 1.000000
vt 0.000000 0.000000
vt 1.000000 0.000000
vt 0.000000 1.000000
vt 0.000000 0.000000
vt 1.000000 0.000000
vt 0.000000 1.000000
vt 0.000000 0.000000
vt 1.000000 0.000000
vt 0.000000 1.000000
vt 0.000000 0.000000
vt 1.000000 0.000000
vt 0.000000 1.000000
vt 0.000000 0.000000
vt 1.000000 0.000000
vt 0.000000 1.000000
vt 0.000000 0.000000
vt 1.000000 0.000000
vt 0.000000 1.000000
vt 0.000000 0.000000
vt 1.000000 0.000000
vt 0.000000 1.000000
vt 0.000000 0.000000
vt 1.000000 0.000000
vt 0.000000 1.000000
vt 0.000000 0.000000
vt 1.000000 0.000000
vt 0.000000 1.000000
vt 0.000000 0.000000
vt 1.000000 0.000000
vt 0.000000 1.000000
vt 0.000000 0.000000
vt 1.000000 0.000000
vt 0.000000 1.000000
vt 0.000000 0.000000
vt 1.000000 0.000000
vt 0.000000 1.000000
vt 0.000000 0.000000
vt 1.000000 0.000000
vt 0.000000 1.000000
vt 0.000000 0.000000
vt 1.000000 0.000000
vt 0.000000 1.000000
vt 0.000000 0.000000
vt 1.000000 0.000000
vt 0.000000 1.000000
vt 0.000000 0.000000
vt 1.000000 0.000000
vt 0.000000 1.000000
vt 0.000000 0.000000
vt 1.000000 0.000000
vt 0.000000 1.000000
vt 0.000000 0.000000
vt 1.000000 0.000000
vt 0.000000 1.000000
vt 0.000000 0.000000
vt 1.000000 0.000000
vt 0.000000 1.000000
vt 0.000000 0.000000
vt 1.000000 0.000000
vt 0.000000 1.000000
vt 0.000000 0.000000
vt 1.000000 0.000000
vt 0.000000 1.000000
vt 0.000000 0.000000
vt 1.000000 0.000000
vt 0.000000 1.000000
vt 0.000000 0.000000
vt 1.000000 0.000000
vt 0.000000 1.000000
vt 0.000000 0.000000
vt 1.000000 0.000000
vt 0.000000 1.000000
vt 0.000000 0.000000
vt 1.000000 0.000000
vt 0.000000 1.000000
vt 0.000000 0.000000
vt 1.000000 0.000000
vt 0.000000 1.000000
vt 0.000000 0.000000
vt 1.000000 0.000000
vt 0.000000 1.000000
vt 0.000000 0.000000
vt 1.000000 0.000000
vt 0.000000 1.000000
vt 0.000000 0.000000
vt 1.000000 0.000000
vt 0.000000 1.000000
vt 0.000000 0.000000
vt 1.000000 0.000000
vt 0.000000 1.000000
vt 0.000000 0.000000
vt 1.000000 0.000000
vt 0.000000 1.000000
vt 0.000000 0.000000
vt 1.000000 0.000000
vt 0.000000 1.000000
vt 0.000000 0.000000
vt 1.000000 0.000000
vt 0.000000 1.000000
vt 0.000000 0.000000
vt 1.000000 0.000000
vt 0.000000 1.000000
vt 0.000000 0.000000
vt 1.000000 0.000000
vt 0.000000 1.000000
vt 0.000000 0.000000
vt 1.000000 0.000000
vt 0.000000 1.000000
vt 0.000000 0.000000
vt 1.000000 0.000000
vt 0.000000 1.000000
vt 0.000000 0.000000
vt 1.000000 0.000000
vt 0.000000 1.000000
vt 0.000000 0.000000
vt 1.000000 0.000000
vt 0.000000 1.000000
vt 0.000000 0.000000
vt 1.000000 0.000000
vt 0.000000 1.000000
vt 0.000000 0.000000
vt 1.000000 0.000000
vt 0.000000 1.000000
vt 0.000000 0.000000
vt 1.000000 0.000000
vt 0.000000 1.000000
vt 0.000000 0.000000
vt 1.000000 0.000000
vt 0.000000 1.000000
vt 0.000000 0.000000
vt 1.000000 0.000000
vt 0.000000 1.000000
vt 0.000000 0.000000
vt 1.000000 0.000000
vt 0.000000 1.000000
vt 0.000000 0.000000
vt 1.000000 0.000000
vt 0.000000 1.000000
vt 0.000000 0.000000
vt 1.000000 0.000000
vt 0.000000 1.000000
vt 0.000000 0.000000
vt 1.000000 0.000000
vt 0.000000 1.000000
vt 0.000000 0.000000
vt 1.000000 0.000000
vt 0.000000 1.000000
vt 0.000000 0.000000
vt 1.000000 0.000000
vt 0.000000 1.000000
vt 0.000000 0.000000
vt 1.000000 0.000000
vt 0.000000 1.000000
vt 0.000000 0.000000
vt 1.000000 0.000000
vt 0.000000 1.000000
vt 0.000000 0.000000
vt 1.000000 0.000000
vt 0.000000 1.000000
vt 0.000000 0.000000
vt 1.000000 0.000000
vt 0.000000 1.000000
vt 0.000000 0.000000
vt 1.000000 0.000000
vt 0.000000 1.000000
vt 0.000000 0.000000
vt 1.000000 0.000000
vt 0.000000 1.000000
vt 0.000000 0.000000
vt 1.000000 0.000000
vt 0.000000 1.000000
vt 0.000000 0.000000
vt 1.000000 0.000000
vt 0.000000 1.000000
vt 0.000000 0.000000
vt 1.000000 0.000000
vt 0.000000 1.000000
vt 0.000000 0.000000
vt 1.000000 0.000000
vt 0.000000 1.000000
vt 0.000000 0.000000
vt 1.000000 0.000000
vt 0.000000 1.000000
vt 0.000000 0.000000
vt 1.000000 0.000000
vt 0.000000 1.000000
vt 0.000000 0.000000
vt 1.000000 0.000000
vt 0.000000 1.000000
vt 0.000000 0.000000
vt 1.000000 0.000000
vt 0.000000 1.000000
vt 0.000000 0.000000
vt 1.000000 0.000000
vt 0.000000 1.000000
vt 0.000000 0.000000
vt 1.000000 0.000000
vt 0.000000 1.000000
vt 0.000000 0.000000
vt 1.000000 0.000000
vt 0.000000 1.000000
vt 0.000000 0.000000
vt 1.000000 0.000000
vt 0.000000 1.000000
vt 0.000000 0.000000
vt 1.000000 0.000000
vt 0.000000 1.000000
vt 0.000000 0.000000
vt 1.000000 0.000000
vt 0.000000 1.000000
vt 0.000000 0.000000
vt 1.000000 0.000000
vt 0.000000 1.000000
vt 0.000000 0.000000
vt 1.000000 0.000000
vt 0.000000 1.000000
vt 0.000000 0.000000
vt 1.000000 0.000000
vt 0.000000 1.000000
vt 0.000000 0.000000
vt 1.000000 0.000000
vt 0.000000 1.000000
vt 0.000000 0.000000
vt 1.000000 0.000000
vt 0.000000 1.000000
vt 0.000000 0.000000
vt 1.000000 0.000000
vt 0.000000 1.000000
vt 0.000000 0.000000
vt 1.000000 0.000000
vt 0.000000 1.000000
vt 0.000000 0.000000
vt 1.000000 0.000000
vt 0.000000 1.000000
vt 0.000000 0.000000
vt 1.000000 0.000000
vt 0.000000 1.000000
vt 0.000000 0.000000
vt 1.000000 0.000000
vt 0.000000 1.000000
vt 0.000000 0.000000
vt 1.000000 0.000000
vt 0.000000 1.000000
vt 0.000000 0.000000
vt 1.000000 0.000000
vt 0.000000 1.000000
vt 0.000000 0.000000
vt 1.000000 0.000000
vt 0.000000 1.000000
vt 0.000000 0.000000
vt 1.000000 0.000000
vt 0.000000 1.000000
vt 0.000000 0.000000
vt 1.000000 0.000000
vt 0.000000 1.000000
vt 0.000000 0.000000
vt 1.000000 0.000000
vt 0.000000 1.000000
vt 0.000000 0.000000
vt 1.000000 0.000000
vt 0.000000 1.000000
vt 0.000000 0.000000
vt 1.000000 0.000000
vt 0.000000 1.000000
vt 0.000000 0.000000
vt 1.000000 0.000000
vt 0.000000 1.000000
vt 0.000000 0.000000
vt 1.000000 0.000000
vt 0.000000 1.000000
vt 0.000000 0.000000
vt 1.000000 0.000000
vt 0.000000 1.000000
vt 0.000000 0.000000
vt 1.000000 0.000000
vt 0.000000 1.000000
vt 0.000000 0.000000
vt 1.000000 0.000000
vt 0.000000 1.000000
vt 0.000000 0.000000
vt 1.000000 0.000000
vt 0.000000 1.000000
vt 0.000000 0.000000
vt 1.000000 0.000000
vt 0.000000 1.000000
vt 0.000000 0.000000
vt 1.000000 0.000000
vt 0.000000 1.000000
vt 0.000000 0.000000
vt 1.000000 0.000000
vt 0.000000 1.000000
vt 0.000000 0.000000
vt 1.000000 0.000000
vt 0.000000 1.000000
vt 0.000000 0.000000
vt 1.000000 0.000000
vt 0.000000 1.000000
vt 0.000000 0.000000
vt 1.000000 0.000000
vt 0.000000 1.000000
vt 0.000000 0.000000
vt 1.000000 0.000000
vt 0.000000 1.000000
vt 0.000000 0.000000
vt 1.000000 0.000000
vt 0.000000 1.000000
vt 0.000000 0.000000
vt 1.000000 0.000000
vt 0.000000 1.000000
vt 0.000000 0.000000
vt 1.000000 0.000000
vt 0.000000 1.000000
vt 0.000000 0.000000
vt 1.000000 0.000000
vt 0.000000 1.000000
vt 0.000000 0.000000
vt 1.000000 0.000000
vt 0.000000 1.000000
vt 0.000000 0.000000
vt 1.000000 0.000000
vt 0.000000 1.000000
vt 0.000000 0.000000
vt 1.000000 0.000000
vt 0.000000 1.000000
vt 0.000000 0.000000
vt 1.000000 0.000000
vt 0.000000 1.000000
vt 0.000000 0.000000
vt 1.000000 0.000000
vt 0.000000 1.000000
vt 0.000000 0.000000
vt 1.000000 0.000000
vt 0.000000 1.000000
vt 0.000000 0.000000
vt 1.000000 0.000000
vt 0.000000 1.000000
vt 0.000000 0.000000
vt 1.000000 0.000000
vt 0.000000 1.000000
vt 0.000000 0.000000
vt 1.000000 0.000000
vt 0.000000 1.000000
vt 0.000000 0.000000
vt 1.000000 0.000000
vt 0.000000 1.000000
vt 0.000000 0.000000
vt 1.000000 0.000000
vt 0.000000 1.000000
vt 0.000000 0.000000
vt 1.000000 0.000000
vt 0.000000 1.000000
vt 0.000000 0.000000
vt 1.000000 0.000000
vt 0.000000 1.000000
vt 0.000000 0.000000
vt 1.000000 0.000000
vt 0.000000 1.000000
vt 0.000000 0.000000
vt 1.000000 0.000000
vt 0.000000 1.000000
vt 0.000000 0.000000
vt 1.000000 0.000000
vt 0.000000 1.000000
vt 0.000000 0.000000
vt 1.000000 0.000000
vt 0.000000 1.000000
vt 0.000000 0.000000
vt 1.000000 0.000000
vt 0.000000 1.000000
vt 0.000000 0.000000
vt 1.000000 0.000000
vt 0.000000 1.000000
vt 0.000000 0.000000
vt 1.000000 0.000000
vt 0.000000 1.000000
vt 0.000000 0.000000
vt 1.000000 0.000000
vt 0.000000 1.000000
vt 0.000000 0.000000
vt 1.000000 0.000000
vt 0.000000 1.000000
vt 0.000000 0.000000
vt 1.000000 0.000000
vt 0.000000 1.000000
vt 0.000000 0.000000
vt 1.000000 0.000000
vt 0.000000 1.000000
vt 0.000000 0.000000
vt 1.000000 0.000000
vt 0.000000 1.000000
vt 0.000000 0.000000
vt 1.000000 0.000000
vt 0.000000 1.000000
vt 0.000000 0.000000
vt 1.000000 0.000000
vt 0.000000 1.000000
vt 0.000000 0.000000
vt 1.000000 0.000000
vt 0.000000 1.000000
vt 0.000000 0.000000
vt 1.000000 0.000000
vt 0.000000 1.000000
vt 0.000000 0.000000
vt 1.000000 0.000000
vt 0.000000 1.000000
vt 0.000000 0.000000
vt 1.000000 0.000000
vt 0.000000 1.000000
vt 0.000000 0.000000
vt 1.000000 0.000000
vt 0.000000 1.000000
vt 0.000000 0.000000
vt 1.000000 0.000000
vt 0.000000 1.000000
vt 0.000000 0.000000
vt 1.000000 0.000000
vt 0.000000 1.000000
vt 0.000000 0.000000
vt 1.000000 0.000000
vt 0.000000 1.000000
vt 0.000000 0.000000
vt 1.000000 0.000000
vt 0.000000 1.000000
vt 0.000000 0.000000
vt 1.000000 0.000000
vt 0.000000 1.000000
vt 0.000000 0.000000
vt 1.000000 0.000000
vt 0.000000 1.000000
vt 0.000000 0.000000
vt 1.000000 0.000000
vt 0.000000 1.000000
vt 0.000000 0.000000
vt 1.000000 0.000000
vt 0.000000 1.000000
vt 0.000000 0.000000
vt 1.000000 0.000000
vt 0.000000 1.000000
vt 0.000000 0.000000
vt 1.000000 0.000000
vt 0.000000 1.000000
vt 0.000000 0.000000
vt 1.000000 0.000000
vt 0.000000 1.000000
vt 0.000000 0.000000
vt 1.000000 0.000000
vt 0.000000 1.000000
vt 0.000000 0.000000
vt 1.000000 0.000000
vt 0.000000 1.000000
vt 0.000000 0.000000
vt 1.000000 0.000000
vt 0.000000 1.000000
vt 0.000000 0.000000
vt 1.000000 0.000000
vt 0.000000 1.000000
vt 0.000000 0.000000
vt 1.000000 0.000000
vt 0.000000 1.000000
vt 0.000000 0.000000
vt 1.000000 0.000000
vt 0.000000 1.000000
vt 0.000000 0.000000
vt 1.000000 0.000000
vt 0.000000 1.000000
vt 0.000000 0.000000
vt 1.000000 0.000000
vt 0.000000 1.000000
vt 0.000000 0.000000
vt 1.000000 0.000000
vt 0.000000 1.000000
vt 0.000000 0.000000
vt 1.000000 0.000000
vt 0.000000 1.000000
vt 0.000000 0.000000
vt 1.000000 0.000000
vt 0.000000 1.000000
vt 0.000000 0.000000
vt 1.000000 0.000000
vt 0.000000 1.000000
vt 0.000000 0.000000
vt 1.000000 0.000000
vt 0.000000 1.000000
vt 0.000000 0.000000
vt 1.000000 0.000000
vt 0.000000 1.000000
vt 0.000000 0.000000
vt 1.000000 0.000000
vt 0.000000 1.000000
vt 0.000000 0.000000
vt 1.000000 0.000000
vt 0.000000 1.000000
vt 0.000000 0.000000
vt 1.000000 0.000000
vt 0.000000 1.000000
vt 0.000000 0.000000
vt 1.000000 0.000000
vt 0.000000 1.000000
vt 0.000000 0.000000
vt 1.000000 0.000000
vt 0.000000 1.000000
vt 0.000000 0.000000
vt 1.000000 0.000000
vt 0.000000 1.000000
vt 0.000000 0.000000
vt 1.000000 0.000000
vt 0.000000 1.000000
vt 0.000000 0.000000
vt 1.000000 0.000000
vt 0.000000 1.000000
vt 0.000000 0.000000
vt 1.000000 0.000000
vt 0.000000 1.000000
vt 0.000000 0.000000
vt 1.000000 0.000000
vt 0.000000 1.000000
vt 0.000000 0.000000
vt 1.000000 0.000000
vt 0.000000 1.000000
vt 0.000000 0.000000
vt 1.000000 0.000000
vt 0.000000 1.000000
vt 0.000000 0.000000
vt 1.000000 0.000000
vt 0.000000 1.000000
vt 0.000000 0.000000
vt 1.000000 0.000000
vt 0.000000 1.000000
vt 0.000000 0.000000
vt 1.000000 0.000000
vt 0.000000 1.000000
vt 0.000000 0.000000
vt 1.000000 0.000000
vt 0.000000 1.000000
vt 0.000000 0.000000
vt 1.000000 0.000000
vt 0.000000 1.000000
vt 0.000000 0.000000
vt 1.000000 0.000000
vt 0.000000 1.000000
vt 0.000000 0.000000
vt 1.000000 0.000000
vt 0.000000 1.000000
vt 0.000000 0.000000
vt 1.000000 0.000000
vt 0.000000 1.000000
vt 0.000000 0.000000
vt 1.000000 0.000000
vt 0.000000 1.000000
vt 0.000000 0.000000
vt 1.000000 0.000000
vt 0.000000 1.000000
vt 0.000000 0.000000
vt 1.000000 0.000000
vt 0.000000 1.000000
vt 0.000000 0.000000
vt 1.000000 0.000000
vt 0.000000 1.000000
vt 0.000000 0.000000
vt 1.000000 0.000000
vt 0.000000 1.000000
vt 0.000000 0.000000
vt 1.000000 0.000000
vt 0.000000 1.000000
vt 0.000000 0.000000
vt 1.000000 0.000000
vt 0.000000 1.000000
vt 0.000000 0.000000
vt 1.000000 0.000000
vt 0.000000 1.000000
vt 0.000000 0.000000
vt 1.000000 0.000000
vt 0.000000 1.000000
vt 0.000000 0.000000
vt 1.000000 0.000000
vt 0.000000 1.000000
vt 0.000000 0.000000
vt 1.000000 0.000000
vt 0.000000 1.000000
vt 0.000000 0.000000
vt 1.000000 0.000000
vt 0.000000 1.000000
vt 0.000000 0.000000
vt 1.000000 0.000000
vt 0.000000 1.000000
vt 0.000000 0.000000
vt 1.000000 0.000000
vt 0.000000 1.000000
vt 0.000000 0.000000
vt 1.000000 0.000000
vt 0.000000 1.000000
vt 0.000000 0.000000
vt 1.000000 0.000000
vt 0.000000 1.000000
vt 0.000000 0.000000
vt 1.000000 0.000000
vt 0.000000 1.000000
vt 0.000000 0.000000
vt 1.000000 0.000000
vt 0.000000 1.000000
vt 0.000000 0.000000
vt 1.000000 0.000000
vt 0.000000 1.000000
vt 0.000000 0.000000
vt 1.000000 0.000000
vt 0.000000 1.000000
vt 0.000000 0.000000
vt 1.000000 0.000000
vt 0.000000 1.000000
vt 0.000000 0.000000
vt 1.000000 0.000000
vt 0.000000 1.000000
vt 0.000000 0.000000
vt 1.000000 0.000000
vt 0.000000 1.000000
vt 0.000000 0.000000
vt 1.000000 0.000000
vt 0.000000 1.000000
vt 0.000000 0.000000
vt 1.000000 0.000000
vt 0.000000 1.000000
vt 0.000000 0.000000
vt 1.000000 0.000000
vt 0.000000 1.000000
vt 0.000000 0.000000
vt 1.000000 0.000000
vt 0.000000 1.000000
vt 0.000000 0.000000
vt 1.000000 0.000000
vt 0.000000 1.000000
vt 0.000000 0.000000
vt 1.000000 0.000000
vt 0.000000 1.000000
vt 0.000000 0.000000
vt 1.000000 0.000000
vt 0.000000 1.000000
vt 0.000000 0.000000
vt 1.000000 0.000000
vt 0.000000 1.000000
vt 0.000000 0.000000
vt 1.000000 0.000000
vt 0.000000 1.000000
vt 0.000000 0.000000
vt 1.000000 0.000000
vt 0.000000 1.000000
vt 0.000000 0.000000
vt 1.000000 0.000000
vt 0.000000 1.000000
vt 0.000000 0.000000
vt 1.000000 0.000000
vt 0.000000 1.000000
vt 0.000000 0.000000
vt 1.000000 0.000000
vt 0.000000 1.000000
vt 0.000000 0.000000
vt 1.000000 0.000000
vt 0.000000 1.000000
vt 0.000000 0.000000
vt 1.000000 0.000000
vt 0.000000 1.000000
vt 0.000000 0.000000
vt 1.000000 0.000000
vt 0.000000 1.000000
vt 0.000000 0.000000
vt 1.000000 0.000000
vt 0.000000 1.000000
vt 0.000000 0.000000
vt 1.000000 0.000000
vt 0.000000 1.000000
vt 0.000000 0.000000
vt 1.000000 0.000000
vt 0.000000 1.000000
vt 0.000000 0.000000
vt 1.000000 0.000000
vt 0.000000 1.000000
vt 0.000000 0.000000
vt 1.000000 0.000000
vt 0.000000 1.000000
vt 0.000000 0.000000
vt 1.000000 0.000000
vt 0.000000 1.000000
vt 0.000000 0.000000
vt 1.000000 0.000000
vt 0.000000 1.000000
vt 0.000000 0.000000
vt 1.000000 0.000000
vt 0.000000 1.000000
vt 0.000000 0.000000
vt 1.000000 0.000000
vt 0.000000 1.000000
vt 0.000000 0.000000
vt 1.000000 0.000000
vt 0.000000 1.000000
vt 0.000000 0.000000
vt 1.000000 0.000000
vt 0.000000 1.000000
vt 0.000000 0.000000
vt 1.000000 0.000000
vt 0.000000 1.000000
vt 0.000000 0.000000
vt 1.000000 0.000000
vt 0.000000 1.000000
vt 0.000000 0.000000
vt 1.000000 0.000000
vt 0.000000 1.000000
vt 0.000000 0.000000
vt 1.000000 0.000000
vt 0.000000 1.000000
vt 0.000000 0.000000
vt 1.000000 0.000000
vt 0.000000 1.000000
vt 0.000000 0.000000
vt 1.000000 0.000000
vt 0.000000 1.000000
vt 0.000000 0.000000
vt 1.000000 0.000000
vt 0.000000 1.000000
vt 0.000000 0.000000
vt 1.000000 0.000000
vt 0.000000 1.000000
vt 0.000000 0.000000
vt 1.000000 0.000000
vt 0.000000 1.000000
vt 0.000000 0.000000
vt 1.000000 0.000000
vt 0.000000 1.000000
vt 0.000000 0.000000
vt 1.000000 0.000000
vt 0.000000 1.000000
vt 0.000000 0.000000
vt 1.000000 0.000000
vt 0.000000 1.000000
vt 0.000000 0.000000
vt 1.000000 0.000000
vt 0.000000 1.000000
vt 0.000000 0.000000
vt 1.000000 0.000000
vt 0.000000 1.000000
vt 0.000000 0.000000
vt 1.000000 0.000000
vt 0.000000 1.000000
vt 0.000000 0.000000
vt 1.000000 0.000000
vt 0.000000 1.000000
vt 0.000000 0.000000
vt 1.000000 0.000000
vt 0.000000 1.000000
vt 0.000000 0.000000
vt 1.000000 0.000000
vt 0.000000 1.000000
vt 0.000000 0.000000
vt 1.000000 0.000000
vt 0.000000 1.000000
vt 0.000000 0.000000
vt 1.000000 0.000000
vt 0.000000 1.000000
vt 0.000000 0.000000
vt 1.000000 0.000000
vt 0.000000 1.000000
vt 0.000000 0.000000
vt 1.000000 0.000000
vt 0.000000 1.000000
vt 0.000000 0.000000
vt 1.000000 0.000000
vt 0.000000 1.000000
vt 0.000000 0.000000
vt 1.000000 0.000000
vt 0.000000 1.000000
vt 0.000000 0.000000
vt 1.000000 0.000000
vt 0.000000 1.000000
vt 0.000000 0.000000
vt 1.000000 0.000000
vt 0.000000 1.000000
vt 0.000000 0.000000
vt 1.000000 0.000000
vt 0.000000 1.000000
vt 0.000000 0.000000
vt 1.000000 0.000000
vt 0.000000 1.000000
vt 0.000000 0.000000
vt 1.000000 0.000000
vt 0.000000 1.000000
vt 0.000000 0.000000
vt 1.000000 0.000000
vt 0.000000 1.000000
vt 0.000000 0.000000
vt 1.000000 0.000000
vt 0.000000 1.000000
vt 0.000000 0.000000
vt 1.000000 0.000000
vt 0.000000 1.000000
vt 0.000000 0.000000
vt 1.000000 0.000000
vt 0.000000 1.000000
vt 0.000000 0.000000
vt 1.000000 0.000000
vt 0.000000 1.000000
vt 0.000000 0.000000
vt 1.000000 0.000000
vt 0.000000 1.000000
vt 0.000000 0.000000
vt 1.000000 0.000000
vt 0.000000 1.000000
vt 0.000000 0.000000
vt 1.000000 0.000000
vt 0.000000 1.000000
vt 0.000000 0.000000
vt 1.000000 0.000000
vt 0.000000 1.000000
vt 0.000000 0.000000
vt 1.000000 0.000000
vt 0.000000 1.000000
vt 0.000000 0.000000
vt 1.000000 0.000000
vt 0.000000 1.000000
vt 0.000000 0.000000
vt 1.000000 0.000000
vt 0.000000 1.000000
vt 0.000000 0.000000
vt 1.000000 0.000000
vt 0.000000 1.000000
vt 0.000000 0.000000
vt 1.000000 0.000000
vt 0.000000 1.000000
vt 0.000000 0.000000
vt 1.000000 0.000000
vt 0.000000 1.000000
vt 0.000000 0.000000
vt 1.000000 0.000000
vt 0.000000 1.000000
vt 0.000000 0.000000
vt 1.000000 0.000000
vt 0.000000 1.000000
vt 0.000000 0.000000
vt 1.000000 0.000000
vt 0.000000 1.000000
vt 0.000000 0.000000
vt 1.000000 0.000000
vt 0.000000 1.000000
vt 0.000000 0.000000
vt 1.000000 0.000000
vt 0.000000 1.000000
vt 0.000000 0.000000
vt 1.000000 0.000000
vt 0.000000 1.000000
vt 0.000000 0.000000
vt 1.000000 0.000000
vt 0.000000 1.000000
vt 0.000000 0.000000
vt 1.000000 0.000000
vt 0.000000 1.000000
vt 0.000000 0.000000
vt 1.000000 0.000000
vt 0.000000 1.000000
vt 0.000000 0.000000
vt 1.000000 0.000000
vt 0.000000 1.000000
vt 0.000000 0.000000
vt 1.000000 0.000000
vt 0.000000 1.000000
vt 0.000000 0.000000
vt 1.000000 0.000000
vt 0.000000 1.000000
vt 0.000000 0.000000
vt 1.000000 0.000000
vt 0.000000 1.000000
vt 0.000000 0.000000
vt 1.000000 0.000000
vt 0.000000 1.000000
vt 0.000000 0.000000
vt 1.000000 0.000000
vt 0.000000 1.000000
vt 0.000000 0.000000
vt 1.000000 0.000000
vt 0.000000 1.000000
vt 0.000000 0.000000
vt 1.000000 0.000000
vt 0.000000 1.000000
vt 0.000000 0.000000
vt 1.000000 0.000000
vt 0.000000 1.000000
vt 0.000000 0.000000
vt 1.000000 0.000000
vt 0.000000 1.000000
vt 0.000000 0.000000
vt 1.000000 0.000000
vt 0.000000 1.000000
vt 0.000000 0.000000
vt 1.000000 0.000000
vt 0.000000 1.000000
vt 0.000000 0.000000
vt 1.000000 0.000000
vt 0.000000 1.000000
vt 0.000000 0.000000
vt 1.000000 0.000000
vt 0.000000 1.000000
vt 0.000000 0.000000
vt 1.000000 0.000000
vt 0.000000 1.000000
vt 0.000000 0.000000
vt 1.000000 0.000000
vt 0.000000 1.000000
vt 0.000000 0.000000
vt 1.000000 0.000000
vt 0.000000 1.000000
vt 0.000000 0.000000
vt 1.000000 0.000000
vt 0.000000 1.000000
vt 0.000000 0.000000
vt 1.000000 0.000000
vt 0.000000 1.000000
vt 0.000000 0.000000
vt 1.000000 0.000000
vt 0.000000 1.000000
vt 0.000000 0.000000
vt 1.000000 0.000000
vt 0.000000 1.000000
vt 0.000000 0.000000
vt 1.000000 0.000000
vt 0.000000 1.000000
vt 0.000000 0.000000
vt 1.000000 0.000000
vt 0.000000 1.000000
vt 0.000000 0.000000
vt 1.000000 0.000000
vt 0.000000 1.000000
vt 0.000000 0.000000
vt 1.000000 0.000000
vt 0.000000 1.000000
vt 0.000000 0.000000
vt 1.000000 0.000000
vt 0.000000 1.000000
vt 0.000000 0.000000
vt 1.000000 0.000000
vt 0.000000 1.000000
vt 0.000000 0.000000
vt 1.000000 0.000000
vt 0.000000 1.000000
vt 0.000000 0.000000
vt 1.000000 0.000000
vt 0.000000 1.000000
vt 0.000000 0.000000
vt 1.000000 0.000000
vt 0.000000 1.000000
vt 0.000000 0.000000
vt 1.000000 0.000000
vt 0.000000 1.000000
vt 0.000000 0.000000
vt 1.000000 0.000000
vt 0.000000 1.000000
vt 0.000000 0.000000
vt 1.000000 0.000000
vt 0.000000 1.000000
vt 0.000000 0.000000
vt 1.000000 0.000000
vt 0.000000 1.000000
vt 0.000000 0.000000
vt 1.000000 0.000000
vt 0.000000 1.000000
vt 0.000000 0.000000
vt 1.000000 0.000000
vt 0.000000 1.000000
vt 0.000000 0.000000
vt 1.000000 0.000000
vt 0.000000 1.000000
vt 0.000000 0.000000
vt 1.000000 0.000000
vt 0.000000 1.000000
vt 0.000000 0.000000
vt 1.000000 0.000000
vt 0.000000 1.000000
vt 0.000000 0.000000
vt 1.000000 0.000000
vt 0.000000 1.000000
vt 0.000000 0.000000
vt 1.000000 0.000000
vt 0.000000 1.000000
vt 0.000000 0.000000
vt 1.000000 0.000000
vt 0.000000 1.000000
vt 0.000000 0.000000
vt 1.000000 0.000000
vt 0.000000 1.000000
vt 0.000000 0.000000
vt 1.000000 0.000000
vt 0.000000 1.000000
vt 0.000000 0.000000
vt 1.000000 0.000000
vt 0.000000 1.000000
vt 0.000000 0.000000
vt 1.000000 0.000000
vt 0.000000 1.000000
vt 0.000000 0.000000
vt 1.000000 0.000000
vt 0.000000 1.000000
vt 0.000000 0.000000
vt 1.000000 0.000000
vt 0.000000 1.000000
vt 0.000000 0.000000
vt 1.000000 0.000000
vt 0.000000 1.000000
vt 0.000000 0.000000
vt 1.000000 0.000000
vt 0.000000 1.000000
vt 0.000000 0.000000
vt 1.000000 0.000000
vt 0.000000 1.000000
vt 0.000000 0.000000
vt 1.000000 0.000000
vt 0.000000 1.000000
vt 0.000000 0.000000
vt 1.000000 0.000000
vt 0.000000 1.000000
vt 0.000000 0.000000
vt 1.000000 0.000000
vt 0.000000 1.000000
vt 0.000000 0.000000
vt 1.000000 0.000000
vt 0.000000 1.000000
vt 0.000000 0.000000
vt 1.000000 0.000000
vt 0.000000 1.000000
vt 0.000000 0.000000
vt 1.000000 0.000000
vt 0.000000 1.000000
vt 0.000000 0.000000
vt 1.000000 0.000000
vt 0.000000 1.000000
vt 0.000000 0.000000
vt 1.000000 0.000000
vt 0.000000 1.000000
vt 0.000000 0.000000
vt 1.000000 0.000000
vt 0.000000 1.000000
vt 0.000000 0.000000
vt 1.000000 0.000000
vt 0.000000 1.000000
vt 0.000000 0.000000
vt 1.000000 0.000000
vt 0.000000 1.000000
vt 0.000000 0.000000
vt 1.000000 0.000000
vt 0.000000 1.000000
vt 0.000000 0.000000
vt 1.000000 0.000000
vt 0.000000 1.000000
vt 0.000000 0.000000
vt 1.000000 0.000000
vt 0.000000 1.000000
vt 0.000000 0.000000
vt 1.000000 0.000000
vt 0.000000 1.000000
vt 0.000000 0.000000
vt 1.000000 0.000000
vt 0.000000 1.000000
vt 0.000000 0.000000
vt 1.000000 0.000000
vt 0.000000 1.000000
vt 0.000000 0.000000
vt 1.000000 0.000000
vt 0.000000 1.000000
vt 0.000000 0.000000
vt 1.000000 0.000000
vt 0.000000 1.000000
vt 0.000000 0.000000
vt 1.000000 0.000000
vt 0.000000 1.000000
vt 0.000000 0.000000
vt 1.000000 0.000000
vt 0.000000 1.000000
vt 0.000000 0.000000
vt 1.000000 0.000000
vt 0.000000 1.000000
vt 0.000000 0.000000
vt 1.000000 0.000000
vt 0.000000 1.000000
vt 0.000000 0.000000
vt 1.000000 0.000000
vt 0.000000 1.000000
vt 0.000000 0.000000
vt 1.000000 0.000000
vt 0.000000 1.000000
vt 0.000000 0.000000
vt 1.000000 0.000000
vt 0.000000 1.000000
vt 0.000000 0.000000
vt 1.000000 0.000000
vt 0.000000 1.000000
vt 0.000000 0.000000
vt 1.000000 0.000000
vt 0.000000 1.000000
vt 0.000000 0.000000
vt 1.000000 0.000000
vt 0.000000 1.000000
vt 0.000000 0.000000
vt 1.000000 0.000000
vt 0.000000 1.000000
vt 0.000000 0.000000
vt 1.000000 0.000000
vt 0.000000 1.000000
vt 0.000000 0.000000
vt 1.000000 0.000000
vt 0.000000 1.000000
vt 0.000000 0.000000
vt 1.000000 0.000000
vt 0.000000 1.000000
vt 0.000000 0.000000
vt 1.000000 0.000000
vt 0.000000 1.000000
vt 0.000000 0.000000
vt 1.000000 0.000000
vt 0.000000 1.000000
vt 0.000000 0.000000
vt 1.000000 0.000000
vt 0.000000 1.000000
vt 0.000000 0.000000
vt 1.000000 0.000000
vt 0.000000 1.000000
vt 0.000000 0.000000
vt 1.000000 0.000000
vt 0.000000 1.000000
vt 0.000000 0.000000
vt 1.000000 0.000000
vt 0.000000 1.000000
vt 0.000000 0.000000
vt 1.000000 0.000000
vt 0.000000 1.000000
vt 0.000000 0.000000
vt 1.000000 0.000000
vt 0.000000 1.000000
vt 0.000000 0.000000
vt 1.000000 0.000000
vt 0.000000 1.000000
vt 0.000000 0.000000
vt 1.000000 0.000000
vt 0.000000 1.000000
vt 0.000000 0.000000
vt 1.000000 0.000000
vt 0.000000 1.000000
vt 0.000000 0.000000
vt 1.000000 0.000000
vt 0.000000 1.000000
vt 0.000000 0.000000
vt 1.000000 0.000000
vt 0.000000 1.000000
vt 0.000000 0.000000
vt 1.000000 0.000000
vt 0.000000 1.000000
vt 0.000000 0.000000
vt 1.000000 0.000000
vt 0.000000 1.000000
vt 0.000000 0.000000
vt 1.000000 0.000000
vt 0.000000 1.000000
vt 0.000000 0.000000
vt 1.000000 0.000000
vt 0.000000 1.000000
vt 0.000000 0.000000
vt 1.000000 0.000000
vt 0.000000 1.000000
vt 0.000000 0.000000
vt 1.000000 0.000000
vt 0.000000 1.000000
vt 0.000000 0.000000
vt 1.000000 0.000000
vt 0.000000 1.000000
vt 0.000000 0.000000
vt 1.000000 0.000000
vt 0.000000 1.000000
vt 0.000000 0.000000
vt 1.000000 0.000000
vt 0.000000 1.000000
vt 0.000000 0.000000
vt 1.000000 0.000000
vt 0.000000 1.000000
vt 0.000000 0.000000
vt 1.000000 0.000000
vt 0.000000 1.000000
vt 0.000000 0.000000
vt 1.000000 0.000000
vt 0.000000 1.000000
vt 0.000000 0.000000
vt 1.000000 0.000000
vt 0.000000 1.000000
vt 0.000000 0.000000
vt 1.000000 0.000000
vt 0.000000 1.000000
vt 0.000000 0.000000
vt 1.000000 0.000000
vt 0.000000 1.000000
vt 0.000000 0.000000
vt 1.000000 0.000000
vt 0.000000 1.000000
vt 0.000000 0.000000
vt 1.000000 0.000000
vt 0.000000 1.000000
vt 0.000000 0.000000
vt 1.000000 0.000000
vt 0.000000 1.000000
vt 0.000000 0.000000
vt 1.000000 0.000000
vt 0.000000 1.000000
vt 0.000000 0.000000
vt 1.000000 0.000000
vt 0.000000 1.000000
vt 0.000000 0.000000
vt 1.000000 0.000000
vt 0.000000 1.000000
vt 0.000000 0.000000
vt 1.000000 0.000000
vt 0.000000 1.000000
vt 0.000000 0.000000
vt 1.000000 0.000000
vt 0.000000 1.000000
vt 0.000000 0.000000
vt 1.000000 0.000000
vt 0.000000 1.000000
vt 0.000000 0.000000
vt 1.000000 0.000000
vt 0.000000 1.000000
vt 0.000000 0.000000
vt 1.000000 0.000000
vt 0.000000 1.000000
vt 0.000000 0.000000
vt 1.000000 0.000000
vt 0.000000 1.000000
vt 0.000000 0.000000
vt 1.000000 0.000000
vt 0.000000 1.000000
vt 0.000000 0.000000
vt 1.000000 0.000000
vt 0.000000 1.000000
vt 0.000000 0.000000
vt 1.000000 0.000000
vt 0.000000 1.000000
vt 0.000000 0.000000
vt 1.000000 0.000000
vt 0.000000 1.000000
vt 0.000000 0.000000
vt 1.000000 0.000000
vt 0.000000 1.000000
vt 0.000000 0.000000
vt 1.000000 0.000000
vt 0.000000 1.000000
vt 0.000000 0.000000
vt 1.000000 0.000000
vt 0.000000 1.000000
vt 0.000000 0.000000
vt 1.000000 0.000000
vt 0.000000 1.000000
vt 0.000000 0.000000
vt 1.000000 0.000000
vt 0.000000 1.000000
vt 0.000000 0.000000
vt 1.000000 0.000000
vt 0.000000 1.000000
vt 0.000000 0.000000
vt 1.000000 0.000000
vt 0.000000 1.000000
vt 0.000000 0.000000
vt 1.000000 0.000000
vt 0.000000 1.000000
vt 0.000000 0.000000
vt 1.000000 0.000000
vt 0.000000 1.000000
vt 0.000000 0.000000
vt 1.000000 0.000000
vt 0.000000 1.000000
vt 0.000000 0.000000
vt 1.000000 0.000000
vt 0.000000 1.000000
vt 0.000000 0.000000
vt 1.000000 0.000000
vt 0.000000 1.000000
vt 0.000000 0.000000
vt 1.000000 0.000000
vt 0.000000 1.000000
vt 0.000000 0.000000
vt 1.000000 0.000000
vt 0.000000 1.000000
vt 0.000000 0.000000
vt 1.000000 0.000000
vt 0.000000 1.000000
vt 0.000000 0.000000
vt 1.000000 0.000000
vt 0.000000 1.000000
vt 0.000000 0.000000
vt 1.000000 0.000000
vt 0.000000 1.000000
vt 0.000000 0.000000
vt 1.000000 0.000000
vt 0.000000 1.000000
vt 0.000000 0.000000
vt 1.000000 0.000000
vt 0.000000 1.000000
vt 0.000000 0.000000
vt 1.000000 0.000000
vt 0.000000 1.000000
vt 0.000000 0.000000
vt 1.000000 0.000000
vt 0.000000 1.000000
vt 0.000000 0.000000
vt 1.000000 0.000000
vt 0.000000 1.000000
vt 0.000000 0.000000
vt 1.000000 0.000000
vt 0.000000 1.000000
vt 0.000000 0.000000
vt 1.000000 0.000000
vt 0.000000 1.000000
vt 0.000000 0.000000
vt 1.000000 0.000000
vt 0.000000 1.000000
vt 0.000000 0.000000
vt 1.000000 0.000000
vt 0.000000 1.000000
vt 0.000000 0.000000
vt 1.000000 0.000000
vt 0.000000 1.000000
vt 0.000000 0.000000
vt 1.000000 0.000000
vt 0.000000 1.000000
vt 0.000000 0.000000
vt 1.000000 0.000000
vt 0.000000 1.000000
vt 0.000000 0.000000
vt 1.000000 0.000000
vt 0.000000 1.000000
vt 0.000000 0.000000
vt 1.000000 0.000000
vt 0.000000 1.000000
vt 0.000000 0.000000
vt 1.000000 0.000000
vt 0.000000 1.000000
vt 0.000000 0.000000
vt 1.000000 0.000000
vt 0.000000 1.000000
vt 0.000000 0.000000
vt 1.000000 0.000000
vt 0.000000 1.000000
vt 0.000000 0.000000
vt 1.000000 0.000000
vt 0.000000 1.000000
vt 0.000000 0.000000
vt 1.000000 0.000000
vt 0.000000 1.000000
vt 0.000000 0.000000
vt 1.000000 0.000000
vt 0.000000 1.000000
vt 0.000000 0.000000
vt 1.000000 0.000000
vt 0.000000 1.000000
vt 0.000000 0.000000
vt 1.000000 0.000000
vt 0.000000 1.000000
vt 0.000000 0.000000
vt 1.000000 0.000000
vt 0.000000 1.000000
vt 0.000000 0.000000
vt 1.000000 0.000000
vt 0.000000 1.000000
vt 0.000000 0.000000
vt 1.000000 0.000000
vt 0.000000 1.000000
vt 0.000000 0.000000
vt 1.000000 0.000000
vt 0.000000 1.000000
vt 0.000000 0.000000
vt 1.000000 0.000000
vt 0.000000 1.000000
vt 0.000000 0.000000
vt 1.000000 0.000000
vt 0.000000 1.000000
vt 0.000000 0.000000
vt 1.000000 0.000000
vt 0.000000 1.000000
vt 0.000000 0.000000
vt 1.000000 0.000000
vt 0.000000 1.000000
vt 0.000000 0.000000
vt 1.000000 0.000000
vt 0.000000 1.000000
vt 0.000000 0.000000
vt 1.000000 0.000000
vt 0.000000 1.000000
vt 0.000000 0.000000
vt 1.000000 0.000000
vt 0.000000 1.000000
vt 0.000000 0.000000
vt 1.000000 0.000000
vt 0.000000 1.000000
vt 0.000000 0.000000
vt 1.000000 0.000000
vt 0.000000 1.000000
vt 0.000000 0.000000
vt 1.000000 0.000000
vt 0.000000 1.000000
vt 0.000000 0.000000
vt 1.000000 0.000000
vt 0.000000 1.000000
vt 0.000000 0.000000
vt 1.000000 0.000000
vt 0.000000 1.000000
vt 0.000000 0.000000
vt 1.000000 0.000000
vt 0.000000 1.000000
vt 0.000000 0.000000
vt 1.000000 0.000000
vt 0.000000 1.000000
vt 0.000000 0.000000
vt 1.000000 0.000000
vt 0.000000 1.000000
vt 0.000000 0.000000
vt 1.000000 0.000000
vt 0.000000 1.000000
vt 0.000000 0.000000
vt 1.000000 0.000000
vt 0.000000 1.000000
vt 0.000000 0.000000
vt 1.000000 0.000000
vt 0.000000 1.000000
vt 0.000000 0.000000
vt 1.000000 0.000000
vt 0.000000 1.000000
vt 0.000000 0.000000
vt 1.000000 0.000000
vt 0.000000 1.000000
vt 0.000000 0.000000
vt 1.000000 0.000000
vt 0.000000 1.000000
vt 0.000000 0.000000
vt 1.000000 0.000000
vt 0.000000 1.000000
vt 0.000000 0.000000
vt 1.000000 0.000000
vt 0.000000 1.000000
vt 0.000000 0.000000
vt 1.000000 0.000000
vt 0.000000 1.000000
vt 0.000000 0.000000
vt 1.000000 0.000000
vt 0.000000 1.000000
vt 0.000000 0.000000
vt 1.000000 0.000000
vt 0.000000 1.000000
vt 0.000000 0.000000
vt 1.000000 0.000000
vt 0.000000 1.000000
vt 0.000000 0.000000
vt 1.000000 0.000000
vt 0.000000 1.000000
vt 0.000000 0.000000
vt 1.000000 0.000000
vt 0.000000 1.000000
vt 0.000000 0.000000
vt 1.000000 0.000000
vt 0.000000 1.000000
vt 0.000000 0.000000
vt 1.000000 0.000000
vt 0.000000 1.000000
vt 0.000000 0.000000
vt 1.000000 0.000000
vt 0.000000 1.000000
vt 0.000000 0.000000
vt 1.000000 0.000000
vt 0.000000 1.000000
vt 0.000000 0.000000
vt 1.000000 0.000000
vt 0.000000 1.000000
vt 0.000000 0.000000
vt 1.000000 0.000000
vt 0.000000 1.000000
vt 0.000000 0.000000
vt 1.000000 0.000000
vt 0.000000 1.000000
vt 0.000000 0.000000
vt 1.000000 0.000000
vt 0.000000 1.000000
vt 0.000000 0.000000
vt 1.000000 0.000000
vt 0.000000 1.000000
vt 0.000000 0.000000
vt 1.000000 0.000000
vt 0.000000 1.000000
vt 0.000000 0.000000
vt 1.000000 0.000000
vt 0.000000 1.000000
vt 0.000000 0.000000
vt 1.000000 0.000000
vt 0.000000 1.000000
vt 0.000000 0.000000
vt 1.000000 0.000000
vt 0.000000 1.000000
vt 0.000000 0.000000
vt 1.000000 0.000000
vt 0.000000 1.000000
vt 0.000000 0.000000
vt 1.000000 0.000000
vt 0.000000 1.000000
vt 0.000000 0.000000
vt 1.000000 0.000000
vt 0.000000 1.000000
vt 0.000000 0.000000
vt 1.000000 0.000000
vt 0.000000 1.000000
vt 0.000000 0.000000
vt 1.000000 0.000000
vt 0.000000 1.000000
vt 0.000000 0.000000
vt 1.000000 0.000000
vt 0.000000 1.000000
vt 0.000000 0.000000
vt 1.000000 0.000000
vt 0.000000 1.000000
vt 0.000000 0.000000
vt 1.000000 0.000000
vt 0.000000 1.000000
vt 0.000000 0.000000
vt 1.000000 0.000000
vt 0.000000 1.000000
vt 0.000000 0.000000
vt 1.000000 0.000000
vt 0.000000 1.000000
vt 0.000000 0.000000
vt 1.000000 0.000000
vt 0.000000 1.000000
vt 0.000000 0.000000
vt 1.000000 0.000000
vt 0.000000 1.000000
vt 0.000000 0.000000
vt 1.000000 0.000000
vt 0.000000 1.000000
vt 0.000000 0.000000
vt 1.000000 0.000000
vt 0.000000 1.000000
vt 0.000000 0.000000
vt 1.000000 0.000000
vt 0.000000 1.000000
vt 0.000000 0.000000
vt 1.000000 0.000000
vt 0.000000 1.000000
vt 0.000000 0.000000
vt 1.000000 0.000000
vt 0.000000 1.000000
vt 0.000000 0.000000
vt 1.000000 0.000000
vt 0.000000 1.000000
vt 0.000000 0.000000
vt 1.000000 0.000000
vt 0.000000 1.000000
vt 0.000000 0.000000
vt 1.000000 0.000000
vt 0.000000 1.000000
vt 0.000000 0.000000
vt 1.000000 0.000000
vt 0.000000 1.000000
vt 0.000000 0.000000
vt 1.000000 0.000000
vt 0.000000 1.000000
vt 0.000000 0.000000
vt 1.000000 0.000000
vt 0.000000 1.000000
vt 0.000000 0.000000
vt 1.000000 0.000000
vt 0.000000 1.000000
vt 0.000000 0.000000
vt 1.000000 0.000000
vt 0.000000 1.000000
vt 0.000000 0.000000
vt 1.000000 0.000000
vt 0.000000 1.000000
vt 0.000000 0.000000
vt 1.000000 0.000000
vt 0.000000 1.000000
vt 0.000000 0.000000
vt 1.000000 0.000000
vt 0.000000 1.000000
vt 0.000000 0.000000
vt 1.000000 0.000000
vt 0.000000 1.000000
vt 0.000000 0.000000
vt 1.000000 0.000000
vt 0.000000 1.000000
vt 0.000000 0.000000
vt 1.000000 0.000000
vt 0.000000 1.000000
vt 0.000000 0.000000
vt 1.000000 0.000000
vt 0.000000 1.000000
vt 0.000000 0.000000
vt 1.000000 0.000000
vt 0.000000 1.000000
vt 0.000000 0.000000
vt 1.000000 0.000000
vt 0.000000 1.000000
vt 0.000000 0.000000
vt 1.000000 0.000000
vt 0.000000 1.000000
vt 0.000000 0.000000
vt 1.000000 0.000000
vt 0.000000 1.000000
vt 0.000000 0.000000
vt 1.000000 0.000000
vt 0.000000 1.000000
vt 0.000000 0.000000
vt 1.000000 0.000000
vt 0.000000 1.000000
vt 0.000000 0.000000
vt 1.000000 0.000000
vt 0.000000 1.000000
vt 0.000000 0.000000
vt 1.000000 0.000000
vt 0.000000 1.000000
vt 0.000000 0.000000
vt 1.000000 0.000000
vt 0.000000 1.000000
vt 0.000000 0.000000
vt 1.000000 0.000000
vt 0.000000 1.000000
vt 0.000000 0.000000
vt 1.000000 0.000000
vt 0.000000 1.000000
vt 0.000000 0.000000
vt 1.000000 0.000000
vt 0.000000 1.000000
vt 0.000000 0.000000
vt 1.000000 0.000000
vt 0.000000 1.000000
vt 0.000000 0.000000
vt 1.000000 0.000000
vt 0.000000 1.000000
vt 0.000000 0.000000
vt 1.000000 0.000000
vt 0.000000 1.000000
vt 0.000000 0.000000
vt 1.000000 0.000000
vt 0.000000 1.000000
vt 0.000000 0.000000
vt 1.000000 0.000000
vt 0.000000 1.000000
vt 0.000000 0.000000
vt 1.000000 0.000000
vt 0.000000 1.000000
vt 0.000000 0.000000
vt 1.000000 0.000000
vt 0.000000 1.000000
vt 0.000000 0.000000
vt 1.000000 0.000000
vt 0.000000 1.000000
vt 0.000000 0.000000
vt 1.000000 0.000000
vt 0.000000 1.000000
vt 0.000000 0.000000
vt 1.000000 0.000000
vt 0.000000 1.000000
vt 0.000000 0.000000
vt 1.000000 0.000000
vt 0.000000 1.000000
vt 0.000000 0.000000
vt 1.000000 0.000000
vt 0.000000 1.000000
vt 0.000000 0.000000
vt 1.000000 0.000000
vt 0.000000 1.000000
vt 0.000000 0.000000
vt 1.000000 0.000000
vt 0.000000 1.000000
vt 0.000000 0.000000
vt 1.000000 0.000000
vt 0.000000 1.000000
vt 0.000000 0.000000
vt 1.000000 0.000000
vt 0.000000 1.000000
vt 0.000000 0.000000
vt 1.000000 0.000000
vt 0.000000 1.000000
vt 0.000000 0.000000
vt 1.000000 0.000000
vt 0.000000 1.000000
vt 0.000000 0.000000
vt 1.000000 0.000000
vt 0.000000 1.000000
vt 0.000000 0.000000
vt 1.000000 0.000000
vt 0.000000 1.000000
vt 0.000000 0.000000
vt 1.000000 0.000000
vt 0.000000 1.000000
vt 0.000000 0.000000
vt 1.000000 0.000000
vt 0.000000 1.000000
vt 0.000000 0.000000
vt 1.000000 0.000000
vt 0.000000 1.000000
vt 0.000000 0.000000
vt 1.000000 0.000000
vt 0.000000 1.000000
vt 0.000000 0.000000
vt 1.000000 0.000000
vt 0.000000 1.000000
vt 0.000000 0.000000
vt 1.000000 0.000000
vt 0.000000 1.000000
vt 0.000000 0.000000
vt 1.000000 0.000000
vt 0.000000 1.000000
vt 0.000000 0.000000
vt 1.000000 0.000000
vt 0.000000 1.000000
vt 0.000000 0.000000
vt 1.000000 0.000000
vt 0.000000 1.000000
vt 0.000000 0.000000
vt 1.000000 0.000000
vt 0.000000 1.000000
vt 0.000000 0.000000
vt 1.000000 0.000000
vt 0.000000 1.000000
vt 0.000000 0.000000
vt 1.000000 0.000000
vt 0.000000 1.000000
vt 0.000000 0.000000
vt 1.000000 0.000000
vt 0.000000 1.000000
vt 0.000000 0.000000
vt 1.000000 0.000000
vt 0.000000 1.000000
vt 0.000000 0.000000
vt 1.000000 0.000000
vt 0.000000 1.000000
vt 0.000000 0.000000
vt 1.000000 0.000000
vt 0.000000 1.000000
vt 0.000000 0.000000
vt 1.000000 0.000000
vt 0.000000 1.000000
vt 0.000000 0.000000
vt 1.000000 0.000000
vt 0.000000 1.000000
vt 0.000000 0.000000
vt 1.000000 0.000000
vt 0.000000 1.000000
vt 0.000000 0.000000
vt 1.000000 0.000000
vt 0.000000 1.000000
vt 0.000000 0.000000
vt 1.000000 0.000000
vt 0.000000 1.000000
vt 0.000000 0.000000
vt 1.000000 0.000000
vt 0.000000 1.000000
vt 0.000000 0.000000
vt 1.000000 0.000000
vt 0.000000 1.000000
vt 0.000000 0.000000
vt 1.000000 0.000000
vt 0.000000 1.000000
vt 0.000000 0.000000
vt 1.000000 0.000000
vt 0.000000 1.000000
vt 0.000000 0.000000
vt 1.000000 0.000000
vt 0.000000 1.000000
vt 0.000000 0.000000
vt 1.000000 0.000000
vt 0.000000 1.000000
vt 0.000000 0.000000
vt 1.000000 0.000000
vt 0.000000 1.000000
vt 0.000000 0.000000
vt 1.000000 0.000000
vt 0.000000 1.000000
vt 0.000000 0.000000
vt 1.000000 0.000000
vt 0.000000 1.000000
vt 0.000000 0.000000
vt 1.000000 0.000000
vt 0.000000 1.000000
vt 0.000000 0.000000
vt 1.000000 0.000000
vt 0.000000 1.000000
vt 0.000000 0.000000
vt 1.000000 0.000000
vt 0.000000 1.000000
vt 0.000000 0.000000
vt 1.000000 0.000000
vt 0.000000 1.000000
vt 0.000000 0.000000
vt 1.000000 0.000000
vt 0.000000 1.000000
vt 0.000000 0.000000
vt 1.000000 0.000000
vt 0.000000 1.000000
vt 0.000000 0.000000
vt 1.000000 0.000000
vt 0.000000 1.000000
vt 0.000000 0.000000
vt 1.000000 0.000000
vt 0.000000 1.000000
vt 0.000000 0.000000
vt 1.000000 0.000000
vt 0.000000 1.000000
vt 0.000000 0.000000
vt 1.000000 0.000000
vt 0.000000 1.000000
vt 0.000000 0.000000
vt 1.000000 0.000000
vt 0.000000 1.000000
vt 0.000000 0.000000
vt 1.000000 0.000000
vt 0.000000 1.000000
vt 0.000000 0.000000
vt 1.000000 0.000000
vt 0.000000 1.000000
vt 0.000000 0.000000
vt 1.000000 0.000000
vt 0.000000 1.000000
vt 0.000000 0.000000
vt 1.000000 0.000000
vt 0.000000 1.000000
vt 0.000000 0.000000
vt 1.000000 0.000000
vt 0.000000 1.000000
vt 0.000000 0.000000
vt 1.000000 0.000000
vt 0.000000 1.000000
vt 0.000000 0.000000
vt 1.000000 0.000000
vt 0.000000 1.000000
vt 0.000000 0.000000
vt 1.000000 0.000000
vt 0.000000 1.000000
vt 0.000000 0.000000
vt 1.000000 0.000000
vt 0.000000 1.000000
vt 0.000000 0.000000
vt 1.000000 0.000000
vt 0.000000 1.000000
vt 0.000000 0.000000
vt 1.000000 0.000000
vt 0.000000 1.000000
vt 0.000000 0.000000
vt 1.000000 0.000000
vt 0.000000 1.000000
vt 0.000000 0.000000
vt 1.000000 0.000000
vt 0.000000 1.000000
vt 0.000000 0.000000
vt 1.000000 0.000000
vt 0.000000 1.000000
vt 0.000000 0.000000
vt 1.000000 0.000000
vt 0.000000 1.000000
vt 0.000000 0.000000
vt 1.000000 0.000000
vt 0.000000 1.000000
vt 0.000000 0.000000
vt 1.000000 0.000000
vt 0.000000 1.000000
vt 0.000000 0.000000
vt 1.000000 0.000000
vt 0.000000 1.000000
vt 0.000000 0.000000
vt 1.000000 0.000000
vt 0.000000 1.000000
vt 0.000000 0.000000
vt 1.000000 0.000000
vt 0.000000 1.000000
vt 0.000000 0.000000
vt 1.000000 0.000000
vt 0.000000 1.000000
vt 0.000000 0.000000
vt 1.000000 0.000000
vt 0.000000 1.000000
vt 0.000000 0.000000
vt 1.000000 0.000000
vt 0.000000 1.000000
vt 0.000000 0.000000
vt 1.000000 0.000000
vt 0.000000 1.000000
vt 0.000000 0.000000
vt 1.000000 0.000000
vt 0.000000 1.000000
vt 0.000000 0.000000
vt 1.000000 0.000000
vt 0.000000 1.000000
vt 0.000000 0.000000
vt 1.000000 0.000000
vt 0.000000 1.000000
vt 0.000000 0.000000
vt 1.000000 0.000000
vt 0.000000 1.000000
vt 0.000000 0.000000
vt 1.000000 0.000000
vt 0.000000 1.000000
vt 0.000000 0.000000
vt 1.000000 0.000000
vt 0.000000 1.000000
vt 0.000000 0.000000
vt 1.000000 0.000000
vt 0.000000 1.000000
vt 0.000000 0.000000
vt 1.000000 0.000000
vt 0.000000 1.000000
vt 0.000000 0.000000
vt 1.000000 0.000000
vt 0.000000 1.000000
vt 0.000000 0.000000
vt 1.000000 0.000000
vt 0.000000 1.000000
vt 0.000000 0.000000
vt 1.000000 0.000000
vt 0.000000 1.000000
vt 0.000000 0.000000
vt 1.000000 0.000000
vt 0.000000 1.000000
vt 0.000000 0.000000
vt 1.000000 0.000000
vt 0.000000 1.000000
vt 0.000000 0.000000
vt 1.000000 0.000000
vt 0.000000 1.000000
vt 0.000000 0.000000
vt 1.000000 0.000000
vt 0.000000 1.000000
vt 0.000000 0.000000
vt 1.000000 0.000000
vt 0.000000 1.000000
vt 0.000000 0.000000
vt 1.000000 0.000000
vt 0.000000 1.000000
vt 0.000000 0.000000
vt 1.000000 0.000000
vt 0.000000 1.000000
vt 0.000000 0.000000
vt 1.000000 0.000000
vt 0.000000 1.000000
vt 0.000000 0.000000
vt 1.000000 0.000000
vt 0.000000 1.000000
vt 0.000000 0.000000
vt 1.000000 0.000000
vt 0.000000 1.000000
vt 0.000000 0.000000
vt 1.000000 0.000000
vt 0.000000 1.000000
vt 0.000000 0.000000
vt 1.000000 0.000000
vt 0.000000 1.000000
vt 0.000000 0.000000
vt 1.000000 0.000000
vt 0.000000 1.000000
vt 0.000000 0.000000
vt 1.000000 0.000000
vt 0.000000 1.000000
vt 0.000000 0.000000
vt 1.000000 0.000000
vt 0.000000 1.000000
vt 0.000000 0.000000
vt 1.000000 0.000000
vt 0.000000 1.000000
vt 0.000000 0.000000
vt 1.000000 0.000000
vt 0.000000 1.000000
vt 0.000000 0.000000
vt 1.000000 0.000000
vt 0.000000 1.000000
vt 0.000000 0.000000
vt 1.000000 0.000000
vt 0.000000 1.000000
vt 0.000000 0.000000
vt 1.000000 0.000000
vt 0.000000 1.000000
vt 0.000000 0.000000
vt 1.000000 0.000000
vt 0.000000 1.000000
vt 0.000000 0.000000
vt 1.000000 0.000000
vt 0.000000 1.000000
vt 0.000000 0.000000
vt 1.000000 0.000000
vt 0.000000 1.000000
vt 0.000000 0.000000
vt 1.000000 0.000000
vt 0.000000 1.000000
vt 0.000000 0.000000
vt 1.000000 0.000000
vt 0.000000 1.000000
vt 0.000000 0.000000
vt 1.000000 0.000000
vt 0.000000 1.000000
vt 0.000000 0.000000
vt 1.000000 0.000000
vt 0.000000 1.000000
vt 0.000000 0.000000
vt 1.000000 0.000000
vt 0.000000 1.000000
vt 0.000000 0.000000
vt 1.000000 0.000000
vt 0.000000 1.000000
vt 0.000000 0.000000
vt 1.000000 0.000000
vt 0.000000 1.000000
vt 0.000000 0.000000
vt 1.000000 0.000000
vt 0.000000 1.000000
vt 0.000000 0.000000
vt 1.000000 0.000000
vt 0.000000 1.000000
vt 0.000000 0.000000
vt 1.000000 0.000000
vt 0.000000 1.000000
vt 0.000000 0.000000
vt 1.000000 0.000000
vt 0.000000 1.000000
vt 0.000000 0.000000
vt 1.000000 0.000000
vt 0.000000 1.000000
vt 0.000000 0.000000
vt 1.000000 0.000000
vt 0.000000 1.000000
vt 0.000000 0.000000
vt 1.000000 0.000000
vt 0.000000 1.000000
vt 0.000000 0.000000
vt 1.000000 0.000000
vt 0.000000 1.000000
vt 0.000000 0.000000
vt 1.000000 0.000000
vt 0.000000 1.000000
vt 0.000000 0.000000
vt 1.000000 0.000000
vt 0.000000 1.000000
vt 0.000000 0.000000
vt 1.000000 0.000000
vt 0.000000 1.000000
vt 0.000000 0.000000
vt 1.000000 0.000000
vt 0.000000 1.000000
vt 0.000000 0.000000
vt 1.000000 0.000000
vt 0.000000 1.000000
vt 0.000000 0.000000
vt 1.000000 0.000000
vt 0.000000 1.000000
vt 0.000000 0.000000
vt 1.000000 0.000000
vt 0.000000 1.000000
vt 0.000000 0.000000
vt 1.000000 0.000000
vt 0.000000 1.000000
vt 0.000000 0.000000
vt 1.000000 0.000000
vt 0.000000 1.000000
vt 0.000000 0.000000
vt 1.000000 0.000000
vt 0.000000 1.000000
vt 0.000000 0.000000
vt 1.000000 0.000000
vt 0.000000 1.000000
vt 0.000000 0.000000
vt 1.000000 0.000000
vt 0.000000 1.000000
vt 0.000000 0.000000
vt 1.000000 0.000000
vt 0.000000 1.000000
vt 0.000000 0.000000
vt 1.000000 0.000000
vt 0.000000 1.000000
vt 0.000000 0.000000
vt 1.000000 0.000000
vt 0.000000 1.000000
vt 0.000000 0.000000
vt 1.000000 0.000000
vt 0.000000 1.000000
vt 0.000000 0.000000
vt 1.000000 0.000000
vt 0.000000 1.000000
vt 0.000000 0.000000
vt 1.000000 0.000000
vt 0.000000 1.000000
vt 0.000000 0.000000
vt 1.000000 0.000000
vt 0.000000 1.000000
vt 0.000000 0.000000
vt 1.000000 0.000000
vt 0.000000 1.000000
vt 0.000000 0.000000
vt 1.000000 0.000000
vt 0.000000 1.000000
vt 0.000000 0.000000
vt 1.000000 0.000000
vt 0.000000 1.000000
vt 0.000000 0.000000
vt 1.000000 0.000000
vt 0.000000 1.000000
vt 0.000000 0.000000
vt 1.000000 0.000000
vt 0.000000 1.000000
vt 0.000000 0.000000
vt 1.000000 0.000000
vt 0.000000 1.000000
vt 0.000000 0.000000
vt 1.000000 0.000000
vt 0.000000 1.000000
vt 0.000000 0.000000
vt 1.000000 0.000000
vt 0.000000 1.000000
vt 0.000000 0.000000
vt 1.000000 0.000000
vt 0.000000 1.000000
vt 0.000000 0.000000
vt 1.000000 0.000000
vt 0.000000 1.000000
vt 0.000000 0.000000
vt 1.000000 0.000000
vt 0.000000 1.000000
vt 0.000000 0.000000
vt 1.000000 0.000000
vt 0.000000 1.000000
vt 0.000000 0.000000
vt 1.000000 0.000000
vt 0.000000 1.000000
vt 0.000000 0.000000
vt 1.000000 0.000000
vt 0.000000 1.000000
vt 0.000000 0.000000
vt 1.000000 0.000000
vt 0.000000 1.000000
vt 0.000000 0.000000
vt 1.000000 0.000000
vt 0.000000 1.000000
vt 0.000000 0.000000
vt 1.000000 0.000000
vt 0.000000 1.000000
vt 0.000000 0.000000
vt 1.000000 0.000000
vt 0.000000 1.000000
vt 0.000000 0.000000
vt 1.000000 0.000000
vt 0.000000 1.000000
vt 0.000000 0.000000
vt 1.000000 0.000000
vt 0.000000 1.000000
vt 0.000000 0.000000
vt 1.000000 0.000000
vt 0.000000 1.000000
vt 0.000000 0.000000
vt 1.000000 0.000000
vt 0.000000 1.000000
vt 0.000000 0.000000
vt 1.000000 0.000000
vt 0.000000 1.000000
vt 0.000000 0.000000
vt 1.000000 0.000000
vt 0.000000 1.000000
vt 0.000000 0.000000
vt 1.000000 0.000000
vt 0.000000 1.000000
vt 0.000000 0.000000
vt 1.000000 0.000000
vt 0.000000 1.000000
vt 0.000000 0.000000
vt 1.000000 0.000000
vt 0.000000 1.000000
vt 0.000000 0.000000
vt 1.000000 0.000000
vt 0.000000 1.000000
vt 0.000000 0.000000
vt 1.000000 0.000000
vt 0.000000 1.000000
vt 0.000000 0.000000
vt 1.000000 0.000000
vt 0.000000 1.000000
vt 0.000000 0.000000
vt 1.000000 0.000000
vt 0.000000 1.000000
vt 0.000000 0.000000
vt 1.000000 0.000000
vt 0.000000 1.000000
vt 0.000000 0.000000
vt 1.000000 0.000000
vt 0.000000 1.000000
vt 0.000000 0.000000
vt 1.000000 0.000000
vt 0.000000 1.000000
vt 0.000000 0.000000
vt 1.000000 0.000000
vt 0.000000 1.000000
vt 0.000000 0.000000
vt 1.000000 0.000000
vt 0.000000 1.000000
vt 0.000000 0.000000
vt 1.000000 0.000000
vt 0.000000 1.000000
vt 0.000000 0.000000
vt 1.000000 0.000000
vt 0.000000 1.000000
vt 0.000000 0.000000
vt 1.000000 0.000000
vt 0.000000 1.000000
vt 0.000000 0.000000
vt 1.000000 0.000000
vt 0.000000 1.000000
vt 0.000000 0.000000
vt 1.000000 0.000000
vt 0.000000 1.000000
vt 0.000000 0.000000
vt 1.000000 0.000000
vt 0.000000 1.000000
vt 0.000000 0.000000
vt 1.000000 0.000000
vt 0.000000 1.000000
vt 0.000000 0.000000
vt 1.000000 0.000000
vt 0.000000 1.000000
vt 0.000000 0.000000
vt 1.000000 0.000000
vt 0.000000 1.000000
vt 0.000000 0.000000
vt 1.000000 0.000000
vt 0.000000 1.000000
vt 0.000000 0.000000
vt 1.000000 0.000000
vt 0.000000 1.000000
vt 0.000000 0.000000
vt 1.000000 0.000000
vt 0.000000 1.000000
vt 0.000000 0.000000
vt 1.000000 0.000000
vt 0.000000 1.000000
vt 0.000000 0.000000
vt 1.000000 0.000000
vt 0.000000 1.000000
vt 0.000000 0.000000
vt 1.000000 0.000000
vt 0.000000 1.000000
vt 0.000000 0.000000
vt 1.000000 0.000000
vt 0.000000 1.000000
vt 0.000000 0.000000
vt 1.000000 0.000000
vt 0.000000 1.000000
vt 0.000000 0.000000
vt 1.000000 0.000000
vt 0.000000 1.000000
vt 0.000000 0.000000
vt 1.000000 0.000000
vt 0.000000 1.000000
vt 0.000000 0.000000
vt 1.000000 0.000000
vt 0.000000 1.000000
vt 0.000000 0.000000
vt 1.000000 0.000000
vt 0.000000 1.000000
vt 0.000000 0.000000
vt 1.000000 0.000000
vt 0.000000 1.000000
vt 0.000000 0.000000
vt 1.000000 0.000000
vt 0.000000 1.000000
vt 0.000000 0.000000
vt 1.000000 0.000000
vt 0.000000 1.000000
vt 0.000000 0.000000
vt 1.000000 0.000000
vt 0.000000 1.000000
vt 0.000000 0.000000
vt 1.000000 0.000000
vt 0.000000 1.000000
vt 0.000000 0.000000
vt 1.000000 0.000000
vt 0.000000 1.000000
vt 0.000000 0.000000
vt 1.000000 0.000000
vt 0.000000 1.000000
vt 0.000000 0.000000
vt 1.000000 0.000000
vt 0.000000 1.000000
vt 0.000000 0.000000
vt 1.000000 0.000000
vt 0.000000 1.000000
vt 0.000000 0.000000
vt 1.000000 0.000000
vt 0.000000 1.000000
vt 0.000000 0.000000
vt 1.000000 0.000000
vt 0.000000 1.000000
vt 0.000000 0.000000
vt 1.000000 0.000000
vt 0.000000 1.000000
vt 0.000000 0.000000
vt 1.000000 0.000000
vt 0.000000 1.000000
vt 0.000000 0.000000
vt 1.000000 0.000000
vt 0.000000 1.000000
vt 0.000000 0.000000
vt 1.000000 0.000000
vt 0.000000 1.000000
vt 0.000000 0.000000
vt 1.000000 0.000000
vt 0.000000 1.000000
vt 0.000000 0.000000
vt 1.000000 0.000000
vt 0.000000 1.000000
vt 0.000000 0.000000
vt 1.000000 0.000000
vt 0.000000 1.000000
vt 0.000000 0.000000
vt 1.000000 0.000000
vt 0.000000 1.000000
vt 0.000000 0.000000
vt 1.000000 0.000000
vt 0.000000 1.000000
vt 0.000000 0.000000
vt 1.000000 0.000000
vt 0.000000 1.000000
vt 0.000000 0.000000
vt 1.000000 0.000000
vt 0.000000 1.000000
vt 0.000000 0.000000
vt 1.000000 0.000000
vt 0.000000 1.000000
vt 0.000000 0.000000
vt 1.000000 0.000000
vt 0.000000 1.000000
vt 0.000000 0.000000
vt 1.000000 0.000000
vt 0.000000 1.000000
vt 0.000000 0.000000
vt 1.000000 0.000000
vt 0.000000 1.000000
vt 0.000000 0.000000
vt 1.000000 0.000000
vt 0.000000 1.000000
vt 0.000000 0.000000
vt 1.000000 0.000000
vt 0.000000 1.000000
vt 0.000000 0.000000
vt 1.000000 0.000000
vt 0.000000 1.000000
vt 0.000000 0.000000
vt 1.000000 0.000000
vt 0.000000 1.000000
vt 0.000000 0.000000
vt 1.000000 0.000000
vt 0.000000 1.000000
vt 0.000000 0.000000
vt 1.000000 0.000000
vt 0.000000 1.000000
vt 0.000000 0.000000
vt 1.000000 0.000000
vt 0.000000 1.000000
vt 0.000000 0.000000
vt 1.000000 0.000000
vt 0.000000 1.000000
vt 0.000000 0.000000
vt 1.000000 0.000000
vt 0.000000 1.000000
vt 0.000000 0.000000
vt 1.000000 0.000000
vt 0.000000 1.000000
vt 0.000000 0.000000
vt 1.000000 0.000000
vt 0.000000 1.000000
vt 0.000000 0.000000
vt 1.000000 0.000000
vt 0.000000 1.000000
vt 0.000000 0.000000
vt 1.000000 0.000000
vt 0.000000 1.000000
vt 0.000000 0.000000
vt 1.000000 0.000000
vt 0.000000 1.000000
vt 0.000000 0.000000
vt 1.000000 0.000000
vt 0.000000 1.000000
vt 0.000000 0.000000
vt 1.000000 0.000000
vt 0.000000 1.000000
vt 0.000000 0.000000
vt 1.000000 0.000000
vt 0.000000 1.000000
vt 0.000000 0.000000
vt 1.000000 0.000000
vt 0.000000 1.000000
vt 0.000000 0.000000
vt 1.000000 0.000000
vt 0.000000 1.000000
vt 0.000000 0.000000
vt 1.000000 0.000000
vt 0.000000 1.000000
vt 0.000000 0.000000
vt 1.000000 0.000000
vt 0.000000 1.000000
vt 0.000000 0.000000
vt 1.000000 0.000000
vt 0.000000 1.000000
vt 0.000000 0.000000
vt 1.000000 0.000000
vt 0.000000 1.000000
vt 0.000000 0.000000
vt 1.000000 0.000000
vt 0.000000 1.000000
vt 0.000000 0.000000
vt 1.000000 0.000000
vt 0.000000 1.000000
vt 0.000000 0.000000
vt 1.000000 0.000000
vt 0.000000 1.000000
vt 0.000000 0.000000
vt 1.000000 0.000000
vt 0.000000 1.000000
vt 0.000000 0.000000
vt 1.000000 0.000000
vt 0.000000 1.000000
vt 0.000000 0.000000
vt 1.000000 0.000000
vt 0.000000 1.000000
vt 0.000000 0.000000
vt 1.000000 0.000000
vt 0.000000 1.000000
vt 0.000000 0.000000
vt 1.000000 0.000000
vt 0.000000 1.000000
vt 0.000000 0.000000
vt 1.000000 0.000000
vt 0.000000 1.000000
vt 0.000000 0.000000
vt 1.000000 0.000000
vt 0.000000 1.000000
vt 0.000000 0.000000
vt 1.000000 0.000000
vt 0.000000 1.000000
vt 0.000000 0.000000
vt 1.000000 0.000000
vt 0.000000 1.000000
vt 0.000000 0.000000
vt 1.000000 0.000000
vt 0.000000 1.000000
vt 0.000000 0.000000
vt 1.000000 0.000000
vt 0.000000 1.000000
vt 0.000000 0.000000
vt 1.000000 0.000000
vt 0.000000 1.000000
vt 0.000000 0.000000
vt 1.000000 0.000000
vt 0.000000 1.000000
vt 0.000000 0.000000
vt 1.000000 0.000000
vt 0.000000 1.000000
vt 0.000000 0.000000
vt 1.000000 0.000000
vt 0.000000 1.000000
vt 0.000000 0.000000
vt 1.000000 0.000000
vt 0.000000 1.000000
vt 0.000000 0.000000
vt 1.000000 0.000000
vt 0.000000 1.000000
vt 0.000000 0.000000
vt 1.000000 0.000000
vt 0.000000 1.000000
vt 0.000000 0.000000
vt 1.000000 0.000000
vt 0.000000 1.000000
vt 0.000000 0.000000
vt 1.000000 0.000000
vt 0.000000 1.000000
vt 0.000000 0.000000
vt 1.000000 0.000000
vt 0.000000 1.000000
vt 0.000000 0.000000
vt 1.000000 0.000000
vt 0.000000 1.000000
vt 0.000000 0.000000
vt 1.000000 0.000000
vt 0.000000 1.000000
vt 0.000000 0.000000
vt 1.000000 0.000000
vt 0.000000 1.000000
vt 0.000000 0.000000
vt 1.000000 0.000000
vt 0.000000 1.000000
vt 0.000000 0.000000
vt 1.000000 0.000000
vt 0.000000 1.000000
vt 0.000000 0.000000
vt 1.000000 0.000000
vt 0.000000 1.000000
vt 0.000000 0.000000
vt 1.000000 0.000000
vt 0.000000 1.000000
vt 0.000000 0.000000
vt 1.000000 0.000000
vt 0.000000 1.000000
vt 0.000000 0.000000
vt 1.000000 0.000000
vt 0.000000 1.000000
vt 0.000000 0.000000
vt 1.000000 0.000000
vt 0.000000 1.000000
vt 0.000000 0.000000
vt 1.000000 0.000000
vt 0.000000 1.000000
vt 0.000000 0.000000
vt 1.000000 0.000000
vt 0.000000 1.000000
vt 0.000000 0.000000
vt 1.000000 0.000000
vt 0.000000 1.000000
vt 0.000000 0.000000
vt 1.000000 0.000000
vt 0.000000 1.000000
vt 0.000000 0.000000
vt 1.000000 0.000000
vt 0.000000 1.000000
vt 0.000000 0.000000
vt 1.000000 0.000000
vt 0.000000 1.000000
vt 0.000000 0.000000
vt 1.000000 0.000000
vt 0.000000 1.000000
vt 0.000000 0.000000
vt 1.000000 0.000000
vt 0.000000 1.000000
vt 0.000000 0.000000
vt 1.000000 0.000000
vt 0.000000 1.000000
vt 0.000000 0.000000
vt 1.000000 0.000000
vt 0.000000 1.000000
vt 0.000000 0.000000
vt 1.000000 0.000000
vt 0.000000 1.000000
vt 0.000000 0.000000
vt 1.000000 0.000000
vt 0.000000 1.000000
vt 0.000000 0.000000
vt 1.000000 0.000000
vt 0.000000 1.000000
vt 0.000000 0.000000
vt 1.000000 0.000000
vt 0.000000 1.000000
vt 0.000000 0.000000
vt 1.000000 0.000000
vt 0.000000 1.000000
vt 0.000000 0.000000
vt 1.000000 0.000000
vt 0.000000 1.000000
vt 0.000000 0.000000
vt 1.000000 0.000000
vt 0.000000 1.000000
vt 0.000000 0.000000
vt 1.000000 0.000000
vt 0.000000 1.000000
vt 0.000000 0.000000
vt 1.000000 0.000000
vt 0.000000 1.000000
vt 0.000000 0.000000
vt 1.000000 0.000000
vt 0.000000 1.000000
vt 0.000000 0.000000
vt 1.000000 0.000000
vt 0.000000 1.000000
vt 0.000000 0.000000
vt 1.000000 0.000000
vt 0.000000 1.000000
vt 0.000000 0.000000
vt 1.000000 0.000000
vt 0.000000 1.000000
vt 0.000000 0.000000
vt 1.000000 0.000000
vt 0.000000 1.000000
vt 0.000000 0.000000
vt 1.000000 0.000000
vt 0.000000 1.000000
vt 0.000000 0.000000
vt 1.000000 0.000000
vt 0.000000 1.000000
vt 0.000000 0.000000
vt 1.000000 0.000000
vt 0.000000 1.000000
vt 0.000000 0.000000
vt 1.000000 0.000000
vt 0.000000 1.000000
vt 0.000000 0.000000
vt 1.000000 0.000000
vt 0.000000 1.000000
vt 0.000000 0.000000
vt 1.000000 0.000000
vt 0.000000 1.000000
vt 0.000000 0.000000
vt 1.000000 0.000000
vt 0.000000 1.000000
vt 0.000000 0.000000
vt 1.000000 0.000000
vt 0.000000 1.000000
vt 0.000000 0.000000
vt 1.000000 0.000000
vt 0.000000 1.000000
vt 0.000000 0.000000
vt 1.000000 0.000000
vt 0.000000 1.000000
vt 0.000000 0.000000
vt 1.000000 0.000000
vt 0.000000 1.000000
vt 0.000000 0.000000
vt 1.000000 0.000000
vt 0.000000 1.000000
vt 0.000000 0.000000
vt 1.000000 0.000000
vt 0.000000 1.000000
vt 0.000000 0.000000
vt 1.000000 0.000000
vt 0.000000 1.000000
vt 0.000000 0.000000
vt 1.000000 0.000000
vt 0.000000 1.000000
vt 0.000000 0.000000
vt 1.000000 0.000000
vt 0.000000 1.000000
vt 0.000000 0.000000
vt 1.000000 0.000000
vt 0.000000 1.000000
vt 0.000000 0.000000
vt 1.000000 0.000000
vt 0.000000 1.000000
vt 0.000000 0.000000
vt 1.000000 0.000000
vt 0.000000 1.000000
vt 0.000000 0.000000
vt 1.000000 0.000000
vt 0.000000 1.000000
vt 0.000000 0.000000
vt 1.000000 0.000000
vt 0.000000 1.000000
vt 0.000000 0.000000
vt 1.000000 0.000000
vt 0.000000 1.000000
vt 0.000000 0.000000
vt 1.000000 0.000000
vt 0.000000 1.000000
vt 0.000000 0.000000
vt 1.000000 0.000000
vt 0.000000 1.000000
vt 0.000000 0.000000
vt 1.000000 0.000000
vt 0.000000 1.000000
vt 0.000000 0.000000
vt 1.000000 0.000000
vt 0.000000 1.000000
vt 0.000000 0.000000
vt 1.000000 0.000000
vt 0.000000 1.000000
vt 0.000000 0.000000
vt 1.000000 0.000000
vt 0.000000 1.000000
vt 0.000000 0.000000
vt 1.000000 0.000000
vt 0.000000 1.000000
vt 0.000000 0.000000
vt 1.000000 0.000000
vt 0.000000 1.000000
vt 0.000000 0.000000
vt 1.000000 0.000000
vt 0.000000 1.000000
vt 0.000000 0.000000
vt 1.000000 0.000000
vt 0.000000 1.000000
vt 0.000000 0.000000
vt 1.000000 0.000000
vt 0.000000 1.000000
vt 0.000000 0.000000
vt 1.000000 0.000000
vt 0.000000 1.000000
vt 0.000000 0.000000
vt 1.000000 0.000000
vt 0.000000 1.000000
vt 0.000000 0.000000
vt 1.000000 0.000000
vt 0.000000 1.000000
vt 0.000000 0.000000
vt 1.000000 0.000000
vt 0.000000 1.000000
vt 0.000000 0.000000
vt 1.000000 0.000000
vt 0.000000 1.000000
vt 0.000000 0.000000
vt 1.000000 0.000000
vt 0.000000 1.000000
vt 0.000000 0.000000
vt 1.000000 0.000000
vt 0.000000 1.000000
vt 0.000000 0.000000
vt 1.000000 0.000000
vt 0.000000 1.000000
vt 0.000000 0.000000
vt 1.000000 0.000000
vt 0.000000 1.000000
vt 0.000000 0.000000
vt 1.000000 0.000000
vt 0.000000 1.000000
vt 0.000000 0.000000
vt 1.000000 0.000000
vt 0.000000 1.000000
vt 0.000000 0.000000
vt 1.000000 0.000000
vt 0.000000 1.000000
vt 0.000000 0.000000
vt 1.000000 0.000000
vt 0.000000 1.000000
vt 0.000000 0.000000
vt 1.000000 0.000000
vt 0.000000 1.000000
vt 0.000000 0.000000
vt 1.000000 0.000000
vt 0.000000 1.000000
vt 0.000000 0.000000
vt 1.000000 0.000000
vt 0.000000 1.000000
vt 0.000000 0.000000
vt 1.000000 0.000000
vt 0.000000 1.000000
vt 0.000000 0.000000
vt 1.000000 0.000000
vt 0.000000 1.000000
vt 0.000000 0.000000
vt 1.000000 0.000000
vt 0.000000 1.000000
vt 0.000000 0.000000
vt 1.000000 0.000000
vt 0.000000 1.000000
vt 0.000000 0.000000
vt 1.000000 0.000000
vt 0.000000 1.000000
vt 0.000000 0.000000
vt 1.000000 0.000000
vt 0.000000 1.000000
vt 0.000000 0.000000
vt 1.000000 0.000000
vt 0.000000 1.000000
vt 0.000000 0.000000
vt 1.000000 0.000000
vt 0.000000 1.000000
vt 0.000000 0.000000
vt 1.000000 0.000000
vt 0.000000 1.000000
vt 0.000000 0.000000
vt 1.000000 0.000000
vt 0.000000 1.000000
vt 0.000000 0.000000
vt 1.000000 0.000000
vt 0.000000 1.000000
vt 0.000000 0.000000
vt 1.000000 0.000000
vt 0.000000 1.000000
vt 0.000000 0.000000
vt 1.000000 0.000000
vt 0.000000 1.000000
vt 0.000000 0.000000
vt 1.000000 0.000000
vt 0.000000 1.000000
vt 0.000000 0.000000
vt 1.000000 0.000000
vt 0.000000 1.000000
vt 0.000000 0.000000
vt 1.000000 0.000000
vt 0.000000 1.000000
vt 0.000000 0.000000
vt 1.000000 0.000000
vt 0.000000 1.000000
vt 0.000000 0.000000
vt 1.000000 0.000000
vt 0.000000 1.000000
vt 0.000000 0.000000
vt 1.000000 0.000000
vt 0.000000 1.000000
vt 0.000000 0.000000
vt 1.000000 0.000000
vt 0.000000 1.000000
vt 0.000000 0.000000
vt 1.000000 0.000000
vt 0.000000 1.000000
vt 0.000000 0.000000
vt 1.000000 0.000000
vt 0.000000 1.000000
vt 0.000000 0.000000
vt 1.000000 0.000000
vt 0.000000 1.000000
vt 0.000000 0.000000
vt 1.000000 0.000000
vt 0.000000 1.000000
vt 0.000000 0.000000
vt 1.000000 0.000000
vt 0.000000 1.000000
vt 0.000000 0.000000
vt 1.000000 0.000000
vt 0.000000 1.000000
vt 0.000000 0.000000
vt 1.000000 0.000000
vt 0.000000 1.000000
vt 0.000000 0.000000
vt 1.000000 0.000000
vt 0.000000 1.000000
vt 0.000000 0.000000
vt 1.000000 0.000000
vt 0.000000 1.000000
vt 0.000000 0.000000
vt 1.000000 0.000000
vt 0.000000 1.000000
vt 0.000000 0.000000
vt 1.000000 0.000000
vt 0.000000 1.000000
vt 0.000000 0.000000
vt 1.000000 0.000000
vt 0.000000 1.000000
vt 0.000000 0.000000
vt 1.000000 0.000000
vt 0.000000 1.000000
vt 0.000000 0.000000
vt 1.000000 0.000000
vt 0.000000 1.000000
vt 0.000000 0.000000
vt 1.000000 0.000000
vt 0.000000 1.000000
vt 0.000000 0.000000
vt 1.000000 0.000000
vt 0.000000 1.000000
vt 0.000000 0.000000
vt 1.000000 0.000000
vt 0.000000 1.000000
vt 0.000000 0.000000
vt 1.000000 0.000000
vt 0.000000 1.000000
vt 0.000000 0.000000
vt 1.000000 0.000000
vt 0.000000 1.000000
vt 0.000000 0.000000
vt 1.000000 0.000000
vt 0.000000 1.000000
vt 0.000000 0.000000
vt 1.000000 0.000000
vt 0.000000 1.000000
vt 0.000000 0.000000
vt 1.000000 0.000000
vt 0.000000 1.000000
vt 0.000000 0.000000
vt 1.000000 0.000000
vt 0.000000 1.000000
vt 0.000000 0.000000
vt 1.000000 0.000000
vt 0.000000 1.000000
vt 0.000000 0.000000
vt 1.000000 0.000000
vt 0.000000 1.000000
vt 0.000000 0.000000
vt 1.000000 0.000000
vt 0.000000 1.000000
vt 0.000000 0.000000
vt 1.000000 0.000000
vt 0.000000 1.000000
vt 0.000000 0.000000
vt 1.000000 0.000000
vt 0.000000 1.000000
vt 0.000000 0.000000
vt 1.000000 0.000000
vt 0.000000 1.000000
vt 0.000000 0.000000
vt 1.000000 0.000000
vt 0.000000 1.000000
vt 0.000000 0.000000
vt 1.000000 0.000000
vt 0.000000 1.000000
vt 0.000000 0.000000
vt 1.000000 0.000000
vt 0.000000 1.000000
vt 0.000000 0.000000
vt 1.000000 0.000000
vt 0.000000 1.000000
vt 0.000000 0.000000
vt 1.000000 0.000000
vt 0.000000 1.000000
vt 0.000000 0.000000
vt 1.000000 0.000000
vt 0.000000 1.000000
vt 0.000000 0.000000
vt 1.000000 0.000000
vt 0.000000 1.000000
vt 0.000000 0.000000
vt 1.000000 0.000000
vt 0.000000 1.000000
vt 0.000000 0.000000
vt 1.000000 0.000000
vt 0.000000 1.000000
vt 0.000000 0.000000
vt 1.000000 0.000000
vt 0.000000 1.000000
vt 0.000000 0.000000
vt 1.000000 0.000000
vt 0.000000 1.000000
vt 0.000000 0.000000
vt 1.000000 0.000000
vt 0.000000 1.000000
vt 0.000000 0.000000
vt 1.000000 0.000000
vt 0.000000 1.000000
vt 0.000000 0.000000
vt 1.000000 0.000000
vt 0.000000 1.000000
vt 0.000000 0.000000
vt 1.000000 0.000000
vt 0.000000 1.000000
vt 0.000000 0.000000
vt 1.000000 0.000000
vt 0.000000 1.000000
vt 0.000000 0.000000
vt 1.000000 0.000000
vt 0.000000 1.000000
vt 0.000000 0.000000
vt 1.000000 0.000000
vt 0.000000 1.000000
vt 0.000000 0.000000
vt 1.000000 0.000000
vt 0.000000 1.000000
vt 0.000000 0.000000
vt 1.000000 0.000000
vt 0.000000 1.000000
vt 0.000000 0.000000
vt 1.000000 0.000000
vt 0.000000 1.000000
vt 0.000000 0.000000
vt 1.000000 0.000000
vt 0.000000 1.000000
vt 0.000000 0.000000
vt 1.000000 0.000000
vt 0.000000 1.000000
vt 0.000000 0.000000
vt 1.000000 0.000000
vt 0.000000 1.000000
vt 0.000000 0.000000
vt 1.000000 0.000000
vt 0.000000 1.000000
vt 0.000000 0.000000
vt 1.000000 0.000000
vt 0.000000 1.000000
vt 0.000000 0.000000
vt 1.000000 0.000000
vt 0.000000 1.000000
vt 0.000000 0.000000
vt 1.000000 0.000000
vt 0.000000 1.000000
vt 0.000000 0.000000
vt 1.000000 0.000000
vt 0.000000 1.000000
vt 0.000000 0.000000
vt 1.000000 0.000000
vt 0.000000 1.000000
vt 0.000000 0.000000
vt 1.000000 0.000000
vt 0.000000 1.000000
vt 0.000000 0.000000
vt 1.000000 0.000000
vt 0.000000 1.000000
vt 0.000000 0.000000
vt 1.000000 0.000000
vt 0.000000 1.000000
vt 0.000000 0.000000
vt 1.000000 0.000000
vt 0.000000 1.000000
vt 0.000000 0.000000
vt 1.000000 0.000000
vt 0.000000 1.000000
vt 0.000000 0.000000
vt 1.000000 0.000000
vt 0.000000 1.000000
vt 0.000000 0.000000
vt 1.000000 0.000000
vt 0.000000 1.000000
vt 0.000000 0.000000
vt 1.000000 0.000000
vt 0.000000 1.000000
vt 0.000000 0.000000
vt 1.000000 0.000000
vt 0.000000 1.000000
vt 0.000000 0.000000
vt 1.000000 0.000000
vt 0.000000 1.000000
vt 0.000000 0.000000
vt 1.000000 0.000000
vt 0.000000 1.000000
vt 0.000000 0.000000
vt 1.000000 0.000000
vt 0.000000 1.000000
vt 0.000000 0.000000
vt 1.000000 0.000000
vt 0.000000 1.000000
vt 0.000000 0.000000
vt 1.000000 0.000000
vt 0.000000 1.000000
vt 0.000000 0.000000
vt 1.000000 0.000000
vt 0.000000 1.000000
vt 0.000000 0.000000
vt 1.000000 0.000000
vt 0.000000 1.000000
vt 0.000000 0.000000
vt 1.000000 0.000000
vt 0.000000 1.000000
vt 0.000000 0.000000
vt 1.000000 0.000000
vt 0.000000 1.000000
vt 0.000000 0.000000
vt 1.000000 0.000000
vt 0.000000 1.000000
vt 0.000000 0.000000
vt 1.000000 0.000000
vt 0.000000 1.000000
vt 0.000000 0.000000
vt 1.000000 0.000000
vt 0.000000 1.000000
vt 0.000000 0.000000
vt 1.000000 0.000000
vt 0.000000 1.000000
vt 0.000000 0.000000
vt 1.000000 0.000000
vt 0.000000 1.000000
vt 0.000000 0.000000
vt 1.000000 0.000000
vt 0.000000 1.000000
vt 0.000000 0.000000
vt 1.000000 0.000000
vt 0.000000 1.000000
vt 0.000000 0.000000
vt 1.000000 0.000000
vt 0.000000 1.000000
vt 0.000000 0.000000
vt 1.000000 0.000000
vt 0.000000 1.000000
vt 0.000000 0.000000
vt 1.000000 0.000000
vt 0.000000 1.000000
vt 0.000000 0.000000
vt 1.000000 0.000000
vt 0.000000 1.000000
vt 0.000000 0.000000
vt 1.000000 0.000000
vt 0.000000 1.000000
vt 0.000000 0.000000
vt 1.000000 0.000000
vt 0.000000 1.000000
vt 0.000000 0.000000
vt 1.000000 0.000000
vt 0.000000 1.000000
vt 0.000000 0.000000
vt 1.000000 0.000000
vt 0.000000 1.000000
vt 0.000000 0.000000
vt 1.000000 0.000000
vt 0.000000 1.000000
vt 0.000000 0.000000
vt 1.000000 0.000000
vt 0.000000 1.000000
vt 0.000000 0.000000
vt 1.000000 0.000000
vt 0.000000 1.000000
vt 0.000000 0.000000
vt 1.000000 0.000000
vt 0.000000 1.000000
vt 0.000000 0.000000
vt 1.000000 0.000000
vt 0.000000 1.000000
vt 0.000000 0.000000
vt 1.000000 0.000000
vt 0.000000 1.000000
vt 0.000000 0.000000
vt 1.000000 0.000000
vt 0.000000 1.000000
vt 0.000000 0.000000
vt 1.000000 0.000000
vt 0.000000 1.000000
vt 0.000000 0.000000
vt 1.000000 0.000000
vt 0.000000 1.000000
vt 0.000000 0.000000
vt 1.000000 0.000000
vt 0.000000 1.000000
vt 0.000000 0.000000
vt 1.000000 0.000000
vt 0.000000 1.000000
vt 0.000000 0.000000
vt 1.000000 0.000000
vt 0.000000 1.000000
vt 0.000000 0.000000
vt 1.000000 0.000000
vt 0.000000 1.000000
vt 0.000000 0.000000
vt 1.000000 0.000000
vt 0.000000 1.000000
vt 0.000000 0.000000
vt 1.000000 0.000000
vt 0.000000 1.000000
vt 0.000000 0.000000
vt 1.000000 0.000000
vt 0.000000 1.000000
vt 0.000000 0.000000
vt 1.000000 0.000000
vt 0.000000 1.000000
vt 0.000000 0.000000
vt 1.000000 0.000000
vt 0.000000 1.000000
vt 0.000000 0.000000
vt 1.000000 0.000000
vt 0.000000 1.000000
vt 0.000000 0.000000
vt 1.000000 0.000000
vt 0.000000 1.000000
vt 0.000000 0.000000
vt 1.000000 0.000000
vt 0.000000 1.000000
vt 0.000000 0.000000
vt 1.000000 0.000000
vt 0.000000 1.000000
vt 0.000000 0.000000
vt 1.000000 0.000000
vt 0.000000 1.000000
vt 0.000000 0.000000
vt 1.000000 0.000000
vt 0.000000 1.000000
vt 0.000000 0.000000
vt 1.000000 0.000000
vt 0.000000 1.000000
vt 0.000000 0.000000
vt 1.000000 0.000000
vt 0.000000 1.000000
vt 0.000000 0.000000
vt 1.000000 0.000000
vt 0.000000 1.000000
vt 0.000000 0.000000
vt 1.000000 0.000000
vt 0.000000 1.000000
vt 0.000000 0.000000
vt 1.000000 0.000000
vt 0.000000 1.000000
vt 0.000000 0.000000
vt 1.000000 0.000000
vt 0.000000 1.000000
vt 0.000000 0.000000
vt 1.000000 0.000000
vt 0.000000 1.000000
vt 0.000000 0.000000
vt 1.000000 0.000000
vt 0.000000 1.000000
vt 0.000000 0.000000
vt 1.000000 0.000000
vt 0.000000 1.000000
vt 0.000000 0.000000
vt 1.000000 0.000000
vt 0.000000 1.000000
vt 0.000000 0.000000
vt 1.000000 0.000000
vt 0.000000 1.000000
vt 0.000000 0.000000
vt 1.000000 0.000000
vt 0.000000 1.000000
vt 0.000000 0.000000
vt 1.000000 0.000000
vt 0.000000 1.000000
vt 0.000000 0.000000
vt 1.000000 0.000000
vt 0.000000 1.000000
vt 0.000000 0.000000
vt 1.000000 0.000000
vt 0.000000 1.000000
vt 0.000000 0.000000
vt 1.000000 0.000000
vt 0.000000 1.000000
vt 0.000000 0.000000
vt 1.000000 0.000000
vt 0.000000 1.000000
vt 0.000000 0.000000
vt 1.000000 0.000000
vt 0.000000 1.000000
vt 0.000000 0.000000
vt 1.000000 0.000000
vt 0.000000 1.000000
vt 0.000000 0.000000
vt 1.000000 0.000000
vt 0.000000 1.000000
vt 0.000000 0.000000
vt 1.000000 0.000000
vt 0.000000 1.000000
vt 0.000000 0.000000
vt 1.000000 0.000000
vt 0.000000 1.000000
vt 0.000000 0.000000
vt 1.000000 0.000000
vt 0.000000 1.000000
vt 0.000000 0.000000
vt 1.000000 0.000000
vt 0.000000 1.000000
vt 0.000000 0.000000
vt 1.000000 0.000000
vt 0.000000 1.000000
vt 0.000000 0.000000
vt 1.000000 0.000000
vt 0.000000 1.000000
vt 0.000000 0.000000
vt 1.000000 0.000000
vt 0.000000 1.000000
vt 0.000000 0.000000
vt 1.000000 0.000000
vt 0.000000 1.000000
vt 0.000000 0.000000
vt 1.000000 0.000000
vt 0.000000 1.000000
vt 0.000000 0.000000
vt 1.000000 0.000000
vt 0.000000 1.000000
vt 0.000000 0.000000
vt 1.000000 0.000000
vt 0.000000 1.000000
vt 0.000000 0.000000
vt 1.000000 0.000000
vt 0.000000 1.000000
vt 0.000000 0.000000
vt 1.000000 0.000000
vt 0.000000 1.000000
vt 0.000000 0.000000
vt 1.000000 0.000000
vt 0.000000 1.000000
vt 0.000000 0.000000
vt 1.000000 0.000000
vt 0.000000 1.000000
vt 0.000000 0.000000
vt 1.000000 0.000000
vt 0.000000 1.000000
vt 0.000000 0.000000
vt 1.000000 0.000000
vt 0.000000 1.000000
vt 0.000000 0.000000
vt 1.000000 0.000000
vt 0.000000 1.000000
vt 0.000000 0.000000
vt 1.000000 0.000000
vt 0.000000 1.000000
vt 0.000000 0.000000
vt 1.000000 0.000000
vt 0.000000 1.000000
vt 0.000000 0.000000
vt 1.000000 0.000000
vt 0.000000 1.000000
vt 0.000000 0.000000
vt 1.000000 0.000000
vt 0.000000 1.000000
vt 0.000000 0.000000
vt 1.000000 0.000000
vt 0.000000 1.000000
vt 0.000000 0.000000
vt 1.000000 0.000000
vt 0.000000 1.000000
vt 0.000000 0.000000
vt 1.000000 0.000000
vt 0.000000 1.000000
vt 0.000000 0.000000
vt 1.000000 0.000000
vt 0.000000 1.000000
vt 0.000000 0.000000
vt 1.000000 0.000000
vt 0.000000 1.000000
vt 0.000000 0.000000
vt 1.000000 0.000000
vt 0.000000 1.000000
vt 0.000000 0.000000
vt 1.000000 0.000000
vt 0.000000 1.000000
vt 0.000000 0.000000
vt 1.000000 0.000000
vt 0.000000 1.000000
vt 0.000000 0.000000
vt 1.000000 0.000000
vt 0.000000 1.000000
vt 0.000000 0.000000
vt 1.000000 0.000000
vt 0.000000 1.000000
vt 0.000000 0.000000
vt 1.000000 0.000000
vt 0.000000 1.000000
vt 0.000000 0.000000
vt 1.000000 0.000000
vt 0.000000 1.000000
vt 0.000000 0.000000
vt 1.000000 0.000000
vt 0.000000 1.000000
vt 0.000000 0.000000
vt 1.000000 0.000000
vt 0.000000 1.000000
vt 0.000000 0.000000
vt 1.000000 0.000000
vt 0.000000 1.000000
vt 0.000000 0.000000
vt 1.000000 0.000000
vt 0.000000 1.000000
vt 0.000000 0.000000
vt 1.000000 0.000000
vt 0.000000 1.000000
vt 0.000000 0.000000
vt 1.000000 0.000000
vt 0.000000 1.000000
vt 0.000000 0.000000
vt 1.000000 0.000000
vt 0.000000 1.000000
vt 0.000000 0.000000
vt 1.000000 0.000000
vt 0.000000 1.000000
vt 0.000000 0.000000
vt 1.000000 0.000000
vt 0.000000 1.000000
vt 0.000000 0.000000
vt 1.000000 0.000000
vt 0.000000 1.000000
vt 0.000000 0.000000
vt 1.000000 0.000000
vt 0.000000 1.000000
vt 0.000000 0.000000
vt 1.000000 0.000000
vt 0.000000 1.000000
vt 0.000000 0.000000
vt 1.000000 0.000000
vt 0.000000 1.000000
vt 0.000000 0.000000
vt 1.000000 0.000000
vt 0.000000 1.000000
vt 0.000000 0.000000
vt 1.000000 0.000000
vt 0.000000 1.000000
vt 0.000000 0.000000
vt 1.000000 0.000000
vt 0.000000 1.000000
vt 0.000000 0.000000
vt 1.000000 0.000000
vt 0.000000 1.000000
vt 0.000000 0.000000
vt 1.000000 0.000000
vt 0.000000 1.000000
vt 0.000000 0.000000
vt 1.000000 0.000000
vt 0.000000 1.000000
vt 0.000000 0.000000
vt 1.000000 0.000000
vt 0.000000 1.000000
vt 0.000000 0.000000
vt 1.000000 0.000000
vt 0.000000 1.000000
vt 0.000000 0.000000
vt 1.000000 0.000000
vt 0.000000 1.000000
vt 0.000000 0.000000
vt 1.000000 0.000000
vt 0.000000 1.000000
vt 0.000000 0.000000
vt 1.000000 0.000000
vt 0.000000 1.000000
vt 0.000000 0.000000
vt 1.000000 0.000000
vt 0.000000 1.000000
vt 0.000000 0.000000
vt 1.000000 0.000000
vt 0.000000 1.000000
vt 0.000000 0.000000
vt 1.000000 0.000000
vt 0.000000 1.000000
vt 0.000000 0.000000
vt 1.000000 0.000000
vt 0.000000 1.000000
vt 0.000000 0.000000
vt 1.000000 0.000000
vt 0.000000 1.000000
vt 0.000000 0.000000
vt 1.000000 0.000000
vt 0.000000 1.000000
vt 0.000000 0.000000
vt 1.000000 0.000000
vt 0.000000 1.000000
vt 0.000000 0.000000
vt 1.000000 0.000000
vt 0.000000 1.000000
vt 0.000000 0.000000
vt 1.000000 0.000000
vt 0.000000 1.000000
vt 0.000000 0.000000
vt 1.000000 0.000000
vt 0.000000 1.000000
vt 0.000000 0.000000
vt 1.000000 0.000000
vt 0.000000 1.000000
vt 0.000000 0.000000
vt 1.000000 0.000000
vt 0.000000 1.000000
vt 0.000000 0.000000
vt 1.000000 0.000000
vt 0.000000 1.000000
vt 0.000000 0.000000
vt 1.000000 0.000000
vt 0.000000 1.000000
vt 0.000000 0.000000
vt 1.000000 0.000000
vt 0.000000 1.000000
vt 0.000000 0.000000
vt 1.000000 0.000000
vt 0.000000 1.000000
vt 0.000000 0.000000
vt 1.000000 0.000000
vt 0.000000 1.000000
vt 0.000000 0.000000
vt 1.000000 0.000000
vt 0.000000 1.000000
vt 0.000000 0.000000
vt 1.000000 0.000000
vt 0.000000 1.000000
vt 0.000000 0.000000
vt 1.000000 0.000000
vt 0.000000 1.000000
vt 0.000000 0.000000
vt 1.000000 0.000000
vt 0.000000 1.000000
vt 0.000000 0.000000
vt 1.000000 0.000000
vt 0.000000 1.000000
vt 0.000000 0.000000
vt 1.000000 0.000000
vt 0.000000 1.000000
vt 0.000000 0.000000
vt 1.000000 0.000000
vt 0.000000 1.000000
vt 0.000000 0.000000
vt 1.000000 0.000000
vt 0.000000 1.000000
vt 0.000000 0.000000
vt 1.000000 0.000000
vt 0.000000 1.000000
vt 0.000000 0.000000
vt 1.000000 0.000000
vt 0.000000 1.000000
vt 0.000000 0.000000
vt 1.000000 0.000000
vt 0.000000 1.000000
vt 0.000000 0.000000
vt 1.000000 0.000000
vt 0.000000 1.000000
vt 0.000000 0.000000
vt 1.000000 0.000000
vt 0.000000 1.000000
vt 0.000000 0.000000
vt 1.000000 0.000000
vt 0.000000 1.000000
vt 0.000000 0.000000
vt 1.000000 0.000000
vt 0.000000 1.000000
vt 0.000000 0.000000
vt 1.000000 0.000000
vt 0.000000 1.000000
vt 0.000000 0.000000
vt 1.000000 0.000000
vt 0.000000 1.000000
vt 0.000000 0.000000
vt 1.000000 0.000000
vt 0.000000 1.000000
vt 0.000000 0.000000
vt 1.000000 0.000000
vt 0.000000 1.000000
vt 0.000000 0.000000
vt 1.000000 0.000000
vt 0.000000 1.000000
vt 0.000000 0.000000
vt 1.000000 0.000000
vt 0.000000 1.000000
vt 0.000000 0.000000
vt 1.000000 0.000000
vt 0.000000 1.000000
vt 0.000000 0.000000
vt 1.000000 0.000000
vt 0.000000 1.000000
vt 0.000000 0.000000
vt 1.000000 0.000000
vt 0.000000 1.000000
vt 0.000000 0.000000
vt 1.000000 0.000000
vt 0.000000 1.000000
vt 0.000000 0.000000
vt 1.000000 0.000000
vt 0.000000 1.000000
vt 0.000000 0.000000
vt 1.000000 0.000000
vt 0.000000 1.000000
vt 0.000000 0.000000
vt 1.000000 0.000000
vt 0.000000 1.000000
vt 0.000000 0.000000
vt 1.000000 0.000000
vt 0.000000 1.000000
vt 0.000000 0.000000
vt 1.000000 0.000000
vt 0.000000 1.000000
vt 0.000000 0.000000
vt 1.000000 0.000000
vt 0.000000 1.000000
vt 0.000000 0.000000
vt 1.000000 0.000000
vt 0.000000 1.000000
vt 0.000000 0.000000
vt 1.000000 0.000000
vt 0.000000 1.000000
vt 0.000000 0.000000
vt 1.000000 0.000000
vt 0.000000 1.000000
vt 0.000000 0.000000
vt 1.000000 0.000000
vt 0.000000 1.000000
vt 0.000000 0.000000
vt 1.000000 0.000000
vt 0.000000 1.000000
vt 0.000000 0.000000
vt 1.000000 0.000000
vt 0.000000 1.000000
vt 0.000000 0.000000
vt 1.000000 0.000000
vt 0.000000 1.000000
vt 0.000000 0.000000
vt 1.000000 0.000000
vt 0.000000 1.000000
vt 0.000000 0.000000
vt 1.000000 0.000000
vt 0.000000 1.000000
vt 0.000000 0.000000
vt 1.000000 0.000000
vt 0.000000 1.000000
vt 0.000000 0.000000
vt 1.000000 0.000000
vt 0.000000 1.000000
vt 0.000000 0.000000
vt 1.000000 0.000000
vt 0.000000 1.000000
vt 0.000000 0.000000
vt 1.000000 0.000000
vt 0.000000 1.000000
vt 0.000000 0.000000
vt 1.000000 0.000000
vt 0.000000 1.000000
vt 0.000000 0.000000
vt 1.000000 0.000000
vt 0.000000 1.000000
vt 0.000000 0.000000
vt 1.000000 0.000000
vt 0.000000 1.000000
vt 0.000000 0.000000
vt 1.000000 0.000000
vt 0.000000 1.000000
vt 0.000000 0.000000
vt 1.000000 0.000000
vt 0.000000 1.000000
vt 0.000000 0.000000
vt 1.000000 0.000000
vt 0.000000 1.000000
vt 0.000000 0.000000
vt 1.000000 0.000000
vt 0.000000 1.000000
vt 0.000000 0.000000
vt 1.000000 0.000000
vt 0.000000 1.000000
vt 0.000000 0.000000
vt 1.000000 0.000000
vt 0.000000 1.000000
vt 0.000000 0.000000
vt 1.000000 0.000000
vt 0.000000 1.000000
vt 0.000000 0.000000
vt 1.000000 0.000000
vt 0.000000 1.000000
vt 0.000000 0.000000
vt 1.000000 0.000000
vt 0.000000 1.000000
vt 0.000000 0.000000
vt 1.000000 0.000000
vt 0.000000 1.000000
vt 0.000000 0.000000
vt 1.000000 0.000000
vt 0.000000 1.000000
vt 0.000000 0.000000
vt 1.000000 0.000000
vt 0.000000 1.000000
vt 0.000000 0.000000
vt 1.000000 0.000000
vt 0.000000 1.000000
vt 0.000000 0.000000
vt 1.000000 0.000000
vt 0.000000 1.000000
vt 0.000000 0.000000
vt 1.000000 0.000000
vt 0.000000 1.000000
vt 0.000000 0.000000
vt 1.000000 0.000000
vt 0.000000 1.000000
vt 0.000000 0.000000
vt 1.000000 0.000000
vt 0.000000 1.000000
vt 0.000000 0.000000
vt 1.000000 0.000000
vt 0.000000 1.000000
vt 0.000000 0.000000
vt 1.000000 0.000000
vt 0.000000 1.000000
vt 0.000000 0.000000
vt 1.000000 0.000000
vt 0.000000 1.000000
vt 0.000000 0.000000
vt 1.000000 0.000000
vt 0.000000 1.000000
vt 0.000000 0.000000
vt 1.000000 0.000000
vt 0.000000 1.000000
vt 0.000000 0.000000
vt 1.000000 0.000000
vt 0.000000 1.000000
vt 0.000000 0.000000
vt 1.000000 0.000000
vt 0.000000 1.000000
vt 0.000000 0.000000
vt 1.000000 0.000000
vt 0.000000 1.000000
vt 0.000000 0.000000
vt 1.000000 0.000000
vt 0.000000 1.000000
vt 0.000000 0.000000
vt 1.000000 0.000000
vt 0.000000 1.000000
vt 0.000000 0.000000
vt 1.000000 0.000000
vt 0.000000 1.000000
vt 0.000000 0.000000
vt 1.000000 0.000000
vt 0.000000 1.000000
vt 0.000000 0.000000
vt 1.000000 0.000000
vt 0.000000 1.000000
vt 0.000000 0.000000
vt 1.000000 0.000000
vt 0.000000 1.000000
vt 0.000000 0.000000
vt 1.000000 0.000000
vt 0.000000 1.000000
vt 0.000000 0.000000
vt 1.000000 0.000000
vt 0.000000 1.000000
vt 0.000000 0.000000
vt 1.000000 0.000000
vt 0.000000 1.000000
vt 0.000000 0.000000
vt 1.000000 0.000000
vt 0.000000 1.000000
vt 0.000000 0.000000
vt 1.000000 0.000000
vt 0.000000 1.000000
vt 0.000000 0.000000
vt 1.000000 0.000000
vt 0.000000 1.000000
vt 0.000000 0.000000
vt 1.000000 0.000000
vt 0.000000 1.000000
vt 0.000000 0.000000
vt 1.000000 0.000000
vt 0.000000 1.000000
vt 0.000000 0.000000
vt 1.000000 0.000000
vt 0.000000 1.000000
vt 0.000000 0.000000
vt 1.000000 0.000000
vt 0.000000 1.000000
vt 0.000000 0.000000
vt 1.000000 0.000000
vt 0.000000 1.000000
vt 0.000000 0.000000
vt 1.000000 0.000000
vt 0.000000 1.000000
vt 0.000000 0.000000
vt 1.000000 0.000000
vt 0.000000 1.000000
vt 0.000000 0.000000
vt 1.000000 0.000000
vt 0.000000 1.000000
vt 0.000000 0.000000
vt 1.000000 0.000000
vt 0.000000 1.000000
vt 0.000000 0.000000
vt 1.000000 0.000000
vt 0.000000 1.000000
vt 0.000000 0.000000
vt 1.000000 0.000000
vt 0.000000 1.000000
vt 0.000000 0.000000
vt 1.000000 0.000000
vt 0.000000 1.000000
vt 0.000000 0.000000
vt 1.000000 0.000000
vt 0.000000 1.000000
vt 0.000000 0.000000
vt 1.000000 0.000000
vt 0.000000 1.000000
vt 0.000000 0.000000
vt 1.000000 0.000000
vt 0.000000 1.000000
vt 0.000000 0.000000
vt 1.000000 0.000000
vt 0.000000 1.000000
vt 0.000000 0.000000
vt 1.000000 0.000000
vt 0.000000 1.000000
vt 0.000000 0.000000
vt 1.000000 0.000000
vt 0.000000 1.000000
vt 0.000000 0.000000
vt 1.000000 0.000000
vt 0.000000 1.000000
vt 0.000000 0.000000
vt 1.000000 0.000000
vt 0.000000 1.000000
vt 0.000000 0.000000
vt 1.000000 0.000000
vt 0.000000 1.000000
vt 0.000000 0.000000
vt 1.000000 0.000000
vt 0.000000 1.000000
vt 0.000000 0.000000
vt 1.000000 0.000000
vt 0.000000 1.000000
vt 0.000000 0.000000
vt 1.000000 0.000000
vt 0.000000 1.000000
vt 0.000000 0.000000
vt 1.000000 0.000000
vt 0.000000 1.000000
vt 0.000000 0.000000
vt 1.000000 0.000000
vt 0.000000 1.000000
vt 0.000000 0.000000
vt 1.000000 0.000000
vt 0.000000 1.000000
vt 0.000000 0.000000
vt 1.000000 0.000000
vt 0.000000 1.000000
vt 0.000000 0.000000
vt 1.000000 0.000000
vt 0.000000 1.000000
vt 0.000000 0.000000
vt 1.000000 0.000000
vt 0.000000 1.000000
vt 0.000000 0.000000
vt 1.000000 0.000000
vt 0.000000 1.000000
vt 0.000000 0.000000
vt 1.000000 0.000000
vt 0.000000 1.000000
vt 0.000000 0.000000
vt 1.000000 0.000000
vt 0.000000 1.000000
vt 0.000000 0.000000
vt 1.000000 0.000000
vt 0.000000 1.000000
vt 0.000000 0.000000
vt 1.000000 0.000000
vt 0.000000 1.000000
vt 0.000000 0.000000
vt 1.000000 0.000000
vt 0.000000 1.000000
vt 0.000000 0.000000
vt 1.000000 0.000000
vt 0.000000 1.000000
vt 0.000000 0.000000
vt 1.000000 0.000000
vt 0.000000 1.000000
vt 0.000000 0.000000
vt 1.000000 0.000000
vt 0.000000 1.000000
vt 0.000000 0.000000
vt 1.000000 0.000000
vt 0.000000 1.000000
vt 0.000000 0.000000
vt 1.000000 0.000000
vt 0.000000 1.000000
vt 0.000000 0.000000
vt 1.000000 0.000000
vt 0.000000 1.000000
vt 0.000000 0.000000
vt 1.000000 0.000000
vt 0.000000 1.000000
vt 0.000000 0.000000
vt 1.000000 0.000000
vt 0.000000 1.000000
vt 0.000000 0.000000
vt 1.000000 0.000000
vt 0.000000 1.000000
vt 0.000000 0.000000
vt 1.000000 0.000000
vt 0.000000 1.000000
vt 0.000000 0.000000
vt 1.000000 0.000000
vt 0.000000 1.000000
vt 0.000000 0.000000
vt 1.000000 0.000000
vt 0.000000 1.000000
vt 0.000000 0.000000
vt 1.000000 0.000000
vt 0.000000 1.000000
vt 0.000000 0.000000
vt 1.000000 0.000000
vt 0.000000 1.000000
vt 0.000000 0.000000
vt 1.000000 0.000000
vt 0.000000 1.000000
vt 0.000000 0.000000
vt 1.000000 0.000000
vt 0.000000 1.000000
vt 0.000000 0.000000
vt 1.000000 0.000000
vt 0.000000 1.000000
vt 0.000000 0.000000
vt 1.000000 0.000000
vt 0.000000 1.000000
vt 0.000000 0.000000
vt 1.000000 0.000000
vt 0.000000 1.000000
vt 0.000000 0.000000
vt 1.000000 0.000000
vt 0.000000 1.000000
vt 0.000000 0.000000
vt 1.000000 0.000000
vt 0.000000 1.000000
vt 0.000000 0.000000
vt 1.000000 0.000000
vt 0.000000 1.000000
vt 0.000000 0.000000
vt 1.000000 0.000000
vt 0.000000 1.000000
vt 0.000000 0.000000
vt 1.000000 0.000000
vt 0.000000 1.000000
vt 0.000000 0.000000
vt 1.000000 0.000000
vt 0.000000 1.000000
vt 0.000000 0.000000
vt 1.000000 0.000000
vt 0.000000 1.000000
vt 0.000000 0.000000
vt 1.000000 0.000000
vt 0.000000 1.000000
vt 0.000000 0.000000
vt 1.000000 0.000000
vt 0.000000 1.000000
vt 0.000000 0.000000
vt 1.000000 0.000000
vt 0.000000 1.000000
vt 0.000000 0.000000
vt 1.000000 0.000000
vt 0.000000 1.000000
vt 0.000000 0.000000
vt 1.000000 0.000000
vt 0.000000 1.000000
vt 0.000000 0.000000
vt 1.000000 0.000000
vt 0.000000 1.000000
vt 0.000000 0.000000
vt 1.000000 0.000000
vt 0.000000 1.000000
vt 0.000000 0.000000
vt 1.000000 0.000000
vt 0.000000 1.000000
vt 0.000000 0.000000
vt 1.000000 0.000000
vt 0.000000 1.000000
vt 0.000000 0.000000
vt 1.000000 0.000000
vt 0.000000 1.000000
vt 0.000000 0.000000
vt 1.000000 0.000000
vt 0.000000 1.000000
vt 0.000000 0.000000
vt 1.000000 0.000000
vt 0.000000 1.000000
vt 0.000000 0.000000
vt 1.000000 0.000000
vt 0.000000 1.000000
vt 0.000000 0.000000
vt 1.000000 0.000000
vt 0.000000 1.000000
vt 0.000000 0.000000
vt 1.000000 0.000000
vt 0.000000 1.000000
vt 0.000000 0.000000
vt 1.000000 0.000000
vt 0.000000 1.000000
vt 0.000000 0.000000
vt 1.000000 0.000000
vt 0.000000 1.000000
vt 0.000000 0.000000
vt 1.000000 0.000000
vt 0.000000 1.000000
vt 0.000000 0.000000
vt 1.000000 0.000000
vt 0.000000 1.000000
vt 0.000000 0.000000
vt 1.000000 0.000000
vt 0.000000 1.000000
vt 0.000000 0.000000
vt 1.000000 0.000000
vt 0.000000 1.000000
vt 0.000000 0.000000
vt 1.000000 0.000000
vt 0.000000 1.000000
vt 0.000000 0.000000
vt 1.000000 0.000000
vt 0.000000 1.000000
vt 0.000000 0.000000
vt 1.000000 0.000000
vt 0.000000 1.000000
vt 0.000000 0.000000
vt 1.000000 0.000000
vt 0.000000 1.000000
vt 0.000000 0.000000
vt 1.000000 0.000000
vt 0.000000 1.000000
vt 0.000000 0.000000
vt 1.000000 0.000000
vt 0.000000 1.000000
vt 0.000000 0.000000
vt 1.000000 0.000000
vt 0.000000 1.000000
vt 0.000000 0.000000
vt 1.000000 0.000000
vt 0.000000 1.000000
vt 0.000000 0.000000
vt 1.000000 0.000000
vt 0.000000 1.000000
vt 0.000000 0.000000
vt 1.000000 0.000000
vt 0.000000 1.000000
vt 0.000000 0.000000
vt 1.000000 0.000000
vt 0.000000 1.000000
vt 0.000000 0.000000
vt 1.000000 0.000000
vt 0.000000 1.000000
vt 0.000000 0.000000
vt 1.000000 0.000000
vt 0.000000 1.000000
vt 0.000000 0.000000
vt 1.000000 0.000000
vt 0.000000 1.000000
vt 0.000000 0.000000
vt 1.000000 0.000000
vt 0.000000 1.000000
vt 0.000000 0.000000
vt 1.000000 0.000000
vt 0.000000 1.000000
vt 0.000000 0.000000
vt 1.000000 0.000000
vt 0.000000 1.000000
vt 0.000000 0.000000
vt 1.000000 0.000000
vt 0.000000 1.000000
vt 0.000000 0.000000
vt 1.000000 0.000000
vt 0.000000 1.000000
vt 0.000000 0.000000
vt 1.000000 0.000000
vt 0.000000 1.000000
vt 0.000000 0.000000
vt 1.000000 0.000000
vt 0.000000 1.000000
vt 0.000000 0.000000
vt 1.000000 0.000000
vt 0.000000 1.000000
vt 0.000000 0.000000
vt 1.000000 0.000000
vt 0.000000 1.000000
vt 0.000000 0.000000
vt 1.000000 0.000000
vt 0.000000 1.000000
vt 0.000000 0.000000
vt 1.000000 0.000000
vt 0.000000 1.000000
vt 0.000000 0.000000
vt 1.000000 0.000000
vt 0.000000 1.000000
vt 0.000000 0.000000
vt 1.000000 0.000000
vt 0.000000 1.000000
vt 0.000000 0.000000
vt 1.000000 0.000000
vt 0.000000 1.000000
vt 0.000000 0.000000
vt 1.000000 0.000000
vt 0.000000 1.000000
vt 0.000000 0.000000
vt 1.000000 0.000000
vt 0.000000 1.000000
vt 0.000000 0.000000
vt 1.000000 0.000000
vt 0.000000 1.000000
vt 0.000000 0.000000
vt 1.000000 0.000000
vt 0.000000 1.000000
vt 0.000000 0.000000
vt 1.000000 0.000000
vt 0.000000 1.000000
vt 0.000000 0.000000
vt 1.000000 0.000000
vt 0.000000 1.000000
vt 0.000000 0.000000
vt 1.000000 0.000000
vt 0.000000 1.000000
vt 0.000000 0.000000
vt 1.000000 0.000000
vt 0.000000 1.000000
vt 0.000000 0.000000
vt 1.000000 0.000000
vt 0.000000 1.000000
vt 0.000000 0.000000
vt 1.000000 0.000000
vt 0.000000 1.000000
vt 0.000000 0.000000
vt 1.000000 0.000000
vt 0.000000 1.000000
vt 0.000000 0.000000
vt 1.000000 0.000000
vt 0.000000 1.000000
vt 0.000000 0.000000
vt 1.000000 0.000000
vt 0.000000 1.000000
vt 0.000000 0.000000
vt 1.000000 0.000000
vt 0.000000 1.000000
vt 0.000000 0.000000
vt 1.000000 0.000000
vt 0.000000 1.000000
vt 0.000000 0.000000
vt 1.000000 0.000000
vt 0.000000 1.000000
vt 0.000000 0.000000
vt 1.000000 0.000000
vt 0.000000 1.000000
vt 0.000000 0.000000
vt 1.000000 0.000000
vt 0.000000 1.000000
vt 0.000000 0.000000
vt 1.000000 0.000000
vt 0.000000 1.000000
vt 0.000000 0.000000
vt 1.000000 0.000000
vt 0.000000 1.000000
vt 0.000000 0.000000
vt 1.000000 0.000000
vt 0.000000 1.000000
vt 0.000000 0.000000
vt 1.000000 0.000000
vt 0.000000 1.000000
vt 0.000000 0.000000
vt 1.000000 0.000000
vt 0.000000 1.000000
vt 0.000000 0.000000
vt 1.000000 0.000000
vt 0.000000 1.000000
vt 0.000000 0.000000
vt 1.000000 0.000000
vt 0.000000 1.000000
vt 0.000000 0.000000
vt 1.000000 0.000000
vt 0.000000 1.000000
vt 0.000000 0.000000
vt 1.000000 0.000000
vt 0.000000 1.000000
vt 0.000000 0.000000
vt 1.000000 0.000000
vt 0.000000 1.000000
vt 0.000000 0.000000
vt 1.000000 0.000000
vt 0.000000 1.000000
vt 0.000000 0.000000
vt 1.000000 0.000000
vt 0.000000 1.000000
vt 0.000000 0.000000
vt 1.000000 0.000000
vt 0.000000 1.000000
vt 0.000000 0.000000
vt 1.000000 0.000000
vt 0.000000 1.000000
vt 0.000000 0.000000
vt 1.000000 0.000000
vt 0.000000 1.000000
vt 0.000000 0.000000
vt 1.000000 0.000000
vt 0.000000 1.000000
vt 0.000000 0.000000
vt 1.000000 0.000000
vt 0.000000 1.000000
vt 0.000000 0.000000
vt 1.000000 0.000000
vt 0.000000 1.000000
vt 0.000000 0.000000
vt 1.000000 0.000000
vt 0.000000 1.000000
vt 0.000000 0.000000
vt 1.000000 0.000000
vt 0.000000 1.000000
vt 0.000000 0.000000
vt 1.000000 0.000000
vt 0.000000 1.000000
vt 0.000000 0.000000
vt 1.000000 0.000000
vt 0.000000 1.000000
vt 0.000000 0.000000
vt 1.000000 0.000000
vt 0.000000 1.000000
vt 0.000000 0.000000
vt 1.000000 0.000000
vt 0.000000 1.000000
vt 0.000000 0.000000
vt 1.000000 0.000000
vt 0.000000 1.000000
vt 0.000000 0.000000
vt 1.000000 0.000000
vt 0.000000 1.000000
vt 0.000000 0.000000
vt 1.000000 0.000000
vt 0.000000 1.000000
vt 0.000000 0.000000
vt 1.000000 0.000000
vt 0.000000 1.000000
vt 0.000000 0.000000
vt 1.000000 0.000000
vt 0.000000 1.000000
vt 0.000000 0.000000
vt 1.000000 0.000000
vt 0.000000 1.000000
vt 0.000000 0.000000
vt 1.000000 0.000000
vt 0.000000 1.000000
vt 0.000000 0.000000
vt 1.000000 0.000000
vt 0.000000 1.000000
vt 0.000000 0.000000
vt 1.000000 0.000000
vt 0.000000 1.000000
vt 0.000000 0.000000
vt 1.000000 0.000000
vt 0.000000 1.000000
vt 0.000000 0.000000
vt 1.000000 0.000000
vt 0.000000 1.000000
vt 0.000000 0.000000
vt 1.000000 0.000000
vt 0.000000 1.000000
vt 0.000000 0.000000
vt 1.000000 0.000000
vt 0.000000 1.000000
vt 0.000000 0.000000
vt 1.000000 0.000000
vt 0.000000 1.000000
vt 0.000000 0.000000
vt 1.000000 0.000000
vt 0.000000 1.000000
vt 0.000000 0.000000
vt 1.000000 0.000000
vt 0.000000 1.000000
vt 0.000000 0.000000
vt 1.000000 0.000000
vt 0.000000 1.000000
vt 0.000000 0.000000
vt 1.000000 0.000000
vt 0.000000 1.000000
vt 0.000000 0.000000
vt 1.000000 0.000000
vt 0.000000 1.000000
vt 0.000000 0.000000
vt 1.000000 0.000000
vt 0.000000 1.000000
vt 0.000000 0.000000
vt 1.000000 0.000000
vt 0.000000 1.000000
vt 0.000000 0.000000
vt 1.000000 0.000000
vt 0.000000 1.000000
vt 0.000000 0.000000
vt 1.000000 0.000000
vt 0.000000 1.000000
vt 0.000000 0.000000
vt 1.000000 0.000000
vt 0.000000 1.000000
vt 0.000000 0.000000
vt 1.000000 0.000000
vt 0.000000 1.000000
vt 0.000000 0.000000
vt 1.000000 0.000000
vt 0.000000 1.000000
vt 0.000000 0.000000
vt 1.000000 0.000000
vt 0.000000 1.000000
vt 0.000000 0.000000
vt 1.000000 0.000000
vt 0.000000 1.000000
vt 0.000000 0.000000
vt 1.000000 0.000000
vt 0.000000 1.000000
vt 0.000000 0.000000
vt 1.000000 0.000000
vt 0.000000 1.000000
vt 0.000000 0.000000
vt 1.000000 0.000000
vt 0.000000 1.000000
vt 0.000000 0.000000
vt 1.000000 0.000000
vt 0.000000 1.000000
vt 0.000000 0.000000
vt 1.000000 0.000000
vt 0.000000 1.000000
vt 0.000000 0.000000
vt 1.000000 0.000000
vt 0.000000 1.000000
vt 0.000000 0.000000
vt 1.000000 0.000000
vt 0.000000 1.000000
vt 0.000000 0.000000
vt 1.000000 0.000000
vt 0.000000 1.000000
vt 0.000000 0.000000
vt 1.000000 0.000000
vt 0.000000 1.000000
vt 0.000000 0.000000
vt 1.000000 0.000000
vt 0.000000 1.000000
vt 0.000000 0.000000
vt 1.000000 0.000000
vt 0.000000 1.000000
vt 0.000000 0.000000
vt 1.000000 0.000000
vt 0.000000 1.000000
vt 0.000000 0.000000
vt 1.000000 0.000000
vt 0.000000 1.000000
vt 0.000000 0.000000
vt 1.000000 0.000000
vt 0.000000 1.000000
vt 0.000000 0.000000
vt 1.000000 0.000000
vt 0.000000 1.000000
vt 0.000000 0.000000
vt 1.000000 0.000000
vt 0.000000 1.000000
vt 0.000000 0.000000
vt 1.000000 0.000000
vt 0.000000 1.000000
vt 0.000000 0.000000
vt 1.000000 0.000000
vt 0.000000 1.000000
vt 0.000000 0.000000
vt 1.000000 0.000000
vt 0.000000 1.000000
vt 0.000000 0.000000
vt 1.000000 0.000000
vt 0.000000 1.000000
vt 0.000000 0.000000
vt 1.000000 0.000000
vt 0.000000 1.000000
vt 0.000000 0.000000
vt 1.000000 0.000000
vt 0.000000 1.000000
vt 0.000000 0.000000
vt 1.000000 0.000000
vt 0.000000 1.000000
vt 0.000000 0.000000
vt 1.000000 0.000000
vt 0.000000 1.000000
vt 0.000000 0.000000
vt 1.000000 0.000000
vt 0.000000 1.000000
vt 0.000000 0.000000
vt 1.000000 0.000000
vt 0.000000 1.000000
vt 0.000000 0.000000
vt 1.000000 0.000000
vt 0.000000 1.000000
vt 0.000000 0.000000
vt 1.000000 0.000000
vt 0.000000 1.000000
vt 0.000000 0.000000
vt 1.000000 0.000000
vt 0.000000 1.000000
vt 0.000000 0.000000
vt 1.000000 0.000000
vt 0.000000 1.000000
vt 0.000000 0.000000
vt 1.000000 0.000000
vt 0.000000 1.000000
vt 0.000000 0.000000
vt 1.000000 0.000000
vt 0.000000 1.000000
vt 0.000000 0.000000
vt 1.000000 0.000000
vt 0.000000 1.000000
vt 0.000000 0.000000
vt 1.000000 0.000000
vt 0.000000 1.000000
vt 0.000000 0.000000
vt 1.000000 0.000000
vt 0.000000 1.000000
vt 0.000000 0.000000
vt 1.000000 0.000000
vt 0.000000 1.000000
vt 0.000000 0.000000
vt 1.000000 0.000000
vt 0.000000 1.000000
vt 0.000000 0.000000
vt 1.000000 0.000000
vt 0.000000 1.000000
vt 0.000000 0.000000
vt 1.000000 0.000000
vt 0.000000 1.000000
vt 0.000000 0.000000
vt 1.000000 0.000000
vt 0.000000 1.000000
vt 0.000000 0.000000
vt 1.000000 0.000000
vt 0.000000 1.000000
vt 0.000000 0.000000
vt 1.000000 0.000000
vt 0.000000 1.000000
vt 0.000000 0.000000
vt 1.000000 0.000000
vt 0.000000 1.000000
vt 0.000000 0.000000
vt 1.000000 0.000000
vt 0.000000 1.000000
vt 0.000000 0.000000
vt 1.000000 0.000000
vt 0.000000 1.000000
vt 0.000000 0.000000
vt 1.000000 0.000000
vt 0.000000 1.000000
vt 0.000000 0.000000
vt 1.000000 0.000000
vt 0.000000 1.000000
vt 0.000000 0.000000
vt 1.000000 0.000000
vt 0.000000 1.000000
vt 0.000000 0.000000
vt 1.000000 0.000000
vt 0.000000 1.000000
vt 0.000000 0.000000
vt 1.000000 0.000000
vt 0.000000 1.000000
vt 0.000000 0.000000
vt 1.000000 0.000000
vt 0.000000 1.000000
vt 0.000000 0.000000
vt 1.000000 0.000000
vt 0.000000 1.000000
vt 0.000000 0.000000
vt 1.000000 0.000000
vt 0.000000 1.000000
vt 0.000000 0.000000
vt 1.000000 0.000000
vt 0.000000 1.000000
vt 0.000000 0.000000
vt 1.000000 0.000000
vt 0.000000 1.000000
vt 0.000000 0.000000
vt 1.000000 0.000000
vt 0.000000 1.000000
vt 0.000000 0.000000
vt 1.000000 0.000000
vt 0.000000 1.000000
vt 0.000000 0.000000
vt 1.000000 0.000000
vt 0.000000 1.000000
vt 0.000000 0.000000
vt 1.000000 0.000000
vt 0.000000 1.000000
vt 0.000000 0.000000
vt 1.000000 0.000000
vt 0.000000 1.000000
vt 0.000000 0.000000
vt 1.000000 0.000000
vt 0.000000 1.000000
vt 0.000000 0.000000
vt 1.000000 0.000000
vt 0.000000 1.000000
vt 0.000000 0.000000
vt 1.000000 0.000000
vt 0.000000 1.000000
vt 0.000000 0.000000
vt 1.000000 0.000000
vt 0.000000 1.000000
vt 0.000000 0.000000
vt 1.000000 0.000000
vt 0.000000 1.000000
vt 0.000000 0.000000
vt 1.000000 0.000000
vt 0.000000 1.000000
vt 0.000000 0.000000
vt 1.000000 0.000000
vt 0.000000 1.000000
vt 0.000000 0.000000
vt 1.000000 0.000000
vt 0.000000 1.000000
vt 0.000000 0.000000
vt 1.000000 0.000000
vt 0.000000 1.000000
vt 0.000000 0.000000
vt 1.000000 0.000000
vt 0.000000 1.000000
vt 0.000000 0.000000
vt 1.000000 0.000000
vt 0.000000 1.000000
vt 0.000000 0.000000
vt 1.000000 0.000000
vt 0.000000 1.000000
vt 0.000000 0.000000
vt 1.000000 0.000000
vt 0.000000 1.000000
vt 0.000000 0.000000
vt 1.000000 0.000000
vt 0.000000 1.000000
vt 0.000000 0.000000
vt 1.000000 0.000000
vt 0.000000 1.000000
vt 0.000000 0.000000
vt 1.000000 0.000000
vt 0.000000 1.000000
vt 0.000000 0.000000
vt 1.000000 0.000000
vt 0.000000 1.000000
vt 0.000000 0.000000
vt 1.000000 0.000000
vt 0.000000 1.000000
vt 0.000000 0.000000
vt 1.000000 0.000000
vt 0.000000 1.000000
vt 0.000000 0.000000
vt 1.000000 0.000000
vt 0.000000 1.000000
vt 0.000000 0.000000
vt 1.000000 0.000000
vt 0.000000 1.000000
vt 0.000000 0.000000
vt 1.000000 0.000000
vt 0.000000 1.000000
vt 0.000000 0.000000
vt 1.000000 0.000000
vt 0.000000 1.000000
vt 0.000000 0.000000
vt 1.000000 0.000000
vt 0.000000 1.000000
vt 0.000000 0.000000
vt 1.000000 0.000000
vt 0.000000 1.000000
vt 0.000000 0.000000
vt 1.000000 0.000000
vt 0.000000 1.000000
vt 0.000000 0.000000
vt 1.000000 0.000000
vt 0.000000 1.000000
vt 0.000000 0.000000
vt 1.000000 0.000000
vt 0.000000 1.000000
vt 0.000000 0.000000
vt 1.000000 0.000000
vt 0.000000 1.000000
vt 0.000000 0.000000
vt 1.000000 0.000000
vt 0.000000 1.000000
vt 0.000000 0.000000
vt 1.000000 0.000000
vt 0.000000 1.000000
vt 0.000000 0.000000
vt 1.000000 0.000000
vt 0.000000 1.000000
vt 0.000000 0.000000
vt 1.000000 0.000000
vt 0.000000 1.000000
vt 0.000000 0.000000
vt 1.000000 0.000000
vt 0.000000 1.000000
vt 0.000000 0.000000
vt 1.000000 0.000000
vt 0.000000 1.000000
vt 0.000000 0.000000
vt 1.000000 0.000000
vt 0.000000 1.000000
vt 0.000000 0.000000
vt 1.000000 0.000000
vt 0.000000 1.000000
vt 0.000000 0.000000
vt 1.000000 0.000000
vt 0.000000 1.000000
vt 0.000000 0.000000
vt 1.000000 0.000000
vt 0.000000 1.000000
vt 0.000000 0.000000
vt 1.000000 0.000000
vt 0.000000 1.000000
vt 0.000000 0.000000
vt 1.000000 0.000000
vt 0.000000 1.000000
vt 0.000000 0.000000
vt 1.000000 0.000000
vt 0.000000 1.000000
vt 0.000000 0.000000
vt 1.000000 0.000000
vt 0.000000 1.000000
vt 0.000000 0.000000
vt 1.000000 0.000000
vt 0.000000 1.000000
vt 0.000000 0.000000
vt 1.000000 0.000000
vt 0.000000 1.000000
vt 0.000000 0.000000
vt 1.000000 0.000000
vt 0.000000 1.000000
vt 0.000000 0.000000
vt 1.000000 0.000000
vt 0.000000 1.000000
vt 0.000000 0.000000
vt 1.000000 0.000000
vt 0.000000 1.000000
vt 0.000000 0.000000
vt 1.000000 0.000000
vt 0.000000 1.000000
vt 0.000000 0.000000
vt 1.000000 0.000000
vt 0.000000 1.000000
vt 0.000000 0.000000
vt 1.000000 0.000000
vt 0.000000 1.000000
vt 0.000000 0.000000
vt 1.000000 0.000000
vt 0.000000 1.000000
vt 0.000000 0.000000
vt 1.000000 0.000000
vt 0.000000 1.000000
vt 0.000000 0.000000
vt 1.000000 0.000000
vt 0.000000 1.000000
vt 0.000000 0.000000
vt 1.000000 0.000000
vt 0.000000 1.000000
vt 0.000000 0.000000
vt 1.000000 0.000000
vt 0.000000 1.000000
vt 0.000000 0.000000
vt 1.000000 0.000000
vt 0.000000 1.000000
vt 0.000000 0.000000
vt 1.000000 0.000000
vt 0.000000 1.000000
vt 0.000000 0.000000
vt 1.000000 0.000000
vt 0.000000 1.000000
vt 0.000000 0.000000
vt 1.000000 0.000000
vt 0.000000 1.000000
vt 0.000000 0.000000
vt 1.000000 0.000000
vt 0.000000 1.000000
vt 0.000000 0.000000
vt 1.000000 0.000000
vt 0.000000 1.000000
vt 0.000000 0.000000
vt 1.000000 0.000000
vt 0.000000 1.000000
vt 0.000000 0.000000
vt 1.000000 0.000000
vt 0.000000 1.000000
vt 0.000000 0.000000
vt 1.000000 0.000000
vt 0.000000 1.000000
vt 0.000000 0.000000
vt 1.000000 0.000000
vt 0.000000 1.000000
vt 0.000000 0.000000
vt 1.000000 0.000000
vt 0.000000 1.000000
vt 0.000000 0.000000
vt 1.000000 0.000000
vt 0.000000 1.000000
vt 0.000000 0.000000
vt 1.000000 0.000000
vt 0.000000 1.000000
vt 0.000000 0.000000
vt 1.000000 0.000000
vt 0.000000 1.000000
vt 0.000000 0.000000
vt 1.000000 0.000000
vt 0.000000 1.000000
vt 0.000000 0.000000
vt 1.000000 0.000000
vt 0.000000 1.000000
vt 0.000000 0.000000
vt 1.000000 0.000000
vt 0.000000 1.000000
vt 0.000000 0.000000
vt 1.000000 0.000000
vt 0.000000 1.000000
vt 0.000000 0.000000
vt 1.000000 0.000000
vt 0.000000 1.000000
vt 0.000000 0.000000
vt 1.000000 0.000000
vt 0.000000 1.000000
vt 0.000000 0.000000
vt 1.000000 0.000000
vt 0.000000 1.000000
vt 0.000000 0.000000
vt 1.000000 0.000000
vt 0.000000 1.000000
vt 0.000000 0.000000
vt 1.000000 0.000000
vt 0.000000 1.000000
vt 0.000000 0.000000
vt 1.000000 0.000000
vt 0.000000 1.000000
vt 0.000000 0.000000
vt 1.000000 0.000000
vt 0.000000 1.000000
vt 0.000000 0.000000
vt 1.000000 0.000000
vt 0.000000 1.000000
vt 0.000000 0.000000
vt 1.000000 0.000000
vt 0.000000 1.000000
vt 0.000000 0.000000
vt 1.000000 0.000000
vt 0.000000 1.000000
vt 0.000000 0.000000
vt 1.000000 0.000000
vt 0.000000 1.000000
vt 0.000000 0.000000
vt 1.000000 0.000000
vt 0.000000 1.000000
vt 0.000000 0.000000
vt 1.000000 0.000000
vt 0.000000 1.000000
vt 0.000000 0.000000
vt 1.000000 0.000000
vt 0.000000 1.000000
vt 0.000000 0.000000
vt 1.000000 0.000000
vt 0.000000 1.000000
vt 0.000000 0.000000
vt 1.000000 0.000000
vt 0.000000 1.000000
vt 0.000000 0.000000
vt 1.000000 0.000000
vt 0.000000 1.000000
vt 0.000000 0.000000
vt 1.000000 0.000000
vt 0.000000 1.000000
vt 0.000000 0.000000
vt 1.000000 0.000000
vt 0.000000 1.000000
vt 0.000000 0.000000
vt 1.000000 0.000000
vt 0.000000 1.000000
vt 0.000000 0.000000
vt 1.000000 0.000000
vt 0.000000 1.000000
vt 0.000000 0.000000
vt 1.000000 0.000000
vt 0.000000 1.000000
vt 0.000000 0.000000
vt 1.000000 0.000000
vt 0.000000 1.000000
vt 0.000000 0.000000
vt 1.000000 0.000000
vt 0.000000 1.000000
vt 0.000000 0.000000
vt 1.000000 0.000000
vt 0.000000 1.000000
vt 0.000000 0.000000
vt 1.000000 0.000000
vt 0.000000 1.000000
vt 0.000000 0.000000
vt 1.000000 0.000000
vt 0.000000 1.000000
vt 0.000000 0.000000
vt 1.000000 0.000000
vt 0.000000 1.000000
vt 0.000000 0.000000
vt 1.000000 0.000000
vt 0.000000 1.000000
vt 0.000000 0.000000
vt 1.000000 0.000000
vt 0.000000 1.000000
vt 0.000000 0.000000
vt 1.000000 0.000000
vt 0.000000 1.000000
vt 0.000000 0.000000
vt 1.000000 0.000000
vt 0.000000 1.000000
vt 0.000000 0.000000
vt 1.000000 0.000000
vt 0.000000 1.000000
vt 0.000000 0.000000
vt 1.000000 0.000000
vt 0.000000 1.000000
vt 0.000000 0.000000
vt 1.000000 0.000000
vt 0.000000 1.000000
vt 0.000000 0.000000
vt 1.000000 0.000000
vt 0.000000 1.000000
vt 0.000000 0.000000
vt 1.000000 0.000000
vt 0.000000 1.000000
vt 0.000000 0.000000
vt 1.000000 0.000000
vt 0.000000 1.000000
vt 0.000000 0.000000
vt 1.000000 0.000000
vt 0.000000 1.000000
vt 0.000000 0.000000
vt 1.000000 0.000000
vt 0.000000 1.000000
vt 0.000000 0.000000
vt 1.000000 0.000000
vt 0.000000 1.000000
vt 0.000000 0.000000
vt 1.000000 0.000000
vt 0.000000 1.000000
vt 0.000000 0.000000
vt 1.000000 0.000000
vt 0.000000 1.000000
vt 0.000000 0.000000
vt 1.000000 0.000000
vt 0.000000 1.000000
vt 0.000000 0.000000
vt 1.000000 0.000000
vt 0.000000 1.000000
vt 0.000000 0.000000
vt 1.000000 0.000000
vt 0.000000 1.000000
vt 0.000000 0.000000
vt 1.000000 0.000000
vt 0.000000 1.000000
vt 0.000000 0.000000
vt 1.000000 0.000000
vt 0.000000 1.000000
vt 0.000000 0.000000
vt 1.000000 0.000000
vt 0.000000 1.000000
vt 0.000000 0.000000
vt 1.000000 0.000000
vt 0.000000 1.000000
vt 0.000000 0.000000
vt 1.000000 0.000000
vt 0.000000 1.000000
vt 0.000000 0.000000
vt 1.000000 0.000000
vt 0.000000 1.000000
vt 0.000000 0.000000
vt 1.000000 0.000000
vt 0.000000 1.000000
vt 0.000000 0.000000
vt 1.000000 0.000000
vt 0.000000 1.000000
vt 0.000000 0.000000
vt 1.000000 0.000000
vt 0.000000 1.000000
vt 0.000000 0.000000
vt 1.000000 0.000000
vt 0.000000 1.000000
vt 0.000000 0.000000
vt 1.000000 0.000000
vt 0.000000 1.000000
vt 0.000000 0.000000
vt 1.000000 0.000000
vt 0.000000 1.000000
vt 0.000000 0.000000
vt 1.000000 0.000000
vt 0.000000 1.000000
vt 0.000000 0.000000
vt 1.000000 0.000000
vt 0.000000 1.000000
vt 0.000000 0.000000
vt 1.000000 0.000000
vt 0.000000 1.000000
vt 0.000000 0.000000
vt 1.000000 0.000000
vt 0.000000 1.000000
vt 0.000000 0.000000
vt 1.000000 0.000000
vt 0.000000 1.000000
vt 0.000000 0.000000
vt 1.000000 0.000000
vt 0.000000 1.000000
vt 0.000000 0.000000
vt 1.000000 0.000000
vt 0.000000 1.000000
vt 0.000000 0.000000
vt 1.000000 0.000000
vt 0.000000 1.000000
vt 0.000000 0.000000
vt 1.000000 0.000000
vt 0.000000 1.000000
vt 0.000000 0.000000
vt 1.000000 0.000000
vt 0.000000 1.000000
vt 0.000000 0.000000
vt 1.000000 0.000000
vt 0.000000 1.000000
vt 0.000000 0.000000
vt 1.000000 0.000000
vt 0.000000 1.000000
vt 0.000000 0.000000
vt 1.000000 0.000000
vt 0.000000 1.000000
vt 0.000000 0.000000
vt 1.000000 0.000000
vt 0.000000 1.000000
vt 0.000000 0.000000
vt 1.000000 0.000000
vt 0.000000 1.000000
vt 0.000000 0.000000
vt 1.000000 0.000000
vt 0.000000 1.000000
vt 0.000000 0.000000
vt 1.000000 0.000000
vt 0.000000 1.000000
vt 0.000000 0.000000
vt 1.000000 0.000000
vt 0.000000 1.000000
vt 0.000000 0.000000
vt 1.000000 0.000000
vt 0.000000 1.000000
vt 0.000000 0.000000
vt 1.000000 0.000000
vt 0.000000 1.000000
vt 0.000000 0.000000
vt 1.000000 0.000000
vt 0.000000 1.000000
vt 0.000000 0.000000
vt 1.000000 0.000000
vt 0.000000 1.000000
vt 0.000000 0.000000
vt 1.000000 0.000000
vt 0.000000 1.000000
vt 0.000000 0.000000
vt 1.000000 0.000000
vt 0.000000 1.000000
vt 0.000000 0.000000
vt 1.000000 0.000000
vt 0.000000 1.000000
vt 0.000000 0.000000
vt 1.000000 0.000000
vt 0.000000 1.000000
vt 0.000000 0.000000
vt 1.000000 0.000000
vt 0.000000 1.000000
vt 0.000000 0.000000
vt 1.000000 0.000000
vt 0.000000 1.000000
vt 0.000000 0.000000
vt 1.000000 0.000000
vt 0.000000 1.000000
vt 0.000000 0.000000
vt 1.000000 0.000000
vt 0.000000 1.000000
vt 0.000000 0.000000
vt 1.000000 0.000000
vt 0.000000 1.000000
vt 0.000000 0.000000
vt 1.000000 0.000000
vt 0.000000 1.000000
vt 0.000000 0.000000
vt 1.000000 0.000000
vt 0.000000 1.000000
vt 0.000000 0.000000
vt 1.000000 0.000000
vt 0.000000 1.000000
vt 0.000000 0.000000
vt 1.000000 0.000000
vt 0.000000 1.000000
vt 0.000000 0.000000
vt 1.000000 0.000000
vt 0.000000 1.000000
vt 0.000000 0.000000
vt 1.000000 0.000000
vt 0.000000 1.000000
vt 0.000000 0.000000
vt 1.000000 0.000000
vt 0.000000 1.000000
vt 0.000000 0.000000
vt 1.000000 0.000000
vt 0.000000 1.000000
vt 0.000000 0.000000
vt 1.000000 0.000000
vt 0.000000 1.000000
vt 0.000000 0.000000
vt 1.000000 0.000000
vt 0.000000 1.000000
vt 0.000000 0.000000
vt 1.000000 0.000000
vt 0.000000 1.000000
vt 0.000000 0.000000
vt 1.000000 0.000000
vt 0.000000 1.000000
vt 0.000000 0.000000
vt 1.000000 0.000000
vt 0.000000 1.000000
vt 0.000000 0.000000
vt 1.000000 0.000000
vt 0.000000 1.000000
vt 0.000000 0.000000
vt 1.000000 0.000000
vt 0.000000 1.000000
vt 0.000000 0.000000
vt 1.000000 0.000000
vt 0.000000 1.000000
vt 0.000000 0.000000
vt 1.000000 0.000000
vt 0.000000 1.000000
vt 0.000000 0.000000
vt 1.000000 0.000000
vt 0.000000 1.000000
vt 0.000000 0.000000
vt 1.000000 0.000000
vt 0.000000 1.000000
vt 0.000000 0.000000
vt 1.000000 0.000000
vt 0.000000 1.000000
vt 0.000000 0.000000
vt 1.000000 0.000000
vt 0.000000 1.000000
vt 0.000000 0.000000
vt 1.000000 0.000000
vt 0.000000 1.000000
vt 0.000000 0.000000
vt 1.000000 0.000000
vt 0.000000 1.000000
vt 0.000000 0.000000
vt 1.000000 0.000000
vt 0.000000 1.000000
vt 0.000000 0.000000
vt 1.000000 0.000000
vt 0.000000 1.000000
vt 0.000000 0.000000
vt 1.000000 0.000000
vt 0.000000 1.000000
vt 0.000000 0.000000
vt 1.000000 0.000000
vt 0.000000 1.000000
vt 0.000000 0.000000
vt 1.000000 0.000000
vt 0.000000 1.000000
vt 0.000000 0.000000
vt 1.000000 0.000000
vt 0.000000 1.000000
vt 0.000000 0.000000
vt 1.000000 0.000000
vt 0.000000 1.000000
vt 0.000000 0.000000
vt 1.000000 0.000000
vt 0.000000 1.000000
vt 0.000000 0.000000
vt 1.000000 0.000000
vt 0.000000 1.000000
vt 0.000000 0.000000
vt 1.000000 0.000000
vt 0.000000 1.000000
vt 0.000000 0.000000
vt 1.000000 0.000000
vt 0.000000 1.000000
vt 0.000000 0.000000
vt 1.000000 0.000000
vt 0.000000 1.000000
vt 0.000000 0.000000
vt 1.000000 0.000000
vt 0.000000 1.000000
vt 0.000000 0.000000
vt 1.000000 0.000000
vt 0.000000 1.000000
vt 0.000000 0.000000
vt 1.000000 0.000000
vt 0.000000 1.000000
vt 0.000000 0.000000
vt 1.000000 0.000000
vt 0.000000 1.000000
vt 0.000000 0.000000
vt 1.000000 0.000000
vt 0.000000 1.000000
vt 0.000000 0.000000
vt 1.000000 0.000000
vt 0.000000 1.000000
vt 0.000000 0.000000
vt 1.000000 0.000000
vt 0.000000 1.000000
vt 0.000000 0.000000
vt 1.000000 0.000000
vt 0.000000 1.000000
vt 0.000000 0.000000
vt 1.000000 0.000000
vt 0.000000 1.000000
vt 0.000000 0.000000
vt 1.000000 0.000000
vt 0.000000 1.000000
vt 0.000000 0.000000
vt 1.000000 0.000000
vt 0.000000 1.000000
vt 0.000000 0.000000
vt 1.000000 0.000000
vt 0.000000 1.000000
vt 0.000000 0.000000
vt 1.000000 0.000000
vt 0.000000 1.000000
vt 0.000000 0.000000
vt 1.000000 0.000000
vt 0.000000 1.000000
vt 0.000000 0.000000
vt 1.000000 0.000000
vt 0.000000 1.000000
vt 0.000000 0.000000
vt 1.000000 0.000000
vt 0.000000 1.000000
vt 0.000000 0.000000
vt 1.000000 0.000000
vt 0.000000 1.000000
vt 0.000000 0.000000
vt 1.000000 0.000000
vt 0.000000 1.000000
vt 0.000000 0.000000
vt 1.000000 0.000000
vt 0.000000 1.000000
vt 0.000000 0.000000
vt 1.000000 0.000000
vt 0.000000 1.000000
vt 0.000000 0.000000
vt 1.000000 0.000000
vt 0.000000 1.000000
vt 0.000000 0.000000
vt 1.000000 0.000000
vt 0.000000 1.000000
vt 0.000000 0.000000
vt 1.000000 0.000000
vt 0.000000 1.000000
vt 0.000000 0.000000
vt 1.000000 0.000000
vt 0.000000 1.000000
vt 0.000000 0.000000
vt 1.000000 0.000000
vt 0.000000 1.000000
vt 0.000000 0.000000
vt 1.000000 0.000000
vt 0.000000 1.000000
vt 0.000000 0.000000
vt 1.000000 0.000000
vt 0.000000 1.000000
vt 0.000000 0.000000
vt 1.000000 0.000000
vt 0.000000 1.000000
vt 0.000000 0.000000
vt 1.000000 0.000000
vt 0.000000 1.000000
vt 0.000000 0.000000
vt 1.000000 0.000000
vt 0.000000 1.000000
vt 0.000000 0.000000
vt 1.000000 0.000000
vt 0.000000 1.000000
vt 0.000000 0.000000
vt 1.000000 0.000000
vt 0.000000 1.000000
vt 0.000000 0.000000
vt 1.000000 0.000000
vt 0.000000 1.000000
vt 0.000000 0.000000
vt 1.000000 0.000000
vt 0.000000 1.000000
vt 0.000000 0.000000
vt 1.000000 0.000000
vt 0.000000 1.000000
vt 0.000000 0.000000
vt 1.000000 0.000000
vt 0.000000 1.000000
vt 0.000000 0.000000
vt 1.000000 0.000000
vt 0.000000 1.000000
vt 0.000000 0.000000
vt 1.000000 0.000000
vt 0.000000 1.000000
vt 0.000000 0.000000
vt 1.000000 0.000000
vt 0.000000 1.000000
vt 0.000000 0.000000
vt 1.000000 0.000000
vt 0.000000 1.000000
vt 0.000000 0.000000
vt 1.000000 0.000000
vt 0.000000 1.000000
vt 0.000000 0.000000
vt 1.000000 0.000000
vt 0.000000 1.000000
vt 0.000000 0.000000
vt 1.000000 0.000000
vt 0.000000 1.000000
vt 0.000000 0.000000
vt 1.000000 0.000000
vt 0.000000 1.000000
vt 0.000000 0.000000
vt 1.000000 0.000000
vt 0.000000 1.000000
vt 0.000000 0.000000
vt 1.000000 0.000000
vt 0.000000 1.000000
vt 0.000000 0.000000
vt 1.000000 0.000000
vt 0.000000 1.000000
vt 0.000000 0.000000
vt 1.000000 0.000000
vt 0.000000 1.000000
vt 0.000000 0.000000
vt 1.000000 0.000000
vt 0.000000 1.000000
vt 0.000000 0.000000
vt 1.000000 0.000000
vt 0.000000 1.000000
vt 0.000000 0.000000
vt 1.000000 0.000000
vt 0.000000 1.000000
vt 0.000000 0.000000
vt 1.000000 0.000000
vt 0.000000 1.000000
vt 0.000000 0.000000
vt 1.000000 0.000000
vt 0.000000 1.000000
vt 0.000000 0.000000
vt 1.000000 0.000000
vt 0.000000 1.000000
vt 0.000000 0.000000
vt 1.000000 0.000000
vt 0.000000 1.000000
vt 0.000000 0.000000
vt 1.000000 0.000000
vt 0.000000 1.000000
vt 0.000000 0.000000
vt 1.000000 0.000000
vt 0.000000 1.000000
vt 0.000000 0.000000
vt 1.000000 0.000000
vt 0.000000 1.000000
vt 0.000000 0.000000
vt 1.000000 0.000000
vt 0.000000 1.000000
vt 0.000000 0.000000
vt 1.000000 0.000000
vt 0.000000 1.000000
vt 0.000000 0.000000
vt 1.000000 0.000000
vt 0.000000 1.000000
vt 0.000000 0.000000
vt 1.000000 0.000000
vt 0.000000 1.000000
vt 0.000000 0.000000
vt 1.000000 0.000000
vt 0.000000 1.000000
vt 0.000000 0.000000
vt 1.000000 0.000000
vt 0.000000 1.000000
vt 0.000000 0.000000
vt 1.000000 0.000000
vt 0.000000 1.000000
vt 0.000000 0.000000
vt 1.000000 0.000000
vt 0.000000 1.000000
vt 0.000000 0.000000
vt 1.000000 0.000000
vt 0.000000 1.000000
vt 0.000000 0.000000
vt 1.000000 0.000000
vt 0.000000 1.000000
vt 0.000000 0.000000
vt 1.000000 0.000000
vt 0.000000 1.000000
vt 0.000000 0.000000
vt 1.000000 0.000000
vt 0.000000 1.000000
vt 0.000000 0.000000
vt 1.000000 0.000000
vt 0.000000 1.000000
vt 0.000000 0.000000
vt 1.000000 0.000000
vt 0.000000 1.000000
vt 0.000000 0.000000
vt 1.000000 0.000000
vt 0.000000 1.000000
vt 0.000000 0.000000
vt 1.000000 0.000000
vt 0.000000 1.000000
vt 0.000000 0.000000
vt 1.000000 0.000000
vt 0.000000 1.000000
vt 0.000000 0.000000
vt 1.000000 0.000000
vt 0.000000 1.000000
vt 0.000000 0.000000
vt 1.000000 0.000000
vt 0.000000 1.000000
vt 0.000000 0.000000
vt 1.000000 0.000000
vt 0.000000 1.000000
vt 0.000000 0.000000
vt 1.000000 0.000000
vt 0.000000 1.000000
vt 0.000000 0.000000
vt 1.000000 0.000000
vt 0.000000 1.000000
vt 0.000000 0.000000
vt 1.000000 0.000000
vt 0.000000 1.000000
vt 0.000000 0.000000
vt 1.000000 0.000000
vt 0.000000 1.000000
vt 0.000000 0.000000
vt 1.000000 0.000000
vt 0.000000 1.000000
vt 0.000000 0.000000
vt 1.000000 0.000000
vt 0.000000 1.000000
vt 0.000000 0.000000
vt 1.000000 0.000000
vt 0.000000 1.000000
vt 0.000000 0.000000
vt 1.000000 0.000000
vt 0.000000 1.000000
vt 0.000000 0.000000
vt 1.000000 0.000000
vt 0.000000 1.000000
vt 0.000000 0.000000
vt 1.000000 0.000000
vt 0.000000 1.000000
vt 0.000000 0.000000
vt 1.000000 0.000000
vt 0.000000 1.000000
vt 0.000000 0.000000
vt 1.000000 0.000000
vt 0.000000 1.000000
vt 0.000000 0.000000
vt 1.000000 0.000000
vt 0.000000 1.000000
vt 0.000000 0.000000
vt 1.000000 0.000000
vt 0.000000 1.000000
vt 0.000000 0.000000
vt 1.000000 0.000000
vt 0.000000 1.000000
vt 0.000000 0.000000
vt 1.000000 0.000000
vt 0.000000 1.000000
vt 0.000000 0.000000
vt 1.000000 0.000000
vt 0.000000 1.000000
vt 0.000000 0.000000
vt 1.000000 0.000000
vt 0.000000 1.000000
vt 0.000000 0.000000
vt 1.000000 0.000000
vt 0.000000 1.000000
vt 0.000000 0.000000
vt 1.000000 0.000000
vt 0.000000 1.000000
vt 0.000000 0.000000
vt 1.000000 0.000000
vt 0.000000 1.000000
vt 0.000000 0.000000
vt 1.000000 0.000000
vt 0.000000 1.000000
vt 0.000000 0.000000
vt 1.000000 0.000000
vt 0.000000 1.000000
vt 0.000000 0.000000
vt 1.000000 0.000000
vt 0.000000 1.000000
vt 0.000000 0.000000
vt 1.000000 0.000000
vt 0.000000 1.000000
vt 0.000000 0.000000
vt 1.000000 0.000000
vt 0.000000 1.000000
vt 0.000000 0.000000
vt 1.000000 0.000000
vt 0.000000 1.000000
vt 0.000000 0.000000
vt 1.000000 0.000000
vt 0.000000 1.000000
vt 0.000000 0.000000
vt 1.000000 0.000000
vt 0.000000 1.000000
vt 0.000000 0.000000
vt 1.000000 0.000000
vt 0.000000 1.000000
vt 0.000000 0.000000
vt 1.000000 0.000000
vt 0.000000 1.000000
vt 0.000000 0.000000
vt 1.000000 0.000000
vt 0.000000 1.000000
vt 0.000000 0.000000
vt 1.000000 0.000000
vt 0.000000 1.000000
vt 0.000000 0.000000
vt 1.000000 0.000000
vt 0.000000 1.000000
vt 0.000000 0.000000
vt 1.000000 0.000000
vt 0.000000 1.000000
vt 0.000000 0.000000
vt 1.000000 0.000000
vt 0.000000 1.000000
vt 0.000000 0.000000
vt 1.000000 0.000000
vt 0.000000 1.000000
vt 0.000000 0.000000
vt 1.000000 0.000000
vt 0.000000 1.000000
vt 0.000000 0.000000
vt 1.000000 0.000000
vt 0.000000 1.000000
vt 0.000000 0.000000
vt 1.000000 0.000000
vt 0.000000 1.000000
vt 0.000000 0.000000
vt 1.000000 0.000000
vt 0.000000 1.000000
vt 0.000000 0.000000
vt 1.000000 0.000000
vt 0.000000 1.000000
vt 0.000000 0.000000
vt 1.000000 0.000000
vt 0.000000 1.000000
vt 0.000000 0.000000
vt 1.000000 0.000000
vt 0.000000 1.000000
vt 0.000000 0.000000
vt 1.000000 0.000000
vt 0.000000 1.000000
vt 0.000000 0.000000
vt 1.000000 0.000000
vt 0.000000 1.000000
vt 0.000000 0.000000
vt 1.000000 0.000000
vt 0.000000 1.000000
vt 0.000000 0.000000
vt 1.000000 0.000000
vt 0.000000 1.000000
vt 0.000000 0.000000
vt 1.000000 0.000000
vt 0.000000 1.000000
vt 0.000000 0.000000
vt 1.000000 0.000000
vt 0.000000 1.000000
vt 0.000000 0.000000
vt 1.000000 0.000000
vt 0.000000 1.000000
vt 0.000000 0.000000
vt 1.000000 0.000000
vt 0.000000 1.000000
vt 0.000000 0.000000
vt 1.000000 0.000000
vt 0.000000 1.000000
vt 0.000000 0.000000
vt 1.000000 0.000000
vt 0.000000 1.000000
vt 0.000000 0.000000
vt 1.000000 0.000000
vt 0.000000 1.000000
vt 0.000000 0.000000
vt 1.000000 0.000000
vt 0.000000 1.000000
vt 0.000000 0.000000
vt 1.000000 0.000000
vt 0.000000 1.000000
vt 0.000000 0.000000
vt 1.000000 0.000000
vt 0.000000 1.000000
vt 0.000000 0.000000
vt 1.000000 0.000000
vt 0.000000 1.000000
vt 0.000000 0.000000
vt 1.000000 0.000000
vt 0.000000 1.000000
vt 0.000000 0.000000
vt 1.000000 0.000000
vt 0.000000 1.000000
vt 0.000000 0.000000
vt 1.000000 0.000000
vt 0.000000 1.000000
vt 0.000000 0.000000
vt 1.000000 0.000000
vt 0.000000 1.000000
vt 0.000000 0.000000
vt 1.000000 0.000000
vt 0.000000 1.000000
vt 0.000000 0.000000
vt 1.000000 0.000000
vt 0.000000 1.000000
vt 0.000000 0.000000
vt 1.000000 0.000000
vt 0.000000 1.000000
vt 0.000000 0.000000
vt 1.000000 0.000000
vt 0.000000 1.000000
vt 0.000000 0.000000
vt 1.000000 0.000000
vt 0.000000 1.000000
vt 0.000000 0.000000
vt 1.000000 0.000000
vt 0.000000 1.000000
vt 0.000000 0.000000
vt 1.000000 0.000000
vt 0.000000 1.000000
vt 0.000000 0.000000
vt 1.000000 0.000000
vt 0.000000 1.000000
vt 0.000000 0.000000
vt 1.000000 0.000000
vt 0.000000 1.000000
vt 0.000000 0.000000
vt 1.000000 0.000000
vt 0.000000 1.000000
vt 0.000000 0.000000
vt 1.000000 0.000000
vt 0.000000 1.000000
vt 0.000000 0.000000
vt 1.000000 0.000000
vt 0.000000 1.000000
vt 0.000000 0.000000
vt 1.000000 0.000000
vt 0.000000 1.000000
vt 0.000000 0.000000
vt 1.000000 0.000000
vt 0.000000 1.000000
vt 0.000000 0.000000
vt 1.000000 0.000000
vt 0.000000 1.000000
vt 0.000000 0.000000
vt 1.000000 0.000000
vt 0.000000 1.000000
vt 0.000000 0.000000
vt 1.000000 0.000000
vt 0.000000 1.000000
vt 0.000000 0.000000
vt 1.000000 0.000000
vt 0.000000 1.000000
vt 0.000000 0.000000
vt 1.000000 0.000000
vt 0.000000 1.000000
vt 0.000000 0.000000
vt 1.000000 0.000000
vt 0.000000 1.000000
vt 0.000000 0.000000
vt 1.000000 0.000000
vt 0.000000 1.000000
vt 0.000000 0.000000
vt 1.000000 0.000000
vt 0.000000 1.000000
vt 0.000000 0.000000
vt 1.000000 0.000000
vt 0.000000 1.000000
vt 0.000000 0.000000
vt 1.000000 0.000000
vt 0.000000 1.000000
vt 0.000000 0.000000
vt 1.000000 0.000000
vt 0.000000 1.000000
vt 0.000000 0.000000
vt 1.000000 0.000000
vt 0.000000 1.000000
vt 0.000000 0.000000
vt 1.000000 0.000000
vt 0.000000 1.000000
vt 0.000000 0.000000
vt 1.000000 0.000000
vt 0.000000 1.000000
vt 0.000000 0.000000
vt 1.000000 0.000000
vt 0.000000 1.000000
vt 0.000000 0.000000
vt 1.000000 0.000000
vt 0.000000 1.000000
vt 0.000000 0.000000
vt 1.000000 0.000000
vt 0.000000 1.000000
vt 0.000000 0.000000
vt 1.000000 0.000000
vt 0.000000 1.000000
vt 0.000000 0.000000
vt 1.000000 0.000000
vt 0.000000 1.000000
vt 0.000000 0.000000
vt 1.000000 0.000000
vt 0.000000 1.000000
vt 0.000000 0.000000
vt 1.000000 0.000000
vt 0.000000 1.000000
vt 0.000000 0.000000
vt 1.000000 0.000000
vt 0.000000 1.000000
vt 0.000000 0.000000
vt 1.000000 0.000000
vt 0.000000 1.000000
vt 0.000000 0.000000
vt 1.000000 0.000000
vt 0.000000 1.000000
vt 0.000000 0.000000
vt 1.000000 0.000000
vt 0.000000 1.000000
vt 0.000000 0.000000
vt 1.000000 0.000000
vt 0.000000 1.000000
vt 0.000000 0.000000
vt 1.000000 0.000000
vt 0.000000 1.000000
vt 0.000000 0.000000
vt 1.000000 0.000000
vt 0.000000 1.000000
vt 0.000000 0.000000
vt 1.000000 0.000000
vt 0.000000 1.000000
vt 0.000000 0.000000
vt 1.000000 0.000000
vt 0.000000 1.000000
vt 0.000000 0.000000
vt 1.000000 0.000000
vt 0.000000 1.000000
vt 0.000000 0.000000
vt 1.000000 0.000000
vt 0.000000 1.000000
vt 0.000000 0.000000
vt 1.000000 0.000000
vt 0.000000 1.000000
vt 0.000000 0.000000
vt 1.000000 0.000000
vt 0.000000 1.000000
vt 0.000000 0.000000
vt 1.000000 0.000000
vt 0.000000 1.000000
vt 0.000000 0.000000
vt 1.000000 0.000000
vt 0.000000 1.000000
vt 0.000000 0.000000
vt 1.000000 0.000000
vt 0.000000 1.000000
vt 0.000000 0.000000
vt 1.000000 0.000000
vt 0.000000 1.000000
vt 0.000000 0.000000
vt 1.000000 0.000000
vt 0.000000 1.000000
vt 0.000000 0.000000
vt 1.000000 0.000000
vt 0.000000 1.000000
vt 0.000000 0.000000
vt 1.000000 0.000000
vt 0.000000 1.000000
vt 0.000000 0.000000
vt 1.000000 0.000000
vt 0.000000 1.000000
vt 0.000000 0.000000
vt 1.000000 0.000000
vt 0.000000 1.000000
vt 0.000000 0.000000
vt 1.000000 0.000000
vt 0.000000 1.000000
vt 0.000000 0.000000
vt 1.000000 0.000000
vt 0.000000 1.000000
vt 0.000000 0.000000
vt 1.000000 0.000000
vt 0.000000 1.000000
vt 0.000000 0.000000
vt 1.000000 0.000000
vt 0.000000 1.000000
vt 0.000000 0.000000
vt 1.000000 0.000000
vt 0.000000 1.000000
vt 0.000000 0.000000
vt 1.000000 0.000000
vt 0.000000 1.000000
vt 0.000000 0.000000
vt 1.000000 0.000000
vt 0.000000 1.000000
vt 0.000000 0.000000
vt 1.000000 0.000000
vt 0.000000 1.000000
vt 0.000000 0.000000
vt 1.000000 0.000000
vt 0.000000 1.000000
vt 0.000000 0.000000
vt 1.000000 0.000000
vt 0.000000 1.000000
vt 0.000000 0.000000
vt 1.000000 0.000000
vt 0.000000 1.000000
vt 0.000000 0.000000
vt 1.000000 0.000000
vt 0.000000 1.000000
vt 0.000000 0.000000
vt 1.000000 0.000000
vt 0.000000 1.000000
vt 0.000000 0.000000
vt 1.000000 0.000000
vt 0.000000 1.000000
vt 0.000000 0.000000
vt 1.000000 0.000000
vt 0.000000 1.000000
vt 0.000000 0.000000
vt 1.000000 0.000000
vt 0.000000 1.000000
vt 0.000000 0.000000
vt 1.000000 0.000000
vt 0.000000 1.000000
vt 0.000000 0.000000
vt 1.000000 0.000000
vt 0.000000 1.000000
vt 0.000000 0.000000
vt 1.000000 0.000000
vt 0.000000 1.000000
vt 0.000000 0.000000
vt 1.000000 0.000000
vt 0.000000 1.000000
vt 0.000000 0.000000
vt 1.000000 0.000000
vt 0.000000 1.000000
vt 0.000000 0.000000
vt 1.000000 0.000000
vt 0.000000 1.000000
vt 0.000000 0.000000
vt 1.000000 0.000000
vt 0.000000 1.000000
vt 0.000000 0.000000
vt 1.000000 0.000000
vt 0.000000 1.000000
vt 0.000000 0.000000
vt 1.000000 0.000000
vt 0.000000 1.000000
vt 0.000000 0.000000
vt 1.000000 0.000000
vt 0.000000 1.000000
vt 0.000000 0.000000
vt 1.000000 0.000000
vt 0.000000 1.000000
vt 0.000000 0.000000
vt 1.000000 0.000000
vt 0.000000 1.000000
vt 0.000000 0.000000
vt 1.000000 0.000000
vt 0.000000 1.000000
vt 0.000000 0.000000
vt 1.000000 0.000000
vt 0.000000 1.000000
vt 0.000000 0.000000
vt 1.000000 0.000000
vt 0.000000 1.000000
vt 0.000000 0.000000
vt 1.000000 0.000000
vt 0.000000 1.000000
vt 0.000000 0.000000
vt 1.000000 0.000000
vt 0.000000 1.000000
vt 0.000000 0.000000
vt 1.000000 0.000000
vt 0.000000 1.000000
vt 0.000000 0.000000
vt 1.000000 0.000000
vt 0.000000 1.000000
vt 0.000000 0.000000
vt 1.000000 0.000000
vt 0.000000 1.000000
vt 0.000000 0.000000
vt 1.000000 0.000000
vt 0.000000 1.000000
vt 0.000000 0.000000
vt 1.000000 0.000000
vt 0.000000 1.000000
vt 0.000000 0.000000
vt 1.000000 0.000000
vt 0.000000 1.000000
vt 0.000000 0.000000
vt 1.000000 0.000000
vt 0.000000 1.000000
vt 0.000000 0.000000
vt 1.000000 0.000000
vt 0.000000 1.000000
vt 0.000000 0.000000
vt 1.000000 0.000000
vt 0.000000 1.000000
vt 0.000000 0.000000
vt 1.000000 0.000000
vt 0.000000 1.000000
vt 0.000000 0.000000
vt 1.000000 0.000000
vt 0.000000 1.000000
vt 0.000000 0.000000
vt 1.000000 0.000000
vt 0.000000 1.000000
vt 0.000000 0.000000
vt 1.000000 0.000000
vt 0.000000 1.000000
vt 0.000000 0.000000
vt 1.000000 0.000000
vt 0.000000 1.000000
vt 0.000000 0.000000
vt 1.000000 0.000000
vt 0.000000 1.000000
vt 0.000000 0.000000
vt 1.000000 0.000000
vt 0.000000 1.000000
vt 0.000000 0.000000
vt 1.000000 0.000000
vt 0.000000 1.000000
vt 0.000000 0.000000
vt 1.000000 0.000000
vt 0.000000 1.000000
vt 0.000000 0.000000
vt 1.000000 0.000000
vt 0.000000 1.000000
vt 0.000000 0.000000
vt 1.000000 0.000000
vt 0.000000 1.000000
vt 0.000000 0.000000
vt 1.000000 0.000000
vt 0.000000 1.000000
vt 0.000000 0.000000
vt 1.000000 0.000000
vt 0.000000 1.000000
vt 0.000000 0.000000
vt 1.000000 0.000000
vt 0.000000 1.000000
vt 0.000000 0.000000
vt 1.000000 0.000000
vt 0.000000 1.000000
vt 0.000000 0.000000
vt 1.000000 0.000000
vt 0.000000 1.000000
vt 0.000000 0.000000
vt 1.000000 0.000000
vt 0.000000 1.000000
vt 0.000000 0.000000
vt 1.000000 0.000000
vt 0.000000 1.000000
vt 0.000000 0.000000
vt 1.000000 0.000000
vt 0.000000 1.000000
vt 0.000000 0.000000
vt 1.000000 0.000000
vt 0.000000 1.000000
vt 0.000000 0.000000
vt 1.000000 0.000000
vt 0.000000 1.000000
vt 0.000000 0.000000
vt 1.000000 0.000000
vt 0.000000 1.000000
vt 0.000000 0.000000
vt 1.000000 0.000000
vt 0.000000 1.000000
vt 0.000000 0.000000
vt 1.000000 0.000000
vt 0.000000 1.000000
vt 0.000000 0.000000
vt 1.000000 0.000000
vt 0.000000 1.000000
vt 0.000000 0.000000
vt 1.000000 0.000000
vt 0.000000 1.000000
vt 0.000000 0.000000
vt 1.000000 0.000000
vt 0.000000 1.000000
vt 0.000000 0.000000
vt 1.000000 0.000000
vt 0.000000 1.000000
vt 0.000000 0.000000
vt 1.000000 0.000000
vt 0.000000 1.000000
vt 0.000000 0.000000
vt 1.000000 0.000000
vt 0.000000 1.000000
vt 0.000000 0.000000
vt 1.000000 0.000000
vt 0.000000 1.000000
vt 0.000000 0.000000
vt 1.000000 0.000000
vt 0.000000 1.000000
vt 0.000000 0.000000
vt 1.000000 0.000000
vt 0.000000 1.000000
vt 0.000000 0.000000
vt 1.000000 0.000000
vt 0.000000 1.000000
vt 0.000000 0.000000
vt 1.000000 0.000000
vt 0.000000 1.000000
vt 0.000000 0.000000
vt 1.000000 0.000000
vt 0.000000 1.000000
vt 0.000000 0.000000
vt 1.000000 0.000000
vt 0.000000 1.000000
vt 0.000000 0.000000
vt 1.000000 0.000000
vt 0.000000 1.000000
vt 0.000000 0.000000
vt 1.000000 0.000000
vt 0.000000 1.000000
vt 0.000000 0.000000
vt 1.000000 0.000000
vt 0.000000 1.000000
vt 0.000000 0.000000
vt 1.000000 0.000000
vt 0.000000 1.000000
vt 0.000000 0.000000
vt 1.000000 0.000000
vt 0.000000 1.000000
vt 0.000000 0.000000
vt 1.000000 0.000000
vt 0.000000 1.000000
vt 0.000000 0.000000
vt 1.000000 0.000000
vt 0.000000 1.000000
vt 0.000000 0.000000
vt 1.000000 0.000000
vt 0.000000 1.000000
vt 0.000000 0.000000
vt 1.000000 0.000000
vt 0.000000 1.000000
vt 0.000000 0.000000
vt 1.000000 0.000000
vt 0.000000 1.000000
vt 0.000000 0.000000
vt 1.000000 0.000000
vt 0.000000 1.000000
vt 0.000000 0.000000
vt 1.000000 0.000000
vt 0.000000 1.000000
vt 0.000000 0.000000
vt 1.000000 0.000000
vt 0.000000 1.000000
vt 0.000000 0.000000
vt 1.000000 0.000000
vt 0.000000 1.000000
vt 0.000000 0.000000
vt 1.000000 0.000000
vt 0.000000 1.000000
vt 0.000000 0.000000
vt 1.000000 0.000000
vt 0.000000 1.000000
vt 0.000000 0.000000
vt 1.000000 0.000000
vt 0.000000 1.000000
vt 0.000000 0.000000
vt 1.000000 0.000000
vt 0.000000 1.000000
vt 0.000000 0.000000
vt 1.000000 0.000000
vt 0.000000 1.000000
vt 0.000000 0.000000
vt 1.000000 0.000000
vt 0.000000 1.000000
vt 0.000000 0.000000
vt 1.000000 0.000000
vt 0.000000 1.000000
vt 0.000000 0.000000
vt 1.000000 0.000000
vt 0.000000 1.000000
vt 0.000000 0.000000
vt 1.000000 0.000000
vt 0.000000 1.000000
vt 0.000000 0.000000
vt 1.000000 0.000000
vt 0.000000 1.000000
vt 0.000000 0.000000
vt 1.000000 0.000000
vt 0.000000 1.000000
vt 0.000000 0.000000
vt 1.000000 0.000000
vt 0.000000 1.000000
vt 0.000000 0.000000
vt 1.000000 0.000000
vt 0.000000 1.000000
vt 0.000000 0.000000
vt 1.000000 0.000000
vt 0.000000 1.000000
vt 0.000000 0.000000
vt 1.000000 0.000000
vt 0.000000 1.000000
vt 0.000000 0.000000
vt 1.000000 0.000000
vt 0.000000 1.000000
vt 0.000000 0.000000
vt 1.000000 0.000000
vt 0.000000 1.000000
vt 0.000000 0.000000
vt 1.000000 0.000000
vt 0.000000 1.000000
vt 0.000000 0.000000
vt 1.000000 0.000000
vt 0.000000 1.000000
vt 0.000000 0.000000
vt 1.000000 0.000000
vt 0.000000 1.000000
vt 0.000000 0.000000
vt 1.000000 0.000000
vt 0.000000 1.000000
vt 0.000000 0.000000
vt 1.000000 0.000000
vt 0.000000 1.000000
vt 0.000000 0.000000
vt 1.000000 0.000000
vt 0.000000 1.000000
vt 0.000000 0.000000
vt 1.000000 0.000000
vt 0.000000 1.000000
vt 0.000000 0.000000
vt 1.000000 0.000000
vt 0.000000 1.000000
vt 0.000000 0.000000
vt 1.000000 0.000000
vt 0.000000 1.000000
vt 0.000000 0.000000
vt 1.000000 0.000000
vt 0.000000 1.000000
vt 0.000000 0.000000
vt 1.000000 0.000000
vt 0.000000 1.000000
vt 0.000000 0.000000
vt 1.000000 0.000000
vt 0.000000 1.000000
vt 0.000000 0.000000
vt 1.000000 0.000000
vt 0.000000 1.000000
vt 0.000000 0.000000
vt 1.000000 0.000000
vt 0.000000 1.000000
vt 0.000000 0.000000
vt 1.000000 0.000000
vt 0.000000 1.000000
vt 0.000000 0.000000
vt 1.000000 0.000000
vt 0.000000 1.000000
vt 0.000000 0.000000
vt 1.000000 0.000000
vt 0.000000 1.000000
vt 0.000000 0.000000
vt 1.000000 0.000000
vt 0.000000 1.000000
vt 0.000000 0.000000
vt 1.000000 0.000000
vt 0.000000 1.000000
vt 0.000000 0.000000
vt 1.000000 0.000000
vt 0.000000 1.000000
vt 0.000000 0.000000
vt 1.000000 0.000000
vt 0.000000 1.000000
vt 0.000000 0.000000
vt 1.000000 0.000000
vt 0.000000 1.000000
vt 0.000000 0.000000
vt 1.000000 0.000000
vt 0.000000 1.000000
vt 0.000000 0.000000
vt 1.000000 0.000000
vt 0.000000 1.000000
vt 0.000000 0.000000
vt 1.000000 0.000000
vt 0.000000 1.000000
vt 0.000000 0.000000
vt 1.000000 0.000000
vt 0.000000 1.000000
vt 0.000000 0.000000
vt 1.000000 0.000000
vt 0.000000 1.000000
vt 0.000000 0.000000
vt 1.000000 0.000000
vt 0.000000 1.000000
vt 0.000000 0.000000
vt 1.000000 0.000000
vt 0.000000 1.000000
vt 0.000000 0.000000
vt 1.000000 0.000000
vt 0.000000 1.000000
vt 0.000000 0.000000
vt 1.000000 0.000000
vt 0.000000 1.000000
vt 0.000000 0.000000
vt 1.000000 0.000000
vt 0.000000 1.000000
vt 0.000000 0.000000
vt 1.000000 0.000000
vt 0.000000 1.000000
vt 0.000000 0.000000
vt 1.000000 0.000000
vt 0.000000 1.000000
vt 0.000000 0.000000
vt 1.000000 0.000000
vt 0.000000 1.000000
vt 0.000000 0.000000
vt 1.000000 0.000000
vt 0.000000 1.000000
vt 0.000000 0.000000
vt 1.000000 0.000000
vt 0.000000 1.000000
vt 0.000000 0.000000
vt 1.000000 0.000000
vt 0.000000 1.000000
vt 0.000000 0.000000
vt 1.000000 0.000000
vt 0.000000 1.000000
vt 0.000000 0.000000
vt 1.000000 0.000000
vt 0.000000 1.000000
vt 0.000000 0.000000
vt 1.000000 0.000000
vt 0.000000 1.000000
vt 0.000000 0.000000
vt 1.000000 0.000000
vt 0.000000 1.000000
vt 0.000000 0.000000
vt 1.000000 0.000000
vt 0.000000 1.000000
vt 0.000000 0.000000
vt 1.000000 0.000000
vt 0.000000 1.000000
vt 0.000000 0.000000
vt 1.000000 0.000000
vt 0.000000 1.000000
vt 0.000000 0.000000
vt 1.000000 0.000000
vt 0.000000 1.000000
vt 0.000000 0.000000
vt 1.000000 0.000000
vt 0.000000 1.000000
vt 0.000000 0.000000
vt 1.000000 0.000000
vt 0.000000 1.000000
vt 0.000000 0.000000
vt 1.000000 0.000000
vt 0.000000 1.000000
vt 0.000000 0.000000
vt 1.000000 0.000000
vt 0.000000 1.000000
vt 0.000000 0.000000
vt 1.000000 0.000000
vt 0.000000 1.000000
vt 0.000000 0.000000
vt 1.000000 0.000000
vt 0.000000 1.000000
vt 0.000000 0.000000
vt 1.000000 0.000000
vt 0.000000 1.000000
vt 0.000000 0.000000
vt 1.000000 0.000000
vt 0.000000 1.000000
vt 0.000000 0.000000
vt 1.000000 0.000000
vt 0.000000 1.000000
vt 0.000000 0.000000
vt 1.000000 0.000000
vt 0.000000 1.000000
vt 0.000000 0.000000
vt 1.000000 0.000000
vt 0.000000 1.000000
vt 0.000000 0.000000
vt 1.000000 0.000000
vt 0.000000 1.000000
vt 0.000000 0.000000
vt 1.000000 0.000000
vt 0.000000 1.000000
vt 0.000000 0.000000
vt 1.000000 0.000000
vt 0.000000 1.000000
vt 0.000000 0.000000
vt 1.000000 0.000000
vt 0.000000 1.000000
vt 0.000000 0.000000
vt 1.000000 0.000000
vt 0.000000 1.000000
vt 0.000000 0.000000
vt 1.000000 0.000000
vt 0.000000 1.000000
vt 0.000000 0.000000
vt 1.000000 0.000000
vt 0.000000 1.000000
vt 0.000000 0.000000
vt 1.000000 0.000000
vt 0.000000 1.000000
vt 0.000000 0.000000
vt 1.000000 0.000000
vt 0.000000 1.000000
vt 0.000000 0.000000
vt 1.000000 0.000000
vt 0.000000 1.000000
vt 0.000000 0.000000
vt 1.000000 0.000000
vt 0.000000 1.000000
vt 0.000000 0.000000
vt 1.000000 0.000000
vt 0.000000 1.000000
vt 0.000000 0.000000
vt 1.000000 0.000000
vt 0.000000 1.000000
vt 0.000000 0.000000
vt 1.000000 0.000000
vt 0.000000 1.000000
vt 0.000000 0.000000
vt 1.000000 0.000000
vt 0.000000 1.000000
vt 0.000000 0.000000
vt 1.000000 0.000000
vt 0.000000 1.000000
vt 0.000000 0.000000
vt 1.000000 0.000000
vt 0.000000 1.000000
vt 0.000000 0.000000
vt 1.000000 0.000000
vt 0.000000 1.000000
vt 0.000000 0.000000
vt 1.000000 0.000000
vt 0.000000 1.000000
vt 0.000000 0.000000
vt 1.000000 0.000000
vt 0.000000 1.000000
vt 0.000000 0.000000
vt 1.000000 0.000000
vt 0.000000 1.000000
vt 0.000000 0.000000
vt 1.000000 0.000000
vt 0.000000 1.000000
vt 0.000000 0.000000
vt 1.000000 0.000000
vt 0.000000 1.000000
vt 0.000000 0.000000
vt 1.000000 0.000000
vt 0.000000 1.000000
vt 0.000000 0.000000
vt 1.000000 0.000000
vt 0.000000 1.000000
vt 0.000000 0.000000
vt 1.000000 0.000000
vt 0.000000 1.000000
vt 0.000000 0.000000
vt 1.000000 0.000000
vt 0.000000 1.000000
vt 0.000000 0.000000
vt 1.000000 0.000000
vt 0.000000 1.000000
vt 0.000000 0.000000
vt 1.000000 0.000000
vt 0.000000 1.000000
vt 0.000000 0.000000
vt 1.000000 0.000000
vt 0.000000 1.000000
vt 0.000000 0.000000
vt 1.000000 0.000000
vt 0.000000 1.000000
vt 0.000000 0.000000
vt 1.000000 0.000000
vt 0.000000 1.000000
vt 0.000000 0.000000
vt 1.000000 0.000000
vt 0.000000 1.000000
vt 0.000000 0.000000
vt 1.000000 0.000000
vt 0.000000 1.000000
vt 0.000000 0.000000
vt 1.000000 0.000000
vt 0.000000 1.000000
vt 0.000000 0.000000
vt 1.000000 0.000000
vt 0.000000 1.000000
vt 0.000000 0.000000
vt 1.000000 0.000000
vt 0.000000 1.000000
vt 0.000000 0.000000
vt 1.000000 0.000000
vt 0.000000 1.000000
vt 0.000000 0.000000
vt 1.000000 0.000000
vt 0.000000 1.000000
vt 0.000000 0.000000
vt 1.000000 0.000000
vt 0.000000 1.000000
vt 0.000000 0.000000
vt 1.000000 0.000000
vt 0.000000 1.000000
vt 0.000000 0.000000
vt 1.000000 0.000000
vt 0.000000 1.000000
vt 0.000000 0.000000
vt 1.000000 0.000000
vt 0.000000 1.000000
vt 0.000000 0.000000
vt 1.000000 0.000000
vt 0.000000 1.000000
vt 0.000000 0.000000
vt 1.000000 0.000000
vt 0.000000 1.000000
vt 0.000000 0.000000
vt 1.000000 0.000000
vt 0.000000 1.000000
vt 0.000000 0.000000
vt 1.000000 0.000000
vt 0.000000 1.000000
vt 0.000000 0.000000
vt 1.000000 0.000000
vt 0.000000 1.000000
vt 0.000000 0.000000
vt 1.000000 0.000000
vt 0.000000 1.000000
vt 0.000000 0.000000
vt 1.000000 0.000000
vt 0.000000 1.000000
usemtl Mechanism
f 1/1 4/2 3/3
f 1/4 3/5 2/6
f 5/7 6/8 7/9
f 5/10 7/11 8/12
f 1/13 2/14 6/15
f 1/16 6/17 5/18
f 4/19 8/20 7/21
f 4/22 7/23 3/24
f 1/25 5/26 8/27
f 1/28 8/29 4/30
f 2/31 3/32 7/33
f 2/34 7/35 6/36
f 9/37 12/38 11/39
f 9/40 11/41 10/42
f 13/43 14/44 15/45
f 13/46 15/47 16/48
f 9/49 10/50 14/51
f 9/52 14/53 13/54
f 12/55 16/56 15/57
f 12/58 15/59 11/60
f 9/61 13/62 16/63
f 9/64 16/65 12/66
f 10/67 11/68 15/69
f 10/70 15/71 14/72
f 17/73 20/74 19/75
f 17/76 19/77 18/78
f 21/79 22/80 23/81
f 21/82 23/83 24/84
f 17/85 18/86 22/87
f 17/88 22/89 21/90
f 20/91 24/92 23/93
f 20/94 23/95 19/96
f 17/97 21/98 24/99
f 17/100 24/101 20/102
f 18/103 19/104 23/105
f 18/106 23/107 22/108
f 25/109 28/110 27/111
f 25/112 27/113 26/114
f 29/115 30/116 31/117
f 29/118 31/119 32/120
f 25/121 26/122 30/123
f 25/124 30/125 29/126
f 28/127 32/128 31/129
f 28/130 31/131 27/132
f 25/133 29/134 32/135
f 25/136 32/137 28/138
f 26/139 27/140 31/141
f 26/142 31/143 30/144
f 33/145 36/146 35/147
f 33/148 35/149 34/150
f 37/151 38/152 39/153
f 37/154 39/155 40/156
f 33/157 34/158 38/159
f 33/160 38/161 37/162
f 36/163 40/164 39/165
f 36/166 39/167 35/168
f 33/169 37/170 40/171
f 33/172 40/173 36/174
f 34/175 35/176 39/177
f 34/178 39/179 38/180
f 41/181 44/182 43/183
f 41/184 43/185 42/186
f 45/187 46/188 47/189
f 45/190 47/191 48/192
f 41/193 42/194 46/195
f 41/196 46/197 45/198
f 44/199 48/200 47/201
f 44/202 47/203 43/204
f 41/205 45/206 48/207
f 41/208 48/209 44/210
f 42/211 43/212 47/213
f 42/214 47/215 46/216
f 49/217 52/218 51/219
f 49/220 51/221 50/222
f 53/223 54/224 55/225
f 53/226 55/227 56/228
f 49/229 50/230 54/231
f 49/232 54/233 53/234
f 52/235 56/236 55/237
f 52/238 55/239 51/240
f 49/241 53/242 56/243
f 49/244 56/245 52/246
f 50/247 51/248 55/249
f 50/250 55/251 54/252
f 57/253 60/254 59/255
f 57/256 59/257 58/258
f 61/259 62/260 63/261
f 61/262 63/263 64/264
f 57/265 58/266 62/267
f 57/268 62/269 61/270
f 60/271 64/272 63/273
f 60/274 63/275 59/276
f 57/277 61/278 64/279
f 57/280 64/281 60/282
f 58/283 59/284 63/285
f 58/286 63/287 62/288
f 65/289 68/290 67/291
f 65/292 67/293 66/294
f 69/295 70/296 71/297
f 69/298 71/299 72/300
f 65/301 66/302 70/303
f 65/304 70/305 69/306
f 68/307 72/308 71/309
f 68/310 71/311 67/312
f 65/313 69/314 72/315
f 65/316 72/317 68/318
f 66/319 67/320 71/321
f 66/322 71/323 70/324
f 73/325 76/326 75/327
f 73/328 75/329 74/330
f 77/331 78/332 79/333
f 77/334 79/335 80/336
f 73/337 74/338 78/339
f 73/340 78/341 77/342
f 76/343 80/344 79/345
f 76/346 79/347 75/348
f 73/349 77/350 80/351
f 73/352 80/353 76/354
f 74/355 75/356 79/357
f 74/358 79/359 78/360
f 81/361 84/362 83/363
f 81/364 83/365 82/366
f 85/367 86/368 87/369
f 85/370 87/371 88/372
f 81/373 82/374 86/375
f 81/376 86/377 85/378
f 84/379 88/380 87/381
f 84/382 87/383 83/384
f 81/385 85/386 88/387
f 81/388 88/389 84/390
f 82/391 83/392 87/393
f 82/394 87/395 86/396
f 89/397 92/398 91/399
f 89/400 91/401 90/402
f 93/403 94/404 95/405
f 93/406 95/407 96/408
f 89/409 90/410 94/411
f 89/412 94/413 93/414
f 92/415 96/416 95/417
f 92/418 95/419 91/420
f 89/421 93/422 96/423
f 89/424 96/425 92/426
f 90/427 91/428 95/429
f 90/430 95/431 94/432
f 97/433 100/434 99/435
f 97/436 99/437 98/438
f 101/439 102/440 103/441
f 101/442 103/443 104/444
f 97/445 98/446 102/447
f 97/448 102/449 101/450
f 100/451 104/452 103/453
f 100/454 103/455 99/456
f 97/457 101/458 104/459
f 97/460 104/461 100/462
f 98/463 99/464 103/465
f 98/466 103/467 102/468
usemtl Shell
f 105/469 108/470 107/471
f 105/472 107/473 106/474
f 109/475 110/476 111/477
f 109/478 111/479 112/480
f 105/481 106/482 110/483
f 105/484 110/485 109/486
f 108/487 112/488 111/489
f 108/490 111/491 107/492
f 105/493 109/494 112/495
f 105/496 112/497 108/498
f 106/499 107/500 111/501
f 106/502 111/503 110/504
f 113/505 116/506 115/507
f 113/508 115/509 114/510
f 117/511 118/512 119/513
f 117/514 119/515 120/516
f 113/517 114/518 118/519
f 113/520 118/521 117/522
f 116/523 120/524 119/525
f 116/526 119/527 115/528
f 113/529 117/530 120/531
f 113/532 120/533 116/534
f 114/535 115/536 119/537
f 114/538 119/539 118/540
f 121/541 124/542 123/543
f 121/544 123/545 122/546
f 125/547 126/548 127/549
f 125/550 127/551 128/552
f 121/553 122/554 126/555
f 121/556 126/557 125/558
f 124/559 128/560 127/561
f 124/562 127/563 123/564
f 121/565 125/566 128/567
f 121/568 128/569 124/570
f 122/571 123/572 127/573
f 122/574 127/575 126/576
f 129/577 132/578 131/579
f 129/580 131/581 130/582
f 133/583 134/584 135/585
f 133/586 135/587 136/588
f 129/589 130/590 134/591
f 129/592 134/593 133/594
f 132/595 136/596 135/597
f 132/598 135/599 131/600
f 129/601 133/602 136/603
f 129/604 136/605 132/606
f 130/607 131/608 135/609
f 130/610 135/611 134/612
usemtl Mechanism
f 137/613 139/614 140/615
f 137/616 140/617 138/618
f 139/619 141/620 142/621
f 139/622 142/623 140/624
f 141/625 143/626 144/627
f 141/628 144/629 142/630
f 143/631 145/632 146/633
f 143/634 146/635 144/636
f 145/637 147/638 148/639
f 145/640 148/641 146/642
f 147/643 149/644 150/645
f 147/646 150/647 148/648
f 149/649 151/650 152/651
f 149/652 152/653 150/654
f 151/655 153/656 154/657
f 151/658 154/659 152/660
f 153/661 155/662 156/663
f 153/664 156/665 154/666
f 155/667 157/668 158/669
f 155/670 158/671 156/672
f 157/673 159/674 160/675
f 157/676 160/677 158/678
f 159/679 161/680 162/681
f 159/682 162/683 160/684
f 161/685 163/686 164/687
f 161/688 164/689 162/690
f 163/691 165/692 166/693
f 163/694 166/695 164/696
f 165/697 167/698 168/699
f 165/700 168/701 166/702
f 167/703 169/704 170/705
f 167/706 170/707 168/708
f 169/709 171/710 172/711
f 169/712 172/713 170/714
f 171/715 173/716 174/717
f 171/718 174/719 172/720
f 173/721 175/722 176/723
f 173/724 176/725 174/726
f 175/727 177/728 178/729
f 175/730 178/731 176/732
f 177/733 179/734 180/735
f 177/736 180/737 178/738
f 179/739 181/740 182/741
f 179/742 182/743 180/744
f 181/745 183/746 184/747
f 181/748 184/749 182/750
f 183/751 185/752 186/753
f 183/754 186/755 184/756
f 185/757 187/758 188/759
f 185/760 188/761 186/762
f 187/763 189/764 190/765
f 187/766 190/767 188/768
f 189/769 191/770 192/771
f 189/772 192/773 190/774
f 191/775 193/776 194/777
f 191/778 194/779 192/780
f 193/781 195/782 196/783
f 193/784 196/785 194/786
f 195/787 197/788 198/789
f 195/790 198/791 196/792
f 197/793 199/794 200/795
f 197/796 200/797 198/798
f 199/799 137/800 138/801
f 199/802 138/803 200/804
f 201/805 139/806 137/807
f 202/808 138/809 140/810
f 201/811 141/812 139/813
f 202/814 140/815 142/816
f 201/817 143/818 141/819
f 202/820 142/821 144/822
f 201/823 145/824 143/825
f 202/826 144/827 146/828
f 201/829 147/830 145/831
f 202/832 146/833 148/834
f 201/835 149/836 147/837
f 202/838 148/839 150/840
f 201/841 151/842 149/843
f 202/844 150/845 152/846
f 201/847 153/848 151/849
f 202/850 152/851 154/852
f 201/853 155/854 153/855
f 202/856 154/857 156/858
f 201/859 157/860 155/861
f 202/862 156/863 158/864
f 201/865 159/866 157/867
f 202/868 158/869 160/870
f 201/871 161/872 159/873
f 202/874 160/875 162/876
f 201/877 163/878 161/879
f 202/880 162/881 164/882
f 201/883 165/884 163/885
f 202/886 164/887 166/888
f 201/889 167/890 165/891
f 202/892 166/893 168/894
f 201/895 169/896 167/897
f 202/898 168/899 170/900
f 201/901 171/902 169/903
f 202/904 170/905 172/906
f 201/907 173/908 171/909
f 202/910 172/911 174/912
f 201/913 175/914 173/915
f 202/916 174/917 176/918
f 201/919 177/920 175/921
f 202/922 176/923 178/924
f 201/925 179/926 177/927
f 202/928 178/929 180/930
f 201/931 181/932 179/933
f 202/934 180/935 182/936
f 201/937 183/938 181/939
f 202/940 182/941 184/942
f 201/943 185/944 183/945
f 202/946 184/947 186/948
f 201/949 187/950 185/951
f 202/952 186/953 188/954
f 201/955 189/956 187/957
f 202/958 188/959 190/960
f 201/961 191/962 189/963
f 202/964 190/965 192/966
f 201/967 193/968 191/969
f 202/970 192/971 194/972
f 201/973 195/974 193/975
f 202/976 194/977 196/978
f 201/979 197/980 195/981
f 202/982 196/983 198/984
f 201/985 199/986 197/987
f 202/988 198/989 200/990
f 201/991 137/992 199/993
f 202/994 200/995 138/996
usemtl Optic
f 203/997 205/998 206/999
f 203/1000 206/1001 204/1002
f 205/1003 207/1004 208/1005
f 205/1006 208/1007 206/1008
f 207/1009 209/1010 210/1011
f 207/1012 210/1013 208/1014
f 209/1015 211/1016 212/1017
f 209/1018 212/1019 210/1020
f 211/1021 213/1022 214/1023
f 211/1024 214/1025 212/1026
f 213/1027 215/1028 216/1029
f 213/1030 216/1031 214/1032
f 215/1033 217/1034 218/1035
f 215/1036 218/1037 216/1038
f 217/1039 219/1040 220/1041
f 217/1042 220/1043 218/1044
f 219/1045 221/1046 222/1047
f 219/1048 222/1049 220/1050
f 221/1051 223/1052 224/1053
f 221/1054 224/1055 222/1056
f 223/1057 225/1058 226/1059
f 223/1060 226/1061 224/1062
f 225/1063 227/1064 228/1065
f 225/1066 228/1067 226/1068
f 227/1069 229/1070 230/1071
f 227/1072 230/1073 228/1074
f 229/1075 231/1076 232/1077
f 229/1078 232/1079 230/1080
f 231/1081 233/1082 234/1083
f 231/1084 234/1085 232/1086
f 233/1087 235/1088 236/1089
f 233/1090 236/1091 234/1092
f 235/1093 237/1094 238/1095
f 235/1096 238/1097 236/1098
f 237/1099 239/1100 240/1101
f 237/1102 240/1103 238/1104
f 239/1105 241/1106 242/1107
f 239/1108 242/1109 240/1110
f 241/1111 243/1112 244/1113
f 241/1114 244/1115 242/1116
f 243/1117 245/1118 246/1119
f 243/1120 246/1121 244/1122
f 245/1123 247/1124 248/1125
f 245/1126 248/1127 246/1128
f 247/1129 249/1130 250/1131
f 247/1132 250/1133 248/1134
f 249/1135 251/1136 252/1137
f 249/1138 252/1139 250/1140
f 251/1141 253/1142 254/1143
f 251/1144 254/1145 252/1146
f 253/1147 255/1148 256/1149
f 253/1150 256/1151 254/1152
f 255/1153 257/1154 258/1155
f 255/1156 258/1157 256/1158
f 257/1159 259/1160 260/1161
f 257/1162 260/1163 258/1164
f 259/1165 261/1166 262/1167
f 259/1168 262/1169 260/1170
f 261/1171 263/1172 264/1173
f 261/1174 264/1175 262/1176
f 263/1177 265/1178 266/1179
f 263/1180 266/1181 264/1182
f 265/1183 203/1184 204/1185
f 265/1186 204/1187 266/1188
f 267/1189 205/1190 203/1191
f 268/1192 204/1193 206/1194
f 267/1195 207/1196 205/1197
f 268/1198 206/1199 208/1200
f 267/1201 209/1202 207/1203
f 268/1204 208/1205 210/1206
f 267/1207 211/1208 209/1209
f 268/1210 210/1211 212/1212
f 267/1213 213/1214 211/1215
f 268/1216 212/1217 214/1218
f 267/1219 215/1220 213/1221
f 268/1222 214/1223 216/1224
f 267/1225 217/1226 215/1227
f 268/1228 216/1229 218/1230
f 267/1231 219/1232 217/1233
f 268/1234 218/1235 220/1236
f 267/1237 221/1238 219/1239
f 268/1240 220/1241 222/1242
f 267/1243 223/1244 221/1245
f 268/1246 222/1247 224/1248
f 267/1249 225/1250 223/1251
f 268/1252 224/1253 226/1254
f 267/1255 227/1256 225/1257
f 268/1258 226/1259 228/1260
f 267/1261 229/1262 227/1263
f 268/1264 228/1265 230/1266
f 267/1267 231/1268 229/1269
f 268/1270 230/1271 232/1272
f 267/1273 233/1274 231/1275
f 268/1276 232/1277 234/1278
f 267/1279 235/1280 233/1281
f 268/1282 234/1283 236/1284
f 267/1285 237/1286 235/1287
f 268/1288 236/1289 238/1290
f 267/1291 239/1292 237/1293
f 268/1294 238/1295 240/1296
f 267/1297 241/1298 239/1299
f 268/1300 240/1301 242/1302
f 267/1303 243/1304 241/1305
f 268/1306 242/1307 244/1308
f 267/1309 245/1310 243/1311
f 268/1312 244/1313 246/1314
f 267/1315 247/1316 245/1317
f 268/1318 246/1319 248/1320
f 267/1321 249/1322 247/1323
f 268/1324 248/1325 250/1326
f 267/1327 251/1328 249/1329
f 268/1330 250/1331 252/1332
f 267/1333 253/1334 251/1335
f 268/1336 252/1337 254/1338
f 267/1339 255/1340 253/1341
f 268/1342 254/1343 256/1344
f 267/1345 257/1346 255/1347
f 268/1348 256/1349 258/1350
f 267/1351 259/1352 257/1353
f 268/1354 258/1355 260/1356
f 267/1357 261/1358 259/1359
f 268/1360 260/1361 262/1362
f 267/1363 263/1364 261/1365
f 268/1366 262/1367 264/1368
f 267/1369 265/1370 263/1371
f 268/1372 264/1373 266/1374
f 267/1375 203/1376 265/1377
f 268/1378 266/1379 204/1380
usemtl Shell
f 269/1381 272/1382 271/1383
f 269/1384 271/1385 270/1386
f 273/1387 274/1388 275/1389
f 273/1390 275/1391 276/1392
f 269/1393 270/1394 274/1395
f 269/1396 274/1397 273/1398
f 272/1399 276/1400 275/1401
f 272/1402 275/1403 271/1404
f 269/1405 273/1406 276/1407
f 269/1408 276/1409 272/1410
f 270/1411 271/1412 275/1413
f 270/1414 275/1415 274/1416
f 277/1417 280/1418 279/1419
f 277/1420 279/1421 278/1422
f 281/1423 282/1424 283/1425
f 281/1426 283/1427 284/1428
f 277/1429 278/1430 282/1431
f 277/1432 282/1433 281/1434
f 280/1435 284/1436 283/1437
f 280/1438 283/1439 279/1440
f 277/1441 281/1442 284/1443
f 277/1444 284/1445 280/1446
f 278/1447 279/1448 283/1449
f 278/1450 283/1451 282/1452
f 285/1453 288/1454 287/1455
f 285/1456 287/1457 286/1458
f 289/1459 290/1460 291/1461
f 289/1462 291/1463 292/1464
f 285/1465 286/1466 290/1467
f 285/1468 290/1469 289/1470
f 288/1471 292/1472 291/1473
f 288/1474 291/1475 287/1476
f 285/1477 289/1478 292/1479
f 285/1480 292/1481 288/1482
f 286/1483 287/1484 291/1485
f 286/1486 291/1487 290/1488
f 293/1489 296/1490 295/1491
f 293/1492 295/1493 294/1494
f 297/1495 298/1496 299/1497
f 297/1498 299/1499 300/1500
f 293/1501 294/1502 298/1503
f 293/1504 298/1505 297/1506
f 296/1507 300/1508 299/1509
f 296/1510 299/1511 295/1512
f 293/1513 297/1514 300/1515
f 293/1516 300/1517 296/1518
f 294/1519 295/1520 299/1521
f 294/1522 299/1523 298/1524
usemtl Mechanism
f 301/1525 303/1526 304/1527
f 301/1528 304/1529 302/1530
f 303/1531 305/1532 306/1533
f 303/1534 306/1535 304/1536
f 305/1537 307/1538 308/1539
f 305/1540 308/1541 306/1542
f 307/1543 309/1544 310/1545
f 307/1546 310/1547 308/1548
f 309/1549 311/1550 312/1551
f 309/1552 312/1553 310/1554
f 311/1555 313/1556 314/1557
f 311/1558 314/1559 312/1560
f 313/1561 315/1562 316/1563
f 313/1564 316/1565 314/1566
f 315/1567 317/1568 318/1569
f 315/1570 318/1571 316/1572
f 317/1573 319/1574 320/1575
f 317/1576 320/1577 318/1578
f 319/1579 321/1580 322/1581
f 319/1582 322/1583 320/1584
f 321/1585 323/1586 324/1587
f 321/1588 324/1589 322/1590
f 323/1591 325/1592 326/1593
f 323/1594 326/1595 324/1596
f 325/1597 327/1598 328/1599
f 325/1600 328/1601 326/1602
f 327/1603 329/1604 330/1605
f 327/1606 330/1607 328/1608
f 329/1609 331/1610 332/1611
f 329/1612 332/1613 330/1614
f 331/1615 333/1616 334/1617
f 331/1618 334/1619 332/1620
f 333/1621 335/1622 336/1623
f 333/1624 336/1625 334/1626
f 335/1627 337/1628 338/1629
f 335/1630 338/1631 336/1632
f 337/1633 339/1634 340/1635
f 337/1636 340/1637 338/1638
f 339/1639 341/1640 342/1641
f 339/1642 342/1643 340/1644
f 341/1645 343/1646 344/1647
f 341/1648 344/1649 342/1650
f 343/1651 345/1652 346/1653
f 343/1654 346/1655 344/1656
f 345/1657 347/1658 348/1659
f 345/1660 348/1661 346/1662
f 347/1663 349/1664 350/1665
f 347/1666 350/1667 348/1668
f 349/1669 351/1670 352/1671
f 349/1672 352/1673 350/1674
f 351/1675 353/1676 354/1677
f 351/1678 354/1679 352/1680
f 353/1681 355/1682 356/1683
f 353/1684 356/1685 354/1686
f 355/1687 357/1688 358/1689
f 355/1690 358/1691 356/1692
f 357/1693 359/1694 360/1695
f 357/1696 360/1697 358/1698
f 359/1699 361/1700 362/1701
f 359/1702 362/1703 360/1704
f 361/1705 363/1706 364/1707
f 361/1708 364/1709 362/1710
f 363/1711 301/1712 302/1713
f 363/1714 302/1715 364/1716
f 365/1717 303/1718 301/1719
f 366/1720 302/1721 304/1722
f 365/1723 305/1724 303/1725
f 366/1726 304/1727 306/1728
f 365/1729 307/1730 305/1731
f 366/1732 306/1733 308/1734
f 365/1735 309/1736 307/1737
f 366/1738 308/1739 310/1740
f 365/1741 311/1742 309/1743
f 366/1744 310/1745 312/1746
f 365/1747 313/1748 311/1749
f 366/1750 312/1751 314/1752
f 365/1753 315/1754 313/1755
f 366/1756 314/1757 316/1758
f 365/1759 317/1760 315/1761
f 366/1762 316/1763 318/1764
f 365/1765 319/1766 317/1767
f 366/1768 318/1769 320/1770
f 365/1771 321/1772 319/1773
f 366/1774 320/1775 322/1776
f 365/1777 323/1778 321/1779
f 366/1780 322/1781 324/1782
f 365/1783 325/1784 323/1785
f 366/1786 324/1787 326/1788
f 365/1789 327/1790 325/1791
f 366/1792 326/1793 328/1794
f 365/1795 329/1796 327/1797
f 366/1798 328/1799 330/1800
f 365/1801 331/1802 329/1803
f 366/1804 330/1805 332/1806
f 365/1807 333/1808 331/1809
f 366/1810 332/1811 334/1812
f 365/1813 335/1814 333/1815
f 366/1816 334/1817 336/1818
f 365/1819 337/1820 335/1821
f 366/1822 336/1823 338/1824
f 365/1825 339/1826 337/1827
f 366/1828 338/1829 340/1830
f 365/1831 341/1832 339/1833
f 366/1834 340/1835 342/1836
f 365/1837 343/1838 341/1839
f 366/1840 342/1841 344/1842
f 365/1843 345/1844 343/1845
f 366/1846 344/1847 346/1848
f 365/1849 347/1850 345/1851
f 366/1852 346/1853 348/1854
f 365/1855 349/1856 347/1857
f 366/1858 348/1859 350/1860
f 365/1861 351/1862 349/1863
f 366/1864 350/1865 352/1866
f 365/1867 353/1868 351/1869
f 366/1870 352/1871 354/1872
f 365/1873 355/1874 353/1875
f 366/1876 354/1877 356/1878
f 365/1879 357/1880 355/1881
f 366/1882 356/1883 358/1884
f 365/1885 359/1886 357/1887
f 366/1888 358/1889 360/1890
f 365/1891 361/1892 359/1893
f 366/1894 360/1895 362/1896
f 365/1897 363/1898 361/1899
f 366/1900 362/1901 364/1902
f 365/1903 301/1904 363/1905
f 366/1906 364/1907 302/1908
usemtl Optic
f 367/1909 369/1910 370/1911
f 367/1912 370/1913 368/1914
f 369/1915 371/1916 372/1917
f 369/1918 372/1919 370/1920
f 371/1921 373/1922 374/1923
f 371/1924 374/1925 372/1926
f 373/1927 375/1928 376/1929
f 373/1930 376/1931 374/1932
f 375/1933 377/1934 378/1935
f 375/1936 378/1937 376/1938
f 377/1939 379/1940 380/1941
f 377/1942 380/1943 378/1944
f 379/1945 381/1946 382/1947
f 379/1948 382/1949 380/1950
f 381/1951 383/1952 384/1953
f 381/1954 384/1955 382/1956
f 383/1957 385/1958 386/1959
f 383/1960 386/1961 384/1962
f 385/1963 387/1964 388/1965
f 385/1966 388/1967 386/1968
f 387/1969 389/1970 390/1971
f 387/1972 390/1973 388/1974
f 389/1975 391/1976 392/1977
f 389/1978 392/1979 390/1980
f 391/1981 393/1982 394/1983
f 391/1984 394/1985 392/1986
f 393/1987 395/1988 396/1989
f 393/1990 396/1991 394/1992
f 395/1993 397/1994 398/1995
f 395/1996 398/1997 396/1998
f 397/1999 399/2000 400/2001
f 397/2002 400/2003 398/2004
f 399/2005 401/2006 402/2007
f 399/2008 402/2009 400/2010
f 401/2011 403/2012 404/2013
f 401/2014 404/2015 402/2016
f 403/2017 405/2018 406/2019
f 403/2020 406/2021 404/2022
f 405/2023 407/2024 408/2025
f 405/2026 408/2027 406/2028
f 407/2029 409/2030 410/2031
f 407/2032 410/2033 408/2034
f 409/2035 411/2036 412/2037
f 409/2038 412/2039 410/2040
f 411/2041 413/2042 414/2043
f 411/2044 414/2045 412/2046
f 413/2047 415/2048 416/2049
f 413/2050 416/2051 414/2052
f 415/2053 417/2054 418/2055
f 415/2056 418/2057 416/2058
f 417/2059 419/2060 420/2061
f 417/2062 420/2063 418/2064
f 419/2065 421/2066 422/2067
f 419/2068 422/2069 420/2070
f 421/2071 423/2072 424/2073
f 421/2074 424/2075 422/2076
f 423/2077 425/2078 426/2079
f 423/2080 426/2081 424/2082
f 425/2083 427/2084 428/2085
f 425/2086 428/2087 426/2088
f 427/2089 429/2090 430/2091
f 427/2092 430/2093 428/2094
f 429/2095 367/2096 368/2097
f 429/2098 368/2099 430/2100
f 431/2101 369/2102 367/2103
f 432/2104 368/2105 370/2106
f 431/2107 371/2108 369/2109
f 432/2110 370/2111 372/2112
f 431/2113 373/2114 371/2115
f 432/2116 372/2117 374/2118
f 431/2119 375/2120 373/2121
f 432/2122 374/2123 376/2124
f 431/2125 377/2126 375/2127
f 432/2128 376/2129 378/2130
f 431/2131 379/2132 377/2133
f 432/2134 378/2135 380/2136
f 431/2137 381/2138 379/2139
f 432/2140 380/2141 382/2142
f 431/2143 383/2144 381/2145
f 432/2146 382/2147 384/2148
f 431/2149 385/2150 383/2151
f 432/2152 384/2153 386/2154
f 431/2155 387/2156 385/2157
f 432/2158 386/2159 388/2160
f 431/2161 389/2162 387/2163
f 432/2164 388/2165 390/2166
f 431/2167 391/2168 389/2169
f 432/2170 390/2171 392/2172
f 431/2173 393/2174 391/2175
f 432/2176 392/2177 394/2178
f 431/2179 395/2180 393/2181
f 432/2182 394/2183 396/2184
f 431/2185 397/2186 395/2187
f 432/2188 396/2189 398/2190
f 431/2191 399/2192 397/2193
f 432/2194 398/2195 400/2196
f 431/2197 401/2198 399/2199
f 432/2200 400/2201 402/2202
f 431/2203 403/2204 401/2205
f 432/2206 402/2207 404/2208
f 431/2209 405/2210 403/2211
f 432/2212 404/2213 406/2214
f 431/2215 407/2216 405/2217
f 432/2218 406/2219 408/2220
f 431/2221 409/2222 407/2223
f 432/2224 408/2225 410/2226
f 431/2227 411/2228 409/2229
f 432/2230 410/2231 412/2232
f 431/2233 413/2234 411/2235
f 432/2236 412/2237 414/2238
f 431/2239 415/2240 413/2241
f 432/2242 414/2243 416/2244
f 431/2245 417/2246 415/2247
f 432/2248 416/2249 418/2250
f 431/2251 419/2252 417/2253
f 432/2254 418/2255 420/2256
f 431/2257 421/2258 419/2259
f 432/2260 420/2261 422/2262
f 431/2263 423/2264 421/2265
f 432/2266 422/2267 424/2268
f 431/2269 425/2270 423/2271
f 432/2272 424/2273 426/2274
f 431/2275 427/2276 425/2277
f 432/2278 426/2279 428/2280
f 431/2281 429/2282 427/2283
f 432/2284 428/2285 430/2286
f 431/2287 367/2288 429/2289
f 432/2290 430/2291 368/2292
usemtl Shell
f 433/2293 436/2294 435/2295
f 433/2296 435/2297 434/2298
f 437/2299 438/2300 439/2301
f 437/2302 439/2303 440/2304
f 433/2305 434/2306 438/2307
f 433/2308 438/2309 437/2310
f 436/2311 440/2312 439/2313
f 436/2314 439/2315 435/2316
f 433/2317 437/2318 440/2319
f 433/2320 440/2321 436/2322
f 434/2323 435/2324 439/2325
f 434/2326 439/2327 438/2328
f 441/2329 444/2330 443/2331
f 441/2332 443/2333 442/2334
f 445/2335 446/2336 447/2337
f 445/2338 447/2339 448/2340
f 441/2341 442/2342 446/2343
f 441/2344 446/2345 445/2346
f 444/2347 448/2348 447/2349
f 444/2350 447/2351 443/2352
f 441/2353 445/2354 448/2355
f 441/2356 448/2357 444/2358
f 442/2359 443/2360 447/2361
f 442/2362 447/2363 446/2364
f 449/2365 452/2366 451/2367
f 449/2368 451/2369 450/2370
f 453/2371 454/2372 455/2373
f 453/2374 455/2375 456/2376
f 449/2377 450/2378 454/2379
f 449/2380 454/2381 453/2382
f 452/2383 456/2384 455/2385
f 452/2386 455/2387 451/2388
f 449/2389 453/2390 456/2391
f 449/2392 456/2393 452/2394
f 450/2395 451/2396 455/2397
f 450/2398 455/2399 454/2400
f 457/2401 460/2402 459/2403
f 457/2404 459/2405 458/2406
f 461/2407 462/2408 463/2409
f 461/2410 463/2411 464/2412
f 457/2413 458/2414 462/2415
f 457/2416 462/2417 461/2418
f 460/2419 464/2420 463/2421
f 460/2422 463/2423 459/2424
f 457/2425 461/2426 464/2427
f 457/2428 464/2429 460/2430
f 458/2431 459/2432 463/2433
f 458/2434 463/2435 462/2436
usemtl Mechanism
f 465/2437 467/2438 468/2439
f 465/2440 468/2441 466/2442
f 467/2443 469/2444 470/2445
f 467/2446 470/2447 468/2448
f 469/2449 471/2450 472/2451
f 469/2452 472/2453 470/2454
f 471/2455 473/2456 474/2457
f 471/2458 474/2459 472/2460
f 473/2461 475/2462 476/2463
f 473/2464 476/2465 474/2466
f 475/2467 477/2468 478/2469
f 475/2470 478/2471 476/2472
f 477/2473 479/2474 480/2475
f 477/2476 480/2477 478/2478
f 479/2479 481/2480 482/2481
f 479/2482 482/2483 480/2484
f 481/2485 483/2486 484/2487
f 481/2488 484/2489 482/2490
f 483/2491 485/2492 486/2493
f 483/2494 486/2495 484/2496
f 485/2497 487/2498 488/2499
f 485/2500 488/2501 486/2502
f 487/2503 489/2504 490/2505
f 487/2506 490/2507 488/2508
f 489/2509 491/2510 492/2511
f 489/2512 492/2513 490/2514
f 491/2515 493/2516 494/2517
f 491/2518 494/2519 492/2520
f 493/2521 495/2522 496/2523
f 493/2524 496/2525 494/2526
f 495/2527 497/2528 498/2529
f 495/2530 498/2531 496/2532
f 497/2533 499/2534 500/2535
f 497/2536 500/2537 498/2538
f 499/2539 501/2540 502/2541
f 499/2542 502/2543 500/2544
f 501/2545 503/2546 504/2547
f 501/2548 504/2549 502/2550
f 503/2551 505/2552 506/2553
f 503/2554 506/2555 504/2556
f 505/2557 507/2558 508/2559
f 505/2560 508/2561 506/2562
f 507/2563 509/2564 510/2565
f 507/2566 510/2567 508/2568
f 509/2569 511/2570 512/2571
f 509/2572 512/2573 510/2574
f 511/2575 513/2576 514/2577
f 511/2578 514/2579 512/2580
f 513/2581 515/2582 516/2583
f 513/2584 516/2585 514/2586
f 515/2587 517/2588 518/2589
f 515/2590 518/2591 516/2592
f 517/2593 519/2594 520/2595
f 517/2596 520/2597 518/2598
f 519/2599 521/2600 522/2601
f 519/2602 522/2603 520/2604
f 521/2605 523/2606 524/2607
f 521/2608 524/2609 522/2610
f 523/2611 525/2612 526/2613
f 523/2614 526/2615 524/2616
f 525/2617 527/2618 528/2619
f 525/2620 528/2621 526/2622
f 527/2623 465/2624 466/2625
f 527/2626 466/2627 528/2628
f 529/2629 467/2630 465/2631
f 530/2632 466/2633 468/2634
f 529/2635 469/2636 467/2637
f 530/2638 468/2639 470/2640
f 529/2641 471/2642 469/2643
f 530/2644 470/2645 472/2646
f 529/2647 473/2648 471/2649
f 530/2650 472/2651 474/2652
f 529/2653 475/2654 473/2655
f 530/2656 474/2657 476/2658
f 529/2659 477/2660 475/2661
f 530/2662 476/2663 478/2664
f 529/2665 479/2666 477/2667
f 530/2668 478/2669 480/2670
f 529/2671 481/2672 479/2673
f 530/2674 480/2675 482/2676
f 529/2677 483/2678 481/2679
f 530/2680 482/2681 484/2682
f 529/2683 485/2684 483/2685
f 530/2686 484/2687 486/2688
f 529/2689 487/2690 485/2691
f 530/2692 486/2693 488/2694
f 529/2695 489/2696 487/2697
f 530/2698 488/2699 490/2700
f 529/2701 491/2702 489/2703
f 530/2704 490/2705 492/2706
f 529/2707 493/2708 491/2709
f 530/2710 492/2711 494/2712
f 529/2713 495/2714 493/2715
f 530/2716 494/2717 496/2718
f 529/2719 497/2720 495/2721
f 530/2722 496/2723 498/2724
f 529/2725 499/2726 497/2727
f 530/2728 498/2729 500/2730
f 529/2731 501/2732 499/2733
f 530/2734 500/2735 502/2736
f 529/2737 503/2738 501/2739
f 530/2740 502/2741 504/2742
f 529/2743 505/2744 503/2745
f 530/2746 504/2747 506/2748
f 529/2749 507/2750 505/2751
f 530/2752 506/2753 508/2754
f 529/2755 509/2756 507/2757
f 530/2758 508/2759 510/2760
f 529/2761 511/2762 509/2763
f 530/2764 510/2765 512/2766
f 529/2767 513/2768 511/2769
f 530/2770 512/2771 514/2772
f 529/2773 515/2774 513/2775
f 530/2776 514/2777 516/2778
f 529/2779 517/2780 515/2781
f 530/2782 516/2783 518/2784
f 529/2785 519/2786 517/2787
f 530/2788 518/2789 520/2790
f 529/2791 521/2792 519/2793
f 530/2794 520/2795 522/2796
f 529/2797 523/2798 521/2799
f 530/2800 522/2801 524/2802
f 529/2803 525/2804 523/2805
f 530/2806 524/2807 526/2808
f 529/2809 527/2810 525/2811
f 530/2812 526/2813 528/2814
f 529/2815 465/2816 527/2817
f 530/2818 528/2819 466/2820
usemtl Optic
f 531/2821 533/2822 534/2823
f 531/2824 534/2825 532/2826
f 533/2827 535/2828 536/2829
f 533/2830 536/2831 534/2832
f 535/2833 537/2834 538/2835
f 535/2836 538/2837 536/2838
f 537/2839 539/2840 540/2841
f 537/2842 540/2843 538/2844
f 539/2845 541/2846 542/2847
f 539/2848 542/2849 540/2850
f 541/2851 543/2852 544/2853
f 541/2854 544/2855 542/2856
f 543/2857 545/2858 546/2859
f 543/2860 546/2861 544/2862
f 545/2863 547/2864 548/2865
f 545/2866 548/2867 546/2868
f 547/2869 549/2870 550/2871
f 547/2872 550/2873 548/2874
f 549/2875 551/2876 552/2877
f 549/2878 552/2879 550/2880
f 551/2881 553/2882 554/2883
f 551/2884 554/2885 552/2886
f 553/2887 555/2888 556/2889
f 553/2890 556/2891 554/2892
f 555/2893 557/2894 558/2895
f 555/2896 558/2897 556/2898
f 557/2899 559/2900 560/2901
f 557/2902 560/2903 558/2904
f 559/2905 561/2906 562/2907
f 559/2908 562/2909 560/2910
f 561/2911 563/2912 564/2913
f 561/2914 564/2915 562/2916
f 563/2917 565/2918 566/2919
f 563/2920 566/2921 564/2922
f 565/2923 567/2924 568/2925
f 565/2926 568/2927 566/2928
f 567/2929 569/2930 570/2931
f 567/2932 570/2933 568/2934
f 569/2935 571/2936 572/2937
f 569/2938 572/2939 570/2940
f 571/2941 573/2942 574/2943
f 571/2944 574/2945 572/2946
f 573/2947 575/2948 576/2949
f 573/2950 576/2951 574/2952
f 575/2953 577/2954 578/2955
f 575/2956 578/2957 576/2958
f 577/2959 579/2960 580/2961
f 577/2962 580/2963 578/2964
f 579/2965 581/2966 582/2967
f 579/2968 582/2969 580/2970
f 581/2971 583/2972 584/2973
f 581/2974 584/2975 582/2976
f 583/2977 585/2978 586/2979
f 583/2980 586/2981 584/2982
f 585/2983 587/2984 588/2985
f 585/2986 588/2987 586/2988
f 587/2989 589/2990 590/2991
f 587/2992 590/2993 588/2994
f 589/2995 591/2996 592/2997
f 589/2998 592/2999 590/3000
f 591/3001 593/3002 594/3003
f 591/3004 594/3005 592/3006
f 593/3007 531/3008 532/3009
f 593/3010 532/3011 594/3012
f 595/3013 533/3014 531/3015
f 596/3016 532/3017 534/3018
f 595/3019 535/3020 533/3021
f 596/3022 534/3023 536/3024
f 595/3025 537/3026 535/3027
f 596/3028 536/3029 538/3030
f 595/3031 539/3032 537/3033
f 596/3034 538/3035 540/3036
f 595/3037 541/3038 539/3039
f 596/3040 540/3041 542/3042
f 595/3043 543/3044 541/3045
f 596/3046 542/3047 544/3048
f 595/3049 545/3050 543/3051
f 596/3052 544/3053 546/3054
f 595/3055 547/3056 545/3057
f 596/3058 546/3059 548/3060
f 595/3061 549/3062 547/3063
f 596/3064 548/3065 550/3066
f 595/3067 551/3068 549/3069
f 596/3070 550/3071 552/3072
f 595/3073 553/3074 551/3075
f 596/3076 552/3077 554/3078
f 595/3079 555/3080 553/3081
f 596/3082 554/3083 556/3084
f 595/3085 557/3086 555/3087
f 596/3088 556/3089 558/3090
f 595/3091 559/3092 557/3093
f 596/3094 558/3095 560/3096
f 595/3097 561/3098 559/3099
f 596/3100 560/3101 562/3102
f 595/3103 563/3104 561/3105
f 596/3106 562/3107 564/3108
f 595/3109 565/3110 563/3111
f 596/3112 564/3113 566/3114
f 595/3115 567/3116 565/3117
f 596/3118 566/3119 568/3120
f 595/3121 569/3122 567/3123
f 596/3124 568/3125 570/3126
f 595/3127 571/3128 569/3129
f 596/3130 570/3131 572/3132
f 595/3133 573/3134 571/3135
f 596/3136 572/3137 574/3138
f 595/3139 575/3140 573/3141
f 596/3142 574/3143 576/3144
f 595/3145 577/3146 575/3147
f 596/3148 576/3149 578/3150
f 595/3151 579/3152 577/3153
f 596/3154 578/3155 580/3156
f 595/3157 581/3158 579/3159
f 596/3160 580/3161 582/3162
f 595/3163 583/3164 581/3165
f 596/3166 582/3167 584/3168
f 595/3169 585/3170 583/3171
f 596/3172 584/3173 586/3174
f 595/3175 587/3176 585/3177
f 596/3178 586/3179 588/3180
f 595/3181 589/3182 587/3183
f 596/3184 588/3185 590/3186
f 595/3187 591/3188 589/3189
f 596/3190 590/3191 592/3192
f 595/3193 593/3194 591/3195
f 596/3196 592/3197 594/3198
f 595/3199 531/3200 593/3201
f 596/3202 594/3203 532/3204
usemtl Shell
f 597/3205 600/3206 599/3207
f 597/3208 599/3209 598/3210
f 601/3211 602/3212 603/3213
f 601/3214 603/3215 604/3216
f 597/3217 598/3218 602/3219
f 597/3220 602/3221 601/3222
f 600/3223 604/3224 603/3225
f 600/3226 603/3227 599/3228
f 597/3229 601/3230 604/3231
f 597/3232 604/3233 600/3234
f 598/3235 599/3236 603/3237
f 598/3238 603/3239 602/3240
f 605/3241 608/3242 607/3243
f 605/3244 607/3245 606/3246
f 609/3247 610/3248 611/3249
f 609/3250 611/3251 612/3252
f 605/3253 606/3254 610/3255
f 605/3256 610/3257 609/3258
f 608/3259 612/3260 611/3261
f 608/3262 611/3263 607/3264
f 605/3265 609/3266 612/3267
f 605/3268 612/3269 608/3270
f 606/3271 607/3272 611/3273
f 606/3274 611/3275 610/3276
f 613/3277 616/3278 615/3279
f 613/3280 615/3281 614/3282
f 617/3283 618/3284 619/3285
f 617/3286 619/3287 620/3288
f 613/3289 614/3290 618/3291
f 613/3292 618/3293 617/3294
f 616/3295 620/3296 619/3297
f 616/3298 619/3299 615/3300
f 613/3301 617/3302 620/3303
f 613/3304 620/3305 616/3306
f 614/3307 615/3308 619/3309
f 614/3310 619/3311 618/3312
f 621/3313 624/3314 623/3315
f 621/3316 623/3317 622/3318
f 625/3319 626/3320 627/3321
f 625/3322 627/3323 628/3324
f 621/3325 622/3326 626/3327
f 621/3328 626/3329 625/3330
f 624/3331 628/3332 627/3333
f 624/3334 627/3335 623/3336
f 621/3337 625/3338 628/3339
f 621/3340 628/3341 624/3342
f 622/3343 623/3344 627/3345
f 622/3346 627/3347 626/3348
usemtl Mechanism
f 629/3349 631/3350 632/3351
f 629/3352 632/3353 630/3354
f 631/3355 633/3356 634/3357
f 631/3358 634/3359 632/3360
f 633/3361 635/3362 636/3363
f 633/3364 636/3365 634/3366
f 635/3367 637/3368 638/3369
f 635/3370 638/3371 636/3372
f 637/3373 639/3374 640/3375
f 637/3376 640/3377 638/3378
f 639/3379 641/3380 642/3381
f 639/3382 642/3383 640/3384
f 641/3385 643/3386 644/3387
f 641/3388 644/3389 642/3390
f 643/3391 645/3392 646/3393
f 643/3394 646/3395 644/3396
f 645/3397 647/3398 648/3399
f 645/3400 648/3401 646/3402
f 647/3403 649/3404 650/3405
f 647/3406 650/3407 648/3408
f 649/3409 651/3410 652/3411
f 649/3412 652/3413 650/3414
f 651/3415 653/3416 654/3417
f 651/3418 654/3419 652/3420
f 653/3421 655/3422 656/3423
f 653/3424 656/3425 654/3426
f 655/3427 657/3428 658/3429
f 655/3430 658/3431 656/3432
f 657/3433 659/3434 660/3435
f 657/3436 660/3437 658/3438
f 659/3439 661/3440 662/3441
f 659/3442 662/3443 660/3444
f 661/3445 663/3446 664/3447
f 661/3448 664/3449 662/3450
f 663/3451 665/3452 666/3453
f 663/3454 666/3455 664/3456
f 665/3457 667/3458 668/3459
f 665/3460 668/3461 666/3462
f 667/3463 669/3464 670/3465
f 667/3466 670/3467 668/3468
f 669/3469 671/3470 672/3471
f 669/3472 672/3473 670/3474
f 671/3475 673/3476 674/3477
f 671/3478 674/3479 672/3480
f 673/3481 675/3482 676/3483
f 673/3484 676/3485 674/3486
f 675/3487 677/3488 678/3489
f 675/3490 678/3491 676/3492
f 677/3493 679/3494 680/3495
f 677/3496 680/3497 678/3498
f 679/3499 681/3500 682/3501
f 679/3502 682/3503 680/3504
f 681/3505 683/3506 684/3507
f 681/3508 684/3509 682/3510
f 683/3511 685/3512 686/3513
f 683/3514 686/3515 684/3516
f 685/3517 687/3518 688/3519
f 685/3520 688/3521 686/3522
f 687/3523 689/3524 690/3525
f 687/3526 690/3527 688/3528
f 689/3529 691/3530 692/3531
f 689/3532 692/3533 690/3534
f 691/3535 629/3536 630/3537
f 691/3538 630/3539 692/3540
f 693/3541 631/3542 629/3543
f 694/3544 630/3545 632/3546
f 693/3547 633/3548 631/3549
f 694/3550 632/3551 634/3552
f 693/3553 635/3554 633/3555
f 694/3556 634/3557 636/3558
f 693/3559 637/3560 635/3561
f 694/3562 636/3563 638/3564
f 693/3565 639/3566 637/3567
f 694/3568 638/3569 640/3570
f 693/3571 641/3572 639/3573
f 694/3574 640/3575 642/3576
f 693/3577 643/3578 641/3579
f 694/3580 642/3581 644/3582
f 693/3583 645/3584 643/3585
f 694/3586 644/3587 646/3588
f 693/3589 647/3590 645/3591
f 694/3592 646/3593 648/3594
f 693/3595 649/3596 647/3597
f 694/3598 648/3599 650/3600
f 693/3601 651/3602 649/3603
f 694/3604 650/3605 652/3606
f 693/3607 653/3608 651/3609
f 694/3610 652/3611 654/3612
f 693/3613 655/3614 653/3615
f 694/3616 654/3617 656/3618
f 693/3619 657/3620 655/3621
f 694/3622 656/3623 658/3624
f 693/3625 659/3626 657/3627
f 694/3628 658/3629 660/3630
f 693/3631 661/3632 659/3633
f 694/3634 660/3635 662/3636
f 693/3637 663/3638 661/3639
f 694/3640 662/3641 664/3642
f 693/3643 665/3644 663/3645
f 694/3646 664/3647 666/3648
f 693/3649 667/3650 665/3651
f 694/3652 666/3653 668/3654
f 693/3655 669/3656 667/3657
f 694/3658 668/3659 670/3660
f 693/3661 671/3662 669/3663
f 694/3664 670/3665 672/3666
f 693/3667 673/3668 671/3669
f 694/3670 672/3671 674/3672
f 693/3673 675/3674 673/3675
f 694/3676 674/3677 676/3678
f 693/3679 677/3680 675/3681
f 694/3682 676/3683 678/3684
f 693/3685 679/3686 677/3687
f 694/3688 678/3689 680/3690
f 693/3691 681/3692 679/3693
f 694/3694 680/3695 682/3696
f 693/3697 683/3698 681/3699
f 694/3700 682/3701 684/3702
f 693/3703 685/3704 683/3705
f 694/3706 684/3707 686/3708
f 693/3709 687/3710 685/3711
f 694/3712 686/3713 688/3714
f 693/3715 689/3716 687/3717
f 694/3718 688/3719 690/3720
f 693/3721 691/3722 689/3723
f 694/3724 690/3725 692/3726
f 693/3727 629/3728 691/3729
f 694/3730 692/3731 630/3732
usemtl Optic
f 695/3733 697/3734 698/3735
f 695/3736 698/3737 696/3738
f 697/3739 699/3740 700/3741
f 697/3742 700/3743 698/3744
f 699/3745 701/3746 702/3747
f 699/3748 702/3749 700/3750
f 701/3751 703/3752 704/3753
f 701/3754 704/3755 702/3756
f 703/3757 705/3758 706/3759
f 703/3760 706/3761 704/3762
f 705/3763 707/3764 708/3765
f 705/3766 708/3767 706/3768
f 707/3769 709/3770 710/3771
f 707/3772 710/3773 708/3774
f 709/3775 711/3776 712/3777
f 709/3778 712/3779 710/3780
f 711/3781 713/3782 714/3783
f 711/3784 714/3785 712/3786
f 713/3787 715/3788 716/3789
f 713/3790 716/3791 714/3792
f 715/3793 717/3794 718/3795
f 715/3796 718/3797 716/3798
f 717/3799 719/3800 720/3801
f 717/3802 720/3803 718/3804
f 719/3805 721/3806 722/3807
f 719/3808 722/3809 720/3810
f 721/3811 723/3812 724/3813
f 721/3814 724/3815 722/3816
f 723/3817 725/3818 726/3819
f 723/3820 726/3821 724/3822
f 725/3823 727/3824 728/3825
f 725/3826 728/3827 726/3828
f 727/3829 729/3830 730/3831
f 727/3832 730/3833 728/3834
f 729/3835 731/3836 732/3837
f 729/3838 732/3839 730/3840
f 731/3841 733/3842 734/3843
f 731/3844 734/3845 732/3846
f 733/3847 735/3848 736/3849
f 733/3850 736/3851 734/3852
f 735/3853 737/3854 738/3855
f 735/3856 738/3857 736/3858
f 737/3859 739/3860 740/3861
f 737/3862 740/3863 738/3864
f 739/3865 741/3866 742/3867
f 739/3868 742/3869 740/3870
f 741/3871 743/3872 744/3873
f 741/3874 744/3875 742/3876
f 743/3877 745/3878 746/3879
f 743/3880 746/3881 744/3882
f 745/3883 747/3884 748/3885
f 745/3886 748/3887 746/3888
f 747/3889 749/3890 750/3891
f 747/3892 750/3893 748/3894
f 749/3895 751/3896 752/3897
f 749/3898 752/3899 750/3900
f 751/3901 753/3902 754/3903
f 751/3904 754/3905 752/3906
f 753/3907 755/3908 756/3909
f 753/3910 756/3911 754/3912
f 755/3913 757/3914 758/3915
f 755/3916 758/3917 756/3918
f 757/3919 695/3920 696/3921
f 757/3922 696/3923 758/3924
f 759/3925 697/3926 695/3927
f 760/3928 696/3929 698/3930
f 759/3931 699/3932 697/3933
f 760/3934 698/3935 700/3936
f 759/3937 701/3938 699/3939
f 760/3940 700/3941 702/3942
f 759/3943 703/3944 701/3945
f 760/3946 702/3947 704/3948
f 759/3949 705/3950 703/3951
f 760/3952 704/3953 706/3954
f 759/3955 707/3956 705/3957
f 760/3958 706/3959 708/3960
f 759/3961 709/3962 707/3963
f 760/3964 708/3965 710/3966
f 759/3967 711/3968 709/3969
f 760/3970 710/3971 712/3972
f 759/3973 713/3974 711/3975
f 760/3976 712/3977 714/3978
f 759/3979 715/3980 713/3981
f 760/3982 714/3983 716/3984
f 759/3985 717/3986 715/3987
f 760/3988 716/3989 718/3990
f 759/3991 719/3992 717/3993
f 760/3994 718/3995 720/3996
f 759/3997 721/3998 719/3999
f 760/4000 720/4001 722/4002
f 759/4003 723/4004 721/4005
f 760/4006 722/4007 724/4008
f 759/4009 725/4010 723/4011
f 760/4012 724/4013 726/4014
f 759/4015 727/4016 725/4017
f 760/4018 726/4019 728/4020
f 759/4021 729/4022 727/4023
f 760/4024 728/4025 730/4026
f 759/4027 731/4028 729/4029
f 760/4030 730/4031 732/4032
f 759/4033 733/4034 731/4035
f 760/4036 732/4037 734/4038
f 759/4039 735/4040 733/4041
f 760/4042 734/4043 736/4044
f 759/4045 737/4046 735/4047
f 760/4048 736/4049 738/4050
f 759/4051 739/4052 737/4053
f 760/4054 738/4055 740/4056
f 759/4057 741/4058 739/4059
f 760/4060 740/4061 742/4062
f 759/4063 743/4064 741/4065
f 760/4066 742/4067 744/4068
f 759/4069 745/4070 743/4071
f 760/4072 744/4073 746/4074
f 759/4075 747/4076 745/4077
f 760/4078 746/4079 748/4080
f 759/4081 749/4082 747/4083
f 760/4084 748/4085 750/4086
f 759/4087 751/4088 749/4089
f 760/4090 750/4091 752/4092
f 759/4093 753/4094 751/4095
f 760/4096 752/4097 754/4098
f 759/4099 755/4100 753/4101
f 760/4102 754/4103 756/4104
f 759/4105 757/4106 755/4107
f 760/4108 756/4109 758/4110
f 759/4111 695/4112 757/4113
f 760/4114 758/4115 696/4116
usemtl Shell
f 761/4117 764/4118 763/4119
f 761/4120 763/4121 762/4122
f 765/4123 766/4124 767/4125
f 765/4126 767/4127 768/4128
f 761/4129 762/4130 766/4131
f 761/4132 766/4133 765/4134
f 764/4135 768/4136 767/4137
f 764/4138 767/4139 763/4140
f 761/4141 765/4142 768/4143
f 761/4144 768/4145 764/4146
f 762/4147 763/4148 767/4149
f 762/4150 767/4151 766/4152
f 769/4153 772/4154 771/4155
f 769/4156 771/4157 770/4158
f 773/4159 774/4160 775/4161
f 773/4162 775/4163 776/4164
f 769/4165 770/4166 774/4167
f 769/4168 774/4169 773/4170
f 772/4171 776/4172 775/4173
f 772/4174 775/4175 771/4176
f 769/4177 773/4178 776/4179
f 769/4180 776/4181 772/4182
f 770/4183 771/4184 775/4185
f 770/4186 775/4187 774/4188
f 777/4189 780/4190 779/4191
f 777/4192 779/4193 778/4194
f 781/4195 782/4196 783/4197
f 781/4198 783/4199 784/4200
f 777/4201 778/4202 782/4203
f 777/4204 782/4205 781/4206
f 780/4207 784/4208 783/4209
f 780/4210 783/4211 779/4212
f 777/4213 781/4214 784/4215
f 777/4216 784/4217 780/4218
f 778/4219 779/4220 783/4221
f 778/4222 783/4223 782/4224
f 785/4225 788/4226 787/4227
f 785/4228 787/4229 786/4230
f 789/4231 790/4232 791/4233
f 789/4234 791/4235 792/4236
f 785/4237 786/4238 790/4239
f 785/4240 790/4241 789/4242
f 788/4243 792/4244 791/4245
f 788/4246 791/4247 787/4248
f 785/4249 789/4250 792/4251
f 785/4252 792/4253 788/4254
f 786/4255 787/4256 791/4257
f 786/4258 791/4259 790/4260
usemtl Mechanism
f 793/4261 795/4262 796/4263
f 793/4264 796/4265 794/4266
f 795/4267 797/4268 798/4269
f 795/4270 798/4271 796/4272
f 797/4273 799/4274 800/4275
f 797/4276 800/4277 798/4278
f 799/4279 801/4280 802/4281
f 799/4282 802/4283 800/4284
f 801/4285 803/4286 804/4287
f 801/4288 804/4289 802/4290
f 803/4291 805/4292 806/4293
f 803/4294 806/4295 804/4296
f 805/4297 807/4298 808/4299
f 805/4300 808/4301 806/4302
f 807/4303 809/4304 810/4305
f 807/4306 810/4307 808/4308
f 809/4309 811/4310 812/4311
f 809/4312 812/4313 810/4314
f 811/4315 813/4316 814/4317
f 811/4318 814/4319 812/4320
f 813/4321 815/4322 816/4323
f 813/4324 816/4325 814/4326
f 815/4327 817/4328 818/4329
f 815/4330 818/4331 816/4332
f 817/4333 819/4334 820/4335
f 817/4336 820/4337 818/4338
f 819/4339 821/4340 822/4341
f 819/4342 822/4343 820/4344
f 821/4345 823/4346 824/4347
f 821/4348 824/4349 822/4350
f 823/4351 825/4352 826/4353
f 823/4354 826/4355 824/4356
f 825/4357 827/4358 828/4359
f 825/4360 828/4361 826/4362
f 827/4363 829/4364 830/4365
f 827/4366 830/4367 828/4368
f 829/4369 831/4370 832/4371
f 829/4372 832/4373 830/4374
f 831/4375 833/4376 834/4377
f 831/4378 834/4379 832/4380
f 833/4381 835/4382 836/4383
f 833/4384 836/4385 834/4386
f 835/4387 837/4388 838/4389
f 835/4390 838/4391 836/4392
f 837/4393 839/4394 840/4395
f 837/4396 840/4397 838/4398
f 839/4399 841/4400 842/4401
f 839/4402 842/4403 840/4404
f 841/4405 843/4406 844/4407
f 841/4408 844/4409 842/4410
f 843/4411 845/4412 846/4413
f 843/4414 846/4415 844/4416
f 845/4417 847/4418 848/4419
f 845/4420 848/4421 846/4422
f 847/4423 849/4424 850/4425
f 847/4426 850/4427 848/4428
f 849/4429 851/4430 852/4431
f 849/4432 852/4433 850/4434
f 851/4435 853/4436 854/4437
f 851/4438 854/4439 852/4440
f 853/4441 855/4442 856/4443
f 853/4444 856/4445 854/4446
f 855/4447 793/4448 794/4449
f 855/4450 794/4451 856/4452
f 857/4453 795/4454 793/4455
f 858/4456 794/4457 796/4458
f 857/4459 797/4460 795/4461
f 858/4462 796/4463 798/4464
f 857/4465 799/4466 797/4467
f 858/4468 798/4469 800/4470
f 857/4471 801/4472 799/4473
f 858/4474 800/4475 802/4476
f 857/4477 803/4478 801/4479
f 858/4480 802/4481 804/4482
f 857/4483 805/4484 803/4485
f 858/4486 804/4487 806/4488
f 857/4489 807/4490 805/4491
f 858/4492 806/4493 808/4494
f 857/4495 809/4496 807/4497
f 858/4498 808/4499 810/4500
f 857/4501 811/4502 809/4503
f 858/4504 810/4505 812/4506
f 857/4507 813/4508 811/4509
f 858/4510 812/4511 814/4512
f 857/4513 815/4514 813/4515
f 858/4516 814/4517 816/4518
f 857/4519 817/4520 815/4521
f 858/4522 816/4523 818/4524
f 857/4525 819/4526 817/4527
f 858/4528 818/4529 820/4530
f 857/4531 821/4532 819/4533
f 858/4534 820/4535 822/4536
f 857/4537 823/4538 821/4539
f 858/4540 822/4541 824/4542
f 857/4543 825/4544 823/4545
f 858/4546 824/4547 826/4548
f 857/4549 827/4550 825/4551
f 858/4552 826/4553 828/4554
f 857/4555 829/4556 827/4557
f 858/4558 828/4559 830/4560
f 857/4561 831/4562 829/4563
f 858/4564 830/4565 832/4566
f 857/4567 833/4568 831/4569
f 858/4570 832/4571 834/4572
f 857/4573 835/4574 833/4575
f 858/4576 834/4577 836/4578
f 857/4579 837/4580 835/4581
f 858/4582 836/4583 838/4584
f 857/4585 839/4586 837/4587
f 858/4588 838/4589 840/4590
f 857/4591 841/4592 839/4593
f 858/4594 840/4595 842/4596
f 857/4597 843/4598 841/4599
f 858/4600 842/4601 844/4602
f 857/4603 845/4604 843/4605
f 858/4606 844/4607 846/4608
f 857/4609 847/4610 845/4611
f 858/4612 846/4613 848/4614
f 857/4615 849/4616 847/4617
f 858/4618 848/4619 850/4620
f 857/4621 851/4622 849/4623
f 858/4624 850/4625 852/4626
f 857/4627 853/4628 851/4629
f 858/4630 852/4631 854/4632
f 857/4633 855/4634 853/4635
f 858/4636 854/4637 856/4638
f 857/4639 793/4640 855/4641
f 858/4642 856/4643 794/4644
usemtl Optic
f 859/4645 861/4646 862/4647
f 859/4648 862/4649 860/4650
f 861/4651 863/4652 864/4653
f 861/4654 864/4655 862/4656
f 863/4657 865/4658 866/4659
f 863/4660 866/4661 864/4662
f 865/4663 867/4664 868/4665
f 865/4666 868/4667 866/4668
f 867/4669 869/4670 870/4671
f 867/4672 870/4673 868/4674
f 869/4675 871/4676 872/4677
f 869/4678 872/4679 870/4680
f 871/4681 873/4682 874/4683
f 871/4684 874/4685 872/4686
f 873/4687 875/4688 876/4689
f 873/4690 876/4691 874/4692
f 875/4693 877/4694 878/4695
f 875/4696 878/4697 876/4698
f 877/4699 879/4700 880/4701
f 877/4702 880/4703 878/4704
f 879/4705 881/4706 882/4707
f 879/4708 882/4709 880/4710
f 881/4711 883/4712 884/4713
f 881/4714 884/4715 882/4716
f 883/4717 885/4718 886/4719
f 883/4720 886/4721 884/4722
f 885/4723 887/4724 888/4725
f 885/4726 888/4727 886/4728
f 887/4729 889/4730 890/4731
f 887/4732 890/4733 888/4734
f 889/4735 891/4736 892/4737
f 889/4738 892/4739 890/4740
f 891/4741 893/4742 894/4743
f 891/4744 894/4745 892/4746
f 893/4747 895/4748 896/4749
f 893/4750 896/4751 894/4752
f 895/4753 897/4754 898/4755
f 895/4756 898/4757 896/4758
f 897/4759 899/4760 900/4761
f 897/4762 900/4763 898/4764
f 899/4765 901/4766 902/4767
f 899/4768 902/4769 900/4770
f 901/4771 903/4772 904/4773
f 901/4774 904/4775 902/4776
f 903/4777 905/4778 906/4779
f 903/4780 906/4781 904/4782
f 905/4783 907/4784 908/4785
f 905/4786 908/4787 906/4788
f 907/4789 909/4790 910/4791
f 907/4792 910/4793 908/4794
f 909/4795 911/4796 912/4797
f 909/4798 912/4799 910/4800
f 911/4801 913/4802 914/4803
f 911/4804 914/4805 912/4806
f 913/4807 915/4808 916/4809
f 913/4810 916/4811 914/4812
f 915/4813 917/4814 918/4815
f 915/4816 918/4817 916/4818
f 917/4819 919/4820 920/4821
f 917/4822 920/4823 918/4824
f 919/4825 921/4826 922/4827
f 919/4828 922/4829 920/4830
f 921/4831 859/4832 860/4833
f 921/4834 860/4835 922/4836
f 923/4837 861/4838 859/4839
f 924/4840 860/4841 862/4842
f 923/4843 863/4844 861/4845
f 924/4846 862/4847 864/4848
f 923/4849 865/4850 863/4851
f 924/4852 864/4853 866/4854
f 923/4855 867/4856 865/4857
f 924/4858 866/4859 868/4860
f 923/4861 869/4862 867/4863
f 924/4864 868/4865 870/4866
f 923/4867 871/4868 869/4869
f 924/4870 870/4871 872/4872
f 923/4873 873/4874 871/4875
f 924/4876 872/4877 874/4878
f 923/4879 875/4880 873/4881
f 924/4882 874/4883 876/4884
f 923/4885 877/4886 875/4887
f 924/4888 876/4889 878/4890
f 923/4891 879/4892 877/4893
f 924/4894 878/4895 880/4896
f 923/4897 881/4898 879/4899
f 924/4900 880/4901 882/4902
f 923/4903 883/4904 881/4905
f 924/4906 882/4907 884/4908
f 923/4909 885/4910 883/4911
f 924/4912 884/4913 886/4914
f 923/4915 887/4916 885/4917
f 924/4918 886/4919 888/4920
f 923/4921 889/4922 887/4923
f 924/4924 888/4925 890/4926
f 923/4927 891/4928 889/4929
f 924/4930 890/4931 892/4932
f 923/4933 893/4934 891/4935
f 924/4936 892/4937 894/4938
f 923/4939 895/4940 893/4941
f 924/4942 894/4943 896/4944
f 923/4945 897/4946 895/4947
f 924/4948 896/4949 898/4950
f 923/4951 899/4952 897/4953
f 924/4954 898/4955 900/4956
f 923/4957 901/4958 899/4959
f 924/4960 900/4961 902/4962
f 923/4963 903/4964 901/4965
f 924/4966 902/4967 904/4968
f 923/4969 905/4970 903/4971
f 924/4972 904/4973 906/4974
f 923/4975 907/4976 905/4977
f 924/4978 906/4979 908/4980
f 923/4981 909/4982 907/4983
f 924/4984 908/4985 910/4986
f 923/4987 911/4988 909/4989
f 924/4990 910/4991 912/4992
f 923/4993 913/4994 911/4995
f 924/4996 912/4997 914/4998
f 923/4999 915/5000 913/5001
f 924/5002 914/5003 916/5004
f 923/5005 917/5006 915/5007
f 924/5008 916/5009 918/5010
f 923/5011 919/5012 917/5013
f 924/5014 918/5015 920/5016
f 923/5017 921/5018 919/5019
f 924/5020 920/5021 922/5022
f 923/5023 859/5024 921/5025
f 924/5026 922/5027 860/5028
usemtl Shell
f 925/5029 928/5030 927/5031
f 925/5032 927/5033 926/5034
f 929/5035 930/5036 931/5037
f 929/5038 931/5039 932/5040
f 925/5041 926/5042 930/5043
f 925/5044 930/5045 929/5046
f 928/5047 932/5048 931/5049
f 928/5050 931/5051 927/5052
f 925/5053 929/5054 932/5055
f 925/5056 932/5057 928/5058
f 926/5059 927/5060 931/5061
f 926/5062 931/5063 930/5064
f 933/5065 936/5066 935/5067
f 933/5068 935/5069 934/5070
f 937/5071 938/5072 939/5073
f 937/5074 939/5075 940/5076
f 933/5077 934/5078 938/5079
f 933/5080 938/5081 937/5082
f 936/5083 940/5084 939/5085
f 936/5086 939/5087 935/5088
f 933/5089 937/5090 940/5091
f 933/5092 940/5093 936/5094
f 934/5095 935/5096 939/5097
f 934/5098 939/5099 938/5100
f 941/5101 944/5102 943/5103
f 941/5104 943/5105 942/5106
f 945/5107 946/5108 947/5109
f 945/5110 947/5111 948/5112
f 941/5113 942/5114 946/5115
f 941/5116 946/5117 945/5118
f 944/5119 948/5120 947/5121
f 944/5122 947/5123 943/5124
f 941/5125 945/5126 948/5127
f 941/5128 948/5129 944/5130
f 942/5131 943/5132 947/5133
f 942/5134 947/5135 946/5136
f 949/5137 952/5138 951/5139
f 949/5140 951/5141 950/5142
f 953/5143 954/5144 955/5145
f 953/5146 955/5147 956/5148
f 949/5149 950/5150 954/5151
f 949/5152 954/5153 953/5154
f 952/5155 956/5156 955/5157
f 952/5158 955/5159 951/5160
f 949/5161 953/5162 956/5163
f 949/5164 956/5165 952/5166
f 950/5167 951/5168 955/5169
f 950/5170 955/5171 954/5172
usemtl Mechanism
f 957/5173 959/5174 960/5175
f 957/5176 960/5177 958/5178
f 959/5179 961/5180 962/5181
f 959/5182 962/5183 960/5184
f 961/5185 963/5186 964/5187
f 961/5188 964/5189 962/5190
f 963/5191 965/5192 966/5193
f 963/5194 966/5195 964/5196
f 965/5197 967/5198 968/5199
f 965/5200 968/5201 966/5202
f 967/5203 969/5204 970/5205
f 967/5206 970/5207 968/5208
f 969/5209 971/5210 972/5211
f 969/5212 972/5213 970/5214
f 971/5215 973/5216 974/5217
f 971/5218 974/5219 972/5220
f 973/5221 975/5222 976/5223
f 973/5224 976/5225 974/5226
f 975/5227 977/5228 978/5229
f 975/5230 978/5231 976/5232
f 977/5233 979/5234 980/5235
f 977/5236 980/5237 978/5238
f 979/5239 981/5240 982/5241
f 979/5242 982/5243 980/5244
f 981/5245 983/5246 984/5247
f 981/5248 984/5249 982/5250
f 983/5251 985/5252 986/5253
f 983/5254 986/5255 984/5256
f 985/5257 987/5258 988/5259
f 985/5260 988/5261 986/5262
f 987/5263 989/5264 990/5265
f 987/5266 990/5267 988/5268
f 989/5269 991/5270 992/5271
f 989/5272 992/5273 990/5274
f 991/5275 993/5276 994/5277
f 991/5278 994/5279 992/5280
f 993/5281 995/5282 996/5283
f 993/5284 996/5285 994/5286
f 995/5287 997/5288 998/5289
f 995/5290 998/5291 996/5292
f 997/5293 999/5294 1000/5295
f 997/5296 1000/5297 998/5298
f 999/5299 1001/5300 1002/5301
f 999/5302 1002/5303 1000/5304
f 1001/5305 1003/5306 1004/5307
f 1001/5308 1004/5309 1002/5310
f 1003/5311 1005/5312 1006/5313
f 1003/5314 1006/5315 1004/5316
f 1005/5317 1007/5318 1008/5319
f 1005/5320 1008/5321 1006/5322
f 1007/5323 1009/5324 1010/5325
f 1007/5326 1010/5327 1008/5328
f 1009/5329 1011/5330 1012/5331
f 1009/5332 1012/5333 1010/5334
f 1011/5335 1013/5336 1014/5337
f 1011/5338 1014/5339 1012/5340
f 1013/5341 1015/5342 1016/5343
f 1013/5344 1016/5345 1014/5346
f 1015/5347 1017/5348 1018/5349
f 1015/5350 1018/5351 1016/5352
f 1017/5353 1019/5354 1020/5355
f 1017/5356 1020/5357 1018/5358
f 1019/5359 957/5360 958/5361
f 1019/5362 958/5363 1020/5364
f 1021/5365 959/5366 957/5367
f 1022/5368 958/5369 960/5370
f 1021/5371 961/5372 959/5373
f 1022/5374 960/5375 962/5376
f 1021/5377 963/5378 961/5379
f 1022/5380 962/5381 964/5382
f 1021/5383 965/5384 963/5385
f 1022/5386 964/5387 966/5388
f 1021/5389 967/5390 965/5391
f 1022/5392 966/5393 968/5394
f 1021/5395 969/5396 967/5397
f 1022/5398 968/5399 970/5400
f 1021/5401 971/5402 969/5403
f 1022/5404 970/5405 972/5406
f 1021/5407 973/5408 971/5409
f 1022/5410 972/5411 974/5412
f 1021/5413 975/5414 973/5415
f 1022/5416 974/5417 976/5418
f 1021/5419 977/5420 975/5421
f 1022/5422 976/5423 978/5424
f 1021/5425 979/5426 977/5427
f 1022/5428 978/5429 980/5430
f 1021/5431 981/5432 979/5433
f 1022/5434 980/5435 982/5436
f 1021/5437 983/5438 981/5439
f 1022/5440 982/5441 984/5442
f 1021/5443 985/5444 983/5445
f 1022/5446 984/5447 986/5448
f 1021/5449 987/5450 985/5451
f 1022/5452 986/5453 988/5454
f 1021/5455 989/5456 987/5457
f 1022/5458 988/5459 990/5460
f 1021/5461 991/5462 989/5463
f 1022/5464 990/5465 992/5466
f 1021/5467 993/5468 991/5469
f 1022/5470 992/5471 994/5472
f 1021/5473 995/5474 993/5475
f 1022/5476 994/5477 996/5478
f 1021/5479 997/5480 995/5481
f 1022/5482 996/5483 998/5484
f 1021/5485 999/5486 997/5487
f 1022/5488 998/5489 1000/5490
f 1021/5491 1001/5492 999/5493
f 1022/5494 1000/5495 1002/5496
f 1021/5497 1003/5498 1001/5499
f 1022/5500 1002/5501 1004/5502
f 1021/5503 1005/5504 1003/5505
f 1022/5506 1004/5507 1006/5508
f 1021/5509 1007/5510 1005/5511
f 1022/5512 1006/5513 1008/5514
f 1021/5515 1009/5516 1007/5517
f 1022/5518 1008/5519 1010/5520
f 1021/5521 1011/5522 1009/5523
f 1022/5524 1010/5525 1012/5526
f 1021/5527 1013/5528 1011/5529
f 1022/5530 1012/5531 1014/5532
f 1021/5533 1015/5534 1013/5535
f 1022/5536 1014/5537 1016/5538
f 1021/5539 1017/5540 1015/5541
f 1022/5542 1016/5543 1018/5544
f 1021/5545 1019/5546 1017/5547
f 1022/5548 1018/5549 1020/5550
f 1021/5551 957/5552 1019/5553
f 1022/5554 1020/5555 958/5556
usemtl Optic
f 1023/5557 1025/5558 1026/5559
f 1023/5560 1026/5561 1024/5562
f 1025/5563 1027/5564 1028/5565
f 1025/5566 1028/5567 1026/5568
f 1027/5569 1029/5570 1030/5571
f 1027/5572 1030/5573 1028/5574
f 1029/5575 1031/5576 1032/5577
f 1029/5578 1032/5579 1030/5580
f 1031/5581 1033/5582 1034/5583
f 1031/5584 1034/5585 1032/5586
f 1033/5587 1035/5588 1036/5589
f 1033/5590 1036/5591 1034/5592
f 1035/5593 1037/5594 1038/5595
f 1035/5596 1038/5597 1036/5598
f 1037/5599 1039/5600 1040/5601
f 1037/5602 1040/5603 1038/5604
f 1039/5605 1041/5606 1042/5607
f 1039/5608 1042/5609 1040/5610
f 1041/5611 1043/5612 1044/5613
f 1041/5614 1044/5615 1042/5616
f 1043/5617 1045/5618 1046/5619
f 1043/5620 1046/5621 1044/5622
f 1045/5623 1047/5624 1048/5625
f 1045/5626 1048/5627 1046/5628
f 1047/5629 1049/5630 1050/5631
f 1047/5632 1050/5633 1048/5634
f 1049/5635 1051/5636 1052/5637
f 1049/5638 1052/5639 1050/5640
f 1051/5641 1053/5642 1054/5643
f 1051/5644 1054/5645 1052/5646
f 1053/5647 1055/5648 1056/5649
f 1053/5650 1056/5651 1054/5652
f 1055/5653 1057/5654 1058/5655
f 1055/5656 1058/5657 1056/5658
f 1057/5659 1059/5660 1060/5661
f 1057/5662 1060/5663 1058/5664
f 1059/5665 1061/5666 1062/5667
f 1059/5668 1062/5669 1060/5670
f 1061/5671 1063/5672 1064/5673
f 1061/5674 1064/5675 1062/5676
f 1063/5677 1065/5678 1066/5679
f 1063/5680 1066/5681 1064/5682
f 1065/5683 1067/5684 1068/5685
f 1065/5686 1068/5687 1066/5688
f 1067/5689 1069/5690 1070/5691
f 1067/5692 1070/5693 1068/5694
f 1069/5695 1071/5696 1072/5697
f 1069/5698 1072/5699 1070/5700
f 1071/5701 1073/5702 1074/5703
f 1071/5704 1074/5705 1072/5706
f 1073/5707 1075/5708 1076/5709
f 1073/5710 1076/5711 1074/5712
f 1075/5713 1077/5714 1078/5715
f 1075/5716 1078/5717 1076/5718
f 1077/5719 1079/5720 1080/5721
f 1077/5722 1080/5723 1078/5724
f 1079/5725 1081/5726 1082/5727
f 1079/5728 1082/5729 1080/5730
f 1081/5731 1083/5732 1084/5733
f 1081/5734 1084/5735 1082/5736
f 1083/5737 1085/5738 1086/5739
f 1083/5740 1086/5741 1084/5742
f 1085/5743 1023/5744 1024/5745
f 1085/5746 1024/5747 1086/5748
f 1087/5749 1025/5750 1023/5751
f 1088/5752 1024/5753 1026/5754
f 1087/5755 1027/5756 1025/5757
f 1088/5758 1026/5759 1028/5760
f 1087/5761 1029/5762 1027/5763
f 1088/5764 1028/5765 1030/5766
f 1087/5767 1031/5768 1029/5769
f 1088/5770 1030/5771 1032/5772
f 1087/5773 1033/5774 1031/5775
f 1088/5776 1032/5777 1034/5778
f 1087/5779 1035/5780 1033/5781
f 1088/5782 1034/5783 1036/5784
f 1087/5785 1037/5786 1035/5787
f 1088/5788 1036/5789 1038/5790
f 1087/5791 1039/5792 1037/5793
f 1088/5794 1038/5795 1040/5796
f 1087/5797 1041/5798 1039/5799
f 1088/5800 1040/5801 1042/5802
f 1087/5803 1043/5804 1041/5805
f 1088/5806 1042/5807 1044/5808
f 1087/5809 1045/5810 1043/5811
f 1088/5812 1044/5813 1046/5814
f 1087/5815 1047/5816 1045/5817
f 1088/5818 1046/5819 1048/5820
f 1087/5821 1049/5822 1047/5823
f 1088/5824 1048/5825 1050/5826
f 1087/5827 1051/5828 1049/5829
f 1088/5830 1050/5831 1052/5832
f 1087/5833 1053/5834 1051/5835
f 1088/5836 1052/5837 1054/5838
f 1087/5839 1055/5840 1053/5841
f 1088/5842 1054/5843 1056/5844
f 1087/5845 1057/5846 1055/5847
f 1088/5848 1056/5849 1058/5850
f 1087/5851 1059/5852 1057/5853
f 1088/5854 1058/5855 1060/5856
f 1087/5857 1061/5858 1059/5859
f 1088/5860 1060/5861 1062/5862
f 1087/5863 1063/5864 1061/5865
f 1088/5866 1062/5867 1064/5868
f 1087/5869 1065/5870 1063/5871
f 1088/5872 1064/5873 1066/5874
f 1087/5875 1067/5876 1065/5877
f 1088/5878 1066/5879 1068/5880
f 1087/5881 1069/5882 1067/5883
f 1088/5884 1068/5885 1070/5886
f 1087/5887 1071/5888 1069/5889
f 1088/5890 1070/5891 1072/5892
f 1087/5893 1073/5894 1071/5895
f 1088/5896 1072/5897 1074/5898
f 1087/5899 1075/5900 1073/5901
f 1088/5902 1074/5903 1076/5904
f 1087/5905 1077/5906 1075/5907
f 1088/5908 1076/5909 1078/5910
f 1087/5911 1079/5912 1077/5913
f 1088/5914 1078/5915 1080/5916
f 1087/5917 1081/5918 1079/5919
f 1088/5920 1080/5921 1082/5922
f 1087/5923 1083/5924 1081/5925
f 1088/5926 1082/5927 1084/5928
f 1087/5929 1085/5930 1083/5931
f 1088/5932 1084/5933 1086/5934
f 1087/5935 1023/5936 1085/5937
f 1088/5938 1086/5939 1024/5940
f 1089/5941 1097/5942 1098/5943
f 1089/5944 1098/5945 1090/5946
f 1090/5947 1098/5948 1099/5949
f 1090/5950 1099/5951 1091/5952
f 1091/5953 1099/5954 1100/5955
f 1091/5956 1100/5957 1092/5958
f 1092/5959 1100/5960 1101/5961
f 1092/5962 1101/5963 1093/5964
f 1093/5965 1101/5966 1102/5967
f 1093/5968 1102/5969 1094/5970
f 1094/5971 1102/5972 1103/5973
f 1094/5974 1103/5975 1095/5976
f 1095/5977 1103/5978 1104/5979
f 1095/5980 1104/5981 1096/5982
f 1096/5983 1104/5984 1097/5985
f 1096/5986 1097/5987 1089/5988
f 1097/5989 1105/5990 1106/5991
f 1097/5992 1106/5993 1098/5994
f 1098/5995 1106/5996 1107/5997
f 1098/5998 1107/5999 1099/6000
f 1099/6001 1107/6002 1108/6003
f 1099/6004 1108/6005 1100/6006
f 1100/6007 1108/6008 1109/6009
f 1100/6010 1109/6011 1101/6012
f 1101/6013 1109/6014 1110/6015
f 1101/6016 1110/6017 1102/6018
f 1102/6019 1110/6020 1111/6021
f 1102/6022 1111/6023 1103/6024
f 1103/6025 1111/6026 1112/6027
f 1103/6028 1112/6029 1104/6030
f 1104/6031 1112/6032 1105/6033
f 1104/6034 1105/6035 1097/6036
f 1105/6037 1113/6038 1114/6039
f 1105/6040 1114/6041 1106/6042
f 1106/6043 1114/6044 1115/6045
f 1106/6046 1115/6047 1107/6048
f 1107/6049 1115/6050 1116/6051
f 1107/6052 1116/6053 1108/6054
f 1108/6055 1116/6056 1117/6057
f 1108/6058 1117/6059 1109/6060
f 1109/6061 1117/6062 1118/6063
f 1109/6064 1118/6065 1110/6066
f 1110/6067 1118/6068 1119/6069
f 1110/6070 1119/6071 1111/6072
f 1111/6073 1119/6074 1120/6075
f 1111/6076 1120/6077 1112/6078
f 1112/6079 1120/6080 1113/6081
f 1112/6082 1113/6083 1105/6084
f 1113/6085 1121/6086 1122/6087
f 1113/6088 1122/6089 1114/6090
f 1114/6091 1122/6092 1123/6093
f 1114/6094 1123/6095 1115/6096
f 1115/6097 1123/6098 1124/6099
f 1115/6100 1124/6101 1116/6102
f 1116/6103 1124/6104 1125/6105
f 1116/6106 1125/6107 1117/6108
f 1117/6109 1125/6110 1126/6111
f 1117/6112 1126/6113 1118/6114
f 1118/6115 1126/6116 1127/6117
f 1118/6118 1127/6119 1119/6120
f 1119/6121 1127/6122 1128/6123
f 1119/6124 1128/6125 1120/6126
f 1120/6127 1128/6128 1121/6129
f 1120/6130 1121/6131 1113/6132
f 1121/6133 1129/6134 1130/6135
f 1121/6136 1130/6137 1122/6138
f 1122/6139 1130/6140 1131/6141
f 1122/6142 1131/6143 1123/6144
f 1123/6145 1131/6146 1132/6147
f 1123/6148 1132/6149 1124/6150
f 1124/6151 1132/6152 1133/6153
f 1124/6154 1133/6155 1125/6156
f 1125/6157 1133/6158 1134/6159
f 1125/6160 1134/6161 1126/6162
f 1126/6163 1134/6164 1135/6165
f 1126/6166 1135/6167 1127/6168
f 1127/6169 1135/6170 1136/6171
f 1127/6172 1136/6173 1128/6174
f 1128/6175 1136/6176 1129/6177
f 1128/6178 1129/6179 1121/6180
f 1129/6181 1137/6182 1138/6183
f 1129/6184 1138/6185 1130/6186
f 1130/6187 1138/6188 1139/6189
f 1130/6190 1139/6191 1131/6192
f 1131/6193 1139/6194 1140/6195
f 1131/6196 1140/6197 1132/6198
f 1132/6199 1140/6200 1141/6201
f 1132/6202 1141/6203 1133/6204
f 1133/6205 1141/6206 1142/6207
f 1133/6208 1142/6209 1134/6210
f 1134/6211 1142/6212 1143/6213
f 1134/6214 1143/6215 1135/6216
f 1135/6217 1143/6218 1144/6219
f 1135/6220 1144/6221 1136/6222
f 1136/6223 1144/6224 1137/6225
f 1136/6226 1137/6227 1129/6228
f 1137/6229 1145/6230 1146/6231
f 1137/6232 1146/6233 1138/6234
f 1138/6235 1146/6236 1147/6237
f 1138/6238 1147/6239 1139/6240
f 1139/6241 1147/6242 1148/6243
f 1139/6244 1148/6245 1140/6246
f 1140/6247 1148/6248 1149/6249
f 1140/6250 1149/6251 1141/6252
f 1141/6253 1149/6254 1150/6255
f 1141/6256 1150/6257 1142/6258
f 1142/6259 1150/6260 1151/6261
f 1142/6262 1151/6263 1143/6264
f 1143/6265 1151/6266 1152/6267
f 1143/6268 1152/6269 1144/6270
f 1144/6271 1152/6272 1145/6273
f 1144/6274 1145/6275 1137/6276
f 1145/6277 1153/6278 1154/6279
f 1145/6280 1154/6281 1146/6282
f 1146/6283 1154/6284 1155/6285
f 1146/6286 1155/6287 1147/6288
f 1147/6289 1155/6290 1156/6291
f 1147/6292 1156/6293 1148/6294
f 1148/6295 1156/6296 1157/6297
f 1148/6298 1157/6299 1149/6300
f 1149/6301 1157/6302 1158/6303
f 1149/6304 1158/6305 1150/6306
f 1150/6307 1158/6308 1159/6309
f 1150/6310 1159/6311 1151/6312
f 1151/6313 1159/6314 1160/6315
f 1151/6316 1160/6317 1152/6318
f 1152/6319 1160/6320 1153/6321
f 1152/6322 1153/6323 1145/6324
f 1153/6325 1161/6326 1162/6327
f 1153/6328 1162/6329 1154/6330
f 1154/6331 1162/6332 1163/6333
f 1154/6334 1163/6335 1155/6336
f 1155/6337 1163/6338 1164/6339
f 1155/6340 1164/6341 1156/6342
f 1156/6343 1164/6344 1165/6345
f 1156/6346 1165/6347 1157/6348
f 1157/6349 1165/6350 1166/6351
f 1157/6352 1166/6353 1158/6354
f 1158/6355 1166/6356 1167/6357
f 1158/6358 1167/6359 1159/6360
f 1159/6361 1167/6362 1168/6363
f 1159/6364 1168/6365 1160/6366
f 1160/6367 1168/6368 1161/6369
f 1160/6370 1161/6371 1153/6372
f 1161/6373 1169/6374 1170/6375
f 1161/6376 1170/6377 1162/6378
f 1162/6379 1170/6380 1171/6381
f 1162/6382 1171/6383 1163/6384
f 1163/6385 1171/6386 1172/6387
f 1163/6388 1172/6389 1164/6390
f 1164/6391 1172/6392 1173/6393
f 1164/6394 1173/6395 1165/6396
f 1165/6397 1173/6398 1174/6399
f 1165/6400 1174/6401 1166/6402
f 1166/6403 1174/6404 1175/6405
f 1166/6406 1175/6407 1167/6408
f 1167/6409 1175/6410 1176/6411
f 1167/6412 1176/6413 1168/6414
f 1168/6415 1176/6416 1169/6417
f 1168/6418 1169/6419 1161/6420
f 1169/6421 1177/6422 1178/6423
f 1169/6424 1178/6425 1170/6426
f 1170/6427 1178/6428 1179/6429
f 1170/6430 1179/6431 1171/6432
f 1171/6433 1179/6434 1180/6435
f 1171/6436 1180/6437 1172/6438
f 1172/6439 1180/6440 1181/6441
f 1172/6442 1181/6443 1173/6444
f 1173/6445 1181/6446 1182/6447
f 1173/6448 1182/6449 1174/6450
f 1174/6451 1182/6452 1183/6453
f 1174/6454 1183/6455 1175/6456
f 1175/6457 1183/6458 1184/6459
f 1175/6460 1184/6461 1176/6462
f 1176/6463 1184/6464 1177/6465
f 1176/6466 1177/6467 1169/6468
f 1177/6469 1185/6470 1186/6471
f 1177/6472 1186/6473 1178/6474
f 1178/6475 1186/6476 1187/6477
f 1178/6478 1187/6479 1179/6480
f 1179/6481 1187/6482 1188/6483
f 1179/6484 1188/6485 1180/6486
f 1180/6487 1188/6488 1189/6489
f 1180/6490 1189/6491 1181/6492
f 1181/6493 1189/6494 1190/6495
f 1181/6496 1190/6497 1182/6498
f 1182/6499 1190/6500 1191/6501
f 1182/6502 1191/6503 1183/6504
f 1183/6505 1191/6506 1192/6507
f 1183/6508 1192/6509 1184/6510
f 1184/6511 1192/6512 1185/6513
f 1184/6514 1185/6515 1177/6516
f 1185/6517 1193/6518 1194/6519
f 1185/6520 1194/6521 1186/6522
f 1186/6523 1194/6524 1195/6525
f 1186/6526 1195/6527 1187/6528
f 1187/6529 1195/6530 1196/6531
f 1187/6532 1196/6533 1188/6534
f 1188/6535 1196/6536 1197/6537
f 1188/6538 1197/6539 1189/6540
f 1189/6541 1197/6542 1198/6543
f 1189/6544 1198/6545 1190/6546
f 1190/6547 1198/6548 1199/6549
f 1190/6550 1199/6551 1191/6552
f 1191/6553 1199/6554 1200/6555
f 1191/6556 1200/6557 1192/6558
f 1192/6559 1200/6560 1193/6561
f 1192/6562 1193/6563 1185/6564
f 1193/6565 1201/6566 1202/6567
f 1193/6568 1202/6569 1194/6570
f 1194/6571 1202/6572 1203/6573
f 1194/6574 1203/6575 1195/6576
f 1195/6577 1203/6578 1204/6579
f 1195/6580 1204/6581 1196/6582
f 1196/6583 1204/6584 1205/6585
f 1196/6586 1205/6587 1197/6588
f 1197/6589 1205/6590 1206/6591
f 1197/6592 1206/6593 1198/6594
f 1198/6595 1206/6596 1207/6597
f 1198/6598 1207/6599 1199/6600
f 1199/6601 1207/6602 1208/6603
f 1199/6604 1208/6605 1200/6606
f 1200/6607 1208/6608 1201/6609
f 1200/6610 1201/6611 1193/6612
f 1201/6613 1209/6614 1210/6615
f 1201/6616 1210/6617 1202/6618
f 1202/6619 1210/6620 1211/6621
f 1202/6622 1211/6623 1203/6624
f 1203/6625 1211/6626 1212/6627
f 1203/6628 1212/6629 1204/6630
f 1204/6631 1212/6632 1213/6633
f 1204/6634 1213/6635 1205/6636
f 1205/6637 1213/6638 1214/6639
f 1205/6640 1214/6641 1206/6642
f 1206/6643 1214/6644 1215/6645
f 1206/6646 1215/6647 1207/6648
f 1207/6649 1215/6650 1216/6651
f 1207/6652 1216/6653 1208/6654
f 1208/6655 1216/6656 1209/6657
f 1208/6658 1209/6659 1201/6660
f 1209/6661 1217/6662 1218/6663
f 1209/6664 1218/6665 1210/6666
f 1210/6667 1218/6668 1219/6669
f 1210/6670 1219/6671 1211/6672
f 1211/6673 1219/6674 1220/6675
f 1211/6676 1220/6677 1212/6678
f 1212/6679 1220/6680 1221/6681
f 1212/6682 1221/6683 1213/6684
f 1213/6685 1221/6686 1222/6687
f 1213/6688 1222/6689 1214/6690
f 1214/6691 1222/6692 1223/6693
f 1214/6694 1223/6695 1215/6696
f 1215/6697 1223/6698 1224/6699
f 1215/6700 1224/6701 1216/6702
f 1216/6703 1224/6704 1217/6705
f 1216/6706 1217/6707 1209/6708
f 1217/6709 1225/6710 1226/6711
f 1217/6712 1226/6713 1218/6714
f 1218/6715 1226/6716 1227/6717
f 1218/6718 1227/6719 1219/6720
f 1219/6721 1227/6722 1228/6723
f 1219/6724 1228/6725 1220/6726
f 1220/6727 1228/6728 1229/6729
f 1220/6730 1229/6731 1221/6732
f 1221/6733 1229/6734 1230/6735
f 1221/6736 1230/6737 1222/6738
f 1222/6739 1230/6740 1231/6741
f 1222/6742 1231/6743 1223/6744
f 1223/6745 1231/6746 1232/6747
f 1223/6748 1232/6749 1224/6750
f 1224/6751 1232/6752 1225/6753
f 1224/6754 1225/6755 1217/6756
f 1225/6757 1233/6758 1234/6759
f 1225/6760 1234/6761 1226/6762
f 1226/6763 1234/6764 1235/6765
f 1226/6766 1235/6767 1227/6768
f 1227/6769 1235/6770 1236/6771
f 1227/6772 1236/6773 1228/6774
f 1228/6775 1236/6776 1237/6777
f 1228/6778 1237/6779 1229/6780
f 1229/6781 1237/6782 1238/6783
f 1229/6784 1238/6785 1230/6786
f 1230/6787 1238/6788 1239/6789
f 1230/6790 1239/6791 1231/6792
f 1231/6793 1239/6794 1240/6795
f 1231/6796 1240/6797 1232/6798
f 1232/6799 1240/6800 1233/6801
f 1232/6802 1233/6803 1225/6804
f 1233/6805 1241/6806 1242/6807
f 1233/6808 1242/6809 1234/6810
f 1234/6811 1242/6812 1243/6813
f 1234/6814 1243/6815 1235/6816
f 1235/6817 1243/6818 1244/6819
f 1235/6820 1244/6821 1236/6822
f 1236/6823 1244/6824 1245/6825
f 1236/6826 1245/6827 1237/6828
f 1237/6829 1245/6830 1246/6831
f 1237/6832 1246/6833 1238/6834
f 1238/6835 1246/6836 1247/6837
f 1238/6838 1247/6839 1239/6840
f 1239/6841 1247/6842 1248/6843
f 1239/6844 1248/6845 1240/6846
f 1240/6847 1248/6848 1241/6849
f 1240/6850 1241/6851 1233/6852
f 1241/6853 1249/6854 1250/6855
f 1241/6856 1250/6857 1242/6858
f 1242/6859 1250/6860 1251/6861
f 1242/6862 1251/6863 1243/6864
f 1243/6865 1251/6866 1252/6867
f 1243/6868 1252/6869 1244/6870
f 1244/6871 1252/6872 1253/6873
f 1244/6874 1253/6875 1245/6876
f 1245/6877 1253/6878 1254/6879
f 1245/6880 1254/6881 1246/6882
f 1246/6883 1254/6884 1255/6885
f 1246/6886 1255/6887 1247/6888
f 1247/6889 1255/6890 1256/6891
f 1247/6892 1256/6893 1248/6894
f 1248/6895 1256/6896 1249/6897
f 1248/6898 1249/6899 1241/6900
f 1249/6901 1257/6902 1258/6903
f 1249/6904 1258/6905 1250/6906
f 1250/6907 1258/6908 1259/6909
f 1250/6910 1259/6911 1251/6912
f 1251/6913 1259/6914 1260/6915
f 1251/6916 1260/6917 1252/6918
f 1252/6919 1260/6920 1261/6921
f 1252/6922 1261/6923 1253/6924
f 1253/6925 1261/6926 1262/6927
f 1253/6928 1262/6929 1254/6930
f 1254/6931 1262/6932 1263/6933
f 1254/6934 1263/6935 1255/6936
f 1255/6937 1263/6938 1264/6939
f 1255/6940 1264/6941 1256/6942
f 1256/6943 1264/6944 1257/6945
f 1256/6946 1257/6947 1249/6948
f 1257/6949 1265/6950 1266/6951
f 1257/6952 1266/6953 1258/6954
f 1258/6955 1266/6956 1267/6957
f 1258/6958 1267/6959 1259/6960
f 1259/6961 1267/6962 1268/6963
f 1259/6964 1268/6965 1260/6966
f 1260/6967 1268/6968 1269/6969
f 1260/6970 1269/6971 1261/6972
f 1261/6973 1269/6974 1270/6975
f 1261/6976 1270/6977 1262/6978
f 1262/6979 1270/6980 1271/6981
f 1262/6982 1271/6983 1263/6984
f 1263/6985 1271/6986 1272/6987
f 1263/6988 1272/6989 1264/6990
f 1264/6991 1272/6992 1265/6993
f 1264/6994 1265/6995 1257/6996
f 1265/6997 1273/6998 1274/6999
f 1265/7000 1274/7001 1266/7002
f 1266/7003 1274/7004 1275/7005
f 1266/7006 1275/7007 1267/7008
f 1267/7009 1275/7010 1276/7011
f 1267/7012 1276/7013 1268/7014
f 1268/7015 1276/7016 1277/7017
f 1268/7018 1277/7019 1269/7020
f 1269/7021 1277/7022 1278/7023
f 1269/7024 1278/7025 1270/7026
f 1270/7027 1278/7028 1279/7029
f 1270/7030 1279/7031 1271/7032
f 1271/7033 1279/7034 1280/7035
f 1271/7036 1280/7037 1272/7038
f 1272/7039 1280/7040 1273/7041
f 1272/7042 1273/7043 1265/7044
f 1273/7045 1281/7046 1282/7047
f 1273/7048 1282/7049 1274/7050
f 1274/7051 1282/7052 1283/7053
f 1274/7054 1283/7055 1275/7056
f 1275/7057 1283/7058 1284/7059
f 1275/7060 1284/7061 1276/7062
f 1276/7063 1284/7064 1285/7065
f 1276/7066 1285/7067 1277/7068
f 1277/7069 1285/7070 1286/7071
f 1277/7072 1286/7073 1278/7074
f 1278/7075 1286/7076 1287/7077
f 1278/7078 1287/7079 1279/7080
f 1279/7081 1287/7082 1288/7083
f 1279/7084 1288/7085 1280/7086
f 1280/7087 1288/7088 1281/7089
f 1280/7090 1281/7091 1273/7092
f 1281/7093 1289/7094 1290/7095
f 1281/7096 1290/7097 1282/7098
f 1282/7099 1290/7100 1291/7101
f 1282/7102 1291/7103 1283/7104
f 1283/7105 1291/7106 1292/7107
f 1283/7108 1292/7109 1284/7110
f 1284/7111 1292/7112 1293/7113
f 1284/7114 1293/7115 1285/7116
f 1285/7117 1293/7118 1294/7119
f 1285/7120 1294/7121 1286/7122
f 1286/7123 1294/7124 1295/7125
f 1286/7126 1295/7127 1287/7128
f 1287/7129 1295/7130 1296/7131
f 1287/7132 1296/7133 1288/7134
f 1288/7135 1296/7136 1289/7137
f 1288/7138 1289/7139 1281/7140
f 1289/7141 1297/7142 1298/7143
f 1289/7144 1298/7145 1290/7146
f 1290/7147 1298/7148 1299/7149
f 1290/7150 1299/7151 1291/7152
f 1291/7153 1299/7154 1300/7155
f 1291/7156 1300/7157 1292/7158
f 1292/7159 1300/7160 1301/7161
f 1292/7162 1301/7163 1293/7164
f 1293/7165 1301/7166 1302/7167
f 1293/7168 1302/7169 1294/7170
f 1294/7171 1302/7172 1303/7173
f 1294/7174 1303/7175 1295/7176
f 1295/7177 1303/7178 1304/7179
f 1295/7180 1304/7181 1296/7182
f 1296/7183 1304/7184 1297/7185
f 1296/7186 1297/7187 1289/7188
f 1297/7189 1305/7190 1306/7191
f 1297/7192 1306/7193 1298/7194
f 1298/7195 1306/7196 1307/7197
f 1298/7198 1307/7199 1299/7200
f 1299/7201 1307/7202 1308/7203
f 1299/7204 1308/7205 1300/7206
f 1300/7207 1308/7208 1309/7209
f 1300/7210 1309/7211 1301/7212
f 1301/7213 1309/7214 1310/7215
f 1301/7216 1310/7217 1302/7218
f 1302/7219 1310/7220 1311/7221
f 1302/7222 1311/7223 1303/7224
f 1303/7225 1311/7226 1312/7227
f 1303/7228 1312/7229 1304/7230
f 1304/7231 1312/7232 1305/7233
f 1304/7234 1305/7235 1297/7236
f 1305/7237 1313/7238 1314/7239
f 1305/7240 1314/7241 1306/7242
f 1306/7243 1314/7244 1315/7245
f 1306/7246 1315/7247 1307/7248
f 1307/7249 1315/7250 1316/7251
f 1307/7252 1316/7253 1308/7254
f 1308/7255 1316/7256 1317/7257
f 1308/7258 1317/7259 1309/7260
f 1309/7261 1317/7262 1318/7263
f 1309/7264 1318/7265 1310/7266
f 1310/7267 1318/7268 1319/7269
f 1310/7270 1319/7271 1311/7272
f 1311/7273 1319/7274 1320/7275
f 1311/7276 1320/7277 1312/7278
f 1312/7279 1320/7280 1313/7281
f 1312/7282 1313/7283 1305/7284
f 1313/7285 1321/7286 1322/7287
f 1313/7288 1322/7289 1314/7290
f 1314/7291 1322/7292 1323/7293
f 1314/7294 1323/7295 1315/7296
f 1315/7297 1323/7298 1324/7299
f 1315/7300 1324/7301 1316/7302
f 1316/7303 1324/7304 1325/7305
f 1316/7306 1325/7307 1317/7308
f 1317/7309 1325/7310 1326/7311
f 1317/7312 1326/7313 1318/7314
f 1318/7315 1326/7316 1327/7317
f 1318/7318 1327/7319 1319/7320
f 1319/7321 1327/7322 1328/7323
f 1319/7324 1328/7325 1320/7326
f 1320/7327 1328/7328 1321/7329
f 1320/7330 1321/7331 1313/7332
f 1321/7333 1329/7334 1330/7335
f 1321/7336 1330/7337 1322/7338
f 1322/7339 1330/7340 1331/7341
f 1322/7342 1331/7343 1323/7344
f 1323/7345 1331/7346 1332/7347
f 1323/7348 1332/7349 1324/7350
f 1324/7351 1332/7352 1333/7353
f 1324/7354 1333/7355 1325/7356
f 1325/7357 1333/7358 1334/7359
f 1325/7360 1334/7361 1326/7362
f 1326/7363 1334/7364 1335/7365
f 1326/7366 1335/7367 1327/7368
f 1327/7369 1335/7370 1336/7371
f 1327/7372 1336/7373 1328/7374
f 1328/7375 1336/7376 1329/7377
f 1328/7378 1329/7379 1321/7380
f 1329/7381 1337/7382 1338/7383
f 1329/7384 1338/7385 1330/7386
f 1330/7387 1338/7388 1339/7389
f 1330/7390 1339/7391 1331/7392
f 1331/7393 1339/7394 1340/7395
f 1331/7396 1340/7397 1332/7398
f 1332/7399 1340/7400 1341/7401
f 1332/7402 1341/7403 1333/7404
f 1333/7405 1341/7406 1342/7407
f 1333/7408 1342/7409 1334/7410
f 1334/7411 1342/7412 1343/7413
f 1334/7414 1343/7415 1335/7416
f 1335/7417 1343/7418 1344/7419
f 1335/7420 1344/7421 1336/7422
f 1336/7423 1344/7424 1337/7425
f 1336/7426 1337/7427 1329/7428
f 1337/7429 1089/7430 1090/7431
f 1337/7432 1090/7433 1338/7434
f 1338/7435 1090/7436 1091/7437
f 1338/7438 1091/7439 1339/7440
f 1339/7441 1091/7442 1092/7443
f 1339/7444 1092/7445 1340/7446
f 1340/7447 1092/7448 1093/7449
f 1340/7450 1093/7451 1341/7452
f 1341/7453 1093/7454 1094/7455
f 1341/7456 1094/7457 1342/7458
f 1342/7459 1094/7460 1095/7461
f 1342/7462 1095/7463 1343/7464
f 1343/7465 1095/7466 1096/7467
f 1343/7468 1096/7469 1344/7470
f 1344/7471 1096/7472 1089/7473
f 1344/7474 1089/7475 1337/7476
