# Generated by Scripts/LaserGimmicks/generate_laser_gimmick_meshes.py
mtllib SM_LaserReceiver.mtl
o SM_LaserReceiver
g SM_LaserReceiver
v -13.000000 94.000000 0.000000
v -5.000000 90.000000 0.000000
v -13.000000 93.195817 12.269462
v -5.000000 89.230038 11.747357
v -13.000000 90.797028 24.328990
v -5.000000 86.933324 23.293714
v -13.000000 86.844676 35.972243
v -5.000000 83.149158 34.441509
v -13.000000 81.406388 47.000000
v -5.000000 77.942286 45.000000
v -13.000000 74.575214 57.223574
v -5.000000 71.401801 54.788529
v -13.000000 66.468037 66.468037
v -5.000000 63.639610 63.639610
v -13.000000 57.223574 74.575214
v -5.000000 54.788529 71.401801
v -13.000000 47.000000 81.406388
v -5.000000 45.000000 77.942286
v -13.000000 35.972243 86.844676
v -5.000000 34.441509 83.149158
v -13.000000 24.328990 90.797028
v -5.000000 23.293714 86.933324
v -13.000000 12.269462 93.195817
v -5.000000 11.747357 89.230038
v -13.000000 0.000000 94.000000
v -5.000000 0.000000 90.000000
v -13.000000 -12.269462 93.195817
v -5.000000 -11.747357 89.230038
v -13.000000 -24.328990 90.797028
v -5.000000 -23.293714 86.933324
v -13.000000 -35.972243 86.844676
v -5.000000 -34.441509 83.149158
v -13.000000 -47.000000 81.406388
v -5.000000 -45.000000 77.942286
v -13.000000 -57.223574 74.575214
v -5.000000 -54.788529 71.401801
v -13.000000 -66.468037 66.468037
v -5.000000 -63.639610 63.639610
v -13.000000 -74.575214 57.223574
v -5.000000 -71.401801 54.788529
v -13.000000 -81.406388 47.000000
v -5.000000 -77.942286 45.000000
v -13.000000 -86.844676 35.972243
v -5.000000 -83.149158 34.441509
v -13.000000 -90.797028 24.328990
v -5.000000 -86.933324 23.293714
v -13.000000 -93.195817 12.269462
v -5.000000 -89.230038 11.747357
v -13.000000 -94.000000 0.000000
v -5.000000 -90.000000 0.000000
v -13.000000 -93.195817 -12.269462
v -5.000000 -89.230038 -11.747357
v -13.000000 -90.797028 -24.328990
v -5.000000 -86.933324 -23.293714
v -13.000000 -86.844676 -35.972243
v -5.000000 -83.149158 -34.441509
v -13.000000 -81.406388 -47.000000
v -5.000000 -77.942286 -45.000000
v -13.000000 -74.575214 -57.223574
v -5.000000 -71.401801 -54.788529
v -13.000000 -66.468037 -66.468037
v -5.000000 -63.639610 -63.639610
v -13.000000 -57.223574 -74.575214
v -5.000000 -54.788529 -71.401801
v -13.000000 -47.000000 -81.406388
v -5.000000 -45.000000 -77.942286
v -13.000000 -35.972243 -86.844676
v -5.000000 -34.441509 -83.149158
v -13.000000 -24.328990 -90.797028
v -5.000000 -23.293714 -86.933324
v -13.000000 -12.269462 -93.195817
v -5.000000 -11.747357 -89.230038
v -13.000000 -0.000000 -94.000000
v -5.000000 -0.000000 -90.000000
v -13.000000 12.269462 -93.195817
v -5.000000 11.747357 -89.230038
v -13.000000 24.328990 -90.797028
v -5.000000 23.293714 -86.933324
v -13.000000 35.972243 -86.844676
v -5.000000 34.441509 -83.149158
v -13.000000 47.000000 -81.406388
v -5.000000 45.000000 -77.942286
v -13.000000 57.223574 -74.575214
v -5.000000 54.788529 -71.401801
v -13.000000 66.468037 -66.468037
v -5.000000 63.639610 -63.639610
v -13.000000 74.575214 -57.223574
v -5.000000 71.401801 -54.788529
v -13.000000 81.406388 -47.000000
v -5.000000 77.942286 -45.000000
v -13.000000 86.844676 -35.972243
v -5.000000 83.149158 -34.441509
v -13.000000 90.797028 -24.328990
v -5.000000 86.933324 -23.293714
v -13.000000 93.195817 -12.269462
v -5.000000 89.230038 -11.747357
v -13.000000 0.000000 0.000000
v -5.000000 0.000000 0.000000
v -5.000000 78.000000 0.000000
v 5.000000 68.000000 0.000000
v -5.000000 77.332699 10.181043
v 5.000000 67.418251 8.875781
v -5.000000 75.342214 20.187886
v 5.000000 65.682956 17.599695
v -5.000000 72.062604 29.849308
v 5.000000 62.823808 26.022473
v -5.000000 67.549981 39.000000
v 5.000000 58.889727 34.000000
v -5.000000 61.881561 47.483391
v 5.000000 53.948027 41.395777
v -5.000000 55.154329 55.154329
v 5.000000 48.083261 48.083261
v -5.000000 47.483391 61.881561
v 5.000000 41.395777 53.948027
v -5.000000 39.000000 67.549981
v 5.000000 34.000000 58.889727
v -5.000000 29.849308 72.062604
v 5.000000 26.022473 62.823808
v -5.000000 20.187886 75.342214
v 5.000000 17.599695 65.682956
v -5.000000 10.181043 77.332699
v 5.000000 8.875781 67.418251
v -5.000000 0.000000 78.000000
v 5.000000 0.000000 68.000000
v -5.000000 -10.181043 77.332699
v 5.000000 -8.875781 67.418251
v -5.000000 -20.187886 75.342214
v 5.000000 -17.599695 65.682956
v -5.000000 -29.849308 72.062604
v 5.000000 -26.022473 62.823808
v -5.000000 -39.000000 67.549981
v 5.000000 -34.000000 58.889727
v -5.000000 -47.483391 61.881561
v 5.000000 -41.395777 53.948027
v -5.000000 -55.154329 55.154329
v 5.000000 -48.083261 48.083261
v -5.000000 -61.881561 47.483391
v 5.000000 -53.948027 41.395777
v -5.000000 -67.549981 39.000000
v 5.000000 -58.889727 34.000000
v -5.000000 -72.062604 29.849308
v 5.000000 -62.823808 26.022473
v -5.000000 -75.342214 20.187886
v 5.000000 -65.682956 17.599695
v -5.000000 -77.332699 10.181043
v 5.000000 -67.418251 8.875781
v -5.000000 -78.000000 0.000000
v 5.000000 -68.000000 0.000000
v -5.000000 -77.332699 -10.181043
v 5.000000 -67.418251 -8.875781
v -5.000000 -75.342214 -20.187886
v 5.000000 -65.682956 -17.599695
v -5.000000 -72.062604 -29.849308
v 5.000000 -62.823808 -26.022473
v -5.000000 -67.549981 -39.000000
v 5.000000 -58.889727 -34.000000
v -5.000000 -61.881561 -47.483391
v 5.000000 -53.948027 -41.395777
v -5.000000 -55.154329 -55.154329
v 5.000000 -48.083261 -48.083261
v -5.000000 -47.483391 -61.881561
v 5.000000 -41.395777 -53.948027
v -5.000000 -39.000000 -67.549981
v 5.000000 -34.000000 -58.889727
v -5.000000 -29.849308 -72.062604
v 5.000000 -26.022473 -62.823808
v -5.000000 -20.187886 -75.342214
v 5.000000 -17.599695 -65.682956
v -5.000000 -10.181043 -77.332699
v 5.000000 -8.875781 -67.418251
v -5.000000 -0.000000 -78.000000
v 5.000000 -0.000000 -68.000000
v -5.000000 10.181043 -77.332699
v 5.000000 8.875781 -67.418251
v -5.000000 20.187886 -75.342214
v 5.000000 17.599695 -65.682956
v -5.000000 29.849308 -72.062604
v 5.000000 26.022473 -62.823808
v -5.000000 39.000000 -67.549981
v 5.000000 34.000000 -58.889727
v -5.000000 47.483391 -61.881561
v 5.000000 41.395777 -53.948027
v -5.000000 55.154329 -55.154329
v 5.000000 48.083261 -48.083261
v -5.000000 61.881561 -47.483391
v 5.000000 53.948027 -41.395777
v -5.000000 67.549981 -39.000000
v 5.000000 58.889727 -34.000000
v -5.000000 72.062604 -29.849308
v 5.000000 62.823808 -26.022473
v -5.000000 75.342214 -20.187886
v 5.000000 65.682956 -17.599695
v -5.000000 77.332699 -10.181043
v 5.000000 67.418251 -8.875781
v -5.000000 0.000000 0.000000
v 5.000000 0.000000 0.000000
v 1.000000 74.500000 0.000000
v 4.181981 73.181981 0.000000
v 5.500000 70.000000 0.000000
v 4.181981 66.818019 0.000000
v 1.000000 65.500000 0.000000
v -2.181981 66.818019 0.000000
v -3.500000 70.000000 0.000000
v -2.181981 73.181981 0.000000
v 1.000000 73.862642 9.724201
v 4.181981 72.555899 9.552165
v 5.500000 69.401140 9.136833
v 4.181981 66.246382 8.721502
v 1.000000 64.939638 8.549466
v -2.181981 66.246382 8.721502
v -3.500000 69.401140 9.136833
v -2.181981 72.555899 9.552165
v 1.000000 71.961474 19.282019
v 4.181981 70.688365 18.940890
v 5.500000 67.614808 18.117333
v 4.181981 64.541251 17.293776
v 1.000000 63.268142 16.952647
v -2.181981 64.541251 17.293776
v -3.500000 67.614808 18.117333
v -2.181981 70.688365 18.940890
v 1.000000 68.829025 28.509916
v 4.181981 67.611334 28.005531
v 5.500000 64.671567 26.787840
v 4.181981 61.731801 25.570149
v 1.000000 60.514109 25.065765
v -2.181981 61.731801 25.570149
v -3.500000 64.671567 26.787840
v -2.181981 67.611334 28.005531
v 1.000000 64.518893 37.250000
v 4.181981 63.377454 36.590990
v 5.500000 60.621778 35.000000
v 4.181981 57.866102 33.409010
v 1.000000 56.724664 32.750000
v -2.181981 57.866102 33.409010
v -3.500000 60.621778 35.000000
v -2.181981 63.377454 36.590990
v 1.000000 59.104824 45.352726
v 4.181981 58.059169 44.550367
v 5.500000 55.534734 42.613300
v 4.181981 53.010299 40.676233
v 1.000000 51.964644 39.873874
v -2.181981 53.010299 40.676233
v -3.500000 55.534734 42.613300
v -2.181981 58.059169 44.550367
v 1.000000 52.679455 52.679455
v 4.181981 51.747475 51.747475
v 5.500000 49.497475 49.497475
v 4.181981 47.247475 47.247475
v 1.000000 46.315494 46.315494
v -2.181981 47.247475 47.247475
v -3.500000 49.497475 49.497475
v -2.181981 51.747475 51.747475
v 1.000000 45.352726 59.104824
v 4.181981 44.550367 58.059169
v 5.500000 42.613300 55.534734
v 4.181981 40.676233 53.010299
v 1.000000 39.873874 51.964644
v -2.181981 40.676233 53.010299
v -3.500000 42.613300 55.534734
v -2.181981 44.550367 58.059169
v 1.000000 37.250000 64.518893
v 4.181981 36.590990 63.377454
v 5.500000 35.000000 60.621778
v 4.181981 33.409010 57.866102
v 1.000000 32.750000 56.724664
v -2.181981 33.409010 57.866102
v -3.500000 35.000000 60.621778
v -2.181981 36.590990 63.377454
v 1.000000 28.509916 68.829025
v 4.181981 28.005531 67.611334
v 5.500000 26.787840 64.671567
v 4.181981 25.570149 61.731801
v 1.000000 25.065765 60.514109
v -2.181981 25.570149 61.731801
v -3.500000 26.787840 64.671567
v -2.181981 28.005531 67.611334
v 1.000000 19.282019 71.961474
v 4.181981 18.940890 70.688365
v 5.500000 18.117333 67.614808
v 4.181981 17.293776 64.541251
v 1.000000 16.952647 63.268142
v -2.181981 17.293776 64.541251
v -3.500000 18.117333 67.614808
v -2.181981 18.940890 70.688365
v 1.000000 9.724201 73.862642
v 4.181981 9.552165 72.555899
v 5.500000 9.136833 69.401140
v 4.181981 8.721502 66.246382
v 1.000000 8.549466 64.939638
v -2.181981 8.721502 66.246382
v -3.500000 9.136833 69.401140
v -2.181981 9.552165 72.555899
v 1.000000 0.000000 74.500000
v 4.181981 0.000000 73.181981
v 5.500000 0.000000 70.000000
v 4.181981 0.000000 66.818019
v 1.000000 0.000000 65.500000
v -2.181981 0.000000 66.818019
v -3.500000 0.000000 70.000000
v -2.181981 0.000000 73.181981
v 1.000000 -9.724201 73.862642
v 4.181981 -9.552165 72.555899
v 5.500000 -9.136833 69.401140
v 4.181981 -8.721502 66.246382
v 1.000000 -8.549466 64.939638
v -2.181981 -8.721502 66.246382
v -3.500000 -9.136833 69.401140
v -2.181981 -9.552165 72.555899
v 1.000000 -19.282019 71.961474
v 4.181981 -18.940890 70.688365
v 5.500000 -18.117333 67.614808
v 4.181981 -17.293776 64.541251
v 1.000000 -16.952647 63.268142
v -2.181981 -17.293776 64.541251
v -3.500000 -18.117333 67.614808
v -2.181981 -18.940890 70.688365
v 1.000000 -28.509916 68.829025
v 4.181981 -28.005531 67.611334
v 5.500000 -26.787840 64.671567
v 4.181981 -25.570149 61.731801
v 1.000000 -25.065765 60.514109
v -2.181981 -25.570149 61.731801
v -3.500000 -26.787840 64.671567
v -2.181981 -28.005531 67.611334
v 1.000000 -37.250000 64.518893
v 4.181981 -36.590990 63.377454
v 5.500000 -35.000000 60.621778
v 4.181981 -33.409010 57.866102
v 1.000000 -32.750000 56.724664
v -2.181981 -33.409010 57.866102
v -3.500000 -35.000000 60.621778
v -2.181981 -36.590990 63.377454
v 1.000000 -45.352726 59.104824
v 4.181981 -44.550367 58.059169
v 5.500000 -42.613300 55.534734
v 4.181981 -40.676233 53.010299
v 1.000000 -39.873874 51.964644
v -2.181981 -40.676233 53.010299
v -3.500000 -42.613300 55.534734
v -2.181981 -44.550367 58.059169
v 1.000000 -52.679455 52.679455
v 4.181981 -51.747475 51.747475
v 5.500000 -49.497475 49.497475
v 4.181981 -47.247475 47.247475
v 1.000000 -46.315494 46.315494
v -2.181981 -47.247475 47.247475
v -3.500000 -49.497475 49.497475
v -2.181981 -51.747475 51.747475
v 1.000000 -59.104824 45.352726
v 4.181981 -58.059169 44.550367
v 5.500000 -55.534734 42.613300
v 4.181981 -53.010299 40.676233
v 1.000000 -51.964644 39.873874
v -2.181981 -53.010299 40.676233
v -3.500000 -55.534734 42.613300
v -2.181981 -58.059169 44.550367
v 1.000000 -64.518893 37.250000
v 4.181981 -63.377454 36.590990
v 5.500000 -60.621778 35.000000
v 4.181981 -57.866102 33.409010
v 1.000000 -56.724664 32.750000
v -2.181981 -57.866102 33.409010
v -3.500000 -60.621778 35.000000
v -2.181981 -63.377454 36.590990
v 1.000000 -68.829025 28.509916
v 4.181981 -67.611334 28.005531
v 5.500000 -64.671567 26.787840
v 4.181981 -61.731801 25.570149
v 1.000000 -60.514109 25.065765
v -2.181981 -61.731801 25.570149
v -3.500000 -64.671567 26.787840
v -2.181981 -67.611334 28.005531
v 1.000000 -71.961474 19.282019
v 4.181981 -70.688365 18.940890
v 5.500000 -67.614808 18.117333
v 4.181981 -64.541251 17.293776
v 1.000000 -63.268142 16.952647
v -2.181981 -64.541251 17.293776
v -3.500000 -67.614808 18.117333
v -2.181981 -70.688365 18.940890
v 1.000000 -73.862642 9.724201
v 4.181981 -72.555899 9.552165
v 5.500000 -69.401140 9.136833
v 4.181981 -66.246382 8.721502
v 1.000000 -64.939638 8.549466
v -2.181981 -66.246382 8.721502
v -3.500000 -69.401140 9.136833
v -2.181981 -72.555899 9.552165
v 1.000000 -74.500000 0.000000
v 4.181981 -73.181981 0.000000
v 5.500000 -70.000000 0.000000
v 4.181981 -66.818019 0.000000
v 1.000000 -65.500000 0.000000
v -2.181981 -66.818019 0.000000
v -3.500000 -70.000000 0.000000
v -2.181981 -73.181981 0.000000
v 1.000000 -73.862642 -9.724201
v 4.181981 -72.555899 -9.552165
v 5.500000 -69.401140 -9.136833
v 4.181981 -66.246382 -8.721502
v 1.000000 -64.939638 -8.549466
v -2.181981 -66.246382 -8.721502
v -3.500000 -69.401140 -9.136833
v -2.181981 -72.555899 -9.552165
v 1.000000 -71.961474 -19.282019
v 4.181981 -70.688365 -18.940890
v 5.500000 -67.614808 -18.117333
v 4.181981 -64.541251 -17.293776
v 1.000000 -63.268142 -16.952647
v -2.181981 -64.541251 -17.293776
v -3.500000 -67.614808 -18.117333
v -2.181981 -70.688365 -18.940890
v 1.000000 -68.829025 -28.509916
v 4.181981 -67.611334 -28.005531
v 5.500000 -64.671567 -26.787840
v 4.181981 -61.731801 -25.570149
v 1.000000 -60.514109 -25.065765
v -2.181981 -61.731801 -25.570149
v -3.500000 -64.671567 -26.787840
v -2.181981 -67.611334 -28.005531
v 1.000000 -64.518893 -37.250000
v 4.181981 -63.377454 -36.590990
v 5.500000 -60.621778 -35.000000
v 4.181981 -57.866102 -33.409010
v 1.000000 -56.724664 -32.750000
v -2.181981 -57.866102 -33.409010
v -3.500000 -60.621778 -35.000000
v -2.181981 -63.377454 -36.590990
v 1.000000 -59.104824 -45.352726
v 4.181981 -58.059169 -44.550367
v 5.500000 -55.534734 -42.613300
v 4.181981 -53.010299 -40.676233
v 1.000000 -51.964644 -39.873874
v -2.181981 -53.010299 -40.676233
v -3.500000 -55.534734 -42.613300
v -2.181981 -58.059169 -44.550367
v 1.000000 -52.679455 -52.679455
v 4.181981 -51.747475 -51.747475
v 5.500000 -49.497475 -49.497475
v 4.181981 -47.247475 -47.247475
v 1.000000 -46.315494 -46.315494
v -2.181981 -47.247475 -47.247475
v -3.500000 -49.497475 -49.497475
v -2.181981 -51.747475 -51.747475
v 1.000000 -45.352726 -59.104824
v 4.181981 -44.550367 -58.059169
v 5.500000 -42.613300 -55.534734
v 4.181981 -40.676233 -53.010299
v 1.000000 -39.873874 -51.964644
v -2.181981 -40.676233 -53.010299
v -3.500000 -42.613300 -55.534734
v -2.181981 -44.550367 -58.059169
v 1.000000 -37.250000 -64.518893
v 4.181981 -36.590990 -63.377454
v 5.500000 -35.000000 -60.621778
v 4.181981 -33.409010 -57.866102
v 1.000000 -32.750000 -56.724664
v -2.181981 -33.409010 -57.866102
v -3.500000 -35.000000 -60.621778
v -2.181981 -36.590990 -63.377454
v 1.000000 -28.509916 -68.829025
v 4.181981 -28.005531 -67.611334
v 5.500000 -26.787840 -64.671567
v 4.181981 -25.570149 -61.731801
v 1.000000 -25.065765 -60.514109
v -2.181981 -25.570149 -61.731801
v -3.500000 -26.787840 -64.671567
v -2.181981 -28.005531 -67.611334
v 1.000000 -19.282019 -71.961474
v 4.181981 -18.940890 -70.688365
v 5.500000 -18.117333 -67.614808
v 4.181981 -17.293776 -64.541251
v 1.000000 -16.952647 -63.268142
v -2.181981 -17.293776 -64.541251
v -3.500000 -18.117333 -67.614808
v -2.181981 -18.940890 -70.688365
v 1.000000 -9.724201 -73.862642
v 4.181981 -9.552165 -72.555899
v 5.500000 -9.136833 -69.401140
v 4.181981 -8.721502 -66.246382
v 1.000000 -8.549466 -64.939638
v -2.181981 -8.721502 -66.246382
v -3.500000 -9.136833 -69.401140
v -2.181981 -9.552165 -72.555899
v 1.000000 -0.000000 -74.500000
v 4.181981 -0.000000 -73.181981
v 5.500000 -0.000000 -70.000000
v 4.181981 -0.000000 -66.818019
v 1.000000 -0.000000 -65.500000
v -2.181981 -0.000000 -66.818019
v -3.500000 -0.000000 -70.000000
v -2.181981 -0.000000 -73.181981
v 1.000000 9.724201 -73.862642
v 4.181981 9.552165 -72.555899
v 5.500000 9.136833 -69.401140
v 4.181981 8.721502 -66.246382
v 1.000000 8.549466 -64.939638
v -2.181981 8.721502 -66.246382
v -3.500000 9.136833 -69.401140
v -2.181981 9.552165 -72.555899
v 1.000000 19.282019 -71.961474
v 4.181981 18.940890 -70.688365
v 5.500000 18.117333 -67.614808
v 4.181981 17.293776 -64.541251
v 1.000000 16.952647 -63.268142
v -2.181981 17.293776 -64.541251
v -3.500000 18.117333 -67.614808
v -2.181981 18.940890 -70.688365
v 1.000000 28.509916 -68.829025
v 4.181981 28.005531 -67.611334
v 5.500000 26.787840 -64.671567
v 4.181981 25.570149 -61.731801
v 1.000000 25.065765 -60.514109
v -2.181981 25.570149 -61.731801
v -3.500000 26.787840 -64.671567
v -2.181981 28.005531 -67.611334
v 1.000000 37.250000 -64.518893
v 4.181981 36.590990 -63.377454
v 5.500000 35.000000 -60.621778
v 4.181981 33.409010 -57.866102
v 1.000000 32.750000 -56.724664
v -2.181981 33.409010 -57.866102
v -3.500000 35.000000 -60.621778
v -2.181981 36.590990 -63.377454
v 1.000000 45.352726 -59.104824
v 4.181981 44.550367 -58.059169
v 5.500000 42.613300 -55.534734
v 4.181981 40.676233 -53.010299
v 1.000000 39.873874 -51.964644
v -2.181981 40.676233 -53.010299
v -3.500000 42.613300 -55.534734
v -2.181981 44.550367 -58.059169
v 1.000000 52.679455 -52.679455
v 4.181981 51.747475 -51.747475
v 5.500000 49.497475 -49.497475
v 4.181981 47.247475 -47.247475
v 1.000000 46.315494 -46.315494
v -2.181981 47.247475 -47.247475
v -3.500000 49.497475 -49.497475
v -2.181981 51.747475 -51.747475
v 1.000000 59.104824 -45.352726
v 4.181981 58.059169 -44.550367
v 5.500000 55.534734 -42.613300
v 4.181981 53.010299 -40.676233
v 1.000000 51.964644 -39.873874
v -2.181981 53.010299 -40.676233
v -3.500000 55.534734 -42.613300
v -2.181981 58.059169 -44.550367
v 1.000000 64.518893 -37.250000
v 4.181981 63.377454 -36.590990
v 5.500000 60.621778 -35.000000
v 4.181981 57.866102 -33.409010
v 1.000000 56.724664 -32.750000
v -2.181981 57.866102 -33.409010
v -3.500000 60.621778 -35.000000
v -2.181981 63.377454 -36.590990
v 1.000000 68.829025 -28.509916
v 4.181981 67.611334 -28.005531
v 5.500000 64.671567 -26.787840
v 4.181981 61.731801 -25.570149
v 1.000000 60.514109 -25.065765
v -2.181981 61.731801 -25.570149
v -3.500000 64.671567 -26.787840
v -2.181981 67.611334 -28.005531
v 1.000000 71.961474 -19.282019
v 4.181981 70.688365 -18.940890
v 5.500000 67.614808 -18.117333
v 4.181981 64.541251 -17.293776
v 1.000000 63.268142 -16.952647
v -2.181981 64.541251 -17.293776
v -3.500000 67.614808 -18.117333
v -2.181981 70.688365 -18.940890
v 1.000000 73.862642 -9.724201
v 4.181981 72.555899 -9.552165
v 5.500000 69.401140 -9.136833
v 4.181981 66.246382 -8.721502
v 1.000000 64.939638 -8.549466
v -2.181981 66.246382 -8.721502
v -3.500000 69.401140 -9.136833
v -2.181981 72.555899 -9.552165
v 5.000000 51.000000 0.000000
v 7.828427 49.828427 0.000000
v 9.000000 47.000000 0.000000
v 7.828427 44.171573 0.000000
v 5.000000 43.000000 0.000000
v 2.171573 44.171573 0.000000
v 1.000000 47.000000 0.000000
v 2.171573 49.828427 0.000000
v 5.000000 50.372105 7.978158
v 7.828427 49.214957 7.794883
v 9.000000 46.421352 7.352420
v 7.828427 43.627748 6.909956
v 5.000000 42.470599 6.726682
v 2.171573 43.627748 6.909956
v 1.000000 46.421352 7.352420
v 2.171573 49.214957 7.794883
v 5.000000 48.503882 15.759867
v 7.828427 47.389650 15.397831
v 9.000000 44.699656 14.523799
v 7.828427 42.009662 13.649767
v 5.000000 40.895430 13.287731
v 2.171573 42.009662 13.649767
v 1.000000 44.699656 14.523799
v 2.171573 47.389650 15.397831
v 5.000000 45.441333 23.153515
v 7.828427 44.397454 22.621633
v 9.000000 41.877307 21.337553
v 7.828427 39.357160 20.053474
v 5.000000 38.313281 19.521591
v 2.171573 39.357160 20.053474
v 1.000000 41.877307 21.337553
v 2.171573 44.397454 22.621633
v 5.000000 41.259867 29.977048
v 7.828427 40.312044 29.288415
v 9.000000 38.023799 27.625907
v 7.828427 35.735553 25.963399
v 5.000000 34.787731 25.274766
v 2.171573 35.735553 25.963399
v 1.000000 38.023799 27.625907
v 2.171573 40.312044 29.288415
v 5.000000 36.062446 36.062446
v 7.828427 35.234019 35.234019
v 9.000000 33.234019 33.234019
v 7.828427 31.234019 31.234019
v 5.000000 30.405592 30.405592
v 2.171573 31.234019 31.234019
v 1.000000 33.234019 33.234019
v 2.171573 35.234019 35.234019
v 5.000000 29.977048 41.259867
v 7.828427 29.288415 40.312044
v 9.000000 27.625907 38.023799
v 7.828427 25.963399 35.735553
v 5.000000 25.274766 34.787731
v 2.171573 25.963399 35.735553
v 1.000000 27.625907 38.023799
v 2.171573 29.288415 40.312044
v 5.000000 23.153515 45.441333
v 7.828427 22.621633 44.397454
v 9.000000 21.337553 41.877307
v 7.828427 20.053474 39.357160
v 5.000000 19.521591 38.313281
v 2.171573 20.053474 39.357160
v 1.000000 21.337553 41.877307
v 2.171573 22.621633 44.397454
v 5.000000 15.759867 48.503882
v 7.828427 15.397831 47.389650
v 9.000000 14.523799 44.699656
v 7.828427 13.649767 42.009662
v 5.000000 13.287731 40.895430
v 2.171573 13.649767 42.009662
v 1.000000 14.523799 44.699656
v 2.171573 15.397831 47.389650
v 5.000000 7.978158 50.372105
v 7.828427 7.794883 49.214957
v 9.000000 7.352420 46.421352
v 7.828427 6.909956 43.627748
v 5.000000 6.726682 42.470599
v 2.171573 6.909956 43.627748
v 1.000000 7.352420 46.421352
v 2.171573 7.794883 49.214957
v 5.000000 0.000000 51.000000
v 7.828427 0.000000 49.828427
v 9.000000 0.000000 47.000000
v 7.828427 0.000000 44.171573
v 5.000000 0.000000 43.000000
v 2.171573 0.000000 44.171573
v 1.000000 0.000000 47.000000
v 2.171573 0.000000 49.828427
v 5.000000 -7.978158 50.372105
v 7.828427 -7.794883 49.214957
v 9.000000 -7.352420 46.421352
v 7.828427 -6.909956 43.627748
v 5.000000 -6.726682 42.470599
v 2.171573 -6.909956 43.627748
v 1.000000 -7.352420 46.421352
v 2.171573 -7.794883 49.214957
v 5.000000 -15.759867 48.503882
v 7.828427 -15.397831 47.389650
v 9.000000 -14.523799 44.699656
v 7.828427 -13.649767 42.009662
v 5.000000 -13.287731 40.895430
v 2.171573 -13.649767 42.009662
v 1.000000 -14.523799 44.699656
v 2.171573 -15.397831 47.389650
v 5.000000 -23.153515 45.441333
v 7.828427 -22.621633 44.397454
v 9.000000 -21.337553 41.877307
v 7.828427 -20.053474 39.357160
v 5.000000 -19.521591 38.313281
v 2.171573 -20.053474 39.357160
v 1.000000 -21.337553 41.877307
v 2.171573 -22.621633 44.397454
v 5.000000 -29.977048 41.259867
v 7.828427 -29.288415 40.312044
v 9.000000 -27.625907 38.023799
v 7.828427 -25.963399 35.735553
v 5.000000 -25.274766 34.787731
v 2.171573 -25.963399 35.735553
v 1.000000 -27.625907 38.023799
v 2.171573 -29.288415 40.312044
v 5.000000 -36.062446 36.062446
v 7.828427 -35.234019 35.234019
v 9.000000 -33.234019 33.234019
v 7.828427 -31.234019 31.234019
v 5.000000 -30.405592 30.405592
v 2.171573 -31.234019 31.234019
v 1.000000 -33.234019 33.234019
v 2.171573 -35.234019 35.234019
v 5.000000 -41.259867 29.977048
v 7.828427 -40.312044 29.288415
v 9.000000 -38.023799 27.625907
v 7.828427 -35.735553 25.963399
v 5.000000 -34.787731 25.274766
v 2.171573 -35.735553 25.963399
v 1.000000 -38.023799 27.625907
v 2.171573 -40.312044 29.288415
v 5.000000 -45.441333 23.153515
v 7.828427 -44.397454 22.621633
v 9.000000 -41.877307 21.337553
v 7.828427 -39.357160 20.053474
v 5.000000 -38.313281 19.521591
v 2.171573 -39.357160 20.053474
v 1.000000 -41.877307 21.337553
v 2.171573 -44.397454 22.621633
v 5.000000 -48.503882 15.759867
v 7.828427 -47.389650 15.397831
v 9.000000 -44.699656 14.523799
v 7.828427 -42.009662 13.649767
v 5.000000 -40.895430 13.287731
v 2.171573 -42.009662 13.649767
v 1.000000 -44.699656 14.523799
v 2.171573 -47.389650 15.397831
v 5.000000 -50.372105 7.978158
v 7.828427 -49.214957 7.794883
v 9.000000 -46.421352 7.352420
v 7.828427 -43.627748 6.909956
v 5.000000 -42.470599 6.726682
v 2.171573 -43.627748 6.909956
v 1.000000 -46.421352 7.352420
v 2.171573 -49.214957 7.794883
v 5.000000 -51.000000 0.000000
v 7.828427 -49.828427 0.000000
v 9.000000 -47.000000 0.000000
v 7.828427 -44.171573 0.000000
v 5.000000 -43.000000 0.000000
v 2.171573 -44.171573 0.000000
v 1.000000 -47.000000 0.000000
v 2.171573 -49.828427 0.000000
v 5.000000 -50.372105 -7.978158
v 7.828427 -49.214957 -7.794883
v 9.000000 -46.421352 -7.352420
v 7.828427 -43.627748 -6.909956
v 5.000000 -42.470599 -6.726682
v 2.171573 -43.627748 -6.909956
v 1.000000 -46.421352 -7.352420
v 2.171573 -49.214957 -7.794883
v 5.000000 -48.503882 -15.759867
v 7.828427 -47.389650 -15.397831
v 9.000000 -44.699656 -14.523799
v 7.828427 -42.009662 -13.649767
v 5.000000 -40.895430 -13.287731
v 2.171573 -42.009662 -13.649767
v 1.000000 -44.699656 -14.523799
v 2.171573 -47.389650 -15.397831
v 5.000000 -45.441333 -23.153515
v 7.828427 -44.397454 -22.621633
v 9.000000 -41.877307 -21.337553
v 7.828427 -39.357160 -20.053474
v 5.000000 -38.313281 -19.521591
v 2.171573 -39.357160 -20.053474
v 1.000000 -41.877307 -21.337553
v 2.171573 -44.397454 -22.621633
v 5.000000 -41.259867 -29.977048
v 7.828427 -40.312044 -29.288415
v 9.000000 -38.023799 -27.625907
v 7.828427 -35.735553 -25.963399
v 5.000000 -34.787731 -25.274766
v 2.171573 -35.735553 -25.963399
v 1.000000 -38.023799 -27.625907
v 2.171573 -40.312044 -29.288415
v 5.000000 -36.062446 -36.062446
v 7.828427 -35.234019 -35.234019
v 9.000000 -33.234019 -33.234019
v 7.828427 -31.234019 -31.234019
v 5.000000 -30.405592 -30.405592
v 2.171573 -31.234019 -31.234019
v 1.000000 -33.234019 -33.234019
v 2.171573 -35.234019 -35.234019
v 5.000000 -29.977048 -41.259867
v 7.828427 -29.288415 -40.312044
v 9.000000 -27.625907 -38.023799
v 7.828427 -25.963399 -35.735553
v 5.000000 -25.274766 -34.787731
v 2.171573 -25.963399 -35.735553
v 1.000000 -27.625907 -38.023799
v 2.171573 -29.288415 -40.312044
v 5.000000 -23.153515 -45.441333
v 7.828427 -22.621633 -44.397454
v 9.000000 -21.337553 -41.877307
v 7.828427 -20.053474 -39.357160
v 5.000000 -19.521591 -38.313281
v 2.171573 -20.053474 -39.357160
v 1.000000 -21.337553 -41.877307
v 2.171573 -22.621633 -44.397454
v 5.000000 -15.759867 -48.503882
v 7.828427 -15.397831 -47.389650
v 9.000000 -14.523799 -44.699656
v 7.828427 -13.649767 -42.009662
v 5.000000 -13.287731 -40.895430
v 2.171573 -13.649767 -42.009662
v 1.000000 -14.523799 -44.699656
v 2.171573 -15.397831 -47.389650
v 5.000000 -7.978158 -50.372105
v 7.828427 -7.794883 -49.214957
v 9.000000 -7.352420 -46.421352
v 7.828427 -6.909956 -43.627748
v 5.000000 -6.726682 -42.470599
v 2.171573 -6.909956 -43.627748
v 1.000000 -7.352420 -46.421352
v 2.171573 -7.794883 -49.214957
v 5.000000 -0.000000 -51.000000
v 7.828427 -0.000000 -49.828427
v 9.000000 -0.000000 -47.000000
v 7.828427 -0.000000 -44.171573
v 5.000000 -0.000000 -43.000000
v 2.171573 -0.000000 -44.171573
v 1.000000 -0.000000 -47.000000
v 2.171573 -0.000000 -49.828427
v 5.000000 7.978158 -50.372105
v 7.828427 7.794883 -49.214957
v 9.000000 7.352420 -46.421352
v 7.828427 6.909956 -43.627748
v 5.000000 6.726682 -42.470599
v 2.171573 6.909956 -43.627748
v 1.000000 7.352420 -46.421352
v 2.171573 7.794883 -49.214957
v 5.000000 15.759867 -48.503882
v 7.828427 15.397831 -47.389650
v 9.000000 14.523799 -44.699656
v 7.828427 13.649767 -42.009662
v 5.000000 13.287731 -40.895430
v 2.171573 13.649767 -42.009662
v 1.000000 14.523799 -44.699656
v 2.171573 15.397831 -47.389650
v 5.000000 23.153515 -45.441333
v 7.828427 22.621633 -44.397454
v 9.000000 21.337553 -41.877307
v 7.828427 20.053474 -39.357160
v 5.000000 19.521591 -38.313281
v 2.171573 20.053474 -39.357160
v 1.000000 21.337553 -41.877307
v 2.171573 22.621633 -44.397454
v 5.000000 29.977048 -41.259867
v 7.828427 29.288415 -40.312044
v 9.000000 27.625907 -38.023799
v 7.828427 25.963399 -35.735553
v 5.000000 25.274766 -34.787731
v 2.171573 25.963399 -35.735553
v 1.000000 27.625907 -38.023799
v 2.171573 29.288415 -40.312044
v 5.000000 36.062446 -36.062446
v 7.828427 35.234019 -35.234019
v 9.000000 33.234019 -33.234019
v 7.828427 31.234019 -31.234019
v 5.000000 30.405592 -30.405592
v 2.171573 31.234019 -31.234019
v 1.000000 33.234019 -33.234019
v 2.171573 35.234019 -35.234019
v 5.000000 41.259867 -29.977048
v 7.828427 40.312044 -29.288415
v 9.000000 38.023799 -27.625907
v 7.828427 35.735553 -25.963399
v 5.000000 34.787731 -25.274766
v 2.171573 35.735553 -25.963399
v 1.000000 38.023799 -27.625907
v 2.171573 40.312044 -29.288415
v 5.000000 45.441333 -23.153515
v 7.828427 44.397454 -22.621633
v 9.000000 41.877307 -21.337553
v 7.828427 39.357160 -20.053474
v 5.000000 38.313281 -19.521591
v 2.171573 39.357160 -20.053474
v 1.000000 41.877307 -21.337553
v 2.171573 44.397454 -22.621633
v 5.000000 48.503882 -15.759867
v 7.828427 47.389650 -15.397831
v 9.000000 44.699656 -14.523799
v 7.828427 42.009662 -13.649767
v 5.000000 40.895430 -13.287731
v 2.171573 42.009662 -13.649767
v 1.000000 44.699656 -14.523799
v 2.171573 47.389650 -15.397831
v 5.000000 50.372105 -7.978158
v 7.828427 49.214957 -7.794883
v 9.000000 46.421352 -7.352420
v 7.828427 43.627748 -6.909956
v 5.000000 42.470599 -6.726682
v 2.171573 43.627748 -6.909956
v 1.000000 46.421352 -7.352420
v 2.171573 49.214957 -7.794883
v -8.500000 10.000000 53.000000
v 6.500000 10.000000 53.000000
v 6.500000 10.000000 97.000000
v -8.500000 10.000000 97.000000
v -8.500000 -10.000000 53.000000
v 6.500000 -10.000000 53.000000
v 6.500000 -10.000000 97.000000
v -8.500000 -10.000000 97.000000
v -8.500000 -50.899346 -17.839746
v 6.500000 -50.899346 -17.839746
v 6.500000 -89.004464 -39.839746
v -8.500000 -89.004464 -39.839746
v -8.500000 -40.899346 -35.160254
v 6.500000 -40.899346 -35.160254
v 6.500000 -79.004464 -57.160254
v -8.500000 -79.004464 -57.160254
v -8.500000 40.899346 -35.160254
v 6.500000 40.899346 -35.160254
v 6.500000 79.004464 -57.160254
v -8.500000 79.004464 -57.160254
v -8.500000 50.899346 -17.839746
v 6.500000 50.899346 -17.839746
v 6.500000 89.004464 -39.839746
v -8.500000 89.004464 -39.839746
v 0.000000 6.500000 43.000000
v 12.000000 6.500000 43.000000
v 12.000000 6.500000 71.000000
v 0.000000 6.500000 71.000000
v 0.000000 -6.500000 43.000000
v 12.000000 -6.500000 43.000000
v 12.000000 -6.500000 71.000000
v 0.000000 -6.500000 71.000000
v 0.000000 -40.489092 -15.870835
v 12.000000 -40.489092 -15.870835
v 12.000000 -64.737804 -29.870835
v 0.000000 -64.737804 -29.870835
v 0.000000 -33.989092 -27.129165
v 12.000000 -33.989092 -27.129165
v 12.000000 -58.237804 -41.129165
v 0.000000 -58.237804 -41.129165
v 0.000000 33.989092 -27.129165
v 12.000000 33.989092 -27.129165
v 12.000000 58.237804 -41.129165
v 0.000000 58.237804 -41.129165
v 0.000000 40.489092 -15.870835
v 12.000000 40.489092 -15.870835
v 12.000000 64.737804 -29.870835
v 0.000000 64.737804 -29.870835
v 3.000000 34.000000 0.000000
v 12.000000 29.000000 0.000000
v 3.000000 33.581404 5.318772
v 12.000000 28.642962 4.536599
v 3.000000 32.335922 10.506578
v 12.000000 27.580639 8.961493
v 3.000000 30.294222 15.435677
v 12.000000 25.839189 13.165724
v 3.000000 27.506578 19.984699
v 12.000000 23.461493 17.045772
v 3.000000 24.041631 24.041631
v 12.000000 20.506097 20.506097
v 3.000000 19.984699 27.506578
v 12.000000 17.045772 23.461493
v 3.000000 15.435677 30.294222
v 12.000000 13.165724 25.839189
v 3.000000 10.506578 32.335922
v 12.000000 8.961493 27.580639
v 3.000000 5.318772 33.581404
v 12.000000 4.536599 28.642962
v 3.000000 0.000000 34.000000
v 12.000000 0.000000 29.000000
v 3.000000 -5.318772 33.581404
v 12.000000 -4.536599 28.642962
v 3.000000 -10.506578 32.335922
v 12.000000 -8.961493 27.580639
v 3.000000 -15.435677 30.294222
v 12.000000 -13.165724 25.839189
v 3.000000 -19.984699 27.506578
v 12.000000 -17.045772 23.461493
v 3.000000 -24.041631 24.041631
v 12.000000 -20.506097 20.506097
v 3.000000 -27.506578 19.984699
v 12.000000 -23.461493 17.045772
v 3.000000 -30.294222 15.435677
v 12.000000 -25.839189 13.165724
v 3.000000 -32.335922 10.506578
v 12.000000 -27.580639 8.961493
v 3.000000 -33.581404 5.318772
v 12.000000 -28.642962 4.536599
v 3.000000 -34.000000 0.000000
v 12.000000 -29.000000 0.000000
v 3.000000 -33.581404 -5.318772
v 12.000000 -28.642962 -4.536599
v 3.000000 -32.335922 -10.506578
v 12.000000 -27.580639 -8.961493
v 3.000000 -30.294222 -15.435677
v 12.000000 -25.839189 -13.165724
v 3.000000 -27.506578 -19.984699
v 12.000000 -23.461493 -17.045772
v 3.000000 -24.041631 -24.041631
v 12.000000 -20.506097 -20.506097
v 3.000000 -19.984699 -27.506578
v 12.000000 -17.045772 -23.461493
v 3.000000 -15.435677 -30.294222
v 12.000000 -13.165724 -25.839189
v 3.000000 -10.506578 -32.335922
v 12.000000 -8.961493 -27.580639
v 3.000000 -5.318772 -33.581404
v 12.000000 -4.536599 -28.642962
v 3.000000 -0.000000 -34.000000
v 12.000000 -0.000000 -29.000000
v 3.000000 5.318772 -33.581404
v 12.000000 4.536599 -28.642962
v 3.000000 10.506578 -32.335922
v 12.000000 8.961493 -27.580639
v 3.000000 15.435677 -30.294222
v 12.000000 13.165724 -25.839189
v 3.000000 19.984699 -27.506578
v 12.000000 17.045772 -23.461493
v 3.000000 24.041631 -24.041631
v 12.000000 20.506097 -20.506097
v 3.000000 27.506578 -19.984699
v 12.000000 23.461493 -17.045772
v 3.000000 30.294222 -15.435677
v 12.000000 25.839189 -13.165724
v 3.000000 32.335922 -10.506578
v 12.000000 27.580639 -8.961493
v 3.000000 33.581404 -5.318772
v 12.000000 28.642962 -4.536599
v 3.000000 0.000000 0.000000
v 12.000000 0.000000 0.000000
v 11.500000 26.000000 0.000000
v 15.000000 23.000000 0.000000
v 11.500000 25.679897 4.067296
v 15.000000 22.716832 3.597993
v 11.500000 24.727469 8.034442
v 15.000000 21.874300 7.107391
v 11.500000 23.166170 11.803753
v 15.000000 20.493150 10.441781
v 11.500000 21.034442 15.282417
v 15.000000 18.607391 13.519061
v 11.500000 18.384776 18.384776
v 15.000000 16.263456 16.263456
v 11.500000 15.282417 21.034442
v 15.000000 13.519061 18.607391
v 11.500000 11.803753 23.166170
v 15.000000 10.441781 20.493150
v 11.500000 8.034442 24.727469
v 15.000000 7.107391 21.874300
v 11.500000 4.067296 25.679897
v 15.000000 3.597993 22.716832
v 11.500000 0.000000 26.000000
v 15.000000 0.000000 23.000000
v 11.500000 -4.067296 25.679897
v 15.000000 -3.597993 22.716832
v 11.500000 -8.034442 24.727469
v 15.000000 -7.107391 21.874300
v 11.500000 -11.803753 23.166170
v 15.000000 -10.441781 20.493150
v 11.500000 -15.282417 21.034442
v 15.000000 -13.519061 18.607391
v 11.500000 -18.384776 18.384776
v 15.000000 -16.263456 16.263456
v 11.500000 -21.034442 15.282417
v 15.000000 -18.607391 13.519061
v 11.500000 -23.166170 11.803753
v 15.000000 -20.493150 10.441781
v 11.500000 -24.727469 8.034442
v 15.000000 -21.874300 7.107391
v 11.500000 -25.679897 4.067296
v 15.000000 -22.716832 3.597993
v 11.500000 -26.000000 0.000000
v 15.000000 -23.000000 0.000000
v 11.500000 -25.679897 -4.067296
v 15.000000 -22.716832 -3.597993
v 11.500000 -24.727469 -8.034442
v 15.000000 -21.874300 -7.107391
v 11.500000 -23.166170 -11.803753
v 15.000000 -20.493150 -10.441781
v 11.500000 -21.034442 -15.282417
v 15.000000 -18.607391 -13.519061
v 11.500000 -18.384776 -18.384776
v 15.000000 -16.263456 -16.263456
v 11.500000 -15.282417 -21.034442
v 15.000000 -13.519061 -18.607391
v 11.500000 -11.803753 -23.166170
v 15.000000 -10.441781 -20.493150
v 11.500000 -8.034442 -24.727469
v 15.000000 -7.107391 -21.874300
v 11.500000 -4.067296 -25.679897
v 15.000000 -3.597993 -22.716832
v 11.500000 -0.000000 -26.000000
v 15.000000 -0.000000 -23.000000
v 11.500000 4.067296 -25.679897
v 15.000000 3.597993 -22.716832
v 11.500000 8.034442 -24.727469
v 15.000000 7.107391 -21.874300
v 11.500000 11.803753 -23.166170
v 15.000000 10.441781 -20.493150
v 11.500000 15.282417 -21.034442
v 15.000000 13.519061 -18.607391
v 11.500000 18.384776 -18.384776
v 15.000000 16.263456 -16.263456
v 11.500000 21.034442 -15.282417
v 15.000000 18.607391 -13.519061
v 11.500000 23.166170 -11.803753
v 15.000000 20.493150 -10.441781
v 11.500000 24.727469 -8.034442
v 15.000000 21.874300 -7.107391
v 11.500000 25.679897 -4.067296
v 15.000000 22.716832 -3.597993
v 11.500000 0.000000 0.000000
v 15.000000 0.000000 0.000000
v 11.622359 6.798374 0.000000
v 11.622359 6.667745 1.326297
v 11.622359 6.280878 2.601625
v 11.622359 5.652641 3.776974
v 11.622359 4.807176 4.807176
v 11.622359 3.776974 5.652641
v 11.622359 2.601625 6.280878
v 11.622359 1.326297 6.667745
v 11.622359 0.000000 6.798374
v 11.622359 -1.326297 6.667745
v 11.622359 -2.601625 6.280878
v 11.622359 -3.776974 5.652641
v 11.622359 -4.807176 4.807176
v 11.622359 -5.652641 3.776974
v 11.622359 -6.280878 2.601625
v 11.622359 -6.667745 1.326297
v 11.622359 -6.798374 0.000000
v 11.622359 -6.667745 -1.326297
v 11.622359 -6.280878 -2.601625
v 11.622359 -5.652641 -3.776974
v 11.622359 -4.807176 -4.807176
v 11.622359 -3.776974 -5.652641
v 11.622359 -2.601625 -6.280878
v 11.622359 -1.326297 -6.667745
v 11.622359 -0.000000 -6.798374
v 11.622359 1.326297 -6.667745
v 11.622359 2.601625 -6.280878
v 11.622359 3.776974 -5.652641
v 11.622359 4.807176 -4.807176
v 11.622359 5.652641 -3.776974
v 11.622359 6.280878 -2.601625
v 11.622359 6.667745 -1.326297
v 11.977458 12.931276 0.000000
v 11.977458 12.682805 2.522767
v 11.977458 11.946941 4.948585
v 11.977458 10.751963 7.184232
v 11.977458 9.143793 9.143793
v 11.977458 7.184232 10.751963
v 11.977458 4.948585 11.946941
v 11.977458 2.522767 12.682805
v 11.977458 0.000000 12.931276
v 11.977458 -2.522767 12.682805
v 11.977458 -4.948585 11.946941
v 11.977458 -7.184232 10.751963
v 11.977458 -9.143793 9.143793
v 11.977458 -10.751963 7.184232
v 11.977458 -11.946941 4.948585
v 11.977458 -12.682805 2.522767
v 11.977458 -12.931276 0.000000
v 11.977458 -12.682805 -2.522767
v 11.977458 -11.946941 -4.948585
v 11.977458 -10.751963 -7.184232
v 11.977458 -9.143793 -9.143793
v 11.977458 -7.184232 -10.751963
v 11.977458 -4.948585 -11.946941
v 11.977458 -2.522767 -12.682805
v 11.977458 -0.000000 -12.931276
v 11.977458 2.522767 -12.682805
v 11.977458 4.948585 -11.946941
v 11.977458 7.184232 -10.751963
v 11.977458 9.143793 -9.143793
v 11.977458 10.751963 -7.184232
v 11.977458 11.946941 -4.948585
v 11.977458 12.682805 -2.522767
v 12.530537 17.798374 0.000000
v 12.530537 17.456383 3.472290
v 12.530537 16.443553 6.811143
v 12.530537 14.798807 9.888247
v 12.530537 12.585351 12.585351
v 12.530537 9.888247 14.798807
v 12.530537 6.811143 16.443553
v 12.530537 3.472290 17.456383
v 12.530537 0.000000 17.798374
v 12.530537 -3.472290 17.456383
v 12.530537 -6.811143 16.443553
v 12.530537 -9.888247 14.798807
v 12.530537 -12.585351 12.585351
v 12.530537 -14.798807 9.888247
v 12.530537 -16.443553 6.811143
v 12.530537 -17.456383 3.472290
v 12.530537 -17.798374 0.000000
v 12.530537 -17.456383 -3.472290
v 12.530537 -16.443553 -6.811143
v 12.530537 -14.798807 -9.888247
v 12.530537 -12.585351 -12.585351
v 12.530537 -9.888247 -14.798807
v 12.530537 -6.811143 -16.443553
v 12.530537 -3.472290 -17.456383
v 12.530537 -0.000000 -17.798374
v 12.530537 3.472290 -17.456383
v 12.530537 6.811143 -16.443553
v 12.530537 9.888247 -14.798807
v 12.530537 12.585351 -12.585351
v 12.530537 14.798807 -9.888247
v 12.530537 16.443553 -6.811143
v 12.530537 17.456383 -3.472290
v 13.227458 20.923243 0.000000
v 13.227458 20.521209 4.081922
v 13.227458 19.330556 8.006979
v 13.227458 17.397041 11.624331
v 13.227458 14.794967 14.794967
v 13.227458 11.624331 17.397041
v 13.227458 8.006979 19.330556
v 13.227458 4.081922 20.521209
v 13.227458 0.000000 20.923243
v 13.227458 -4.081922 20.521209
v 13.227458 -8.006979 19.330556
v 13.227458 -11.624331 17.397041
v 13.227458 -14.794967 14.794967
v 13.227458 -17.397041 11.624331
v 13.227458 -19.330556 8.006979
v 13.227458 -20.521209 4.081922
v 13.227458 -20.923243 0.000000
v 13.227458 -20.521209 -4.081922
v 13.227458 -19.330556 -8.006979
v 13.227458 -17.397041 -11.624331
v 13.227458 -14.794967 -14.794967
v 13.227458 -11.624331 -17.397041
v 13.227458 -8.006979 -19.330556
v 13.227458 -4.081922 -20.521209
v 13.227458 -0.000000 -20.923243
v 13.227458 4.081922 -20.521209
v 13.227458 8.006979 -19.330556
v 13.227458 11.624331 -17.397041
v 13.227458 14.794967 -14.794967
v 13.227458 17.397041 -11.624331
v 13.227458 19.330556 -8.006979
v 13.227458 20.521209 -4.081922
v 14.000000 22.000000 0.000000
v 14.000000 21.577276 4.291987
v 14.000000 20.325350 8.419036
v 14.000000 18.292331 12.222545
v 14.000000 15.556349 15.556349
v 14.000000 12.222545 18.292331
v 14.000000 8.419036 20.325350
v 14.000000 4.291987 21.577276
v 14.000000 0.000000 22.000000
v 14.000000 -4.291987 21.577276
v 14.000000 -8.419036 20.325350
v 14.000000 -12.222545 18.292331
v 14.000000 -15.556349 15.556349
v 14.000000 -18.292331 12.222545
v 14.000000 -20.325350 8.419036
v 14.000000 -21.577276 4.291987
v 14.000000 -22.000000 0.000000
v 14.000000 -21.577276 -4.291987
v 14.000000 -20.325350 -8.419036
v 14.000000 -18.292331 -12.222545
v 14.000000 -15.556349 -15.556349
v 14.000000 -12.222545 -18.292331
v 14.000000 -8.419036 -20.325350
v 14.000000 -4.291987 -21.577276
v 14.000000 -0.000000 -22.000000
v 14.000000 4.291987 -21.577276
v 14.000000 8.419036 -20.325350
v 14.000000 12.222545 -18.292331
v 14.000000 15.556349 -15.556349
v 14.000000 18.292331 -12.222545
v 14.000000 20.325350 -8.419036
v 14.000000 21.577276 -4.291987
v 14.772542 20.923243 0.000000
v 14.772542 20.521209 4.081922
v 14.772542 19.330556 8.006979
v 14.772542 17.397041 11.624331
v 14.772542 14.794967 14.794967
v 14.772542 11.624331 17.397041
v 14.772542 8.006979 19.330556
v 14.772542 4.081922 20.521209
v 14.772542 0.000000 20.923243
v 14.772542 -4.081922 20.521209
v 14.772542 -8.006979 19.330556
v 14.772542 -11.624331 17.397041
v 14.772542 -14.794967 14.794967
v 14.772542 -17.397041 11.624331
v 14.772542 -19.330556 8.006979
v 14.772542 -20.521209 4.081922
v 14.772542 -20.923243 0.000000
v 14.772542 -20.521209 -4.081922
v 14.772542 -19.330556 -8.006979
v 14.772542 -17.397041 -11.624331
v 14.772542 -14.794967 -14.794967
v 14.772542 -11.624331 -17.397041
v 14.772542 -8.006979 -19.330556
v 14.772542 -4.081922 -20.521209
v 14.772542 -0.000000 -20.923243
v 14.772542 4.081922 -20.521209
v 14.772542 8.006979 -19.330556
v 14.772542 11.624331 -17.397041
v 14.772542 14.794967 -14.794967
v 14.772542 17.397041 -11.624331
v 14.772542 19.330556 -8.006979
v 14.772542 20.521209 -4.081922
v 15.469463 17.798374 0.000000
v 15.469463 17.456383 3.472290
v 15.469463 16.443553 6.811143
v 15.469463 14.798807 9.888247
v 15.469463 12.585351 12.585351
v 15.469463 9.888247 14.798807
v 15.469463 6.811143 16.443553
v 15.469463 3.472290 17.456383
v 15.469463 0.000000 17.798374
v 15.469463 -3.472290 17.456383
v 15.469463 -6.811143 16.443553
v 15.469463 -9.888247 14.798807
v 15.469463 -12.585351 12.585351
v 15.469463 -14.798807 9.888247
v 15.469463 -16.443553 6.811143
v 15.469463 -17.456383 3.472290
v 15.469463 -17.798374 0.000000
v 15.469463 -17.456383 -3.472290
v 15.469463 -16.443553 -6.811143
v 15.469463 -14.798807 -9.888247
v 15.469463 -12.585351 -12.585351
v 15.469463 -9.888247 -14.798807
v 15.469463 -6.811143 -16.443553
v 15.469463 -3.472290 -17.456383
v 15.469463 -0.000000 -17.798374
v 15.469463 3.472290 -17.456383
v 15.469463 6.811143 -16.443553
v 15.469463 9.888247 -14.798807
v 15.469463 12.585351 -12.585351
v 15.469463 14.798807 -9.888247
v 15.469463 16.443553 -6.811143
v 15.469463 17.456383 -3.472290
v 16.022542 12.931276 0.000000
v 16.022542 12.682805 2.522767
v 16.022542 11.946941 4.948585
v 16.022542 10.751963 7.184232
v 16.022542 9.143793 9.143793
v 16.022542 7.184232 10.751963
v 16.022542 4.948585 11.946941
v 16.022542 2.522767 12.682805
v 16.022542 0.000000 12.931276
v 16.022542 -2.522767 12.682805
v 16.022542 -4.948585 11.946941
v 16.022542 -7.184232 10.751963
v 16.022542 -9.143793 9.143793
v 16.022542 -10.751963 7.184232
v 16.022542 -11.946941 4.948585
v 16.022542 -12.682805 2.522767
v 16.022542 -12.931276 0.000000
v 16.022542 -12.682805 -2.522767
v 16.022542 -11.946941 -4.948585
v 16.022542 -10.751963 -7.184232
v 16.022542 -9.143793 -9.143793
v 16.022542 -7.184232 -10.751963
v 16.022542 -4.948585 -11.946941
v 16.022542 -2.522767 -12.682805
v 16.022542 -0.000000 -12.931276
v 16.022542 2.522767 -12.682805
v 16.022542 4.948585 -11.946941
v 16.022542 7.184232 -10.751963
v 16.022542 9.143793 -9.143793
v 16.022542 10.751963 -7.184232
v 16.022542 11.946941 -4.948585
v 16.022542 12.682805 -2.522767
v 16.377641 6.798374 0.000000
v 16.377641 6.667745 1.326297
v 16.377641 6.280878 2.601625
v 16.377641 5.652641 3.776974
v 16.377641 4.807176 4.807176
v 16.377641 3.776974 5.652641
v 16.377641 2.601625 6.280878
v 16.377641 1.326297 6.667745
v 16.377641 0.000000 6.798374
v 16.377641 -1.326297 6.667745
v 16.377641 -2.601625 6.280878
v 16.377641 -3.776974 5.652641
v 16.377641 -4.807176 4.807176
v 16.377641 -5.652641 3.776974
v 16.377641 -6.280878 2.601625
v 16.377641 -6.667745 1.326297
v 16.377641 -6.798374 0.000000
v 16.377641 -6.667745 -1.326297
v 16.377641 -6.280878 -2.601625
v 16.377641 -5.652641 -3.776974
v 16.377641 -4.807176 -4.807176
v 16.377641 -3.776974 -5.652641
v 16.377641 -2.601625 -6.280878
v 16.377641 -1.326297 -6.667745
v 16.377641 -0.000000 -6.798374
v 16.377641 1.326297 -6.667745
v 16.377641 2.601625 -6.280878
v 16.377641 3.776974 -5.652641
v 16.377641 4.807176 -4.807176
v 16.377641 5.652641 -3.776974
v 16.377641 6.280878 -2.601625
v 16.377641 6.667745 -1.326297
v 11.500000 0.000000 0.000000
v 16.500000 0.000000 0.000000
vt 0.000000 0.000000
vt 1.000000 0.000000
vt 0.000000 1.000000
vt 0.000000 0.000000
vt 1.000000 0.000000
vt 0.000000 1.000000
vt 0.000000 0.000000
vt 1.000000 0.000000
vt 0.000000 1.000000
vt 0.000000 0.000000
vt 1.000000 0.000000
vt 0.000000 1.000000
vt 0.000000 0.000000
vt 1.000000 0.000000
vt 0.000000 1.000000
vt 0.000000 0.000000
vt 1.000000 0.000000
vt 0.000000 1.000000
vt 0.000000 0.000000
vt 1.000000 0.000000
vt 0.000000 1.000000
vt 0.000000 0.000000
vt 1.000000 0.000000
vt 0.000000 1.000000
vt 0.000000 0.000000
vt 1.000000 0.000000
vt 0.000000 1.000000
vt 0.000000 0.000000
vt 1.000000 0.000000
vt 0.000000 1.000000
vt 0.000000 0.000000
vt 1.000000 0.000000
vt 0.000000 1.000000
vt 0.000000 0.000000
vt 1.000000 0.000000
vt 0.000000 1.000000
vt 0.000000 0.000000
vt 1.000000 0.000000
vt 0.000000 1.000000
vt 0.000000 0.000000
vt 1.000000 0.000000
vt 0.000000 1.000000
vt 0.000000 0.000000
vt 1.000000 0.000000
vt 0.000000 1.000000
vt 0.000000 0.000000
vt 1.000000 0.000000
vt 0.000000 1.000000
vt 0.000000 0.000000
vt 1.000000 0.000000
vt 0.000000 1.000000
vt 0.000000 0.000000
vt 1.000000 0.000000
vt 0.000000 1.000000
vt 0.000000 0.000000
vt 1.000000 0.000000
vt 0.000000 1.000000
vt 0.000000 0.000000
vt 1.000000 0.000000
vt 0.000000 1.000000
vt 0.000000 0.000000
vt 1.000000 0.000000
vt 0.000000 1.000000
vt 0.000000 0.000000
vt 1.000000 0.000000
vt 0.000000 1.000000
vt 0.000000 0.000000
vt 1.000000 0.000000
vt 0.000000 1.000000
vt 0.000000 0.000000
vt 1.000000 0.000000
vt 0.000000 1.000000
vt 0.000000 0.000000
vt 1.000000 0.000000
vt 0.000000 1.000000
vt 0.000000 0.000000
vt 1.000000 0.000000
vt 0.000000 1.000000
vt 0.000000 0.000000
vt 1.000000 0.000000
vt 0.000000 1.000000
vt 0.000000 0.000000
vt 1.000000 0.000000
vt 0.000000 1.000000
vt 0.000000 0.000000
vt 1.000000 0.000000
vt 0.000000 1.000000
vt 0.000000 0.000000
vt 1.000000 0.000000
vt 0.000000 1.000000
vt 0.000000 0.000000
vt 1.000000 0.000000
vt 0.000000 1.000000
vt 0.000000 0.000000
vt 1.000000 0.000000
vt 0.000000 1.000000
vt 0.000000 0.000000
vt 1.000000 0.000000
vt 0.000000 1.000000
vt 0.000000 0.000000
vt 1.000000 0.000000
vt 0.000000 1.000000
vt 0.000000 0.000000
vt 1.000000 0.000000
vt 0.000000 1.000000
vt 0.000000 0.000000
vt 1.000000 0.000000
vt 0.000000 1.000000
vt 0.000000 0.000000
vt 1.000000 0.000000
vt 0.000000 1.000000
vt 0.000000 0.000000
vt 1.000000 0.000000
vt 0.000000 1.000000
vt 0.000000 0.000000
vt 1.000000 0.000000
vt 0.000000 1.000000
vt 0.000000 0.000000
vt 1.000000 0.000000
vt 0.000000 1.000000
vt 0.000000 0.000000
vt 1.000000 0.000000
vt 0.000000 1.000000
vt 0.000000 0.000000
vt 1.000000 0.000000
vt 0.000000 1.000000
vt 0.000000 0.000000
vt 1.000000 0.000000
vt 0.000000 1.000000
vt 0.000000 0.000000
vt 1.000000 0.000000
vt 0.000000 1.000000
vt 0.000000 0.000000
vt 1.000000 0.000000
vt 0.000000 1.000000
vt 0.000000 0.000000
vt 1.000000 0.000000
vt 0.000000 1.000000
vt 0.000000 0.000000
vt 1.000000 0.000000
vt 0.000000 1.000000
vt 0.000000 0.000000
vt 1.000000 0.000000
vt 0.000000 1.000000
vt 0.000000 0.000000
vt 1.000000 0.000000
vt 0.000000 1.000000
vt 0.000000 0.000000
vt 1.000000 0.000000
vt 0.000000 1.000000
vt 0.000000 0.000000
vt 1.000000 0.000000
vt 0.000000 1.000000
vt 0.000000 0.000000
vt 1.000000 0.000000
vt 0.000000 1.000000
vt 0.000000 0.000000
vt 1.000000 0.000000
vt 0.000000 1.000000
vt 0.000000 0.000000
vt 1.000000 0.000000
vt 0.000000 1.000000
vt 0.000000 0.000000
vt 1.000000 0.000000
vt 0.000000 1.000000
vt 0.000000 0.000000
vt 1.000000 0.000000
vt 0.000000 1.000000
vt 0.000000 0.000000
vt 1.000000 0.000000
vt 0.000000 1.000000
vt 0.000000 0.000000
vt 1.000000 0.000000
vt 0.000000 1.000000
vt 0.000000 0.000000
vt 1.000000 0.000000
vt 0.000000 1.000000
vt 0.000000 0.000000
vt 1.000000 0.000000
vt 0.000000 1.000000
vt 0.000000 0.000000
vt 1.000000 0.000000
vt 0.000000 1.000000
vt 0.000000 0.000000
vt 1.000000 0.000000
vt 0.000000 1.000000
vt 0.000000 0.000000
vt 1.000000 0.000000
vt 0.000000 1.000000
vt 0.000000 0.000000
vt 1.000000 0.000000
vt 0.000000 1.000000
vt 0.000000 0.000000
vt 1.000000 0.000000
vt 0.000000 1.000000
vt 0.000000 0.000000
vt 1.000000 0.000000
vt 0.000000 1.000000
vt 0.000000 0.000000
vt 1.000000 0.000000
vt 0.000000 1.000000
vt 0.000000 0.000000
vt 1.000000 0.000000
vt 0.000000 1.000000
vt 0.000000 0.000000
vt 1.000000 0.000000
vt 0.000000 1.000000
vt 0.000000 0.000000
vt 1.000000 0.000000
vt 0.000000 1.000000
vt 0.000000 0.000000
vt 1.000000 0.000000
vt 0.000000 1.000000
vt 0.000000 0.000000
vt 1.000000 0.000000
vt 0.000000 1.000000
vt 0.000000 0.000000
vt 1.000000 0.000000
vt 0.000000 1.000000
vt 0.000000 0.000000
vt 1.000000 0.000000
vt 0.000000 1.000000
vt 0.000000 0.000000
vt 1.000000 0.000000
vt 0.000000 1.000000
vt 0.000000 0.000000
vt 1.000000 0.000000
vt 0.000000 1.000000
vt 0.000000 0.000000
vt 1.000000 0.000000
vt 0.000000 1.000000
vt 0.000000 0.000000
vt 1.000000 0.000000
vt 0.000000 1.000000
vt 0.000000 0.000000
vt 1.000000 0.000000
vt 0.000000 1.000000
vt 0.000000 0.000000
vt 1.000000 0.000000
vt 0.000000 1.000000
vt 0.000000 0.000000
vt 1.000000 0.000000
vt 0.000000 1.000000
vt 0.000000 0.000000
vt 1.000000 0.000000
vt 0.000000 1.000000
vt 0.000000 0.000000
vt 1.000000 0.000000
vt 0.000000 1.000000
vt 0.000000 0.000000
vt 1.000000 0.000000
vt 0.000000 1.000000
vt 0.000000 0.000000
vt 1.000000 0.000000
vt 0.000000 1.000000
vt 0.000000 0.000000
vt 1.000000 0.000000
vt 0.000000 1.000000
vt 0.000000 0.000000
vt 1.000000 0.000000
vt 0.000000 1.000000
vt 0.000000 0.000000
vt 1.000000 0.000000
vt 0.000000 1.000000
vt 0.000000 0.000000
vt 1.000000 0.000000
vt 0.000000 1.000000
vt 0.000000 0.000000
vt 1.000000 0.000000
vt 0.000000 1.000000
vt 0.000000 0.000000
vt 1.000000 0.000000
vt 0.000000 1.000000
vt 0.000000 0.000000
vt 1.000000 0.000000
vt 0.000000 1.000000
vt 0.000000 0.000000
vt 1.000000 0.000000
vt 0.000000 1.000000
vt 0.000000 0.000000
vt 1.000000 0.000000
vt 0.000000 1.000000
vt 0.000000 0.000000
vt 1.000000 0.000000
vt 0.000000 1.000000
vt 0.000000 0.000000
vt 1.000000 0.000000
vt 0.000000 1.000000
vt 0.000000 0.000000
vt 1.000000 0.000000
vt 0.000000 1.000000
vt 0.000000 0.000000
vt 1.000000 0.000000
vt 0.000000 1.000000
vt 0.000000 0.000000
vt 1.000000 0.000000
vt 0.000000 1.000000
vt 0.000000 0.000000
vt 1.000000 0.000000
vt 0.000000 1.000000
vt 0.000000 0.000000
vt 1.000000 0.000000
vt 0.000000 1.000000
vt 0.000000 0.000000
vt 1.000000 0.000000
vt 0.000000 1.000000
vt 0.000000 0.000000
vt 1.000000 0.000000
vt 0.000000 1.000000
vt 0.000000 0.000000
vt 1.000000 0.000000
vt 0.000000 1.000000
vt 0.000000 0.000000
vt 1.000000 0.000000
vt 0.000000 1.000000
vt 0.000000 0.000000
vt 1.000000 0.000000
vt 0.000000 1.000000
vt 0.000000 0.000000
vt 1.000000 0.000000
vt 0.000000 1.000000
vt 0.000000 0.000000
vt 1.000000 0.000000
vt 0.000000 1.000000
vt 0.000000 0.000000
vt 1.000000 0.000000
vt 0.000000 1.000000
vt 0.000000 0.000000
vt 1.000000 0.000000
vt 0.000000 1.000000
vt 0.000000 0.000000
vt 1.000000 0.000000
vt 0.000000 1.000000
vt 0.000000 0.000000
vt 1.000000 0.000000
vt 0.000000 1.000000
vt 0.000000 0.000000
vt 1.000000 0.000000
vt 0.000000 1.000000
vt 0.000000 0.000000
vt 1.000000 0.000000
vt 0.000000 1.000000
vt 0.000000 0.000000
vt 1.000000 0.000000
vt 0.000000 1.000000
vt 0.000000 0.000000
vt 1.000000 0.000000
vt 0.000000 1.000000
vt 0.000000 0.000000
vt 1.000000 0.000000
vt 0.000000 1.000000
vt 0.000000 0.000000
vt 1.000000 0.000000
vt 0.000000 1.000000
vt 0.000000 0.000000
vt 1.000000 0.000000
vt 0.000000 1.000000
vt 0.000000 0.000000
vt 1.000000 0.000000
vt 0.000000 1.000000
vt 0.000000 0.000000
vt 1.000000 0.000000
vt 0.000000 1.000000
vt 0.000000 0.000000
vt 1.000000 0.000000
vt 0.000000 1.000000
vt 0.000000 0.000000
vt 1.000000 0.000000
vt 0.000000 1.000000
vt 0.000000 0.000000
vt 1.000000 0.000000
vt 0.000000 1.000000
vt 0.000000 0.000000
vt 1.000000 0.000000
vt 0.000000 1.000000
vt 0.000000 0.000000
vt 1.000000 0.000000
vt 0.000000 1.000000
vt 0.000000 0.000000
vt 1.000000 0.000000
vt 0.000000 1.000000
vt 0.000000 0.000000
vt 1.000000 0.000000
vt 0.000000 1.000000
vt 0.000000 0.000000
vt 1.000000 0.000000
vt 0.000000 1.000000
vt 0.000000 0.000000
vt 1.000000 0.000000
vt 0.000000 1.000000
vt 0.000000 0.000000
vt 1.000000 0.000000
vt 0.000000 1.000000
vt 0.000000 0.000000
vt 1.000000 0.000000
vt 0.000000 1.000000
vt 0.000000 0.000000
vt 1.000000 0.000000
vt 0.000000 1.000000
vt 0.000000 0.000000
vt 1.000000 0.000000
vt 0.000000 1.000000
vt 0.000000 0.000000
vt 1.000000 0.000000
vt 0.000000 1.000000
vt 0.000000 0.000000
vt 1.000000 0.000000
vt 0.000000 1.000000
vt 0.000000 0.000000
vt 1.000000 0.000000
vt 0.000000 1.000000
vt 0.000000 0.000000
vt 1.000000 0.000000
vt 0.000000 1.000000
vt 0.000000 0.000000
vt 1.000000 0.000000
vt 0.000000 1.000000
vt 0.000000 0.000000
vt 1.000000 0.000000
vt 0.000000 1.000000
vt 0.000000 0.000000
vt 1.000000 0.000000
vt 0.000000 1.000000
vt 0.000000 0.000000
vt 1.000000 0.000000
vt 0.000000 1.000000
vt 0.000000 0.000000
vt 1.000000 0.000000
vt 0.000000 1.000000
vt 0.000000 0.000000
vt 1.000000 0.000000
vt 0.000000 1.000000
vt 0.000000 0.000000
vt 1.000000 0.000000
vt 0.000000 1.000000
vt 0.000000 0.000000
vt 1.000000 0.000000
vt 0.000000 1.000000
vt 0.000000 0.000000
vt 1.000000 0.000000
vt 0.000000 1.000000
vt 0.000000 0.000000
vt 1.000000 0.000000
vt 0.000000 1.000000
vt 0.000000 0.000000
vt 1.000000 0.000000
vt 0.000000 1.000000
vt 0.000000 0.000000
vt 1.000000 0.000000
vt 0.000000 1.000000
vt 0.000000 0.000000
vt 1.000000 0.000000
vt 0.000000 1.000000
vt 0.000000 0.000000
vt 1.000000 0.000000
vt 0.000000 1.000000
vt 0.000000 0.000000
vt 1.000000 0.000000
vt 0.000000 1.000000
vt 0.000000 0.000000
vt 1.000000 0.000000
vt 0.000000 1.000000
vt 0.000000 0.000000
vt 1.000000 0.000000
vt 0.000000 1.000000
vt 0.000000 0.000000
vt 1.000000 0.000000
vt 0.000000 1.000000
vt 0.000000 0.000000
vt 1.000000 0.000000
vt 0.000000 1.000000
vt 0.000000 0.000000
vt 1.000000 0.000000
vt 0.000000 1.000000
vt 0.000000 0.000000
vt 1.000000 0.000000
vt 0.000000 1.000000
vt 0.000000 0.000000
vt 1.000000 0.000000
vt 0.000000 1.000000
vt 0.000000 0.000000
vt 1.000000 0.000000
vt 0.000000 1.000000
vt 0.000000 0.000000
vt 1.000000 0.000000
vt 0.000000 1.000000
vt 0.000000 0.000000
vt 1.000000 0.000000
vt 0.000000 1.000000
vt 0.000000 0.000000
vt 1.000000 0.000000
vt 0.000000 1.000000
vt 0.000000 0.000000
vt 1.000000 0.000000
vt 0.000000 1.000000
vt 0.000000 0.000000
vt 1.000000 0.000000
vt 0.000000 1.000000
vt 0.000000 0.000000
vt 1.000000 0.000000
vt 0.000000 1.000000
vt 0.000000 0.000000
vt 1.000000 0.000000
vt 0.000000 1.000000
vt 0.000000 0.000000
vt 1.000000 0.000000
vt 0.000000 1.000000
vt 0.000000 0.000000
vt 1.000000 0.000000
vt 0.000000 1.000000
vt 0.000000 0.000000
vt 1.000000 0.000000
vt 0.000000 1.000000
vt 0.000000 0.000000
vt 1.000000 0.000000
vt 0.000000 1.000000
vt 0.000000 0.000000
vt 1.000000 0.000000
vt 0.000000 1.000000
vt 0.000000 0.000000
vt 1.000000 0.000000
vt 0.000000 1.000000
vt 0.000000 0.000000
vt 1.000000 0.000000
vt 0.000000 1.000000
vt 0.000000 0.000000
vt 1.000000 0.000000
vt 0.000000 1.000000
vt 0.000000 0.000000
vt 1.000000 0.000000
vt 0.000000 1.000000
vt 0.000000 0.000000
vt 1.000000 0.000000
vt 0.000000 1.000000
vt 0.000000 0.000000
vt 1.000000 0.000000
vt 0.000000 1.000000
vt 0.000000 0.000000
vt 1.000000 0.000000
vt 0.000000 1.000000
vt 0.000000 0.000000
vt 1.000000 0.000000
vt 0.000000 1.000000
vt 0.000000 0.000000
vt 1.000000 0.000000
vt 0.000000 1.000000
vt 0.000000 0.000000
vt 1.000000 0.000000
vt 0.000000 1.000000
vt 0.000000 0.000000
vt 1.000000 0.000000
vt 0.000000 1.000000
vt 0.000000 0.000000
vt 1.000000 0.000000
vt 0.000000 1.000000
vt 0.000000 0.000000
vt 1.000000 0.000000
vt 0.000000 1.000000
vt 0.000000 0.000000
vt 1.000000 0.000000
vt 0.000000 1.000000
vt 0.000000 0.000000
vt 1.000000 0.000000
vt 0.000000 1.000000
vt 0.000000 0.000000
vt 1.000000 0.000000
vt 0.000000 1.000000
vt 0.000000 0.000000
vt 1.000000 0.000000
vt 0.000000 1.000000
vt 0.000000 0.000000
vt 1.000000 0.000000
vt 0.000000 1.000000
vt 0.000000 0.000000
vt 1.000000 0.000000
vt 0.000000 1.000000
vt 0.000000 0.000000
vt 1.000000 0.000000
vt 0.000000 1.000000
vt 0.000000 0.000000
vt 1.000000 0.000000
vt 0.000000 1.000000
vt 0.000000 0.000000
vt 1.000000 0.000000
vt 0.000000 1.000000
vt 0.000000 0.000000
vt 1.000000 0.000000
vt 0.000000 1.000000
vt 0.000000 0.000000
vt 1.000000 0.000000
vt 0.000000 1.000000
vt 0.000000 0.000000
vt 1.000000 0.000000
vt 0.000000 1.000000
vt 0.000000 0.000000
vt 1.000000 0.000000
vt 0.000000 1.000000
vt 0.000000 0.000000
vt 1.000000 0.000000
vt 0.000000 1.000000
vt 0.000000 0.000000
vt 1.000000 0.000000
vt 0.000000 1.000000
vt 0.000000 0.000000
vt 1.000000 0.000000
vt 0.000000 1.000000
vt 0.000000 0.000000
vt 1.000000 0.000000
vt 0.000000 1.000000
vt 0.000000 0.000000
vt 1.000000 0.000000
vt 0.000000 1.000000
vt 0.000000 0.000000
vt 1.000000 0.000000
vt 0.000000 1.000000
vt 0.000000 0.000000
vt 1.000000 0.000000
vt 0.000000 1.000000
vt 0.000000 0.000000
vt 1.000000 0.000000
vt 0.000000 1.000000
vt 0.000000 0.000000
vt 1.000000 0.000000
vt 0.000000 1.000000
vt 0.000000 0.000000
vt 1.000000 0.000000
vt 0.000000 1.000000
vt 0.000000 0.000000
vt 1.000000 0.000000
vt 0.000000 1.000000
vt 0.000000 0.000000
vt 1.000000 0.000000
vt 0.000000 1.000000
vt 0.000000 0.000000
vt 1.000000 0.000000
vt 0.000000 1.000000
vt 0.000000 0.000000
vt 1.000000 0.000000
vt 0.000000 1.000000
vt 0.000000 0.000000
vt 1.000000 0.000000
vt 0.000000 1.000000
vt 0.000000 0.000000
vt 1.000000 0.000000
vt 0.000000 1.000000
vt 0.000000 0.000000
vt 1.000000 0.000000
vt 0.000000 1.000000
vt 0.000000 0.000000
vt 1.000000 0.000000
vt 0.000000 1.000000
vt 0.000000 0.000000
vt 1.000000 0.000000
vt 0.000000 1.000000
vt 0.000000 0.000000
vt 1.000000 0.000000
vt 0.000000 1.000000
vt 0.000000 0.000000
vt 1.000000 0.000000
vt 0.000000 1.000000
vt 0.000000 0.000000
vt 1.000000 0.000000
vt 0.000000 1.000000
vt 0.000000 0.000000
vt 1.000000 0.000000
vt 0.000000 1.000000
vt 0.000000 0.000000
vt 1.000000 0.000000
vt 0.000000 1.000000
vt 0.000000 0.000000
vt 1.000000 0.000000
vt 0.000000 1.000000
vt 0.000000 0.000000
vt 1.000000 0.000000
vt 0.000000 1.000000
vt 0.000000 0.000000
vt 1.000000 0.000000
vt 0.000000 1.000000
vt 0.000000 0.000000
vt 1.000000 0.000000
vt 0.000000 1.000000
vt 0.000000 0.000000
vt 1.000000 0.000000
vt 0.000000 1.000000
vt 0.000000 0.000000
vt 1.000000 0.000000
vt 0.000000 1.000000
vt 0.000000 0.000000
vt 1.000000 0.000000
vt 0.000000 1.000000
vt 0.000000 0.000000
vt 1.000000 0.000000
vt 0.000000 1.000000
vt 0.000000 0.000000
vt 1.000000 0.000000
vt 0.000000 1.000000
vt 0.000000 0.000000
vt 1.000000 0.000000
vt 0.000000 1.000000
vt 0.000000 0.000000
vt 1.000000 0.000000
vt 0.000000 1.000000
vt 0.000000 0.000000
vt 1.000000 0.000000
vt 0.000000 1.000000
vt 0.000000 0.000000
vt 1.000000 0.000000
vt 0.000000 1.000000
vt 0.000000 0.000000
vt 1.000000 0.000000
vt 0.000000 1.000000
vt 0.000000 0.000000
vt 1.000000 0.000000
vt 0.000000 1.000000
vt 0.000000 0.000000
vt 1.000000 0.000000
vt 0.000000 1.000000
vt 0.000000 0.000000
vt 1.000000 0.000000
vt 0.000000 1.000000
vt 0.000000 0.000000
vt 1.000000 0.000000
vt 0.000000 1.000000
vt 0.000000 0.000000
vt 1.000000 0.000000
vt 0.000000 1.000000
vt 0.000000 0.000000
vt 1.000000 0.000000
vt 0.000000 1.000000
vt 0.000000 0.000000
vt 1.000000 0.000000
vt 0.000000 1.000000
vt 0.000000 0.000000
vt 1.000000 0.000000
vt 0.000000 1.000000
vt 0.000000 0.000000
vt 1.000000 0.000000
vt 0.000000 1.000000
vt 0.000000 0.000000
vt 1.000000 0.000000
vt 0.000000 1.000000
vt 0.000000 0.000000
vt 1.000000 0.000000
vt 0.000000 1.000000
vt 0.000000 0.000000
vt 1.000000 0.000000
vt 0.000000 1.000000
vt 0.000000 0.000000
vt 1.000000 0.000000
vt 0.000000 1.000000
vt 0.000000 0.000000
vt 1.000000 0.000000
vt 0.000000 1.000000
vt 0.000000 0.000000
vt 1.000000 0.000000
vt 0.000000 1.000000
vt 0.000000 0.000000
vt 1.000000 0.000000
vt 0.000000 1.000000
vt 0.000000 0.000000
vt 1.000000 0.000000
vt 0.000000 1.000000
vt 0.000000 0.000000
vt 1.000000 0.000000
vt 0.000000 1.000000
vt 0.000000 0.000000
vt 1.000000 0.000000
vt 0.000000 1.000000
vt 0.000000 0.000000
vt 1.000000 0.000000
vt 0.000000 1.000000
vt 0.000000 0.000000
vt 1.000000 0.000000
vt 0.000000 1.000000
vt 0.000000 0.000000
vt 1.000000 0.000000
vt 0.000000 1.000000
vt 0.000000 0.000000
vt 1.000000 0.000000
vt 0.000000 1.000000
vt 0.000000 0.000000
vt 1.000000 0.000000
vt 0.000000 1.000000
vt 0.000000 0.000000
vt 1.000000 0.000000
vt 0.000000 1.000000
vt 0.000000 0.000000
vt 1.000000 0.000000
vt 0.000000 1.000000
vt 0.000000 0.000000
vt 1.000000 0.000000
vt 0.000000 1.000000
vt 0.000000 0.000000
vt 1.000000 0.000000
vt 0.000000 1.000000
vt 0.000000 0.000000
vt 1.000000 0.000000
vt 0.000000 1.000000
vt 0.000000 0.000000
vt 1.000000 0.000000
vt 0.000000 1.000000
vt 0.000000 0.000000
vt 1.000000 0.000000
vt 0.000000 1.000000
vt 0.000000 0.000000
vt 1.000000 0.000000
vt 0.000000 1.000000
vt 0.000000 0.000000
vt 1.000000 0.000000
vt 0.000000 1.000000
vt 0.000000 0.000000
vt 1.000000 0.000000
vt 0.000000 1.000000
vt 0.000000 0.000000
vt 1.000000 0.000000
vt 0.000000 1.000000
vt 0.000000 0.000000
vt 1.000000 0.000000
vt 0.000000 1.000000
vt 0.000000 0.000000
vt 1.000000 0.000000
vt 0.000000 1.000000
vt 0.000000 0.000000
vt 1.000000 0.000000
vt 0.000000 1.000000
vt 0.000000 0.000000
vt 1.000000 0.000000
vt 0.000000 1.000000
vt 0.000000 0.000000
vt 1.000000 0.000000
vt 0.000000 1.000000
vt 0.000000 0.000000
vt 1.000000 0.000000
vt 0.000000 1.000000
vt 0.000000 0.000000
vt 1.000000 0.000000
vt 0.000000 1.000000
vt 0.000000 0.000000
vt 1.000000 0.000000
vt 0.000000 1.000000
vt 0.000000 0.000000
vt 1.000000 0.000000
vt 0.000000 1.000000
vt 0.000000 0.000000
vt 1.000000 0.000000
vt 0.000000 1.000000
vt 0.000000 0.000000
vt 1.000000 0.000000
vt 0.000000 1.000000
vt 0.000000 0.000000
vt 1.000000 0.000000
vt 0.000000 1.000000
vt 0.000000 0.000000
vt 1.000000 0.000000
vt 0.000000 1.000000
vt 0.000000 0.000000
vt 1.000000 0.000000
vt 0.000000 1.000000
vt 0.000000 0.000000
vt 1.000000 0.000000
vt 0.000000 1.000000
vt 0.000000 0.000000
vt 1.000000 0.000000
vt 0.000000 1.000000
vt 0.000000 0.000000
vt 1.000000 0.000000
vt 0.000000 1.000000
vt 0.000000 0.000000
vt 1.000000 0.000000
vt 0.000000 1.000000
vt 0.000000 0.000000
vt 1.000000 0.000000
vt 0.000000 1.000000
vt 0.000000 0.000000
vt 1.000000 0.000000
vt 0.000000 1.000000
vt 0.000000 0.000000
vt 1.000000 0.000000
vt 0.000000 1.000000
vt 0.000000 0.000000
vt 1.000000 0.000000
vt 0.000000 1.000000
vt 0.000000 0.000000
vt 1.000000 0.000000
vt 0.000000 1.000000
vt 0.000000 0.000000
vt 1.000000 0.000000
vt 0.000000 1.000000
vt 0.000000 0.000000
vt 1.000000 0.000000
vt 0.000000 1.000000
vt 0.000000 0.000000
vt 1.000000 0.000000
vt 0.000000 1.000000
vt 0.000000 0.000000
vt 1.000000 0.000000
vt 0.000000 1.000000
vt 0.000000 0.000000
vt 1.000000 0.000000
vt 0.000000 1.000000
vt 0.000000 0.000000
vt 1.000000 0.000000
vt 0.000000 1.000000
vt 0.000000 0.000000
vt 1.000000 0.000000
vt 0.000000 1.000000
vt 0.000000 0.000000
vt 1.000000 0.000000
vt 0.000000 1.000000
vt 0.000000 0.000000
vt 1.000000 0.000000
vt 0.000000 1.000000
vt 0.000000 0.000000
vt 1.000000 0.000000
vt 0.000000 1.000000
vt 0.000000 0.000000
vt 1.000000 0.000000
vt 0.000000 1.000000
vt 0.000000 0.000000
vt 1.000000 0.000000
vt 0.000000 1.000000
vt 0.000000 0.000000
vt 1.000000 0.000000
vt 0.000000 1.000000
vt 0.000000 0.000000
vt 1.000000 0.000000
vt 0.000000 1.000000
vt 0.000000 0.000000
vt 1.000000 0.000000
vt 0.000000 1.000000
vt 0.000000 0.000000
vt 1.000000 0.000000
vt 0.000000 1.000000
vt 0.000000 0.000000
vt 1.000000 0.000000
vt 0.000000 1.000000
vt 0.000000 0.000000
vt 1.000000 0.000000
vt 0.000000 1.000000
vt 0.000000 0.000000
vt 1.000000 0.000000
vt 0.000000 1.000000
vt 0.000000 0.000000
vt 1.000000 0.000000
vt 0.000000 1.000000
vt 0.000000 0.000000
vt 1.000000 0.000000
vt 0.000000 1.000000
vt 0.000000 0.000000
vt 1.000000 0.000000
vt 0.000000 1.000000
vt 0.000000 0.000000
vt 1.000000 0.000000
vt 0.000000 1.000000
vt 0.000000 0.000000
vt 1.000000 0.000000
vt 0.000000 1.000000
vt 0.000000 0.000000
vt 1.000000 0.000000
vt 0.000000 1.000000
vt 0.000000 0.000000
vt 1.000000 0.000000
vt 0.000000 1.000000
vt 0.000000 0.000000
vt 1.000000 0.000000
vt 0.000000 1.000000
vt 0.000000 0.000000
vt 1.000000 0.000000
vt 0.000000 1.000000
vt 0.000000 0.000000
vt 1.000000 0.000000
vt 0.000000 1.000000
vt 0.000000 0.000000
vt 1.000000 0.000000
vt 0.000000 1.000000
vt 0.000000 0.000000
vt 1.000000 0.000000
vt 0.000000 1.000000
vt 0.000000 0.000000
vt 1.000000 0.000000
vt 0.000000 1.000000
vt 0.000000 0.000000
vt 1.000000 0.000000
vt 0.000000 1.000000
vt 0.000000 0.000000
vt 1.000000 0.000000
vt 0.000000 1.000000
vt 0.000000 0.000000
vt 1.000000 0.000000
vt 0.000000 1.000000
vt 0.000000 0.000000
vt 1.000000 0.000000
vt 0.000000 1.000000
vt 0.000000 0.000000
vt 1.000000 0.000000
vt 0.000000 1.000000
vt 0.000000 0.000000
vt 1.000000 0.000000
vt 0.000000 1.000000
vt 0.000000 0.000000
vt 1.000000 0.000000
vt 0.000000 1.000000
vt 0.000000 0.000000
vt 1.000000 0.000000
vt 0.000000 1.000000
vt 0.000000 0.000000
vt 1.000000 0.000000
vt 0.000000 1.000000
vt 0.000000 0.000000
vt 1.000000 0.000000
vt 0.000000 1.000000
vt 0.000000 0.000000
vt 1.000000 0.000000
vt 0.000000 1.000000
vt 0.000000 0.000000
vt 1.000000 0.000000
vt 0.000000 1.000000
vt 0.000000 0.000000
vt 1.000000 0.000000
vt 0.000000 1.000000
vt 0.000000 0.000000
vt 1.000000 0.000000
vt 0.000000 1.000000
vt 0.000000 0.000000
vt 1.000000 0.000000
vt 0.000000 1.000000
vt 0.000000 0.000000
vt 1.000000 0.000000
vt 0.000000 1.000000
vt 0.000000 0.000000
vt 1.000000 0.000000
vt 0.000000 1.000000
vt 0.000000 0.000000
vt 1.000000 0.000000
vt 0.000000 1.000000
vt 0.000000 0.000000
vt 1.000000 0.000000
vt 0.000000 1.000000
vt 0.000000 0.000000
vt 1.000000 0.000000
vt 0.000000 1.000000
vt 0.000000 0.000000
vt 1.000000 0.000000
vt 0.000000 1.000000
vt 0.000000 0.000000
vt 1.000000 0.000000
vt 0.000000 1.000000
vt 0.000000 0.000000
vt 1.000000 0.000000
vt 0.000000 1.000000
vt 0.000000 0.000000
vt 1.000000 0.000000
vt 0.000000 1.000000
vt 0.000000 0.000000
vt 1.000000 0.000000
vt 0.000000 1.000000
vt 0.000000 0.000000
vt 1.000000 0.000000
vt 0.000000 1.000000
vt 0.000000 0.000000
vt 1.000000 0.000000
vt 0.000000 1.000000
vt 0.000000 0.000000
vt 1.000000 0.000000
vt 0.000000 1.000000
vt 0.000000 0.000000
vt 1.000000 0.000000
vt 0.000000 1.000000
vt 0.000000 0.000000
vt 1.000000 0.000000
vt 0.000000 1.000000
vt 0.000000 0.000000
vt 1.000000 0.000000
vt 0.000000 1.000000
vt 0.000000 0.000000
vt 1.000000 0.000000
vt 0.000000 1.000000
vt 0.000000 0.000000
vt 1.000000 0.000000
vt 0.000000 1.000000
vt 0.000000 0.000000
vt 1.000000 0.000000
vt 0.000000 1.000000
vt 0.000000 0.000000
vt 1.000000 0.000000
vt 0.000000 1.000000
vt 0.000000 0.000000
vt 1.000000 0.000000
vt 0.000000 1.000000
vt 0.000000 0.000000
vt 1.000000 0.000000
vt 0.000000 1.000000
vt 0.000000 0.000000
vt 1.000000 0.000000
vt 0.000000 1.000000
vt 0.000000 0.000000
vt 1.000000 0.000000
vt 0.000000 1.000000
vt 0.000000 0.000000
vt 1.000000 0.000000
vt 0.000000 1.000000
vt 0.000000 0.000000
vt 1.000000 0.000000
vt 0.000000 1.000000
vt 0.000000 0.000000
vt 1.000000 0.000000
vt 0.000000 1.000000
vt 0.000000 0.000000
vt 1.000000 0.000000
vt 0.000000 1.000000
vt 0.000000 0.000000
vt 1.000000 0.000000
vt 0.000000 1.000000
vt 0.000000 0.000000
vt 1.000000 0.000000
vt 0.000000 1.000000
vt 0.000000 0.000000
vt 1.000000 0.000000
vt 0.000000 1.000000
vt 0.000000 0.000000
vt 1.000000 0.000000
vt 0.000000 1.000000
vt 0.000000 0.000000
vt 1.000000 0.000000
vt 0.000000 1.000000
vt 0.000000 0.000000
vt 1.000000 0.000000
vt 0.000000 1.000000
vt 0.000000 0.000000
vt 1.000000 0.000000
vt 0.000000 1.000000
vt 0.000000 0.000000
vt 1.000000 0.000000
vt 0.000000 1.000000
vt 0.000000 0.000000
vt 1.000000 0.000000
vt 0.000000 1.000000
vt 0.000000 0.000000
vt 1.000000 0.000000
vt 0.000000 1.000000
vt 0.000000 0.000000
vt 1.000000 0.000000
vt 0.000000 1.000000
vt 0.000000 0.000000
vt 1.000000 0.000000
vt 0.000000 1.000000
vt 0.000000 0.000000
vt 1.000000 0.000000
vt 0.000000 1.000000
vt 0.000000 0.000000
vt 1.000000 0.000000
vt 0.000000 1.000000
vt 0.000000 0.000000
vt 1.000000 0.000000
vt 0.000000 1.000000
vt 0.000000 0.000000
vt 1.000000 0.000000
vt 0.000000 1.000000
vt 0.000000 0.000000
vt 1.000000 0.000000
vt 0.000000 1.000000
vt 0.000000 0.000000
vt 1.000000 0.000000
vt 0.000000 1.000000
vt 0.000000 0.000000
vt 1.000000 0.000000
vt 0.000000 1.000000
vt 0.000000 0.000000
vt 1.000000 0.000000
vt 0.000000 1.000000
vt 0.000000 0.000000
vt 1.000000 0.000000
vt 0.000000 1.000000
vt 0.000000 0.000000
vt 1.000000 0.000000
vt 0.000000 1.000000
vt 0.000000 0.000000
vt 1.000000 0.000000
vt 0.000000 1.000000
vt 0.000000 0.000000
vt 1.000000 0.000000
vt 0.000000 1.000000
vt 0.000000 0.000000
vt 1.000000 0.000000
vt 0.000000 1.000000
vt 0.000000 0.000000
vt 1.000000 0.000000
vt 0.000000 1.000000
vt 0.000000 0.000000
vt 1.000000 0.000000
vt 0.000000 1.000000
vt 0.000000 0.000000
vt 1.000000 0.000000
vt 0.000000 1.000000
vt 0.000000 0.000000
vt 1.000000 0.000000
vt 0.000000 1.000000
vt 0.000000 0.000000
vt 1.000000 0.000000
vt 0.000000 1.000000
vt 0.000000 0.000000
vt 1.000000 0.000000
vt 0.000000 1.000000
vt 0.000000 0.000000
vt 1.000000 0.000000
vt 0.000000 1.000000
vt 0.000000 0.000000
vt 1.000000 0.000000
vt 0.000000 1.000000
vt 0.000000 0.000000
vt 1.000000 0.000000
vt 0.000000 1.000000
vt 0.000000 0.000000
vt 1.000000 0.000000
vt 0.000000 1.000000
vt 0.000000 0.000000
vt 1.000000 0.000000
vt 0.000000 1.000000
vt 0.000000 0.000000
vt 1.000000 0.000000
vt 0.000000 1.000000
vt 0.000000 0.000000
vt 1.000000 0.000000
vt 0.000000 1.000000
vt 0.000000 0.000000
vt 1.000000 0.000000
vt 0.000000 1.000000
vt 0.000000 0.000000
vt 1.000000 0.000000
vt 0.000000 1.000000
vt 0.000000 0.000000
vt 1.000000 0.000000
vt 0.000000 1.000000
vt 0.000000 0.000000
vt 1.000000 0.000000
vt 0.000000 1.000000
vt 0.000000 0.000000
vt 1.000000 0.000000
vt 0.000000 1.000000
vt 0.000000 0.000000
vt 1.000000 0.000000
vt 0.000000 1.000000
vt 0.000000 0.000000
vt 1.000000 0.000000
vt 0.000000 1.000000
vt 0.000000 0.000000
vt 1.000000 0.000000
vt 0.000000 1.000000
vt 0.000000 0.000000
vt 1.000000 0.000000
vt 0.000000 1.000000
vt 0.000000 0.000000
vt 1.000000 0.000000
vt 0.000000 1.000000
vt 0.000000 0.000000
vt 1.000000 0.000000
vt 0.000000 1.000000
vt 0.000000 0.000000
vt 1.000000 0.000000
vt 0.000000 1.000000
vt 0.000000 0.000000
vt 1.000000 0.000000
vt 0.000000 1.000000
vt 0.000000 0.000000
vt 1.000000 0.000000
vt 0.000000 1.000000
vt 0.000000 0.000000
vt 1.000000 0.000000
vt 0.000000 1.000000
vt 0.000000 0.000000
vt 1.000000 0.000000
vt 0.000000 1.000000
vt 0.000000 0.000000
vt 1.000000 0.000000
vt 0.000000 1.000000
vt 0.000000 0.000000
vt 1.000000 0.000000
vt 0.000000 1.000000
vt 0.000000 0.000000
vt 1.000000 0.000000
vt 0.000000 1.000000
vt 0.000000 0.000000
vt 1.000000 0.000000
vt 0.000000 1.000000
vt 0.000000 0.000000
vt 1.000000 0.000000
vt 0.000000 1.000000
vt 0.000000 0.000000
vt 1.000000 0.000000
vt 0.000000 1.000000
vt 0.000000 0.000000
vt 1.000000 0.000000
vt 0.000000 1.000000
vt 0.000000 0.000000
vt 1.000000 0.000000
vt 0.000000 1.000000
vt 0.000000 0.000000
vt 1.000000 0.000000
vt 0.000000 1.000000
vt 0.000000 0.000000
vt 1.000000 0.000000
vt 0.000000 1.000000
vt 0.000000 0.000000
vt 1.000000 0.000000
vt 0.000000 1.000000
vt 0.000000 0.000000
vt 1.000000 0.000000
vt 0.000000 1.000000
vt 0.000000 0.000000
vt 1.000000 0.000000
vt 0.000000 1.000000
vt 0.000000 0.000000
vt 1.000000 0.000000
vt 0.000000 1.000000
vt 0.000000 0.000000
vt 1.000000 0.000000
vt 0.000000 1.000000
vt 0.000000 0.000000
vt 1.000000 0.000000
vt 0.000000 1.000000
vt 0.000000 0.000000
vt 1.000000 0.000000
vt 0.000000 1.000000
vt 0.000000 0.000000
vt 1.000000 0.000000
vt 0.000000 1.000000
vt 0.000000 0.000000
vt 1.000000 0.000000
vt 0.000000 1.000000
vt 0.000000 0.000000
vt 1.000000 0.000000
vt 0.000000 1.000000
vt 0.000000 0.000000
vt 1.000000 0.000000
vt 0.000000 1.000000
vt 0.000000 0.000000
vt 1.000000 0.000000
vt 0.000000 1.000000
vt 0.000000 0.000000
vt 1.000000 0.000000
vt 0.000000 1.000000
vt 0.000000 0.000000
vt 1.000000 0.000000
vt 0.000000 1.000000
vt 0.000000 0.000000
vt 1.000000 0.000000
vt 0.000000 1.000000
vt 0.000000 0.000000
vt 1.000000 0.000000
vt 0.000000 1.000000
vt 0.000000 0.000000
vt 1.000000 0.000000
vt 0.000000 1.000000
vt 0.000000 0.000000
vt 1.000000 0.000000
vt 0.000000 1.000000
vt 0.000000 0.000000
vt 1.000000 0.000000
vt 0.000000 1.000000
vt 0.000000 0.000000
vt 1.000000 0.000000
vt 0.000000 1.000000
vt 0.000000 0.000000
vt 1.000000 0.000000
vt 0.000000 1.000000
vt 0.000000 0.000000
vt 1.000000 0.000000
vt 0.000000 1.000000
vt 0.000000 0.000000
vt 1.000000 0.000000
vt 0.000000 1.000000
vt 0.000000 0.000000
vt 1.000000 0.000000
vt 0.000000 1.000000
vt 0.000000 0.000000
vt 1.000000 0.000000
vt 0.000000 1.000000
vt 0.000000 0.000000
vt 1.000000 0.000000
vt 0.000000 1.000000
vt 0.000000 0.000000
vt 1.000000 0.000000
vt 0.000000 1.000000
vt 0.000000 0.000000
vt 1.000000 0.000000
vt 0.000000 1.000000
vt 0.000000 0.000000
vt 1.000000 0.000000
vt 0.000000 1.000000
vt 0.000000 0.000000
vt 1.000000 0.000000
vt 0.000000 1.000000
vt 0.000000 0.000000
vt 1.000000 0.000000
vt 0.000000 1.000000
vt 0.000000 0.000000
vt 1.000000 0.000000
vt 0.000000 1.000000
vt 0.000000 0.000000
vt 1.000000 0.000000
vt 0.000000 1.000000
vt 0.000000 0.000000
vt 1.000000 0.000000
vt 0.000000 1.000000
vt 0.000000 0.000000
vt 1.000000 0.000000
vt 0.000000 1.000000
vt 0.000000 0.000000
vt 1.000000 0.000000
vt 0.000000 1.000000
vt 0.000000 0.000000
vt 1.000000 0.000000
vt 0.000000 1.000000
vt 0.000000 0.000000
vt 1.000000 0.000000
vt 0.000000 1.000000
vt 0.000000 0.000000
vt 1.000000 0.000000
vt 0.000000 1.000000
vt 0.000000 0.000000
vt 1.000000 0.000000
vt 0.000000 1.000000
vt 0.000000 0.000000
vt 1.000000 0.000000
vt 0.000000 1.000000
vt 0.000000 0.000000
vt 1.000000 0.000000
vt 0.000000 1.000000
vt 0.000000 0.000000
vt 1.000000 0.000000
vt 0.000000 1.000000
vt 0.000000 0.000000
vt 1.000000 0.000000
vt 0.000000 1.000000
vt 0.000000 0.000000
vt 1.000000 0.000000
vt 0.000000 1.000000
vt 0.000000 0.000000
vt 1.000000 0.000000
vt 0.000000 1.000000
vt 0.000000 0.000000
vt 1.000000 0.000000
vt 0.000000 1.000000
vt 0.000000 0.000000
vt 1.000000 0.000000
vt 0.000000 1.000000
vt 0.000000 0.000000
vt 1.000000 0.000000
vt 0.000000 1.000000
vt 0.000000 0.000000
vt 1.000000 0.000000
vt 0.000000 1.000000
vt 0.000000 0.000000
vt 1.000000 0.000000
vt 0.000000 1.000000
vt 0.000000 0.000000
vt 1.000000 0.000000
vt 0.000000 1.000000
vt 0.000000 0.000000
vt 1.000000 0.000000
vt 0.000000 1.000000
vt 0.000000 0.000000
vt 1.000000 0.000000
vt 0.000000 1.000000
vt 0.000000 0.000000
vt 1.000000 0.000000
vt 0.000000 1.000000
vt 0.000000 0.000000
vt 1.000000 0.000000
vt 0.000000 1.000000
vt 0.000000 0.000000
vt 1.000000 0.000000
vt 0.000000 1.000000
vt 0.000000 0.000000
vt 1.000000 0.000000
vt 0.000000 1.000000
vt 0.000000 0.000000
vt 1.000000 0.000000
vt 0.000000 1.000000
vt 0.000000 0.000000
vt 1.000000 0.000000
vt 0.000000 1.000000
vt 0.000000 0.000000
vt 1.000000 0.000000
vt 0.000000 1.000000
vt 0.000000 0.000000
vt 1.000000 0.000000
vt 0.000000 1.000000
vt 0.000000 0.000000
vt 1.000000 0.000000
vt 0.000000 1.000000
vt 0.000000 0.000000
vt 1.000000 0.000000
vt 0.000000 1.000000
vt 0.000000 0.000000
vt 1.000000 0.000000
vt 0.000000 1.000000
vt 0.000000 0.000000
vt 1.000000 0.000000
vt 0.000000 1.000000
vt 0.000000 0.000000
vt 1.000000 0.000000
vt 0.000000 1.000000
vt 0.000000 0.000000
vt 1.000000 0.000000
vt 0.000000 1.000000
vt 0.000000 0.000000
vt 1.000000 0.000000
vt 0.000000 1.000000
vt 0.000000 0.000000
vt 1.000000 0.000000
vt 0.000000 1.000000
vt 0.000000 0.000000
vt 1.000000 0.000000
vt 0.000000 1.000000
vt 0.000000 0.000000
vt 1.000000 0.000000
vt 0.000000 1.000000
vt 0.000000 0.000000
vt 1.000000 0.000000
vt 0.000000 1.000000
vt 0.000000 0.000000
vt 1.000000 0.000000
vt 0.000000 1.000000
vt 0.000000 0.000000
vt 1.000000 0.000000
vt 0.000000 1.000000
vt 0.000000 0.000000
vt 1.000000 0.000000
vt 0.000000 1.000000
vt 0.000000 0.000000
vt 1.000000 0.000000
vt 0.000000 1.000000
vt 0.000000 0.000000
vt 1.000000 0.000000
vt 0.000000 1.000000
vt 0.000000 0.000000
vt 1.000000 0.000000
vt 0.000000 1.000000
vt 0.000000 0.000000
vt 1.000000 0.000000
vt 0.000000 1.000000
vt 0.000000 0.000000
vt 1.000000 0.000000
vt 0.000000 1.000000
vt 0.000000 0.000000
vt 1.000000 0.000000
vt 0.000000 1.000000
vt 0.000000 0.000000
vt 1.000000 0.000000
vt 0.000000 1.000000
vt 0.000000 0.000000
vt 1.000000 0.000000
vt 0.000000 1.000000
vt 0.000000 0.000000
vt 1.000000 0.000000
vt 0.000000 1.000000
vt 0.000000 0.000000
vt 1.000000 0.000000
vt 0.000000 1.000000
vt 0.000000 0.000000
vt 1.000000 0.000000
vt 0.000000 1.000000
vt 0.000000 0.000000
vt 1.000000 0.000000
vt 0.000000 1.000000
vt 0.000000 0.000000
vt 1.000000 0.000000
vt 0.000000 1.000000
vt 0.000000 0.000000
vt 1.000000 0.000000
vt 0.000000 1.000000
vt 0.000000 0.000000
vt 1.000000 0.000000
vt 0.000000 1.000000
vt 0.000000 0.000000
vt 1.000000 0.000000
vt 0.000000 1.000000
vt 0.000000 0.000000
vt 1.000000 0.000000
vt 0.000000 1.000000
vt 0.000000 0.000000
vt 1.000000 0.000000
vt 0.000000 1.000000
vt 0.000000 0.000000
vt 1.000000 0.000000
vt 0.000000 1.000000
vt 0.000000 0.000000
vt 1.000000 0.000000
vt 0.000000 1.000000
vt 0.000000 0.000000
vt 1.000000 0.000000
vt 0.000000 1.000000
vt 0.000000 0.000000
vt 1.000000 0.000000
vt 0.000000 1.000000
vt 0.000000 0.000000
vt 1.000000 0.000000
vt 0.000000 1.000000
vt 0.000000 0.000000
vt 1.000000 0.000000
vt 0.000000 1.000000
vt 0.000000 0.000000
vt 1.000000 0.000000
vt 0.000000 1.000000
vt 0.000000 0.000000
vt 1.000000 0.000000
vt 0.000000 1.000000
vt 0.000000 0.000000
vt 1.000000 0.000000
vt 0.000000 1.000000
vt 0.000000 0.000000
vt 1.000000 0.000000
vt 0.000000 1.000000
vt 0.000000 0.000000
vt 1.000000 0.000000
vt 0.000000 1.000000
vt 0.000000 0.000000
vt 1.000000 0.000000
vt 0.000000 1.000000
vt 0.000000 0.000000
vt 1.000000 0.000000
vt 0.000000 1.000000
vt 0.000000 0.000000
vt 1.000000 0.000000
vt 0.000000 1.000000
vt 0.000000 0.000000
vt 1.000000 0.000000
vt 0.000000 1.000000
vt 0.000000 0.000000
vt 1.000000 0.000000
vt 0.000000 1.000000
vt 0.000000 0.000000
vt 1.000000 0.000000
vt 0.000000 1.000000
vt 0.000000 0.000000
vt 1.000000 0.000000
vt 0.000000 1.000000
vt 0.000000 0.000000
vt 1.000000 0.000000
vt 0.000000 1.000000
vt 0.000000 0.000000
vt 1.000000 0.000000
vt 0.000000 1.000000
vt 0.000000 0.000000
vt 1.000000 0.000000
vt 0.000000 1.000000
vt 0.000000 0.000000
vt 1.000000 0.000000
vt 0.000000 1.000000
vt 0.000000 0.000000
vt 1.000000 0.000000
vt 0.000000 1.000000
vt 0.000000 0.000000
vt 1.000000 0.000000
vt 0.000000 1.000000
vt 0.000000 0.000000
vt 1.000000 0.000000
vt 0.000000 1.000000
vt 0.000000 0.000000
vt 1.000000 0.000000
vt 0.000000 1.000000
vt 0.000000 0.000000
vt 1.000000 0.000000
vt 0.000000 1.000000
vt 0.000000 0.000000
vt 1.000000 0.000000
vt 0.000000 1.000000
vt 0.000000 0.000000
vt 1.000000 0.000000
vt 0.000000 1.000000
vt 0.000000 0.000000
vt 1.000000 0.000000
vt 0.000000 1.000000
vt 0.000000 0.000000
vt 1.000000 0.000000
vt 0.000000 1.000000
vt 0.000000 0.000000
vt 1.000000 0.000000
vt 0.000000 1.000000
vt 0.000000 0.000000
vt 1.000000 0.000000
vt 0.000000 1.000000
vt 0.000000 0.000000
vt 1.000000 0.000000
vt 0.000000 1.000000
vt 0.000000 0.000000
vt 1.000000 0.000000
vt 0.000000 1.000000
vt 0.000000 0.000000
vt 1.000000 0.000000
vt 0.000000 1.000000
vt 0.000000 0.000000
vt 1.000000 0.000000
vt 0.000000 1.000000
vt 0.000000 0.000000
vt 1.000000 0.000000
vt 0.000000 1.000000
vt 0.000000 0.000000
vt 1.000000 0.000000
vt 0.000000 1.000000
vt 0.000000 0.000000
vt 1.000000 0.000000
vt 0.000000 1.000000
vt 0.000000 0.000000
vt 1.000000 0.000000
vt 0.000000 1.000000
vt 0.000000 0.000000
vt 1.000000 0.000000
vt 0.000000 1.000000
vt 0.000000 0.000000
vt 1.000000 0.000000
vt 0.000000 1.000000
vt 0.000000 0.000000
vt 1.000000 0.000000
vt 0.000000 1.000000
vt 0.000000 0.000000
vt 1.000000 0.000000
vt 0.000000 1.000000
vt 0.000000 0.000000
vt 1.000000 0.000000
vt 0.000000 1.000000
vt 0.000000 0.000000
vt 1.000000 0.000000
vt 0.000000 1.000000
vt 0.000000 0.000000
vt 1.000000 0.000000
vt 0.000000 1.000000
vt 0.000000 0.000000
vt 1.000000 0.000000
vt 0.000000 1.000000
vt 0.000000 0.000000
vt 1.000000 0.000000
vt 0.000000 1.000000
vt 0.000000 0.000000
vt 1.000000 0.000000
vt 0.000000 1.000000
vt 0.000000 0.000000
vt 1.000000 0.000000
vt 0.000000 1.000000
vt 0.000000 0.000000
vt 1.000000 0.000000
vt 0.000000 1.000000
vt 0.000000 0.000000
vt 1.000000 0.000000
vt 0.000000 1.000000
vt 0.000000 0.000000
vt 1.000000 0.000000
vt 0.000000 1.000000
vt 0.000000 0.000000
vt 1.000000 0.000000
vt 0.000000 1.000000
vt 0.000000 0.000000
vt 1.000000 0.000000
vt 0.000000 1.000000
vt 0.000000 0.000000
vt 1.000000 0.000000
vt 0.000000 1.000000
vt 0.000000 0.000000
vt 1.000000 0.000000
vt 0.000000 1.000000
vt 0.000000 0.000000
vt 1.000000 0.000000
vt 0.000000 1.000000
vt 0.000000 0.000000
vt 1.000000 0.000000
vt 0.000000 1.000000
vt 0.000000 0.000000
vt 1.000000 0.000000
vt 0.000000 1.000000
vt 0.000000 0.000000
vt 1.000000 0.000000
vt 0.000000 1.000000
vt 0.000000 0.000000
vt 1.000000 0.000000
vt 0.000000 1.000000
vt 0.000000 0.000000
vt 1.000000 0.000000
vt 0.000000 1.000000
vt 0.000000 0.000000
vt 1.000000 0.000000
vt 0.000000 1.000000
vt 0.000000 0.000000
vt 1.000000 0.000000
vt 0.000000 1.000000
vt 0.000000 0.000000
vt 1.000000 0.000000
vt 0.000000 1.000000
vt 0.000000 0.000000
vt 1.000000 0.000000
vt 0.000000 1.000000
vt 0.000000 0.000000
vt 1.000000 0.000000
vt 0.000000 1.000000
vt 0.000000 0.000000
vt 1.000000 0.000000
vt 0.000000 1.000000
vt 0.000000 0.000000
vt 1.000000 0.000000
vt 0.000000 1.000000
vt 0.000000 0.000000
vt 1.000000 0.000000
vt 0.000000 1.000000
vt 0.000000 0.000000
vt 1.000000 0.000000
vt 0.000000 1.000000
vt 0.000000 0.000000
vt 1.000000 0.000000
vt 0.000000 1.000000
vt 0.000000 0.000000
vt 1.000000 0.000000
vt 0.000000 1.000000
vt 0.000000 0.000000
vt 1.000000 0.000000
vt 0.000000 1.000000
vt 0.000000 0.000000
vt 1.000000 0.000000
vt 0.000000 1.000000
vt 0.000000 0.000000
vt 1.000000 0.000000
vt 0.000000 1.000000
vt 0.000000 0.000000
vt 1.000000 0.000000
vt 0.000000 1.000000
vt 0.000000 0.000000
vt 1.000000 0.000000
vt 0.000000 1.000000
vt 0.000000 0.000000
vt 1.000000 0.000000
vt 0.000000 1.000000
vt 0.000000 0.000000
vt 1.000000 0.000000
vt 0.000000 1.000000
vt 0.000000 0.000000
vt 1.000000 0.000000
vt 0.000000 1.000000
vt 0.000000 0.000000
vt 1.000000 0.000000
vt 0.000000 1.000000
vt 0.000000 0.000000
vt 1.000000 0.000000
vt 0.000000 1.000000
vt 0.000000 0.000000
vt 1.000000 0.000000
vt 0.000000 1.000000
vt 0.000000 0.000000
vt 1.000000 0.000000
vt 0.000000 1.000000
vt 0.000000 0.000000
vt 1.000000 0.000000
vt 0.000000 1.000000
vt 0.000000 0.000000
vt 1.000000 0.000000
vt 0.000000 1.000000
vt 0.000000 0.000000
vt 1.000000 0.000000
vt 0.000000 1.000000
vt 0.000000 0.000000
vt 1.000000 0.000000
vt 0.000000 1.000000
vt 0.000000 0.000000
vt 1.000000 0.000000
vt 0.000000 1.000000
vt 0.000000 0.000000
vt 1.000000 0.000000
vt 0.000000 1.000000
vt 0.000000 0.000000
vt 1.000000 0.000000
vt 0.000000 1.000000
vt 0.000000 0.000000
vt 1.000000 0.000000
vt 0.000000 1.000000
vt 0.000000 0.000000
vt 1.000000 0.000000
vt 0.000000 1.000000
vt 0.000000 0.000000
vt 1.000000 0.000000
vt 0.000000 1.000000
vt 0.000000 0.000000
vt 1.000000 0.000000
vt 0.000000 1.000000
vt 0.000000 0.000000
vt 1.000000 0.000000
vt 0.000000 1.000000
vt 0.000000 0.000000
vt 1.000000 0.000000
vt 0.000000 1.000000
vt 0.000000 0.000000
vt 1.000000 0.000000
vt 0.000000 1.000000
vt 0.000000 0.000000
vt 1.000000 0.000000
vt 0.000000 1.000000
vt 0.000000 0.000000
vt 1.000000 0.000000
vt 0.000000 1.000000
vt 0.000000 0.000000
vt 1.000000 0.000000
vt 0.000000 1.000000
vt 0.000000 0.000000
vt 1.000000 0.000000
vt 0.000000 1.000000
vt 0.000000 0.000000
vt 1.000000 0.000000
vt 0.000000 1.000000
vt 0.000000 0.000000
vt 1.000000 0.000000
vt 0.000000 1.000000
vt 0.000000 0.000000
vt 1.000000 0.000000
vt 0.000000 1.000000
vt 0.000000 0.000000
vt 1.000000 0.000000
vt 0.000000 1.000000
vt 0.000000 0.000000
vt 1.000000 0.000000
vt 0.000000 1.000000
vt 0.000000 0.000000
vt 1.000000 0.000000
vt 0.000000 1.000000
vt 0.000000 0.000000
vt 1.000000 0.000000
vt 0.000000 1.000000
vt 0.000000 0.000000
vt 1.000000 0.000000
vt 0.000000 1.000000
vt 0.000000 0.000000
vt 1.000000 0.000000
vt 0.000000 1.000000
vt 0.000000 0.000000
vt 1.000000 0.000000
vt 0.000000 1.000000
vt 0.000000 0.000000
vt 1.000000 0.000000
vt 0.000000 1.000000
vt 0.000000 0.000000
vt 1.000000 0.000000
vt 0.000000 1.000000
vt 0.000000 0.000000
vt 1.000000 0.000000
vt 0.000000 1.000000
vt 0.000000 0.000000
vt 1.000000 0.000000
vt 0.000000 1.000000
vt 0.000000 0.000000
vt 1.000000 0.000000
vt 0.000000 1.000000
vt 0.000000 0.000000
vt 1.000000 0.000000
vt 0.000000 1.000000
vt 0.000000 0.000000
vt 1.000000 0.000000
vt 0.000000 1.000000
vt 0.000000 0.000000
vt 1.000000 0.000000
vt 0.000000 1.000000
vt 0.000000 0.000000
vt 1.000000 0.000000
vt 0.000000 1.000000
vt 0.000000 0.000000
vt 1.000000 0.000000
vt 0.000000 1.000000
vt 0.000000 0.000000
vt 1.000000 0.000000
vt 0.000000 1.000000
vt 0.000000 0.000000
vt 1.000000 0.000000
vt 0.000000 1.000000
vt 0.000000 0.000000
vt 1.000000 0.000000
vt 0.000000 1.000000
vt 0.000000 0.000000
vt 1.000000 0.000000
vt 0.000000 1.000000
vt 0.000000 0.000000
vt 1.000000 0.000000
vt 0.000000 1.000000
vt 0.000000 0.000000
vt 1.000000 0.000000
vt 0.000000 1.000000
vt 0.000000 0.000000
vt 1.000000 0.000000
vt 0.000000 1.000000
vt 0.000000 0.000000
vt 1.000000 0.000000
vt 0.000000 1.000000
vt 0.000000 0.000000
vt 1.000000 0.000000
vt 0.000000 1.000000
vt 0.000000 0.000000
vt 1.000000 0.000000
vt 0.000000 1.000000
vt 0.000000 0.000000
vt 1.000000 0.000000
vt 0.000000 1.000000
vt 0.000000 0.000000
vt 1.000000 0.000000
vt 0.000000 1.000000
vt 0.000000 0.000000
vt 1.000000 0.000000
vt 0.000000 1.000000
vt 0.000000 0.000000
vt 1.000000 0.000000
vt 0.000000 1.000000
vt 0.000000 0.000000
vt 1.000000 0.000000
vt 0.000000 1.000000
vt 0.000000 0.000000
vt 1.000000 0.000000
vt 0.000000 1.000000
vt 0.000000 0.000000
vt 1.000000 0.000000
vt 0.000000 1.000000
vt 0.000000 0.000000
vt 1.000000 0.000000
vt 0.000000 1.000000
vt 0.000000 0.000000
vt 1.000000 0.000000
vt 0.000000 1.000000
vt 0.000000 0.000000
vt 1.000000 0.000000
vt 0.000000 1.000000
vt 0.000000 0.000000
vt 1.000000 0.000000
vt 0.000000 1.000000
vt 0.000000 0.000000
vt 1.000000 0.000000
vt 0.000000 1.000000
vt 0.000000 0.000000
vt 1.000000 0.000000
vt 0.000000 1.000000
vt 0.000000 0.000000
vt 1.000000 0.000000
vt 0.000000 1.000000
vt 0.000000 0.000000
vt 1.000000 0.000000
vt 0.000000 1.000000
vt 0.000000 0.000000
vt 1.000000 0.000000
vt 0.000000 1.000000
vt 0.000000 0.000000
vt 1.000000 0.000000
vt 0.000000 1.000000
vt 0.000000 0.000000
vt 1.000000 0.000000
vt 0.000000 1.000000
vt 0.000000 0.000000
vt 1.000000 0.000000
vt 0.000000 1.000000
vt 0.000000 0.000000
vt 1.000000 0.000000
vt 0.000000 1.000000
vt 0.000000 0.000000
vt 1.000000 0.000000
vt 0.000000 1.000000
vt 0.000000 0.000000
vt 1.000000 0.000000
vt 0.000000 1.000000
vt 0.000000 0.000000
vt 1.000000 0.000000
vt 0.000000 1.000000
vt 0.000000 0.000000
vt 1.000000 0.000000
vt 0.000000 1.000000
vt 0.000000 0.000000
vt 1.000000 0.000000
vt 0.000000 1.000000
vt 0.000000 0.000000
vt 1.000000 0.000000
vt 0.000000 1.000000
vt 0.000000 0.000000
vt 1.000000 0.000000
vt 0.000000 1.000000
vt 0.000000 0.000000
vt 1.000000 0.000000
vt 0.000000 1.000000
vt 0.000000 0.000000
vt 1.000000 0.000000
vt 0.000000 1.000000
vt 0.000000 0.000000
vt 1.000000 0.000000
vt 0.000000 1.000000
vt 0.000000 0.000000
vt 1.000000 0.000000
vt 0.000000 1.000000
vt 0.000000 0.000000
vt 1.000000 0.000000
vt 0.000000 1.000000
vt 0.000000 0.000000
vt 1.000000 0.000000
vt 0.000000 1.000000
vt 0.000000 0.000000
vt 1.000000 0.000000
vt 0.000000 1.000000
vt 0.000000 0.000000
vt 1.000000 0.000000
vt 0.000000 1.000000
vt 0.000000 0.000000
vt 1.000000 0.000000
vt 0.000000 1.000000
vt 0.000000 0.000000
vt 1.000000 0.000000
vt 0.000000 1.000000
vt 0.000000 0.000000
vt 1.000000 0.000000
vt 0.000000 1.000000
vt 0.000000 0.000000
vt 1.000000 0.000000
vt 0.000000 1.000000
vt 0.000000 0.000000
vt 1.000000 0.000000
vt 0.000000 1.000000
vt 0.000000 0.000000
vt 1.000000 0.000000
vt 0.000000 1.000000
vt 0.000000 0.000000
vt 1.000000 0.000000
vt 0.000000 1.000000
vt 0.000000 0.000000
vt 1.000000 0.000000
vt 0.000000 1.000000
vt 0.000000 0.000000
vt 1.000000 0.000000
vt 0.000000 1.000000
vt 0.000000 0.000000
vt 1.000000 0.000000
vt 0.000000 1.000000
vt 0.000000 0.000000
vt 1.000000 0.000000
vt 0.000000 1.000000
vt 0.000000 0.000000
vt 1.000000 0.000000
vt 0.000000 1.000000
vt 0.000000 0.000000
vt 1.000000 0.000000
vt 0.000000 1.000000
vt 0.000000 0.000000
vt 1.000000 0.000000
vt 0.000000 1.000000
vt 0.000000 0.000000
vt 1.000000 0.000000
vt 0.000000 1.000000
vt 0.000000 0.000000
vt 1.000000 0.000000
vt 0.000000 1.000000
vt 0.000000 0.000000
vt 1.000000 0.000000
vt 0.000000 1.000000
vt 0.000000 0.000000
vt 1.000000 0.000000
vt 0.000000 1.000000
vt 0.000000 0.000000
vt 1.000000 0.000000
vt 0.000000 1.000000
vt 0.000000 0.000000
vt 1.000000 0.000000
vt 0.000000 1.000000
vt 0.000000 0.000000
vt 1.000000 0.000000
vt 0.000000 1.000000
vt 0.000000 0.000000
vt 1.000000 0.000000
vt 0.000000 1.000000
vt 0.000000 0.000000
vt 1.000000 0.000000
vt 0.000000 1.000000
vt 0.000000 0.000000
vt 1.000000 0.000000
vt 0.000000 1.000000
vt 0.000000 0.000000
vt 1.000000 0.000000
vt 0.000000 1.000000
vt 0.000000 0.000000
vt 1.000000 0.000000
vt 0.000000 1.000000
vt 0.000000 0.000000
vt 1.000000 0.000000
vt 0.000000 1.000000
vt 0.000000 0.000000
vt 1.000000 0.000000
vt 0.000000 1.000000
vt 0.000000 0.000000
vt 1.000000 0.000000
vt 0.000000 1.000000
vt 0.000000 0.000000
vt 1.000000 0.000000
vt 0.000000 1.000000
vt 0.000000 0.000000
vt 1.000000 0.000000
vt 0.000000 1.000000
vt 0.000000 0.000000
vt 1.000000 0.000000
vt 0.000000 1.000000
vt 0.000000 0.000000
vt 1.000000 0.000000
vt 0.000000 1.000000
vt 0.000000 0.000000
vt 1.000000 0.000000
vt 0.000000 1.000000
vt 0.000000 0.000000
vt 1.000000 0.000000
vt 0.000000 1.000000
vt 0.000000 0.000000
vt 1.000000 0.000000
vt 0.000000 1.000000
vt 0.000000 0.000000
vt 1.000000 0.000000
vt 0.000000 1.000000
vt 0.000000 0.000000
vt 1.000000 0.000000
vt 0.000000 1.000000
vt 0.000000 0.000000
vt 1.000000 0.000000
vt 0.000000 1.000000
vt 0.000000 0.000000
vt 1.000000 0.000000
vt 0.000000 1.000000
vt 0.000000 0.000000
vt 1.000000 0.000000
vt 0.000000 1.000000
vt 0.000000 0.000000
vt 1.000000 0.000000
vt 0.000000 1.000000
vt 0.000000 0.000000
vt 1.000000 0.000000
vt 0.000000 1.000000
vt 0.000000 0.000000
vt 1.000000 0.000000
vt 0.000000 1.000000
vt 0.000000 0.000000
vt 1.000000 0.000000
vt 0.000000 1.000000
vt 0.000000 0.000000
vt 1.000000 0.000000
vt 0.000000 1.000000
vt 0.000000 0.000000
vt 1.000000 0.000000
vt 0.000000 1.000000
vt 0.000000 0.000000
vt 1.000000 0.000000
vt 0.000000 1.000000
vt 0.000000 0.000000
vt 1.000000 0.000000
vt 0.000000 1.000000
vt 0.000000 0.000000
vt 1.000000 0.000000
vt 0.000000 1.000000
vt 0.000000 0.000000
vt 1.000000 0.000000
vt 0.000000 1.000000
vt 0.000000 0.000000
vt 1.000000 0.000000
vt 0.000000 1.000000
vt 0.000000 0.000000
vt 1.000000 0.000000
vt 0.000000 1.000000
vt 0.000000 0.000000
vt 1.000000 0.000000
vt 0.000000 1.000000
vt 0.000000 0.000000
vt 1.000000 0.000000
vt 0.000000 1.000000
vt 0.000000 0.000000
vt 1.000000 0.000000
vt 0.000000 1.000000
vt 0.000000 0.000000
vt 1.000000 0.000000
vt 0.000000 1.000000
vt 0.000000 0.000000
vt 1.000000 0.000000
vt 0.000000 1.000000
vt 0.000000 0.000000
vt 1.000000 0.000000
vt 0.000000 1.000000
vt 0.000000 0.000000
vt 1.000000 0.000000
vt 0.000000 1.000000
vt 0.000000 0.000000
vt 1.000000 0.000000
vt 0.000000 1.000000
vt 0.000000 0.000000
vt 1.000000 0.000000
vt 0.000000 1.000000
vt 0.000000 0.000000
vt 1.000000 0.000000
vt 0.000000 1.000000
vt 0.000000 0.000000
vt 1.000000 0.000000
vt 0.000000 1.000000
vt 0.000000 0.000000
vt 1.000000 0.000000
vt 0.000000 1.000000
vt 0.000000 0.000000
vt 1.000000 0.000000
vt 0.000000 1.000000
vt 0.000000 0.000000
vt 1.000000 0.000000
vt 0.000000 1.000000
vt 0.000000 0.000000
vt 1.000000 0.000000
vt 0.000000 1.000000
vt 0.000000 0.000000
vt 1.000000 0.000000
vt 0.000000 1.000000
vt 0.000000 0.000000
vt 1.000000 0.000000
vt 0.000000 1.000000
vt 0.000000 0.000000
vt 1.000000 0.000000
vt 0.000000 1.000000
vt 0.000000 0.000000
vt 1.000000 0.000000
vt 0.000000 1.000000
vt 0.000000 0.000000
vt 1.000000 0.000000
vt 0.000000 1.000000
vt 0.000000 0.000000
vt 1.000000 0.000000
vt 0.000000 1.000000
vt 0.000000 0.000000
vt 1.000000 0.000000
vt 0.000000 1.000000
vt 0.000000 0.000000
vt 1.000000 0.000000
vt 0.000000 1.000000
vt 0.000000 0.000000
vt 1.000000 0.000000
vt 0.000000 1.000000
vt 0.000000 0.000000
vt 1.000000 0.000000
vt 0.000000 1.000000
vt 0.000000 0.000000
vt 1.000000 0.000000
vt 0.000000 1.000000
vt 0.000000 0.000000
vt 1.000000 0.000000
vt 0.000000 1.000000
vt 0.000000 0.000000
vt 1.000000 0.000000
vt 0.000000 1.000000
vt 0.000000 0.000000
vt 1.000000 0.000000
vt 0.000000 1.000000
vt 0.000000 0.000000
vt 1.000000 0.000000
vt 0.000000 1.000000
vt 0.000000 0.000000
vt 1.000000 0.000000
vt 0.000000 1.000000
vt 0.000000 0.000000
vt 1.000000 0.000000
vt 0.000000 1.000000
vt 0.000000 0.000000
vt 1.000000 0.000000
vt 0.000000 1.000000
vt 0.000000 0.000000
vt 1.000000 0.000000
vt 0.000000 1.000000
vt 0.000000 0.000000
vt 1.000000 0.000000
vt 0.000000 1.000000
vt 0.000000 0.000000
vt 1.000000 0.000000
vt 0.000000 1.000000
vt 0.000000 0.000000
vt 1.000000 0.000000
vt 0.000000 1.000000
vt 0.000000 0.000000
vt 1.000000 0.000000
vt 0.000000 1.000000
vt 0.000000 0.000000
vt 1.000000 0.000000
vt 0.000000 1.000000
vt 0.000000 0.000000
vt 1.000000 0.000000
vt 0.000000 1.000000
vt 0.000000 0.000000
vt 1.000000 0.000000
vt 0.000000 1.000000
vt 0.000000 0.000000
vt 1.000000 0.000000
vt 0.000000 1.000000
vt 0.000000 0.000000
vt 1.000000 0.000000
vt 0.000000 1.000000
vt 0.000000 0.000000
vt 1.000000 0.000000
vt 0.000000 1.000000
vt 0.000000 0.000000
vt 1.000000 0.000000
vt 0.000000 1.000000
vt 0.000000 0.000000
vt 1.000000 0.000000
vt 0.000000 1.000000
vt 0.000000 0.000000
vt 1.000000 0.000000
vt 0.000000 1.000000
vt 0.000000 0.000000
vt 1.000000 0.000000
vt 0.000000 1.000000
vt 0.000000 0.000000
vt 1.000000 0.000000
vt 0.000000 1.000000
vt 0.000000 0.000000
vt 1.000000 0.000000
vt 0.000000 1.000000
vt 0.000000 0.000000
vt 1.000000 0.000000
vt 0.000000 1.000000
vt 0.000000 0.000000
vt 1.000000 0.000000
vt 0.000000 1.000000
vt 0.000000 0.000000
vt 1.000000 0.000000
vt 0.000000 1.000000
vt 0.000000 0.000000
vt 1.000000 0.000000
vt 0.000000 1.000000
vt 0.000000 0.000000
vt 1.000000 0.000000
vt 0.000000 1.000000
vt 0.000000 0.000000
vt 1.000000 0.000000
vt 0.000000 1.000000
vt 0.000000 0.000000
vt 1.000000 0.000000
vt 0.000000 1.000000
vt 0.000000 0.000000
vt 1.000000 0.000000
vt 0.000000 1.000000
vt 0.000000 0.000000
vt 1.000000 0.000000
vt 0.000000 1.000000
vt 0.000000 0.000000
vt 1.000000 0.000000
vt 0.000000 1.000000
vt 0.000000 0.000000
vt 1.000000 0.000000
vt 0.000000 1.000000
vt 0.000000 0.000000
vt 1.000000 0.000000
vt 0.000000 1.000000
vt 0.000000 0.000000
vt 1.000000 0.000000
vt 0.000000 1.000000
vt 0.000000 0.000000
vt 1.000000 0.000000
vt 0.000000 1.000000
vt 0.000000 0.000000
vt 1.000000 0.000000
vt 0.000000 1.000000
vt 0.000000 0.000000
vt 1.000000 0.000000
vt 0.000000 1.000000
vt 0.000000 0.000000
vt 1.000000 0.000000
vt 0.000000 1.000000
vt 0.000000 0.000000
vt 1.000000 0.000000
vt 0.000000 1.000000
vt 0.000000 0.000000
vt 1.000000 0.000000
vt 0.000000 1.000000
vt 0.000000 0.000000
vt 1.000000 0.000000
vt 0.000000 1.000000
vt 0.000000 0.000000
vt 1.000000 0.000000
vt 0.000000 1.000000
vt 0.000000 0.000000
vt 1.000000 0.000000
vt 0.000000 1.000000
vt 0.000000 0.000000
vt 1.000000 0.000000
vt 0.000000 1.000000
vt 0.000000 0.000000
vt 1.000000 0.000000
vt 0.000000 1.000000
vt 0.000000 0.000000
vt 1.000000 0.000000
vt 0.000000 1.000000
vt 0.000000 0.000000
vt 1.000000 0.000000
vt 0.000000 1.000000
vt 0.000000 0.000000
vt 1.000000 0.000000
vt 0.000000 1.000000
vt 0.000000 0.000000
vt 1.000000 0.000000
vt 0.000000 1.000000
vt 0.000000 0.000000
vt 1.000000 0.000000
vt 0.000000 1.000000
vt 0.000000 0.000000
vt 1.000000 0.000000
vt 0.000000 1.000000
vt 0.000000 0.000000
vt 1.000000 0.000000
vt 0.000000 1.000000
vt 0.000000 0.000000
vt 1.000000 0.000000
vt 0.000000 1.000000
vt 0.000000 0.000000
vt 1.000000 0.000000
vt 0.000000 1.000000
vt 0.000000 0.000000
vt 1.000000 0.000000
vt 0.000000 1.000000
vt 0.000000 0.000000
vt 1.000000 0.000000
vt 0.000000 1.000000
vt 0.000000 0.000000
vt 1.000000 0.000000
vt 0.000000 1.000000
vt 0.000000 0.000000
vt 1.000000 0.000000
vt 0.000000 1.000000
vt 0.000000 0.000000
vt 1.000000 0.000000
vt 0.000000 1.000000
vt 0.000000 0.000000
vt 1.000000 0.000000
vt 0.000000 1.000000
vt 0.000000 0.000000
vt 1.000000 0.000000
vt 0.000000 1.000000
vt 0.000000 0.000000
vt 1.000000 0.000000
vt 0.000000 1.000000
vt 0.000000 0.000000
vt 1.000000 0.000000
vt 0.000000 1.000000
vt 0.000000 0.000000
vt 1.000000 0.000000
vt 0.000000 1.000000
vt 0.000000 0.000000
vt 1.000000 0.000000
vt 0.000000 1.000000
vt 0.000000 0.000000
vt 1.000000 0.000000
vt 0.000000 1.000000
vt 0.000000 0.000000
vt 1.000000 0.000000
vt 0.000000 1.000000
vt 0.000000 0.000000
vt 1.000000 0.000000
vt 0.000000 1.000000
vt 0.000000 0.000000
vt 1.000000 0.000000
vt 0.000000 1.000000
vt 0.000000 0.000000
vt 1.000000 0.000000
vt 0.000000 1.000000
vt 0.000000 0.000000
vt 1.000000 0.000000
vt 0.000000 1.000000
vt 0.000000 0.000000
vt 1.000000 0.000000
vt 0.000000 1.000000
vt 0.000000 0.000000
vt 1.000000 0.000000
vt 0.000000 1.000000
vt 0.000000 0.000000
vt 1.000000 0.000000
vt 0.000000 1.000000
vt 0.000000 0.000000
vt 1.000000 0.000000
vt 0.000000 1.000000
vt 0.000000 0.000000
vt 1.000000 0.000000
vt 0.000000 1.000000
vt 0.000000 0.000000
vt 1.000000 0.000000
vt 0.000000 1.000000
vt 0.000000 0.000000
vt 1.000000 0.000000
vt 0.000000 1.000000
vt 0.000000 0.000000
vt 1.000000 0.000000
vt 0.000000 1.000000
vt 0.000000 0.000000
vt 1.000000 0.000000
vt 0.000000 1.000000
vt 0.000000 0.000000
vt 1.000000 0.000000
vt 0.000000 1.000000
vt 0.000000 0.000000
vt 1.000000 0.000000
vt 0.000000 1.000000
vt 0.000000 0.000000
vt 1.000000 0.000000
vt 0.000000 1.000000
vt 0.000000 0.000000
vt 1.000000 0.000000
vt 0.000000 1.000000
vt 0.000000 0.000000
vt 1.000000 0.000000
vt 0.000000 1.000000
vt 0.000000 0.000000
vt 1.000000 0.000000
vt 0.000000 1.000000
vt 0.000000 0.000000
vt 1.000000 0.000000
vt 0.000000 1.000000
vt 0.000000 0.000000
vt 1.000000 0.000000
vt 0.000000 1.000000
vt 0.000000 0.000000
vt 1.000000 0.000000
vt 0.000000 1.000000
vt 0.000000 0.000000
vt 1.000000 0.000000
vt 0.000000 1.000000
vt 0.000000 0.000000
vt 1.000000 0.000000
vt 0.000000 1.000000
vt 0.000000 0.000000
vt 1.000000 0.000000
vt 0.000000 1.000000
vt 0.000000 0.000000
vt 1.000000 0.000000
vt 0.000000 1.000000
vt 0.000000 0.000000
vt 1.000000 0.000000
vt 0.000000 1.000000
vt 0.000000 0.000000
vt 1.000000 0.000000
vt 0.000000 1.000000
vt 0.000000 0.000000
vt 1.000000 0.000000
vt 0.000000 1.000000
vt 0.000000 0.000000
vt 1.000000 0.000000
vt 0.000000 1.000000
vt 0.000000 0.000000
vt 1.000000 0.000000
vt 0.000000 1.000000
vt 0.000000 0.000000
vt 1.000000 0.000000
vt 0.000000 1.000000
vt 0.000000 0.000000
vt 1.000000 0.000000
vt 0.000000 1.000000
vt 0.000000 0.000000
vt 1.000000 0.000000
vt 0.000000 1.000000
vt 0.000000 0.000000
vt 1.000000 0.000000
vt 0.000000 1.000000
vt 0.000000 0.000000
vt 1.000000 0.000000
vt 0.000000 1.000000
vt 0.000000 0.000000
vt 1.000000 0.000000
vt 0.000000 1.000000
vt 0.000000 0.000000
vt 1.000000 0.000000
vt 0.000000 1.000000
vt 0.000000 0.000000
vt 1.000000 0.000000
vt 0.000000 1.000000
vt 0.000000 0.000000
vt 1.000000 0.000000
vt 0.000000 1.000000
vt 0.000000 0.000000
vt 1.000000 0.000000
vt 0.000000 1.000000
vt 0.000000 0.000000
vt 1.000000 0.000000
vt 0.000000 1.000000
vt 0.000000 0.000000
vt 1.000000 0.000000
vt 0.000000 1.000000
vt 0.000000 0.000000
vt 1.000000 0.000000
vt 0.000000 1.000000
vt 0.000000 0.000000
vt 1.000000 0.000000
vt 0.000000 1.000000
vt 0.000000 0.000000
vt 1.000000 0.000000
vt 0.000000 1.000000
vt 0.000000 0.000000
vt 1.000000 0.000000
vt 0.000000 1.000000
vt 0.000000 0.000000
vt 1.000000 0.000000
vt 0.000000 1.000000
vt 0.000000 0.000000
vt 1.000000 0.000000
vt 0.000000 1.000000
vt 0.000000 0.000000
vt 1.000000 0.000000
vt 0.000000 1.000000
vt 0.000000 0.000000
vt 1.000000 0.000000
vt 0.000000 1.000000
vt 0.000000 0.000000
vt 1.000000 0.000000
vt 0.000000 1.000000
vt 0.000000 0.000000
vt 1.000000 0.000000
vt 0.000000 1.000000
vt 0.000000 0.000000
vt 1.000000 0.000000
vt 0.000000 1.000000
vt 0.000000 0.000000
vt 1.000000 0.000000
vt 0.000000 1.000000
vt 0.000000 0.000000
vt 1.000000 0.000000
vt 0.000000 1.000000
vt 0.000000 0.000000
vt 1.000000 0.000000
vt 0.000000 1.000000
vt 0.000000 0.000000
vt 1.000000 0.000000
vt 0.000000 1.000000
vt 0.000000 0.000000
vt 1.000000 0.000000
vt 0.000000 1.000000
vt 0.000000 0.000000
vt 1.000000 0.000000
vt 0.000000 1.000000
vt 0.000000 0.000000
vt 1.000000 0.000000
vt 0.000000 1.000000
vt 0.000000 0.000000
vt 1.000000 0.000000
vt 0.000000 1.000000
vt 0.000000 0.000000
vt 1.000000 0.000000
vt 0.000000 1.000000
vt 0.000000 0.000000
vt 1.000000 0.000000
vt 0.000000 1.000000
vt 0.000000 0.000000
vt 1.000000 0.000000
vt 0.000000 1.000000
vt 0.000000 0.000000
vt 1.000000 0.000000
vt 0.000000 1.000000
vt 0.000000 0.000000
vt 1.000000 0.000000
vt 0.000000 1.000000
vt 0.000000 0.000000
vt 1.000000 0.000000
vt 0.000000 1.000000
vt 0.000000 0.000000
vt 1.000000 0.000000
vt 0.000000 1.000000
vt 0.000000 0.000000
vt 1.000000 0.000000
vt 0.000000 1.000000
vt 0.000000 0.000000
vt 1.000000 0.000000
vt 0.000000 1.000000
vt 0.000000 0.000000
vt 1.000000 0.000000
vt 0.000000 1.000000
vt 0.000000 0.000000
vt 1.000000 0.000000
vt 0.000000 1.000000
vt 0.000000 0.000000
vt 1.000000 0.000000
vt 0.000000 1.000000
vt 0.000000 0.000000
vt 1.000000 0.000000
vt 0.000000 1.000000
vt 0.000000 0.000000
vt 1.000000 0.000000
vt 0.000000 1.000000
vt 0.000000 0.000000
vt 1.000000 0.000000
vt 0.000000 1.000000
vt 0.000000 0.000000
vt 1.000000 0.000000
vt 0.000000 1.000000
vt 0.000000 0.000000
vt 1.000000 0.000000
vt 0.000000 1.000000
vt 0.000000 0.000000
vt 1.000000 0.000000
vt 0.000000 1.000000
vt 0.000000 0.000000
vt 1.000000 0.000000
vt 0.000000 1.000000
vt 0.000000 0.000000
vt 1.000000 0.000000
vt 0.000000 1.000000
vt 0.000000 0.000000
vt 1.000000 0.000000
vt 0.000000 1.000000
vt 0.000000 0.000000
vt 1.000000 0.000000
vt 0.000000 1.000000
vt 0.000000 0.000000
vt 1.000000 0.000000
vt 0.000000 1.000000
vt 0.000000 0.000000
vt 1.000000 0.000000
vt 0.000000 1.000000
vt 0.000000 0.000000
vt 1.000000 0.000000
vt 0.000000 1.000000
vt 0.000000 0.000000
vt 1.000000 0.000000
vt 0.000000 1.000000
vt 0.000000 0.000000
vt 1.000000 0.000000
vt 0.000000 1.000000
vt 0.000000 0.000000
vt 1.000000 0.000000
vt 0.000000 1.000000
vt 0.000000 0.000000
vt 1.000000 0.000000
vt 0.000000 1.000000
vt 0.000000 0.000000
vt 1.000000 0.000000
vt 0.000000 1.000000
vt 0.000000 0.000000
vt 1.000000 0.000000
vt 0.000000 1.000000
vt 0.000000 0.000000
vt 1.000000 0.000000
vt 0.000000 1.000000
vt 0.000000 0.000000
vt 1.000000 0.000000
vt 0.000000 1.000000
vt 0.000000 0.000000
vt 1.000000 0.000000
vt 0.000000 1.000000
vt 0.000000 0.000000
vt 1.000000 0.000000
vt 0.000000 1.000000
vt 0.000000 0.000000
vt 1.000000 0.000000
vt 0.000000 1.000000
vt 0.000000 0.000000
vt 1.000000 0.000000
vt 0.000000 1.000000
vt 0.000000 0.000000
vt 1.000000 0.000000
vt 0.000000 1.000000
vt 0.000000 0.000000
vt 1.000000 0.000000
vt 0.000000 1.000000
vt 0.000000 0.000000
vt 1.000000 0.000000
vt 0.000000 1.000000
vt 0.000000 0.000000
vt 1.000000 0.000000
vt 0.000000 1.000000
vt 0.000000 0.000000
vt 1.000000 0.000000
vt 0.000000 1.000000
vt 0.000000 0.000000
vt 1.000000 0.000000
vt 0.000000 1.000000
vt 0.000000 0.000000
vt 1.000000 0.000000
vt 0.000000 1.000000
vt 0.000000 0.000000
vt 1.000000 0.000000
vt 0.000000 1.000000
vt 0.000000 0.000000
vt 1.000000 0.000000
vt 0.000000 1.000000
vt 0.000000 0.000000
vt 1.000000 0.000000
vt 0.000000 1.000000
vt 0.000000 0.000000
vt 1.000000 0.000000
vt 0.000000 1.000000
vt 0.000000 0.000000
vt 1.000000 0.000000
vt 0.000000 1.000000
vt 0.000000 0.000000
vt 1.000000 0.000000
vt 0.000000 1.000000
vt 0.000000 0.000000
vt 1.000000 0.000000
vt 0.000000 1.000000
vt 0.000000 0.000000
vt 1.000000 0.000000
vt 0.000000 1.000000
vt 0.000000 0.000000
vt 1.000000 0.000000
vt 0.000000 1.000000
vt 0.000000 0.000000
vt 1.000000 0.000000
vt 0.000000 1.000000
vt 0.000000 0.000000
vt 1.000000 0.000000
vt 0.000000 1.000000
vt 0.000000 0.000000
vt 1.000000 0.000000
vt 0.000000 1.000000
vt 0.000000 0.000000
vt 1.000000 0.000000
vt 0.000000 1.000000
vt 0.000000 0.000000
vt 1.000000 0.000000
vt 0.000000 1.000000
vt 0.000000 0.000000
vt 1.000000 0.000000
vt 0.000000 1.000000
vt 0.000000 0.000000
vt 1.000000 0.000000
vt 0.000000 1.000000
vt 0.000000 0.000000
vt 1.000000 0.000000
vt 0.000000 1.000000
vt 0.000000 0.000000
vt 1.000000 0.000000
vt 0.000000 1.000000
vt 0.000000 0.000000
vt 1.000000 0.000000
vt 0.000000 1.000000
vt 0.000000 0.000000
vt 1.000000 0.000000
vt 0.000000 1.000000
vt 0.000000 0.000000
vt 1.000000 0.000000
vt 0.000000 1.000000
vt 0.000000 0.000000
vt 1.000000 0.000000
vt 0.000000 1.000000
vt 0.000000 0.000000
vt 1.000000 0.000000
vt 0.000000 1.000000
vt 0.000000 0.000000
vt 1.000000 0.000000
vt 0.000000 1.000000
vt 0.000000 0.000000
vt 1.000000 0.000000
vt 0.000000 1.000000
vt 0.000000 0.000000
vt 1.000000 0.000000
vt 0.000000 1.000000
vt 0.000000 0.000000
vt 1.000000 0.000000
vt 0.000000 1.000000
vt 0.000000 0.000000
vt 1.000000 0.000000
vt 0.000000 1.000000
vt 0.000000 0.000000
vt 1.000000 0.000000
vt 0.000000 1.000000
vt 0.000000 0.000000
vt 1.000000 0.000000
vt 0.000000 1.000000
vt 0.000000 0.000000
vt 1.000000 0.000000
vt 0.000000 1.000000
vt 0.000000 0.000000
vt 1.000000 0.000000
vt 0.000000 1.000000
vt 0.000000 0.000000
vt 1.000000 0.000000
vt 0.000000 1.000000
vt 0.000000 0.000000
vt 1.000000 0.000000
vt 0.000000 1.000000
vt 0.000000 0.000000
vt 1.000000 0.000000
vt 0.000000 1.000000
vt 0.000000 0.000000
vt 1.000000 0.000000
vt 0.000000 1.000000
vt 0.000000 0.000000
vt 1.000000 0.000000
vt 0.000000 1.000000
vt 0.000000 0.000000
vt 1.000000 0.000000
vt 0.000000 1.000000
vt 0.000000 0.000000
vt 1.000000 0.000000
vt 0.000000 1.000000
vt 0.000000 0.000000
vt 1.000000 0.000000
vt 0.000000 1.000000
vt 0.000000 0.000000
vt 1.000000 0.000000
vt 0.000000 1.000000
vt 0.000000 0.000000
vt 1.000000 0.000000
vt 0.000000 1.000000
vt 0.000000 0.000000
vt 1.000000 0.000000
vt 0.000000 1.000000
vt 0.000000 0.000000
vt 1.000000 0.000000
vt 0.000000 1.000000
vt 0.000000 0.000000
vt 1.000000 0.000000
vt 0.000000 1.000000
vt 0.000000 0.000000
vt 1.000000 0.000000
vt 0.000000 1.000000
vt 0.000000 0.000000
vt 1.000000 0.000000
vt 0.000000 1.000000
vt 0.000000 0.000000
vt 1.000000 0.000000
vt 0.000000 1.000000
vt 0.000000 0.000000
vt 1.000000 0.000000
vt 0.000000 1.000000
vt 0.000000 0.000000
vt 1.000000 0.000000
vt 0.000000 1.000000
vt 0.000000 0.000000
vt 1.000000 0.000000
vt 0.000000 1.000000
vt 0.000000 0.000000
vt 1.000000 0.000000
vt 0.000000 1.000000
vt 0.000000 0.000000
vt 1.000000 0.000000
vt 0.000000 1.000000
vt 0.000000 0.000000
vt 1.000000 0.000000
vt 0.000000 1.000000
vt 0.000000 0.000000
vt 1.000000 0.000000
vt 0.000000 1.000000
vt 0.000000 0.000000
vt 1.000000 0.000000
vt 0.000000 1.000000
vt 0.000000 0.000000
vt 1.000000 0.000000
vt 0.000000 1.000000
vt 0.000000 0.000000
vt 1.000000 0.000000
vt 0.000000 1.000000
vt 0.000000 0.000000
vt 1.000000 0.000000
vt 0.000000 1.000000
vt 0.000000 0.000000
vt 1.000000 0.000000
vt 0.000000 1.000000
vt 0.000000 0.000000
vt 1.000000 0.000000
vt 0.000000 1.000000
vt 0.000000 0.000000
vt 1.000000 0.000000
vt 0.000000 1.000000
vt 0.000000 0.000000
vt 1.000000 0.000000
vt 0.000000 1.000000
vt 0.000000 0.000000
vt 1.000000 0.000000
vt 0.000000 1.000000
vt 0.000000 0.000000
vt 1.000000 0.000000
vt 0.000000 1.000000
vt 0.000000 0.000000
vt 1.000000 0.000000
vt 0.000000 1.000000
vt 0.000000 0.000000
vt 1.000000 0.000000
vt 0.000000 1.000000
vt 0.000000 0.000000
vt 1.000000 0.000000
vt 0.000000 1.000000
vt 0.000000 0.000000
vt 1.000000 0.000000
vt 0.000000 1.000000
vt 0.000000 0.000000
vt 1.000000 0.000000
vt 0.000000 1.000000
vt 0.000000 0.000000
vt 1.000000 0.000000
vt 0.000000 1.000000
vt 0.000000 0.000000
vt 1.000000 0.000000
vt 0.000000 1.000000
vt 0.000000 0.000000
vt 1.000000 0.000000
vt 0.000000 1.000000
vt 0.000000 0.000000
vt 1.000000 0.000000
vt 0.000000 1.000000
vt 0.000000 0.000000
vt 1.000000 0.000000
vt 0.000000 1.000000
vt 0.000000 0.000000
vt 1.000000 0.000000
vt 0.000000 1.000000
vt 0.000000 0.000000
vt 1.000000 0.000000
vt 0.000000 1.000000
vt 0.000000 0.000000
vt 1.000000 0.000000
vt 0.000000 1.000000
vt 0.000000 0.000000
vt 1.000000 0.000000
vt 0.000000 1.000000
vt 0.000000 0.000000
vt 1.000000 0.000000
vt 0.000000 1.000000
vt 0.000000 0.000000
vt 1.000000 0.000000
vt 0.000000 1.000000
vt 0.000000 0.000000
vt 1.000000 0.000000
vt 0.000000 1.000000
vt 0.000000 0.000000
vt 1.000000 0.000000
vt 0.000000 1.000000
vt 0.000000 0.000000
vt 1.000000 0.000000
vt 0.000000 1.000000
vt 0.000000 0.000000
vt 1.000000 0.000000
vt 0.000000 1.000000
vt 0.000000 0.000000
vt 1.000000 0.000000
vt 0.000000 1.000000
vt 0.000000 0.000000
vt 1.000000 0.000000
vt 0.000000 1.000000
vt 0.000000 0.000000
vt 1.000000 0.000000
vt 0.000000 1.000000
vt 0.000000 0.000000
vt 1.000000 0.000000
vt 0.000000 1.000000
vt 0.000000 0.000000
vt 1.000000 0.000000
vt 0.000000 1.000000
vt 0.000000 0.000000
vt 1.000000 0.000000
vt 0.000000 1.000000
vt 0.000000 0.000000
vt 1.000000 0.000000
vt 0.000000 1.000000
vt 0.000000 0.000000
vt 1.000000 0.000000
vt 0.000000 1.000000
vt 0.000000 0.000000
vt 1.000000 0.000000
vt 0.000000 1.000000
vt 0.000000 0.000000
vt 1.000000 0.000000
vt 0.000000 1.000000
vt 0.000000 0.000000
vt 1.000000 0.000000
vt 0.000000 1.000000
vt 0.000000 0.000000
vt 1.000000 0.000000
vt 0.000000 1.000000
vt 0.000000 0.000000
vt 1.000000 0.000000
vt 0.000000 1.000000
vt 0.000000 0.000000
vt 1.000000 0.000000
vt 0.000000 1.000000
vt 0.000000 0.000000
vt 1.000000 0.000000
vt 0.000000 1.000000
vt 0.000000 0.000000
vt 1.000000 0.000000
vt 0.000000 1.000000
vt 0.000000 0.000000
vt 1.000000 0.000000
vt 0.000000 1.000000
vt 0.000000 0.000000
vt 1.000000 0.000000
vt 0.000000 1.000000
vt 0.000000 0.000000
vt 1.000000 0.000000
vt 0.000000 1.000000
vt 0.000000 0.000000
vt 1.000000 0.000000
vt 0.000000 1.000000
vt 0.000000 0.000000
vt 1.000000 0.000000
vt 0.000000 1.000000
vt 0.000000 0.000000
vt 1.000000 0.000000
vt 0.000000 1.000000
vt 0.000000 0.000000
vt 1.000000 0.000000
vt 0.000000 1.000000
vt 0.000000 0.000000
vt 1.000000 0.000000
vt 0.000000 1.000000
vt 0.000000 0.000000
vt 1.000000 0.000000
vt 0.000000 1.000000
vt 0.000000 0.000000
vt 1.000000 0.000000
vt 0.000000 1.000000
vt 0.000000 0.000000
vt 1.000000 0.000000
vt 0.000000 1.000000
vt 0.000000 0.000000
vt 1.000000 0.000000
vt 0.000000 1.000000
vt 0.000000 0.000000
vt 1.000000 0.000000
vt 0.000000 1.000000
vt 0.000000 0.000000
vt 1.000000 0.000000
vt 0.000000 1.000000
vt 0.000000 0.000000
vt 1.000000 0.000000
vt 0.000000 1.000000
vt 0.000000 0.000000
vt 1.000000 0.000000
vt 0.000000 1.000000
vt 0.000000 0.000000
vt 1.000000 0.000000
vt 0.000000 1.000000
vt 0.000000 0.000000
vt 1.000000 0.000000
vt 0.000000 1.000000
vt 0.000000 0.000000
vt 1.000000 0.000000
vt 0.000000 1.000000
vt 0.000000 0.000000
vt 1.000000 0.000000
vt 0.000000 1.000000
vt 0.000000 0.000000
vt 1.000000 0.000000
vt 0.000000 1.000000
vt 0.000000 0.000000
vt 1.000000 0.000000
vt 0.000000 1.000000
vt 0.000000 0.000000
vt 1.000000 0.000000
vt 0.000000 1.000000
vt 0.000000 0.000000
vt 1.000000 0.000000
vt 0.000000 1.000000
vt 0.000000 0.000000
vt 1.000000 0.000000
vt 0.000000 1.000000
vt 0.000000 0.000000
vt 1.000000 0.000000
vt 0.000000 1.000000
vt 0.000000 0.000000
vt 1.000000 0.000000
vt 0.000000 1.000000
vt 0.000000 0.000000
vt 1.000000 0.000000
vt 0.000000 1.000000
vt 0.000000 0.000000
vt 1.000000 0.000000
vt 0.000000 1.000000
vt 0.000000 0.000000
vt 1.000000 0.000000
vt 0.000000 1.000000
vt 0.000000 0.000000
vt 1.000000 0.000000
vt 0.000000 1.000000
vt 0.000000 0.000000
vt 1.000000 0.000000
vt 0.000000 1.000000
vt 0.000000 0.000000
vt 1.000000 0.000000
vt 0.000000 1.000000
vt 0.000000 0.000000
vt 1.000000 0.000000
vt 0.000000 1.000000
vt 0.000000 0.000000
vt 1.000000 0.000000
vt 0.000000 1.000000
vt 0.000000 0.000000
vt 1.000000 0.000000
vt 0.000000 1.000000
vt 0.000000 0.000000
vt 1.000000 0.000000
vt 0.000000 1.000000
vt 0.000000 0.000000
vt 1.000000 0.000000
vt 0.000000 1.000000
vt 0.000000 0.000000
vt 1.000000 0.000000
vt 0.000000 1.000000
vt 0.000000 0.000000
vt 1.000000 0.000000
vt 0.000000 1.000000
vt 0.000000 0.000000
vt 1.000000 0.000000
vt 0.000000 1.000000
vt 0.000000 0.000000
vt 1.000000 0.000000
vt 0.000000 1.000000
vt 0.000000 0.000000
vt 1.000000 0.000000
vt 0.000000 1.000000
vt 0.000000 0.000000
vt 1.000000 0.000000
vt 0.000000 1.000000
vt 0.000000 0.000000
vt 1.000000 0.000000
vt 0.000000 1.000000
vt 0.000000 0.000000
vt 1.000000 0.000000
vt 0.000000 1.000000
vt 0.000000 0.000000
vt 1.000000 0.000000
vt 0.000000 1.000000
vt 0.000000 0.000000
vt 1.000000 0.000000
vt 0.000000 1.000000
vt 0.000000 0.000000
vt 1.000000 0.000000
vt 0.000000 1.000000
vt 0.000000 0.000000
vt 1.000000 0.000000
vt 0.000000 1.000000
vt 0.000000 0.000000
vt 1.000000 0.000000
vt 0.000000 1.000000
vt 0.000000 0.000000
vt 1.000000 0.000000
vt 0.000000 1.000000
vt 0.000000 0.000000
vt 1.000000 0.000000
vt 0.000000 1.000000
vt 0.000000 0.000000
vt 1.000000 0.000000
vt 0.000000 1.000000
vt 0.000000 0.000000
vt 1.000000 0.000000
vt 0.000000 1.000000
vt 0.000000 0.000000
vt 1.000000 0.000000
vt 0.000000 1.000000
vt 0.000000 0.000000
vt 1.000000 0.000000
vt 0.000000 1.000000
vt 0.000000 0.000000
vt 1.000000 0.000000
vt 0.000000 1.000000
vt 0.000000 0.000000
vt 1.000000 0.000000
vt 0.000000 1.000000
vt 0.000000 0.000000
vt 1.000000 0.000000
vt 0.000000 1.000000
vt 0.000000 0.000000
vt 1.000000 0.000000
vt 0.000000 1.000000
vt 0.000000 0.000000
vt 1.000000 0.000000
vt 0.000000 1.000000
vt 0.000000 0.000000
vt 1.000000 0.000000
vt 0.000000 1.000000
vt 0.000000 0.000000
vt 1.000000 0.000000
vt 0.000000 1.000000
vt 0.000000 0.000000
vt 1.000000 0.000000
vt 0.000000 1.000000
vt 0.000000 0.000000
vt 1.000000 0.000000
vt 0.000000 1.000000
vt 0.000000 0.000000
vt 1.000000 0.000000
vt 0.000000 1.000000
vt 0.000000 0.000000
vt 1.000000 0.000000
vt 0.000000 1.000000
vt 0.000000 0.000000
vt 1.000000 0.000000
vt 0.000000 1.000000
vt 0.000000 0.000000
vt 1.000000 0.000000
vt 0.000000 1.000000
vt 0.000000 0.000000
vt 1.000000 0.000000
vt 0.000000 1.000000
vt 0.000000 0.000000
vt 1.000000 0.000000
vt 0.000000 1.000000
vt 0.000000 0.000000
vt 1.000000 0.000000
vt 0.000000 1.000000
vt 0.000000 0.000000
vt 1.000000 0.000000
vt 0.000000 1.000000
vt 0.000000 0.000000
vt 1.000000 0.000000
vt 0.000000 1.000000
vt 0.000000 0.000000
vt 1.000000 0.000000
vt 0.000000 1.000000
vt 0.000000 0.000000
vt 1.000000 0.000000
vt 0.000000 1.000000
vt 0.000000 0.000000
vt 1.000000 0.000000
vt 0.000000 1.000000
vt 0.000000 0.000000
vt 1.000000 0.000000
vt 0.000000 1.000000
vt 0.000000 0.000000
vt 1.000000 0.000000
vt 0.000000 1.000000
vt 0.000000 0.000000
vt 1.000000 0.000000
vt 0.000000 1.000000
vt 0.000000 0.000000
vt 1.000000 0.000000
vt 0.000000 1.000000
vt 0.000000 0.000000
vt 1.000000 0.000000
vt 0.000000 1.000000
vt 0.000000 0.000000
vt 1.000000 0.000000
vt 0.000000 1.000000
vt 0.000000 0.000000
vt 1.000000 0.000000
vt 0.000000 1.000000
vt 0.000000 0.000000
vt 1.000000 0.000000
vt 0.000000 1.000000
vt 0.000000 0.000000
vt 1.000000 0.000000
vt 0.000000 1.000000
vt 0.000000 0.000000
vt 1.000000 0.000000
vt 0.000000 1.000000
vt 0.000000 0.000000
vt 1.000000 0.000000
vt 0.000000 1.000000
vt 0.000000 0.000000
vt 1.000000 0.000000
vt 0.000000 1.000000
vt 0.000000 0.000000
vt 1.000000 0.000000
vt 0.000000 1.000000
vt 0.000000 0.000000
vt 1.000000 0.000000
vt 0.000000 1.000000
vt 0.000000 0.000000
vt 1.000000 0.000000
vt 0.000000 1.000000
vt 0.000000 0.000000
vt 1.000000 0.000000
vt 0.000000 1.000000
vt 0.000000 0.000000
vt 1.000000 0.000000
vt 0.000000 1.000000
vt 0.000000 0.000000
vt 1.000000 0.000000
vt 0.000000 1.000000
vt 0.000000 0.000000
vt 1.000000 0.000000
vt 0.000000 1.000000
vt 0.000000 0.000000
vt 1.000000 0.000000
vt 0.000000 1.000000
vt 0.000000 0.000000
vt 1.000000 0.000000
vt 0.000000 1.000000
vt 0.000000 0.000000
vt 1.000000 0.000000
vt 0.000000 1.000000
vt 0.000000 0.000000
vt 1.000000 0.000000
vt 0.000000 1.000000
vt 0.000000 0.000000
vt 1.000000 0.000000
vt 0.000000 1.000000
vt 0.000000 0.000000
vt 1.000000 0.000000
vt 0.000000 1.000000
vt 0.000000 0.000000
vt 1.000000 0.000000
vt 0.000000 1.000000
vt 0.000000 0.000000
vt 1.000000 0.000000
vt 0.000000 1.000000
vt 0.000000 0.000000
vt 1.000000 0.000000
vt 0.000000 1.000000
vt 0.000000 0.000000
vt 1.000000 0.000000
vt 0.000000 1.000000
vt 0.000000 0.000000
vt 1.000000 0.000000
vt 0.000000 1.000000
vt 0.000000 0.000000
vt 1.000000 0.000000
vt 0.000000 1.000000
vt 0.000000 0.000000
vt 1.000000 0.000000
vt 0.000000 1.000000
vt 0.000000 0.000000
vt 1.000000 0.000000
vt 0.000000 1.000000
vt 0.000000 0.000000
vt 1.000000 0.000000
vt 0.000000 1.000000
vt 0.000000 0.000000
vt 1.000000 0.000000
vt 0.000000 1.000000
vt 0.000000 0.000000
vt 1.000000 0.000000
vt 0.000000 1.000000
vt 0.000000 0.000000
vt 1.000000 0.000000
vt 0.000000 1.000000
vt 0.000000 0.000000
vt 1.000000 0.000000
vt 0.000000 1.000000
vt 0.000000 0.000000
vt 1.000000 0.000000
vt 0.000000 1.000000
vt 0.000000 0.000000
vt 1.000000 0.000000
vt 0.000000 1.000000
vt 0.000000 0.000000
vt 1.000000 0.000000
vt 0.000000 1.000000
vt 0.000000 0.000000
vt 1.000000 0.000000
vt 0.000000 1.000000
vt 0.000000 0.000000
vt 1.000000 0.000000
vt 0.000000 1.000000
vt 0.000000 0.000000
vt 1.000000 0.000000
vt 0.000000 1.000000
vt 0.000000 0.000000
vt 1.000000 0.000000
vt 0.000000 1.000000
vt 0.000000 0.000000
vt 1.000000 0.000000
vt 0.000000 1.000000
vt 0.000000 0.000000
vt 1.000000 0.000000
vt 0.000000 1.000000
vt 0.000000 0.000000
vt 1.000000 0.000000
vt 0.000000 1.000000
vt 0.000000 0.000000
vt 1.000000 0.000000
vt 0.000000 1.000000
vt 0.000000 0.000000
vt 1.000000 0.000000
vt 0.000000 1.000000
vt 0.000000 0.000000
vt 1.000000 0.000000
vt 0.000000 1.000000
vt 0.000000 0.000000
vt 1.000000 0.000000
vt 0.000000 1.000000
vt 0.000000 0.000000
vt 1.000000 0.000000
vt 0.000000 1.000000
vt 0.000000 0.000000
vt 1.000000 0.000000
vt 0.000000 1.000000
vt 0.000000 0.000000
vt 1.000000 0.000000
vt 0.000000 1.000000
vt 0.000000 0.000000
vt 1.000000 0.000000
vt 0.000000 1.000000
vt 0.000000 0.000000
vt 1.000000 0.000000
vt 0.000000 1.000000
vt 0.000000 0.000000
vt 1.000000 0.000000
vt 0.000000 1.000000
vt 0.000000 0.000000
vt 1.000000 0.000000
vt 0.000000 1.000000
vt 0.000000 0.000000
vt 1.000000 0.000000
vt 0.000000 1.000000
vt 0.000000 0.000000
vt 1.000000 0.000000
vt 0.000000 1.000000
vt 0.000000 0.000000
vt 1.000000 0.000000
vt 0.000000 1.000000
vt 0.000000 0.000000
vt 1.000000 0.000000
vt 0.000000 1.000000
vt 0.000000 0.000000
vt 1.000000 0.000000
vt 0.000000 1.000000
vt 0.000000 0.000000
vt 1.000000 0.000000
vt 0.000000 1.000000
vt 0.000000 0.000000
vt 1.000000 0.000000
vt 0.000000 1.000000
vt 0.000000 0.000000
vt 1.000000 0.000000
vt 0.000000 1.000000
vt 0.000000 0.000000
vt 1.000000 0.000000
vt 0.000000 1.000000
vt 0.000000 0.000000
vt 1.000000 0.000000
vt 0.000000 1.000000
vt 0.000000 0.000000
vt 1.000000 0.000000
vt 0.000000 1.000000
vt 0.000000 0.000000
vt 1.000000 0.000000
vt 0.000000 1.000000
vt 0.000000 0.000000
vt 1.000000 0.000000
vt 0.000000 1.000000
vt 0.000000 0.000000
vt 1.000000 0.000000
vt 0.000000 1.000000
vt 0.000000 0.000000
vt 1.000000 0.000000
vt 0.000000 1.000000
vt 0.000000 0.000000
vt 1.000000 0.000000
vt 0.000000 1.000000
vt 0.000000 0.000000
vt 1.000000 0.000000
vt 0.000000 1.000000
vt 0.000000 0.000000
vt 1.000000 0.000000
vt 0.000000 1.000000
vt 0.000000 0.000000
vt 1.000000 0.000000
vt 0.000000 1.000000
vt 0.000000 0.000000
vt 1.000000 0.000000
vt 0.000000 1.000000
vt 0.000000 0.000000
vt 1.000000 0.000000
vt 0.000000 1.000000
vt 0.000000 0.000000
vt 1.000000 0.000000
vt 0.000000 1.000000
vt 0.000000 0.000000
vt 1.000000 0.000000
vt 0.000000 1.000000
vt 0.000000 0.000000
vt 1.000000 0.000000
vt 0.000000 1.000000
vt 0.000000 0.000000
vt 1.000000 0.000000
vt 0.000000 1.000000
vt 0.000000 0.000000
vt 1.000000 0.000000
vt 0.000000 1.000000
vt 0.000000 0.000000
vt 1.000000 0.000000
vt 0.000000 1.000000
vt 0.000000 0.000000
vt 1.000000 0.000000
vt 0.000000 1.000000
vt 0.000000 0.000000
vt 1.000000 0.000000
vt 0.000000 1.000000
vt 0.000000 0.000000
vt 1.000000 0.000000
vt 0.000000 1.000000
vt 0.000000 0.000000
vt 1.000000 0.000000
vt 0.000000 1.000000
vt 0.000000 0.000000
vt 1.000000 0.000000
vt 0.000000 1.000000
vt 0.000000 0.000000
vt 1.000000 0.000000
vt 0.000000 1.000000
vt 0.000000 0.000000
vt 1.000000 0.000000
vt 0.000000 1.000000
vt 0.000000 0.000000
vt 1.000000 0.000000
vt 0.000000 1.000000
vt 0.000000 0.000000
vt 1.000000 0.000000
vt 0.000000 1.000000
vt 0.000000 0.000000
vt 1.000000 0.000000
vt 0.000000 1.000000
vt 0.000000 0.000000
vt 1.000000 0.000000
vt 0.000000 1.000000
vt 0.000000 0.000000
vt 1.000000 0.000000
vt 0.000000 1.000000
vt 0.000000 0.000000
vt 1.000000 0.000000
vt 0.000000 1.000000
vt 0.000000 0.000000
vt 1.000000 0.000000
vt 0.000000 1.000000
vt 0.000000 0.000000
vt 1.000000 0.000000
vt 0.000000 1.000000
vt 0.000000 0.000000
vt 1.000000 0.000000
vt 0.000000 1.000000
vt 0.000000 0.000000
vt 1.000000 0.000000
vt 0.000000 1.000000
vt 0.000000 0.000000
vt 1.000000 0.000000
vt 0.000000 1.000000
vt 0.000000 0.000000
vt 1.000000 0.000000
vt 0.000000 1.000000
vt 0.000000 0.000000
vt 1.000000 0.000000
vt 0.000000 1.000000
vt 0.000000 0.000000
vt 1.000000 0.000000
vt 0.000000 1.000000
vt 0.000000 0.000000
vt 1.000000 0.000000
vt 0.000000 1.000000
vt 0.000000 0.000000
vt 1.000000 0.000000
vt 0.000000 1.000000
vt 0.000000 0.000000
vt 1.000000 0.000000
vt 0.000000 1.000000
vt 0.000000 0.000000
vt 1.000000 0.000000
vt 0.000000 1.000000
vt 0.000000 0.000000
vt 1.000000 0.000000
vt 0.000000 1.000000
vt 0.000000 0.000000
vt 1.000000 0.000000
vt 0.000000 1.000000
vt 0.000000 0.000000
vt 1.000000 0.000000
vt 0.000000 1.000000
vt 0.000000 0.000000
vt 1.000000 0.000000
vt 0.000000 1.000000
vt 0.000000 0.000000
vt 1.000000 0.000000
vt 0.000000 1.000000
vt 0.000000 0.000000
vt 1.000000 0.000000
vt 0.000000 1.000000
vt 0.000000 0.000000
vt 1.000000 0.000000
vt 0.000000 1.000000
vt 0.000000 0.000000
vt 1.000000 0.000000
vt 0.000000 1.000000
vt 0.000000 0.000000
vt 1.000000 0.000000
vt 0.000000 1.000000
vt 0.000000 0.000000
vt 1.000000 0.000000
vt 0.000000 1.000000
vt 0.000000 0.000000
vt 1.000000 0.000000
vt 0.000000 1.000000
vt 0.000000 0.000000
vt 1.000000 0.000000
vt 0.000000 1.000000
vt 0.000000 0.000000
vt 1.000000 0.000000
vt 0.000000 1.000000
vt 0.000000 0.000000
vt 1.000000 0.000000
vt 0.000000 1.000000
vt 0.000000 0.000000
vt 1.000000 0.000000
vt 0.000000 1.000000
vt 0.000000 0.000000
vt 1.000000 0.000000
vt 0.000000 1.000000
vt 0.000000 0.000000
vt 1.000000 0.000000
vt 0.000000 1.000000
vt 0.000000 0.000000
vt 1.000000 0.000000
vt 0.000000 1.000000
vt 0.000000 0.000000
vt 1.000000 0.000000
vt 0.000000 1.000000
vt 0.000000 0.000000
vt 1.000000 0.000000
vt 0.000000 1.000000
vt 0.000000 0.000000
vt 1.000000 0.000000
vt 0.000000 1.000000
vt 0.000000 0.000000
vt 1.000000 0.000000
vt 0.000000 1.000000
vt 0.000000 0.000000
vt 1.000000 0.000000
vt 0.000000 1.000000
vt 0.000000 0.000000
vt 1.000000 0.000000
vt 0.000000 1.000000
vt 0.000000 0.000000
vt 1.000000 0.000000
vt 0.000000 1.000000
vt 0.000000 0.000000
vt 1.000000 0.000000
vt 0.000000 1.000000
vt 0.000000 0.000000
vt 1.000000 0.000000
vt 0.000000 1.000000
vt 0.000000 0.000000
vt 1.000000 0.000000
vt 0.000000 1.000000
vt 0.000000 0.000000
vt 1.000000 0.000000
vt 0.000000 1.000000
vt 0.000000 0.000000
vt 1.000000 0.000000
vt 0.000000 1.000000
vt 0.000000 0.000000
vt 1.000000 0.000000
vt 0.000000 1.000000
vt 0.000000 0.000000
vt 1.000000 0.000000
vt 0.000000 1.000000
vt 0.000000 0.000000
vt 1.000000 0.000000
vt 0.000000 1.000000
vt 0.000000 0.000000
vt 1.000000 0.000000
vt 0.000000 1.000000
vt 0.000000 0.000000
vt 1.000000 0.000000
vt 0.000000 1.000000
vt 0.000000 0.000000
vt 1.000000 0.000000
vt 0.000000 1.000000
vt 0.000000 0.000000
vt 1.000000 0.000000
vt 0.000000 1.000000
vt 0.000000 0.000000
vt 1.000000 0.000000
vt 0.000000 1.000000
vt 0.000000 0.000000
vt 1.000000 0.000000
vt 0.000000 1.000000
vt 0.000000 0.000000
vt 1.000000 0.000000
vt 0.000000 1.000000
vt 0.000000 0.000000
vt 1.000000 0.000000
vt 0.000000 1.000000
vt 0.000000 0.000000
vt 1.000000 0.000000
vt 0.000000 1.000000
vt 0.000000 0.000000
vt 1.000000 0.000000
vt 0.000000 1.000000
vt 0.000000 0.000000
vt 1.000000 0.000000
vt 0.000000 1.000000
vt 0.000000 0.000000
vt 1.000000 0.000000
vt 0.000000 1.000000
vt 0.000000 0.000000
vt 1.000000 0.000000
vt 0.000000 1.000000
vt 0.000000 0.000000
vt 1.000000 0.000000
vt 0.000000 1.000000
vt 0.000000 0.000000
vt 1.000000 0.000000
vt 0.000000 1.000000
vt 0.000000 0.000000
vt 1.000000 0.000000
vt 0.000000 1.000000
vt 0.000000 0.000000
vt 1.000000 0.000000
vt 0.000000 1.000000
vt 0.000000 0.000000
vt 1.000000 0.000000
vt 0.000000 1.000000
vt 0.000000 0.000000
vt 1.000000 0.000000
vt 0.000000 1.000000
vt 0.000000 0.000000
vt 1.000000 0.000000
vt 0.000000 1.000000
vt 0.000000 0.000000
vt 1.000000 0.000000
vt 0.000000 1.000000
vt 0.000000 0.000000
vt 1.000000 0.000000
vt 0.000000 1.000000
vt 0.000000 0.000000
vt 1.000000 0.000000
vt 0.000000 1.000000
vt 0.000000 0.000000
vt 1.000000 0.000000
vt 0.000000 1.000000
vt 0.000000 0.000000
vt 1.000000 0.000000
vt 0.000000 1.000000
vt 0.000000 0.000000
vt 1.000000 0.000000
vt 0.000000 1.000000
vt 0.000000 0.000000
vt 1.000000 0.000000
vt 0.000000 1.000000
vt 0.000000 0.000000
vt 1.000000 0.000000
vt 0.000000 1.000000
vt 0.000000 0.000000
vt 1.000000 0.000000
vt 0.000000 1.000000
vt 0.000000 0.000000
vt 1.000000 0.000000
vt 0.000000 1.000000
vt 0.000000 0.000000
vt 1.000000 0.000000
vt 0.000000 1.000000
vt 0.000000 0.000000
vt 1.000000 0.000000
vt 0.000000 1.000000
vt 0.000000 0.000000
vt 1.000000 0.000000
vt 0.000000 1.000000
vt 0.000000 0.000000
vt 1.000000 0.000000
vt 0.000000 1.000000
vt 0.000000 0.000000
vt 1.000000 0.000000
vt 0.000000 1.000000
vt 0.000000 0.000000
vt 1.000000 0.000000
vt 0.000000 1.000000
vt 0.000000 0.000000
vt 1.000000 0.000000
vt 0.000000 1.000000
vt 0.000000 0.000000
vt 1.000000 0.000000
vt 0.000000 1.000000
vt 0.000000 0.000000
vt 1.000000 0.000000
vt 0.000000 1.000000
vt 0.000000 0.000000
vt 1.000000 0.000000
vt 0.000000 1.000000
vt 0.000000 0.000000
vt 1.000000 0.000000
vt 0.000000 1.000000
vt 0.000000 0.000000
vt 1.000000 0.000000
vt 0.000000 1.000000
vt 0.000000 0.000000
vt 1.000000 0.000000
vt 0.000000 1.000000
vt 0.000000 0.000000
vt 1.000000 0.000000
vt 0.000000 1.000000
vt 0.000000 0.000000
vt 1.000000 0.000000
vt 0.000000 1.000000
vt 0.000000 0.000000
vt 1.000000 0.000000
vt 0.000000 1.000000
vt 0.000000 0.000000
vt 1.000000 0.000000
vt 0.000000 1.000000
vt 0.000000 0.000000
vt 1.000000 0.000000
vt 0.000000 1.000000
vt 0.000000 0.000000
vt 1.000000 0.000000
vt 0.000000 1.000000
vt 0.000000 0.000000
vt 1.000000 0.000000
vt 0.000000 1.000000
vt 0.000000 0.000000
vt 1.000000 0.000000
vt 0.000000 1.000000
vt 0.000000 0.000000
vt 1.000000 0.000000
vt 0.000000 1.000000
vt 0.000000 0.000000
vt 1.000000 0.000000
vt 0.000000 1.000000
vt 0.000000 0.000000
vt 1.000000 0.000000
vt 0.000000 1.000000
vt 0.000000 0.000000
vt 1.000000 0.000000
vt 0.000000 1.000000
vt 0.000000 0.000000
vt 1.000000 0.000000
vt 0.000000 1.000000
vt 0.000000 0.000000
vt 1.000000 0.000000
vt 0.000000 1.000000
vt 0.000000 0.000000
vt 1.000000 0.000000
vt 0.000000 1.000000
vt 0.000000 0.000000
vt 1.000000 0.000000
vt 0.000000 1.000000
vt 0.000000 0.000000
vt 1.000000 0.000000
vt 0.000000 1.000000
vt 0.000000 0.000000
vt 1.000000 0.000000
vt 0.000000 1.000000
vt 0.000000 0.000000
vt 1.000000 0.000000
vt 0.000000 1.000000
vt 0.000000 0.000000
vt 1.000000 0.000000
vt 0.000000 1.000000
vt 0.000000 0.000000
vt 1.000000 0.000000
vt 0.000000 1.000000
vt 0.000000 0.000000
vt 1.000000 0.000000
vt 0.000000 1.000000
vt 0.000000 0.000000
vt 1.000000 0.000000
vt 0.000000 1.000000
vt 0.000000 0.000000
vt 1.000000 0.000000
vt 0.000000 1.000000
vt 0.000000 0.000000
vt 1.000000 0.000000
vt 0.000000 1.000000
vt 0.000000 0.000000
vt 1.000000 0.000000
vt 0.000000 1.000000
vt 0.000000 0.000000
vt 1.000000 0.000000
vt 0.000000 1.000000
vt 0.000000 0.000000
vt 1.000000 0.000000
vt 0.000000 1.000000
vt 0.000000 0.000000
vt 1.000000 0.000000
vt 0.000000 1.000000
vt 0.000000 0.000000
vt 1.000000 0.000000
vt 0.000000 1.000000
vt 0.000000 0.000000
vt 1.000000 0.000000
vt 0.000000 1.000000
vt 0.000000 0.000000
vt 1.000000 0.000000
vt 0.000000 1.000000
vt 0.000000 0.000000
vt 1.000000 0.000000
vt 0.000000 1.000000
vt 0.000000 0.000000
vt 1.000000 0.000000
vt 0.000000 1.000000
vt 0.000000 0.000000
vt 1.000000 0.000000
vt 0.000000 1.000000
vt 0.000000 0.000000
vt 1.000000 0.000000
vt 0.000000 1.000000
vt 0.000000 0.000000
vt 1.000000 0.000000
vt 0.000000 1.000000
vt 0.000000 0.000000
vt 1.000000 0.000000
vt 0.000000 1.000000
vt 0.000000 0.000000
vt 1.000000 0.000000
vt 0.000000 1.000000
vt 0.000000 0.000000
vt 1.000000 0.000000
vt 0.000000 1.000000
vt 0.000000 0.000000
vt 1.000000 0.000000
vt 0.000000 1.000000
vt 0.000000 0.000000
vt 1.000000 0.000000
vt 0.000000 1.000000
vt 0.000000 0.000000
vt 1.000000 0.000000
vt 0.000000 1.000000
vt 0.000000 0.000000
vt 1.000000 0.000000
vt 0.000000 1.000000
vt 0.000000 0.000000
vt 1.000000 0.000000
vt 0.000000 1.000000
vt 0.000000 0.000000
vt 1.000000 0.000000
vt 0.000000 1.000000
vt 0.000000 0.000000
vt 1.000000 0.000000
vt 0.000000 1.000000
vt 0.000000 0.000000
vt 1.000000 0.000000
vt 0.000000 1.000000
vt 0.000000 0.000000
vt 1.000000 0.000000
vt 0.000000 1.000000
vt 0.000000 0.000000
vt 1.000000 0.000000
vt 0.000000 1.000000
vt 0.000000 0.000000
vt 1.000000 0.000000
vt 0.000000 1.000000
vt 0.000000 0.000000
vt 1.000000 0.000000
vt 0.000000 1.000000
vt 0.000000 0.000000
vt 1.000000 0.000000
vt 0.000000 1.000000
vt 0.000000 0.000000
vt 1.000000 0.000000
vt 0.000000 1.000000
vt 0.000000 0.000000
vt 1.000000 0.000000
vt 0.000000 1.000000
vt 0.000000 0.000000
vt 1.000000 0.000000
vt 0.000000 1.000000
vt 0.000000 0.000000
vt 1.000000 0.000000
vt 0.000000 1.000000
vt 0.000000 0.000000
vt 1.000000 0.000000
vt 0.000000 1.000000
vt 0.000000 0.000000
vt 1.000000 0.000000
vt 0.000000 1.000000
vt 0.000000 0.000000
vt 1.000000 0.000000
vt 0.000000 1.000000
vt 0.000000 0.000000
vt 1.000000 0.000000
vt 0.000000 1.000000
vt 0.000000 0.000000
vt 1.000000 0.000000
vt 0.000000 1.000000
vt 0.000000 0.000000
vt 1.000000 0.000000
vt 0.000000 1.000000
vt 0.000000 0.000000
vt 1.000000 0.000000
vt 0.000000 1.000000
vt 0.000000 0.000000
vt 1.000000 0.000000
vt 0.000000 1.000000
vt 0.000000 0.000000
vt 1.000000 0.000000
vt 0.000000 1.000000
vt 0.000000 0.000000
vt 1.000000 0.000000
vt 0.000000 1.000000
vt 0.000000 0.000000
vt 1.000000 0.000000
vt 0.000000 1.000000
vt 0.000000 0.000000
vt 1.000000 0.000000
vt 0.000000 1.000000
vt 0.000000 0.000000
vt 1.000000 0.000000
vt 0.000000 1.000000
vt 0.000000 0.000000
vt 1.000000 0.000000
vt 0.000000 1.000000
vt 0.000000 0.000000
vt 1.000000 0.000000
vt 0.000000 1.000000
vt 0.000000 0.000000
vt 1.000000 0.000000
vt 0.000000 1.000000
vt 0.000000 0.000000
vt 1.000000 0.000000
vt 0.000000 1.000000
vt 0.000000 0.000000
vt 1.000000 0.000000
vt 0.000000 1.000000
vt 0.000000 0.000000
vt 1.000000 0.000000
vt 0.000000 1.000000
vt 0.000000 0.000000
vt 1.000000 0.000000
vt 0.000000 1.000000
vt 0.000000 0.000000
vt 1.000000 0.000000
vt 0.000000 1.000000
vt 0.000000 0.000000
vt 1.000000 0.000000
vt 0.000000 1.000000
vt 0.000000 0.000000
vt 1.000000 0.000000
vt 0.000000 1.000000
vt 0.000000 0.000000
vt 1.000000 0.000000
vt 0.000000 1.000000
vt 0.000000 0.000000
vt 1.000000 0.000000
vt 0.000000 1.000000
vt 0.000000 0.000000
vt 1.000000 0.000000
vt 0.000000 1.000000
vt 0.000000 0.000000
vt 1.000000 0.000000
vt 0.000000 1.000000
vt 0.000000 0.000000
vt 1.000000 0.000000
vt 0.000000 1.000000
vt 0.000000 0.000000
vt 1.000000 0.000000
vt 0.000000 1.000000
vt 0.000000 0.000000
vt 1.000000 0.000000
vt 0.000000 1.000000
vt 0.000000 0.000000
vt 1.000000 0.000000
vt 0.000000 1.000000
vt 0.000000 0.000000
vt 1.000000 0.000000
vt 0.000000 1.000000
vt 0.000000 0.000000
vt 1.000000 0.000000
vt 0.000000 1.000000
vt 0.000000 0.000000
vt 1.000000 0.000000
vt 0.000000 1.000000
vt 0.000000 0.000000
vt 1.000000 0.000000
vt 0.000000 1.000000
vt 0.000000 0.000000
vt 1.000000 0.000000
vt 0.000000 1.000000
vt 0.000000 0.000000
vt 1.000000 0.000000
vt 0.000000 1.000000
vt 0.000000 0.000000
vt 1.000000 0.000000
vt 0.000000 1.000000
vt 0.000000 0.000000
vt 1.000000 0.000000
vt 0.000000 1.000000
vt 0.000000 0.000000
vt 1.000000 0.000000
vt 0.000000 1.000000
vt 0.000000 0.000000
vt 1.000000 0.000000
vt 0.000000 1.000000
vt 0.000000 0.000000
vt 1.000000 0.000000
vt 0.000000 1.000000
vt 0.000000 0.000000
vt 1.000000 0.000000
vt 0.000000 1.000000
vt 0.000000 0.000000
vt 1.000000 0.000000
vt 0.000000 1.000000
vt 0.000000 0.000000
vt 1.000000 0.000000
vt 0.000000 1.000000
vt 0.000000 0.000000
vt 1.000000 0.000000
vt 0.000000 1.000000
vt 0.000000 0.000000
vt 1.000000 0.000000
vt 0.000000 1.000000
vt 0.000000 0.000000
vt 1.000000 0.000000
vt 0.000000 1.000000
vt 0.000000 0.000000
vt 1.000000 0.000000
vt 0.000000 1.000000
vt 0.000000 0.000000
vt 1.000000 0.000000
vt 0.000000 1.000000
vt 0.000000 0.000000
vt 1.000000 0.000000
vt 0.000000 1.000000
vt 0.000000 0.000000
vt 1.000000 0.000000
vt 0.000000 1.000000
vt 0.000000 0.000000
vt 1.000000 0.000000
vt 0.000000 1.000000
vt 0.000000 0.000000
vt 1.000000 0.000000
vt 0.000000 1.000000
vt 0.000000 0.000000
vt 1.000000 0.000000
vt 0.000000 1.000000
vt 0.000000 0.000000
vt 1.000000 0.000000
vt 0.000000 1.000000
vt 0.000000 0.000000
vt 1.000000 0.000000
vt 0.000000 1.000000
vt 0.000000 0.000000
vt 1.000000 0.000000
vt 0.000000 1.000000
vt 0.000000 0.000000
vt 1.000000 0.000000
vt 0.000000 1.000000
vt 0.000000 0.000000
vt 1.000000 0.000000
vt 0.000000 1.000000
vt 0.000000 0.000000
vt 1.000000 0.000000
vt 0.000000 1.000000
vt 0.000000 0.000000
vt 1.000000 0.000000
vt 0.000000 1.000000
vt 0.000000 0.000000
vt 1.000000 0.000000
vt 0.000000 1.000000
vt 0.000000 0.000000
vt 1.000000 0.000000
vt 0.000000 1.000000
vt 0.000000 0.000000
vt 1.000000 0.000000
vt 0.000000 1.000000
vt 0.000000 0.000000
vt 1.000000 0.000000
vt 0.000000 1.000000
vt 0.000000 0.000000
vt 1.000000 0.000000
vt 0.000000 1.000000
vt 0.000000 0.000000
vt 1.000000 0.000000
vt 0.000000 1.000000
vt 0.000000 0.000000
vt 1.000000 0.000000
vt 0.000000 1.000000
vt 0.000000 0.000000
vt 1.000000 0.000000
vt 0.000000 1.000000
vt 0.000000 0.000000
vt 1.000000 0.000000
vt 0.000000 1.000000
vt 0.000000 0.000000
vt 1.000000 0.000000
vt 0.000000 1.000000
vt 0.000000 0.000000
vt 1.000000 0.000000
vt 0.000000 1.000000
vt 0.000000 0.000000
vt 1.000000 0.000000
vt 0.000000 1.000000
vt 0.000000 0.000000
vt 1.000000 0.000000
vt 0.000000 1.000000
vt 0.000000 0.000000
vt 1.000000 0.000000
vt 0.000000 1.000000
vt 0.000000 0.000000
vt 1.000000 0.000000
vt 0.000000 1.000000
vt 0.000000 0.000000
vt 1.000000 0.000000
vt 0.000000 1.000000
vt 0.000000 0.000000
vt 1.000000 0.000000
vt 0.000000 1.000000
vt 0.000000 0.000000
vt 1.000000 0.000000
vt 0.000000 1.000000
vt 0.000000 0.000000
vt 1.000000 0.000000
vt 0.000000 1.000000
vt 0.000000 0.000000
vt 1.000000 0.000000
vt 0.000000 1.000000
vt 0.000000 0.000000
vt 1.000000 0.000000
vt 0.000000 1.000000
vt 0.000000 0.000000
vt 1.000000 0.000000
vt 0.000000 1.000000
vt 0.000000 0.000000
vt 1.000000 0.000000
vt 0.000000 1.000000
vt 0.000000 0.000000
vt 1.000000 0.000000
vt 0.000000 1.000000
vt 0.000000 0.000000
vt 1.000000 0.000000
vt 0.000000 1.000000
vt 0.000000 0.000000
vt 1.000000 0.000000
vt 0.000000 1.000000
vt 0.000000 0.000000
vt 1.000000 0.000000
vt 0.000000 1.000000
vt 0.000000 0.000000
vt 1.000000 0.000000
vt 0.000000 1.000000
vt 0.000000 0.000000
vt 1.000000 0.000000
vt 0.000000 1.000000
vt 0.000000 0.000000
vt 1.000000 0.000000
vt 0.000000 1.000000
vt 0.000000 0.000000
vt 1.000000 0.000000
vt 0.000000 1.000000
vt 0.000000 0.000000
vt 1.000000 0.000000
vt 0.000000 1.000000
vt 0.000000 0.000000
vt 1.000000 0.000000
vt 0.000000 1.000000
vt 0.000000 0.000000
vt 1.000000 0.000000
vt 0.000000 1.000000
vt 0.000000 0.000000
vt 1.000000 0.000000
vt 0.000000 1.000000
vt 0.000000 0.000000
vt 1.000000 0.000000
vt 0.000000 1.000000
vt 0.000000 0.000000
vt 1.000000 0.000000
vt 0.000000 1.000000
vt 0.000000 0.000000
vt 1.000000 0.000000
vt 0.000000 1.000000
vt 0.000000 0.000000
vt 1.000000 0.000000
vt 0.000000 1.000000
vt 0.000000 0.000000
vt 1.000000 0.000000
vt 0.000000 1.000000
vt 0.000000 0.000000
vt 1.000000 0.000000
vt 0.000000 1.000000
vt 0.000000 0.000000
vt 1.000000 0.000000
vt 0.000000 1.000000
vt 0.000000 0.000000
vt 1.000000 0.000000
vt 0.000000 1.000000
vt 0.000000 0.000000
vt 1.000000 0.000000
vt 0.000000 1.000000
vt 0.000000 0.000000
vt 1.000000 0.000000
vt 0.000000 1.000000
vt 0.000000 0.000000
vt 1.000000 0.000000
vt 0.000000 1.000000
vt 0.000000 0.000000
vt 1.000000 0.000000
vt 0.000000 1.000000
vt 0.000000 0.000000
vt 1.000000 0.000000
vt 0.000000 1.000000
vt 0.000000 0.000000
vt 1.000000 0.000000
vt 0.000000 1.000000
vt 0.000000 0.000000
vt 1.000000 0.000000
vt 0.000000 1.000000
vt 0.000000 0.000000
vt 1.000000 0.000000
vt 0.000000 1.000000
vt 0.000000 0.000000
vt 1.000000 0.000000
vt 0.000000 1.000000
vt 0.000000 0.000000
vt 1.000000 0.000000
vt 0.000000 1.000000
vt 0.000000 0.000000
vt 1.000000 0.000000
vt 0.000000 1.000000
vt 0.000000 0.000000
vt 1.000000 0.000000
vt 0.000000 1.000000
vt 0.000000 0.000000
vt 1.000000 0.000000
vt 0.000000 1.000000
vt 0.000000 0.000000
vt 1.000000 0.000000
vt 0.000000 1.000000
vt 0.000000 0.000000
vt 1.000000 0.000000
vt 0.000000 1.000000
vt 0.000000 0.000000
vt 1.000000 0.000000
vt 0.000000 1.000000
vt 0.000000 0.000000
vt 1.000000 0.000000
vt 0.000000 1.000000
vt 0.000000 0.000000
vt 1.000000 0.000000
vt 0.000000 1.000000
vt 0.000000 0.000000
vt 1.000000 0.000000
vt 0.000000 1.000000
vt 0.000000 0.000000
vt 1.000000 0.000000
vt 0.000000 1.000000
vt 0.000000 0.000000
vt 1.000000 0.000000
vt 0.000000 1.000000
vt 0.000000 0.000000
vt 1.000000 0.000000
vt 0.000000 1.000000
vt 0.000000 0.000000
vt 1.000000 0.000000
vt 0.000000 1.000000
vt 0.000000 0.000000
vt 1.000000 0.000000
vt 0.000000 1.000000
vt 0.000000 0.000000
vt 1.000000 0.000000
vt 0.000000 1.000000
vt 0.000000 0.000000
vt 1.000000 0.000000
vt 0.000000 1.000000
vt 0.000000 0.000000
vt 1.000000 0.000000
vt 0.000000 1.000000
vt 0.000000 0.000000
vt 1.000000 0.000000
vt 0.000000 1.000000
vt 0.000000 0.000000
vt 1.000000 0.000000
vt 0.000000 1.000000
vt 0.000000 0.000000
vt 1.000000 0.000000
vt 0.000000 1.000000
vt 0.000000 0.000000
vt 1.000000 0.000000
vt 0.000000 1.000000
vt 0.000000 0.000000
vt 1.000000 0.000000
vt 0.000000 1.000000
vt 0.000000 0.000000
vt 1.000000 0.000000
vt 0.000000 1.000000
vt 0.000000 0.000000
vt 1.000000 0.000000
vt 0.000000 1.000000
vt 0.000000 0.000000
vt 1.000000 0.000000
vt 0.000000 1.000000
vt 0.000000 0.000000
vt 1.000000 0.000000
vt 0.000000 1.000000
vt 0.000000 0.000000
vt 1.000000 0.000000
vt 0.000000 1.000000
vt 0.000000 0.000000
vt 1.000000 0.000000
vt 0.000000 1.000000
vt 0.000000 0.000000
vt 1.000000 0.000000
vt 0.000000 1.000000
vt 0.000000 0.000000
vt 1.000000 0.000000
vt 0.000000 1.000000
vt 0.000000 0.000000
vt 1.000000 0.000000
vt 0.000000 1.000000
vt 0.000000 0.000000
vt 1.000000 0.000000
vt 0.000000 1.000000
vt 0.000000 0.000000
vt 1.000000 0.000000
vt 0.000000 1.000000
vt 0.000000 0.000000
vt 1.000000 0.000000
vt 0.000000 1.000000
vt 0.000000 0.000000
vt 1.000000 0.000000
vt 0.000000 1.000000
vt 0.000000 0.000000
vt 1.000000 0.000000
vt 0.000000 1.000000
vt 0.000000 0.000000
vt 1.000000 0.000000
vt 0.000000 1.000000
vt 0.000000 0.000000
vt 1.000000 0.000000
vt 0.000000 1.000000
vt 0.000000 0.000000
vt 1.000000 0.000000
vt 0.000000 1.000000
vt 0.000000 0.000000
vt 1.000000 0.000000
vt 0.000000 1.000000
vt 0.000000 0.000000
vt 1.000000 0.000000
vt 0.000000 1.000000
vt 0.000000 0.000000
vt 1.000000 0.000000
vt 0.000000 1.000000
vt 0.000000 0.000000
vt 1.000000 0.000000
vt 0.000000 1.000000
vt 0.000000 0.000000
vt 1.000000 0.000000
vt 0.000000 1.000000
vt 0.000000 0.000000
vt 1.000000 0.000000
vt 0.000000 1.000000
vt 0.000000 0.000000
vt 1.000000 0.000000
vt 0.000000 1.000000
vt 0.000000 0.000000
vt 1.000000 0.000000
vt 0.000000 1.000000
vt 0.000000 0.000000
vt 1.000000 0.000000
vt 0.000000 1.000000
vt 0.000000 0.000000
vt 1.000000 0.000000
vt 0.000000 1.000000
vt 0.000000 0.000000
vt 1.000000 0.000000
vt 0.000000 1.000000
vt 0.000000 0.000000
vt 1.000000 0.000000
vt 0.000000 1.000000
vt 0.000000 0.000000
vt 1.000000 0.000000
vt 0.000000 1.000000
vt 0.000000 0.000000
vt 1.000000 0.000000
vt 0.000000 1.000000
vt 0.000000 0.000000
vt 1.000000 0.000000
vt 0.000000 1.000000
vt 0.000000 0.000000
vt 1.000000 0.000000
vt 0.000000 1.000000
vt 0.000000 0.000000
vt 1.000000 0.000000
vt 0.000000 1.000000
vt 0.000000 0.000000
vt 1.000000 0.000000
vt 0.000000 1.000000
vt 0.000000 0.000000
vt 1.000000 0.000000
vt 0.000000 1.000000
vt 0.000000 0.000000
vt 1.000000 0.000000
vt 0.000000 1.000000
vt 0.000000 0.000000
vt 1.000000 0.000000
vt 0.000000 1.000000
vt 0.000000 0.000000
vt 1.000000 0.000000
vt 0.000000 1.000000
vt 0.000000 0.000000
vt 1.000000 0.000000
vt 0.000000 1.000000
vt 0.000000 0.000000
vt 1.000000 0.000000
vt 0.000000 1.000000
vt 0.000000 0.000000
vt 1.000000 0.000000
vt 0.000000 1.000000
vt 0.000000 0.000000
vt 1.000000 0.000000
vt 0.000000 1.000000
vt 0.000000 0.000000
vt 1.000000 0.000000
vt 0.000000 1.000000
vt 0.000000 0.000000
vt 1.000000 0.000000
vt 0.000000 1.000000
vt 0.000000 0.000000
vt 1.000000 0.000000
vt 0.000000 1.000000
vt 0.000000 0.000000
vt 1.000000 0.000000
vt 0.000000 1.000000
vt 0.000000 0.000000
vt 1.000000 0.000000
vt 0.000000 1.000000
vt 0.000000 0.000000
vt 1.000000 0.000000
vt 0.000000 1.000000
vt 0.000000 0.000000
vt 1.000000 0.000000
vt 0.000000 1.000000
vt 0.000000 0.000000
vt 1.000000 0.000000
vt 0.000000 1.000000
vt 0.000000 0.000000
vt 1.000000 0.000000
vt 0.000000 1.000000
vt 0.000000 0.000000
vt 1.000000 0.000000
vt 0.000000 1.000000
vt 0.000000 0.000000
vt 1.000000 0.000000
vt 0.000000 1.000000
vt 0.000000 0.000000
vt 1.000000 0.000000
vt 0.000000 1.000000
vt 0.000000 0.000000
vt 1.000000 0.000000
vt 0.000000 1.000000
vt 0.000000 0.000000
vt 1.000000 0.000000
vt 0.000000 1.000000
vt 0.000000 0.000000
vt 1.000000 0.000000
vt 0.000000 1.000000
vt 0.000000 0.000000
vt 1.000000 0.000000
vt 0.000000 1.000000
vt 0.000000 0.000000
vt 1.000000 0.000000
vt 0.000000 1.000000
vt 0.000000 0.000000
vt 1.000000 0.000000
vt 0.000000 1.000000
vt 0.000000 0.000000
vt 1.000000 0.000000
vt 0.000000 1.000000
vt 0.000000 0.000000
vt 1.000000 0.000000
vt 0.000000 1.000000
vt 0.000000 0.000000
vt 1.000000 0.000000
vt 0.000000 1.000000
vt 0.000000 0.000000
vt 1.000000 0.000000
vt 0.000000 1.000000
vt 0.000000 0.000000
vt 1.000000 0.000000
vt 0.000000 1.000000
vt 0.000000 0.000000
vt 1.000000 0.000000
vt 0.000000 1.000000
vt 0.000000 0.000000
vt 1.000000 0.000000
vt 0.000000 1.000000
vt 0.000000 0.000000
vt 1.000000 0.000000
vt 0.000000 1.000000
vt 0.000000 0.000000
vt 1.000000 0.000000
vt 0.000000 1.000000
vt 0.000000 0.000000
vt 1.000000 0.000000
vt 0.000000 1.000000
vt 0.000000 0.000000
vt 1.000000 0.000000
vt 0.000000 1.000000
vt 0.000000 0.000000
vt 1.000000 0.000000
vt 0.000000 1.000000
vt 0.000000 0.000000
vt 1.000000 0.000000
vt 0.000000 1.000000
vt 0.000000 0.000000
vt 1.000000 0.000000
vt 0.000000 1.000000
vt 0.000000 0.000000
vt 1.000000 0.000000
vt 0.000000 1.000000
vt 0.000000 0.000000
vt 1.000000 0.000000
vt 0.000000 1.000000
vt 0.000000 0.000000
vt 1.000000 0.000000
vt 0.000000 1.000000
vt 0.000000 0.000000
vt 1.000000 0.000000
vt 0.000000 1.000000
vt 0.000000 0.000000
vt 1.000000 0.000000
vt 0.000000 1.000000
vt 0.000000 0.000000
vt 1.000000 0.000000
vt 0.000000 1.000000
vt 0.000000 0.000000
vt 1.000000 0.000000
vt 0.000000 1.000000
vt 0.000000 0.000000
vt 1.000000 0.000000
vt 0.000000 1.000000
vt 0.000000 0.000000
vt 1.000000 0.000000
vt 0.000000 1.000000
vt 0.000000 0.000000
vt 1.000000 0.000000
vt 0.000000 1.000000
vt 0.000000 0.000000
vt 1.000000 0.000000
vt 0.000000 1.000000
vt 0.000000 0.000000
vt 1.000000 0.000000
vt 0.000000 1.000000
vt 0.000000 0.000000
vt 1.000000 0.000000
vt 0.000000 1.000000
vt 0.000000 0.000000
vt 1.000000 0.000000
vt 0.000000 1.000000
vt 0.000000 0.000000
vt 1.000000 0.000000
vt 0.000000 1.000000
vt 0.000000 0.000000
vt 1.000000 0.000000
vt 0.000000 1.000000
vt 0.000000 0.000000
vt 1.000000 0.000000
vt 0.000000 1.000000
vt 0.000000 0.000000
vt 1.000000 0.000000
vt 0.000000 1.000000
vt 0.000000 0.000000
vt 1.000000 0.000000
vt 0.000000 1.000000
vt 0.000000 0.000000
vt 1.000000 0.000000
vt 0.000000 1.000000
vt 0.000000 0.000000
vt 1.000000 0.000000
vt 0.000000 1.000000
vt 0.000000 0.000000
vt 1.000000 0.000000
vt 0.000000 1.000000
vt 0.000000 0.000000
vt 1.000000 0.000000
vt 0.000000 1.000000
vt 0.000000 0.000000
vt 1.000000 0.000000
vt 0.000000 1.000000
vt 0.000000 0.000000
vt 1.000000 0.000000
vt 0.000000 1.000000
vt 0.000000 0.000000
vt 1.000000 0.000000
vt 0.000000 1.000000
vt 0.000000 0.000000
vt 1.000000 0.000000
vt 0.000000 1.000000
vt 0.000000 0.000000
vt 1.000000 0.000000
vt 0.000000 1.000000
vt 0.000000 0.000000
vt 1.000000 0.000000
vt 0.000000 1.000000
vt 0.000000 0.000000
vt 1.000000 0.000000
vt 0.000000 1.000000
vt 0.000000 0.000000
vt 1.000000 0.000000
vt 0.000000 1.000000
vt 0.000000 0.000000
vt 1.000000 0.000000
vt 0.000000 1.000000
vt 0.000000 0.000000
vt 1.000000 0.000000
vt 0.000000 1.000000
vt 0.000000 0.000000
vt 1.000000 0.000000
vt 0.000000 1.000000
vt 0.000000 0.000000
vt 1.000000 0.000000
vt 0.000000 1.000000
vt 0.000000 0.000000
vt 1.000000 0.000000
vt 0.000000 1.000000
vt 0.000000 0.000000
vt 1.000000 0.000000
vt 0.000000 1.000000
vt 0.000000 0.000000
vt 1.000000 0.000000
vt 0.000000 1.000000
vt 0.000000 0.000000
vt 1.000000 0.000000
vt 0.000000 1.000000
vt 0.000000 0.000000
vt 1.000000 0.000000
vt 0.000000 1.000000
vt 0.000000 0.000000
vt 1.000000 0.000000
vt 0.000000 1.000000
vt 0.000000 0.000000
vt 1.000000 0.000000
vt 0.000000 1.000000
vt 0.000000 0.000000
vt 1.000000 0.000000
vt 0.000000 1.000000
vt 0.000000 0.000000
vt 1.000000 0.000000
vt 0.000000 1.000000
vt 0.000000 0.000000
vt 1.000000 0.000000
vt 0.000000 1.000000
vt 0.000000 0.000000
vt 1.000000 0.000000
vt 0.000000 1.000000
vt 0.000000 0.000000
vt 1.000000 0.000000
vt 0.000000 1.000000
vt 0.000000 0.000000
vt 1.000000 0.000000
vt 0.000000 1.000000
vt 0.000000 0.000000
vt 1.000000 0.000000
vt 0.000000 1.000000
vt 0.000000 0.000000
vt 1.000000 0.000000
vt 0.000000 1.000000
vt 0.000000 0.000000
vt 1.000000 0.000000
vt 0.000000 1.000000
vt 0.000000 0.000000
vt 1.000000 0.000000
vt 0.000000 1.000000
vt 0.000000 0.000000
vt 1.000000 0.000000
vt 0.000000 1.000000
vt 0.000000 0.000000
vt 1.000000 0.000000
vt 0.000000 1.000000
vt 0.000000 0.000000
vt 1.000000 0.000000
vt 0.000000 1.000000
vt 0.000000 0.000000
vt 1.000000 0.000000
vt 0.000000 1.000000
vt 0.000000 0.000000
vt 1.000000 0.000000
vt 0.000000 1.000000
vt 0.000000 0.000000
vt 1.000000 0.000000
vt 0.000000 1.000000
vt 0.000000 0.000000
vt 1.000000 0.000000
vt 0.000000 1.000000
vt 0.000000 0.000000
vt 1.000000 0.000000
vt 0.000000 1.000000
vt 0.000000 0.000000
vt 1.000000 0.000000
vt 0.000000 1.000000
vt 0.000000 0.000000
vt 1.000000 0.000000
vt 0.000000 1.000000
vt 0.000000 0.000000
vt 1.000000 0.000000
vt 0.000000 1.000000
vt 0.000000 0.000000
vt 1.000000 0.000000
vt 0.000000 1.000000
vt 0.000000 0.000000
vt 1.000000 0.000000
vt 0.000000 1.000000
vt 0.000000 0.000000
vt 1.000000 0.000000
vt 0.000000 1.000000
vt 0.000000 0.000000
vt 1.000000 0.000000
vt 0.000000 1.000000
vt 0.000000 0.000000
vt 1.000000 0.000000
vt 0.000000 1.000000
vt 0.000000 0.000000
vt 1.000000 0.000000
vt 0.000000 1.000000
vt 0.000000 0.000000
vt 1.000000 0.000000
vt 0.000000 1.000000
vt 0.000000 0.000000
vt 1.000000 0.000000
vt 0.000000 1.000000
vt 0.000000 0.000000
vt 1.000000 0.000000
vt 0.000000 1.000000
vt 0.000000 0.000000
vt 1.000000 0.000000
vt 0.000000 1.000000
vt 0.000000 0.000000
vt 1.000000 0.000000
vt 0.000000 1.000000
vt 0.000000 0.000000
vt 1.000000 0.000000
vt 0.000000 1.000000
vt 0.000000 0.000000
vt 1.000000 0.000000
vt 0.000000 1.000000
vt 0.000000 0.000000
vt 1.000000 0.000000
vt 0.000000 1.000000
vt 0.000000 0.000000
vt 1.000000 0.000000
vt 0.000000 1.000000
vt 0.000000 0.000000
vt 1.000000 0.000000
vt 0.000000 1.000000
vt 0.000000 0.000000
vt 1.000000 0.000000
vt 0.000000 1.000000
vt 0.000000 0.000000
vt 1.000000 0.000000
vt 0.000000 1.000000
vt 0.000000 0.000000
vt 1.000000 0.000000
vt 0.000000 1.000000
vt 0.000000 0.000000
vt 1.000000 0.000000
vt 0.000000 1.000000
vt 0.000000 0.000000
vt 1.000000 0.000000
vt 0.000000 1.000000
vt 0.000000 0.000000
vt 1.000000 0.000000
vt 0.000000 1.000000
vt 0.000000 0.000000
vt 1.000000 0.000000
vt 0.000000 1.000000
vt 0.000000 0.000000
vt 1.000000 0.000000
vt 0.000000 1.000000
vt 0.000000 0.000000
vt 1.000000 0.000000
vt 0.000000 1.000000
vt 0.000000 0.000000
vt 1.000000 0.000000
vt 0.000000 1.000000
vt 0.000000 0.000000
vt 1.000000 0.000000
vt 0.000000 1.000000
vt 0.000000 0.000000
vt 1.000000 0.000000
vt 0.000000 1.000000
vt 0.000000 0.000000
vt 1.000000 0.000000
vt 0.000000 1.000000
vt 0.000000 0.000000
vt 1.000000 0.000000
vt 0.000000 1.000000
vt 0.000000 0.000000
vt 1.000000 0.000000
vt 0.000000 1.000000
vt 0.000000 0.000000
vt 1.000000 0.000000
vt 0.000000 1.000000
vt 0.000000 0.000000
vt 1.000000 0.000000
vt 0.000000 1.000000
vt 0.000000 0.000000
vt 1.000000 0.000000
vt 0.000000 1.000000
vt 0.000000 0.000000
vt 1.000000 0.000000
vt 0.000000 1.000000
vt 0.000000 0.000000
vt 1.000000 0.000000
vt 0.000000 1.000000
vt 0.000000 0.000000
vt 1.000000 0.000000
vt 0.000000 1.000000
vt 0.000000 0.000000
vt 1.000000 0.000000
vt 0.000000 1.000000
vt 0.000000 0.000000
vt 1.000000 0.000000
vt 0.000000 1.000000
vt 0.000000 0.000000
vt 1.000000 0.000000
vt 0.000000 1.000000
vt 0.000000 0.000000
vt 1.000000 0.000000
vt 0.000000 1.000000
vt 0.000000 0.000000
vt 1.000000 0.000000
vt 0.000000 1.000000
vt 0.000000 0.000000
vt 1.000000 0.000000
vt 0.000000 1.000000
vt 0.000000 0.000000
vt 1.000000 0.000000
vt 0.000000 1.000000
vt 0.000000 0.000000
vt 1.000000 0.000000
vt 0.000000 1.000000
vt 0.000000 0.000000
vt 1.000000 0.000000
vt 0.000000 1.000000
vt 0.000000 0.000000
vt 1.000000 0.000000
vt 0.000000 1.000000
vt 0.000000 0.000000
vt 1.000000 0.000000
vt 0.000000 1.000000
vt 0.000000 0.000000
vt 1.000000 0.000000
vt 0.000000 1.000000
vt 0.000000 0.000000
vt 1.000000 0.000000
vt 0.000000 1.000000
vt 0.000000 0.000000
vt 1.000000 0.000000
vt 0.000000 1.000000
vt 0.000000 0.000000
vt 1.000000 0.000000
vt 0.000000 1.000000
vt 0.000000 0.000000
vt 1.000000 0.000000
vt 0.000000 1.000000
vt 0.000000 0.000000
vt 1.000000 0.000000
vt 0.000000 1.000000
vt 0.000000 0.000000
vt 1.000000 0.000000
vt 0.000000 1.000000
vt 0.000000 0.000000
vt 1.000000 0.000000
vt 0.000000 1.000000
vt 0.000000 0.000000
vt 1.000000 0.000000
vt 0.000000 1.000000
vt 0.000000 0.000000
vt 1.000000 0.000000
vt 0.000000 1.000000
vt 0.000000 0.000000
vt 1.000000 0.000000
vt 0.000000 1.000000
vt 0.000000 0.000000
vt 1.000000 0.000000
vt 0.000000 1.000000
vt 0.000000 0.000000
vt 1.000000 0.000000
vt 0.000000 1.000000
vt 0.000000 0.000000
vt 1.000000 0.000000
vt 0.000000 1.000000
vt 0.000000 0.000000
vt 1.000000 0.000000
vt 0.000000 1.000000
vt 0.000000 0.000000
vt 1.000000 0.000000
vt 0.000000 1.000000
vt 0.000000 0.000000
vt 1.000000 0.000000
vt 0.000000 1.000000
vt 0.000000 0.000000
vt 1.000000 0.000000
vt 0.000000 1.000000
vt 0.000000 0.000000
vt 1.000000 0.000000
vt 0.000000 1.000000
vt 0.000000 0.000000
vt 1.000000 0.000000
vt 0.000000 1.000000
vt 0.000000 0.000000
vt 1.000000 0.000000
vt 0.000000 1.000000
vt 0.000000 0.000000
vt 1.000000 0.000000
vt 0.000000 1.000000
vt 0.000000 0.000000
vt 1.000000 0.000000
vt 0.000000 1.000000
vt 0.000000 0.000000
vt 1.000000 0.000000
vt 0.000000 1.000000
vt 0.000000 0.000000
vt 1.000000 0.000000
vt 0.000000 1.000000
vt 0.000000 0.000000
vt 1.000000 0.000000
vt 0.000000 1.000000
vt 0.000000 0.000000
vt 1.000000 0.000000
vt 0.000000 1.000000
vt 0.000000 0.000000
vt 1.000000 0.000000
vt 0.000000 1.000000
vt 0.000000 0.000000
vt 1.000000 0.000000
vt 0.000000 1.000000
vt 0.000000 0.000000
vt 1.000000 0.000000
vt 0.000000 1.000000
vt 0.000000 0.000000
vt 1.000000 0.000000
vt 0.000000 1.000000
vt 0.000000 0.000000
vt 1.000000 0.000000
vt 0.000000 1.000000
vt 0.000000 0.000000
vt 1.000000 0.000000
vt 0.000000 1.000000
vt 0.000000 0.000000
vt 1.000000 0.000000
vt 0.000000 1.000000
vt 0.000000 0.000000
vt 1.000000 0.000000
vt 0.000000 1.000000
vt 0.000000 0.000000
vt 1.000000 0.000000
vt 0.000000 1.000000
vt 0.000000 0.000000
vt 1.000000 0.000000
vt 0.000000 1.000000
vt 0.000000 0.000000
vt 1.000000 0.000000
vt 0.000000 1.000000
vt 0.000000 0.000000
vt 1.000000 0.000000
vt 0.000000 1.000000
vt 0.000000 0.000000
vt 1.000000 0.000000
vt 0.000000 1.000000
vt 0.000000 0.000000
vt 1.000000 0.000000
vt 0.000000 1.000000
vt 0.000000 0.000000
vt 1.000000 0.000000
vt 0.000000 1.000000
vt 0.000000 0.000000
vt 1.000000 0.000000
vt 0.000000 1.000000
vt 0.000000 0.000000
vt 1.000000 0.000000
vt 0.000000 1.000000
vt 0.000000 0.000000
vt 1.000000 0.000000
vt 0.000000 1.000000
vt 0.000000 0.000000
vt 1.000000 0.000000
vt 0.000000 1.000000
vt 0.000000 0.000000
vt 1.000000 0.000000
vt 0.000000 1.000000
vt 0.000000 0.000000
vt 1.000000 0.000000
vt 0.000000 1.000000
vt 0.000000 0.000000
vt 1.000000 0.000000
vt 0.000000 1.000000
vt 0.000000 0.000000
vt 1.000000 0.000000
vt 0.000000 1.000000
vt 0.000000 0.000000
vt 1.000000 0.000000
vt 0.000000 1.000000
vt 0.000000 0.000000
vt 1.000000 0.000000
vt 0.000000 1.000000
vt 0.000000 0.000000
vt 1.000000 0.000000
vt 0.000000 1.000000
vt 0.000000 0.000000
vt 1.000000 0.000000
vt 0.000000 1.000000
vt 0.000000 0.000000
vt 1.000000 0.000000
vt 0.000000 1.000000
vt 0.000000 0.000000
vt 1.000000 0.000000
vt 0.000000 1.000000
vt 0.000000 0.000000
vt 1.000000 0.000000
vt 0.000000 1.000000
vt 0.000000 0.000000
vt 1.000000 0.000000
vt 0.000000 1.000000
vt 0.000000 0.000000
vt 1.000000 0.000000
vt 0.000000 1.000000
vt 0.000000 0.000000
vt 1.000000 0.000000
vt 0.000000 1.000000
vt 0.000000 0.000000
vt 1.000000 0.000000
vt 0.000000 1.000000
vt 0.000000 0.000000
vt 1.000000 0.000000
vt 0.000000 1.000000
vt 0.000000 0.000000
vt 1.000000 0.000000
vt 0.000000 1.000000
vt 0.000000 0.000000
vt 1.000000 0.000000
vt 0.000000 1.000000
vt 0.000000 0.000000
vt 1.000000 0.000000
vt 0.000000 1.000000
vt 0.000000 0.000000
vt 1.000000 0.000000
vt 0.000000 1.000000
vt 0.000000 0.000000
vt 1.000000 0.000000
vt 0.000000 1.000000
vt 0.000000 0.000000
vt 1.000000 0.000000
vt 0.000000 1.000000
vt 0.000000 0.000000
vt 1.000000 0.000000
vt 0.000000 1.000000
vt 0.000000 0.000000
vt 1.000000 0.000000
vt 0.000000 1.000000
vt 0.000000 0.000000
vt 1.000000 0.000000
vt 0.000000 1.000000
vt 0.000000 0.000000
vt 1.000000 0.000000
vt 0.000000 1.000000
vt 0.000000 0.000000
vt 1.000000 0.000000
vt 0.000000 1.000000
vt 0.000000 0.000000
vt 1.000000 0.000000
vt 0.000000 1.000000
vt 0.000000 0.000000
vt 1.000000 0.000000
vt 0.000000 1.000000
vt 0.000000 0.000000
vt 1.000000 0.000000
vt 0.000000 1.000000
vt 0.000000 0.000000
vt 1.000000 0.000000
vt 0.000000 1.000000
vt 0.000000 0.000000
vt 1.000000 0.000000
vt 0.000000 1.000000
vt 0.000000 0.000000
vt 1.000000 0.000000
vt 0.000000 1.000000
vt 0.000000 0.000000
vt 1.000000 0.000000
vt 0.000000 1.000000
vt 0.000000 0.000000
vt 1.000000 0.000000
vt 0.000000 1.000000
vt 0.000000 0.000000
vt 1.000000 0.000000
vt 0.000000 1.000000
vt 0.000000 0.000000
vt 1.000000 0.000000
vt 0.000000 1.000000
vt 0.000000 0.000000
vt 1.000000 0.000000
vt 0.000000 1.000000
vt 0.000000 0.000000
vt 1.000000 0.000000
vt 0.000000 1.000000
vt 0.000000 0.000000
vt 1.000000 0.000000
vt 0.000000 1.000000
vt 0.000000 0.000000
vt 1.000000 0.000000
vt 0.000000 1.000000
vt 0.000000 0.000000
vt 1.000000 0.000000
vt 0.000000 1.000000
vt 0.000000 0.000000
vt 1.000000 0.000000
vt 0.000000 1.000000
vt 0.000000 0.000000
vt 1.000000 0.000000
vt 0.000000 1.000000
vt 0.000000 0.000000
vt 1.000000 0.000000
vt 0.000000 1.000000
vt 0.000000 0.000000
vt 1.000000 0.000000
vt 0.000000 1.000000
vt 0.000000 0.000000
vt 1.000000 0.000000
vt 0.000000 1.000000
vt 0.000000 0.000000
vt 1.000000 0.000000
vt 0.000000 1.000000
vt 0.000000 0.000000
vt 1.000000 0.000000
vt 0.000000 1.000000
vt 0.000000 0.000000
vt 1.000000 0.000000
vt 0.000000 1.000000
vt 0.000000 0.000000
vt 1.000000 0.000000
vt 0.000000 1.000000
vt 0.000000 0.000000
vt 1.000000 0.000000
vt 0.000000 1.000000
vt 0.000000 0.000000
vt 1.000000 0.000000
vt 0.000000 1.000000
vt 0.000000 0.000000
vt 1.000000 0.000000
vt 0.000000 1.000000
vt 0.000000 0.000000
vt 1.000000 0.000000
vt 0.000000 1.000000
vt 0.000000 0.000000
vt 1.000000 0.000000
vt 0.000000 1.000000
vt 0.000000 0.000000
vt 1.000000 0.000000
vt 0.000000 1.000000
vt 0.000000 0.000000
vt 1.000000 0.000000
vt 0.000000 1.000000
vt 0.000000 0.000000
vt 1.000000 0.000000
vt 0.000000 1.000000
vt 0.000000 0.000000
vt 1.000000 0.000000
vt 0.000000 1.000000
vt 0.000000 0.000000
vt 1.000000 0.000000
vt 0.000000 1.000000
vt 0.000000 0.000000
vt 1.000000 0.000000
vt 0.000000 1.000000
vt 0.000000 0.000000
vt 1.000000 0.000000
vt 0.000000 1.000000
vt 0.000000 0.000000
vt 1.000000 0.000000
vt 0.000000 1.000000
vt 0.000000 0.000000
vt 1.000000 0.000000
vt 0.000000 1.000000
vt 0.000000 0.000000
vt 1.000000 0.000000
vt 0.000000 1.000000
vt 0.000000 0.000000
vt 1.000000 0.000000
vt 0.000000 1.000000
vt 0.000000 0.000000
vt 1.000000 0.000000
vt 0.000000 1.000000
vt 0.000000 0.000000
vt 1.000000 0.000000
vt 0.000000 1.000000
vt 0.000000 0.000000
vt 1.000000 0.000000
vt 0.000000 1.000000
vt 0.000000 0.000000
vt 1.000000 0.000000
vt 0.000000 1.000000
vt 0.000000 0.000000
vt 1.000000 0.000000
vt 0.000000 1.000000
vt 0.000000 0.000000
vt 1.000000 0.000000
vt 0.000000 1.000000
vt 0.000000 0.000000
vt 1.000000 0.000000
vt 0.000000 1.000000
vt 0.000000 0.000000
vt 1.000000 0.000000
vt 0.000000 1.000000
vt 0.000000 0.000000
vt 1.000000 0.000000
vt 0.000000 1.000000
vt 0.000000 0.000000
vt 1.000000 0.000000
vt 0.000000 1.000000
vt 0.000000 0.000000
vt 1.000000 0.000000
vt 0.000000 1.000000
vt 0.000000 0.000000
vt 1.000000 0.000000
vt 0.000000 1.000000
vt 0.000000 0.000000
vt 1.000000 0.000000
vt 0.000000 1.000000
vt 0.000000 0.000000
vt 1.000000 0.000000
vt 0.000000 1.000000
vt 0.000000 0.000000
vt 1.000000 0.000000
vt 0.000000 1.000000
vt 0.000000 0.000000
vt 1.000000 0.000000
vt 0.000000 1.000000
vt 0.000000 0.000000
vt 1.000000 0.000000
vt 0.000000 1.000000
vt 0.000000 0.000000
vt 1.000000 0.000000
vt 0.000000 1.000000
vt 0.000000 0.000000
vt 1.000000 0.000000
vt 0.000000 1.000000
vt 0.000000 0.000000
vt 1.000000 0.000000
vt 0.000000 1.000000
vt 0.000000 0.000000
vt 1.000000 0.000000
vt 0.000000 1.000000
vt 0.000000 0.000000
vt 1.000000 0.000000
vt 0.000000 1.000000
vt 0.000000 0.000000
vt 1.000000 0.000000
vt 0.000000 1.000000
vt 0.000000 0.000000
vt 1.000000 0.000000
vt 0.000000 1.000000
vt 0.000000 0.000000
vt 1.000000 0.000000
vt 0.000000 1.000000
vt 0.000000 0.000000
vt 1.000000 0.000000
vt 0.000000 1.000000
vt 0.000000 0.000000
vt 1.000000 0.000000
vt 0.000000 1.000000
vt 0.000000 0.000000
vt 1.000000 0.000000
vt 0.000000 1.000000
vt 0.000000 0.000000
vt 1.000000 0.000000
vt 0.000000 1.000000
vt 0.000000 0.000000
vt 1.000000 0.000000
vt 0.000000 1.000000
vt 0.000000 0.000000
vt 1.000000 0.000000
vt 0.000000 1.000000
vt 0.000000 0.000000
vt 1.000000 0.000000
vt 0.000000 1.000000
vt 0.000000 0.000000
vt 1.000000 0.000000
vt 0.000000 1.000000
vt 0.000000 0.000000
vt 1.000000 0.000000
vt 0.000000 1.000000
vt 0.000000 0.000000
vt 1.000000 0.000000
vt 0.000000 1.000000
vt 0.000000 0.000000
vt 1.000000 0.000000
vt 0.000000 1.000000
vt 0.000000 0.000000
vt 1.000000 0.000000
vt 0.000000 1.000000
vt 0.000000 0.000000
vt 1.000000 0.000000
vt 0.000000 1.000000
vt 0.000000 0.000000
vt 1.000000 0.000000
vt 0.000000 1.000000
vt 0.000000 0.000000
vt 1.000000 0.000000
vt 0.000000 1.000000
vt 0.000000 0.000000
vt 1.000000 0.000000
vt 0.000000 1.000000
vt 0.000000 0.000000
vt 1.000000 0.000000
vt 0.000000 1.000000
vt 0.000000 0.000000
vt 1.000000 0.000000
vt 0.000000 1.000000
vt 0.000000 0.000000
vt 1.000000 0.000000
vt 0.000000 1.000000
vt 0.000000 0.000000
vt 1.000000 0.000000
vt 0.000000 1.000000
vt 0.000000 0.000000
vt 1.000000 0.000000
vt 0.000000 1.000000
vt 0.000000 0.000000
vt 1.000000 0.000000
vt 0.000000 1.000000
vt 0.000000 0.000000
vt 1.000000 0.000000
vt 0.000000 1.000000
vt 0.000000 0.000000
vt 1.000000 0.000000
vt 0.000000 1.000000
vt 0.000000 0.000000
vt 1.000000 0.000000
vt 0.000000 1.000000
vt 0.000000 0.000000
vt 1.000000 0.000000
vt 0.000000 1.000000
vt 0.000000 0.000000
vt 1.000000 0.000000
vt 0.000000 1.000000
vt 0.000000 0.000000
vt 1.000000 0.000000
vt 0.000000 1.000000
vt 0.000000 0.000000
vt 1.000000 0.000000
vt 0.000000 1.000000
vt 0.000000 0.000000
vt 1.000000 0.000000
vt 0.000000 1.000000
vt 0.000000 0.000000
vt 1.000000 0.000000
vt 0.000000 1.000000
vt 0.000000 0.000000
vt 1.000000 0.000000
vt 0.000000 1.000000
vt 0.000000 0.000000
vt 1.000000 0.000000
vt 0.000000 1.000000
vt 0.000000 0.000000
vt 1.000000 0.000000
vt 0.000000 1.000000
vt 0.000000 0.000000
vt 1.000000 0.000000
vt 0.000000 1.000000
vt 0.000000 0.000000
vt 1.000000 0.000000
vt 0.000000 1.000000
vt 0.000000 0.000000
vt 1.000000 0.000000
vt 0.000000 1.000000
vt 0.000000 0.000000
vt 1.000000 0.000000
vt 0.000000 1.000000
vt 0.000000 0.000000
vt 1.000000 0.000000
vt 0.000000 1.000000
vt 0.000000 0.000000
vt 1.000000 0.000000
vt 0.000000 1.000000
vt 0.000000 0.000000
vt 1.000000 0.000000
vt 0.000000 1.000000
vt 0.000000 0.000000
vt 1.000000 0.000000
vt 0.000000 1.000000
vt 0.000000 0.000000
vt 1.000000 0.000000
vt 0.000000 1.000000
vt 0.000000 0.000000
vt 1.000000 0.000000
vt 0.000000 1.000000
vt 0.000000 0.000000
vt 1.000000 0.000000
vt 0.000000 1.000000
vt 0.000000 0.000000
vt 1.000000 0.000000
vt 0.000000 1.000000
vt 0.000000 0.000000
vt 1.000000 0.000000
vt 0.000000 1.000000
vt 0.000000 0.000000
vt 1.000000 0.000000
vt 0.000000 1.000000
vt 0.000000 0.000000
vt 1.000000 0.000000
vt 0.000000 1.000000
vt 0.000000 0.000000
vt 1.000000 0.000000
vt 0.000000 1.000000
vt 0.000000 0.000000
vt 1.000000 0.000000
vt 0.000000 1.000000
vt 0.000000 0.000000
vt 1.000000 0.000000
vt 0.000000 1.000000
vt 0.000000 0.000000
vt 1.000000 0.000000
vt 0.000000 1.000000
vt 0.000000 0.000000
vt 1.000000 0.000000
vt 0.000000 1.000000
vt 0.000000 0.000000
vt 1.000000 0.000000
vt 0.000000 1.000000
vt 0.000000 0.000000
vt 1.000000 0.000000
vt 0.000000 1.000000
vt 0.000000 0.000000
vt 1.000000 0.000000
vt 0.000000 1.000000
vt 0.000000 0.000000
vt 1.000000 0.000000
vt 0.000000 1.000000
vt 0.000000 0.000000
vt 1.000000 0.000000
vt 0.000000 1.000000
vt 0.000000 0.000000
vt 1.000000 0.000000
vt 0.000000 1.000000
vt 0.000000 0.000000
vt 1.000000 0.000000
vt 0.000000 1.000000
vt 0.000000 0.000000
vt 1.000000 0.000000
vt 0.000000 1.000000
vt 0.000000 0.000000
vt 1.000000 0.000000
vt 0.000000 1.000000
vt 0.000000 0.000000
vt 1.000000 0.000000
vt 0.000000 1.000000
vt 0.000000 0.000000
vt 1.000000 0.000000
vt 0.000000 1.000000
vt 0.000000 0.000000
vt 1.000000 0.000000
vt 0.000000 1.000000
vt 0.000000 0.000000
vt 1.000000 0.000000
vt 0.000000 1.000000
vt 0.000000 0.000000
vt 1.000000 0.000000
vt 0.000000 1.000000
vt 0.000000 0.000000
vt 1.000000 0.000000
vt 0.000000 1.000000
vt 0.000000 0.000000
vt 1.000000 0.000000
vt 0.000000 1.000000
vt 0.000000 0.000000
vt 1.000000 0.000000
vt 0.000000 1.000000
vt 0.000000 0.000000
vt 1.000000 0.000000
vt 0.000000 1.000000
vt 0.000000 0.000000
vt 1.000000 0.000000
vt 0.000000 1.000000
vt 0.000000 0.000000
vt 1.000000 0.000000
vt 0.000000 1.000000
vt 0.000000 0.000000
vt 1.000000 0.000000
vt 0.000000 1.000000
vt 0.000000 0.000000
vt 1.000000 0.000000
vt 0.000000 1.000000
vt 0.000000 0.000000
vt 1.000000 0.000000
vt 0.000000 1.000000
vt 0.000000 0.000000
vt 1.000000 0.000000
vt 0.000000 1.000000
vt 0.000000 0.000000
vt 1.000000 0.000000
vt 0.000000 1.000000
vt 0.000000 0.000000
vt 1.000000 0.000000
vt 0.000000 1.000000
vt 0.000000 0.000000
vt 1.000000 0.000000
vt 0.000000 1.000000
vt 0.000000 0.000000
vt 1.000000 0.000000
vt 0.000000 1.000000
vt 0.000000 0.000000
vt 1.000000 0.000000
vt 0.000000 1.000000
vt 0.000000 0.000000
vt 1.000000 0.000000
vt 0.000000 1.000000
vt 0.000000 0.000000
vt 1.000000 0.000000
vt 0.000000 1.000000
vt 0.000000 0.000000
vt 1.000000 0.000000
vt 0.000000 1.000000
vt 0.000000 0.000000
vt 1.000000 0.000000
vt 0.000000 1.000000
vt 0.000000 0.000000
vt 1.000000 0.000000
vt 0.000000 1.000000
vt 0.000000 0.000000
vt 1.000000 0.000000
vt 0.000000 1.000000
vt 0.000000 0.000000
vt 1.000000 0.000000
vt 0.000000 1.000000
vt 0.000000 0.000000
vt 1.000000 0.000000
vt 0.000000 1.000000
vt 0.000000 0.000000
vt 1.000000 0.000000
vt 0.000000 1.000000
vt 0.000000 0.000000
vt 1.000000 0.000000
vt 0.000000 1.000000
vt 0.000000 0.000000
vt 1.000000 0.000000
vt 0.000000 1.000000
vt 0.000000 0.000000
vt 1.000000 0.000000
vt 0.000000 1.000000
vt 0.000000 0.000000
vt 1.000000 0.000000
vt 0.000000 1.000000
vt 0.000000 0.000000
vt 1.000000 0.000000
vt 0.000000 1.000000
vt 0.000000 0.000000
vt 1.000000 0.000000
vt 0.000000 1.000000
vt 0.000000 0.000000
vt 1.000000 0.000000
vt 0.000000 1.000000
vt 0.000000 0.000000
vt 1.000000 0.000000
vt 0.000000 1.000000
vt 0.000000 0.000000
vt 1.000000 0.000000
vt 0.000000 1.000000
vt 0.000000 0.000000
vt 1.000000 0.000000
vt 0.000000 1.000000
vt 0.000000 0.000000
vt 1.000000 0.000000
vt 0.000000 1.000000
vt 0.000000 0.000000
vt 1.000000 0.000000
vt 0.000000 1.000000
vt 0.000000 0.000000
vt 1.000000 0.000000
vt 0.000000 1.000000
vt 0.000000 0.000000
vt 1.000000 0.000000
vt 0.000000 1.000000
vt 0.000000 0.000000
vt 1.000000 0.000000
vt 0.000000 1.000000
vt 0.000000 0.000000
vt 1.000000 0.000000
vt 0.000000 1.000000
vt 0.000000 0.000000
vt 1.000000 0.000000
vt 0.000000 1.000000
vt 0.000000 0.000000
vt 1.000000 0.000000
vt 0.000000 1.000000
vt 0.000000 0.000000
vt 1.000000 0.000000
vt 0.000000 1.000000
vt 0.000000 0.000000
vt 1.000000 0.000000
vt 0.000000 1.000000
vt 0.000000 0.000000
vt 1.000000 0.000000
vt 0.000000 1.000000
vt 0.000000 0.000000
vt 1.000000 0.000000
vt 0.000000 1.000000
vt 0.000000 0.000000
vt 1.000000 0.000000
vt 0.000000 1.000000
vt 0.000000 0.000000
vt 1.000000 0.000000
vt 0.000000 1.000000
vt 0.000000 0.000000
vt 1.000000 0.000000
vt 0.000000 1.000000
vt 0.000000 0.000000
vt 1.000000 0.000000
vt 0.000000 1.000000
vt 0.000000 0.000000
vt 1.000000 0.000000
vt 0.000000 1.000000
vt 0.000000 0.000000
vt 1.000000 0.000000
vt 0.000000 1.000000
vt 0.000000 0.000000
vt 1.000000 0.000000
vt 0.000000 1.000000
vt 0.000000 0.000000
vt 1.000000 0.000000
vt 0.000000 1.000000
vt 0.000000 0.000000
vt 1.000000 0.000000
vt 0.000000 1.000000
vt 0.000000 0.000000
vt 1.000000 0.000000
vt 0.000000 1.000000
vt 0.000000 0.000000
vt 1.000000 0.000000
vt 0.000000 1.000000
vt 0.000000 0.000000
vt 1.000000 0.000000
vt 0.000000 1.000000
vt 0.000000 0.000000
vt 1.000000 0.000000
vt 0.000000 1.000000
vt 0.000000 0.000000
vt 1.000000 0.000000
vt 0.000000 1.000000
vt 0.000000 0.000000
vt 1.000000 0.000000
vt 0.000000 1.000000
vt 0.000000 0.000000
vt 1.000000 0.000000
vt 0.000000 1.000000
vt 0.000000 0.000000
vt 1.000000 0.000000
vt 0.000000 1.000000
vt 0.000000 0.000000
vt 1.000000 0.000000
vt 0.000000 1.000000
vt 0.000000 0.000000
vt 1.000000 0.000000
vt 0.000000 1.000000
vt 0.000000 0.000000
vt 1.000000 0.000000
vt 0.000000 1.000000
vt 0.000000 0.000000
vt 1.000000 0.000000
vt 0.000000 1.000000
vt 0.000000 0.000000
vt 1.000000 0.000000
vt 0.000000 1.000000
vt 0.000000 0.000000
vt 1.000000 0.000000
vt 0.000000 1.000000
vt 0.000000 0.000000
vt 1.000000 0.000000
vt 0.000000 1.000000
vt 0.000000 0.000000
vt 1.000000 0.000000
vt 0.000000 1.000000
vt 0.000000 0.000000
vt 1.000000 0.000000
vt 0.000000 1.000000
vt 0.000000 0.000000
vt 1.000000 0.000000
vt 0.000000 1.000000
vt 0.000000 0.000000
vt 1.000000 0.000000
vt 0.000000 1.000000
vt 0.000000 0.000000
vt 1.000000 0.000000
vt 0.000000 1.000000
vt 0.000000 0.000000
vt 1.000000 0.000000
vt 0.000000 1.000000
vt 0.000000 0.000000
vt 1.000000 0.000000
vt 0.000000 1.000000
vt 0.000000 0.000000
vt 1.000000 0.000000
vt 0.000000 1.000000
vt 0.000000 0.000000
vt 1.000000 0.000000
vt 0.000000 1.000000
vt 0.000000 0.000000
vt 1.000000 0.000000
vt 0.000000 1.000000
vt 0.000000 0.000000
vt 1.000000 0.000000
vt 0.000000 1.000000
vt 0.000000 0.000000
vt 1.000000 0.000000
vt 0.000000 1.000000
vt 0.000000 0.000000
vt 1.000000 0.000000
vt 0.000000 1.000000
vt 0.000000 0.000000
vt 1.000000 0.000000
vt 0.000000 1.000000
vt 0.000000 0.000000
vt 1.000000 0.000000
vt 0.000000 1.000000
vt 0.000000 0.000000
vt 1.000000 0.000000
vt 0.000000 1.000000
vt 0.000000 0.000000
vt 1.000000 0.000000
vt 0.000000 1.000000
vt 0.000000 0.000000
vt 1.000000 0.000000
vt 0.000000 1.000000
vt 0.000000 0.000000
vt 1.000000 0.000000
vt 0.000000 1.000000
vt 0.000000 0.000000
vt 1.000000 0.000000
vt 0.000000 1.000000
vt 0.000000 0.000000
vt 1.000000 0.000000
vt 0.000000 1.000000
vt 0.000000 0.000000
vt 1.000000 0.000000
vt 0.000000 1.000000
vt 0.000000 0.000000
vt 1.000000 0.000000
vt 0.000000 1.000000
vt 0.000000 0.000000
vt 1.000000 0.000000
vt 0.000000 1.000000
vt 0.000000 0.000000
vt 1.000000 0.000000
vt 0.000000 1.000000
vt 0.000000 0.000000
vt 1.000000 0.000000
vt 0.000000 1.000000
vt 0.000000 0.000000
vt 1.000000 0.000000
vt 0.000000 1.000000
vt 0.000000 0.000000
vt 1.000000 0.000000
vt 0.000000 1.000000
vt 0.000000 0.000000
vt 1.000000 0.000000
vt 0.000000 1.000000
vt 0.000000 0.000000
vt 1.000000 0.000000
vt 0.000000 1.000000
vt 0.000000 0.000000
vt 1.000000 0.000000
vt 0.000000 1.000000
vt 0.000000 0.000000
vt 1.000000 0.000000
vt 0.000000 1.000000
vt 0.000000 0.000000
vt 1.000000 0.000000
vt 0.000000 1.000000
vt 0.000000 0.000000
vt 1.000000 0.000000
vt 0.000000 1.000000
vt 0.000000 0.000000
vt 1.000000 0.000000
vt 0.000000 1.000000
vt 0.000000 0.000000
vt 1.000000 0.000000
vt 0.000000 1.000000
vt 0.000000 0.000000
vt 1.000000 0.000000
vt 0.000000 1.000000
vt 0.000000 0.000000
vt 1.000000 0.000000
vt 0.000000 1.000000
vt 0.000000 0.000000
vt 1.000000 0.000000
vt 0.000000 1.000000
vt 0.000000 0.000000
vt 1.000000 0.000000
vt 0.000000 1.000000
vt 0.000000 0.000000
vt 1.000000 0.000000
vt 0.000000 1.000000
vt 0.000000 0.000000
vt 1.000000 0.000000
vt 0.000000 1.000000
vt 0.000000 0.000000
vt 1.000000 0.000000
vt 0.000000 1.000000
vt 0.000000 0.000000
vt 1.000000 0.000000
vt 0.000000 1.000000
vt 0.000000 0.000000
vt 1.000000 0.000000
vt 0.000000 1.000000
vt 0.000000 0.000000
vt 1.000000 0.000000
vt 0.000000 1.000000
vt 0.000000 0.000000
vt 1.000000 0.000000
vt 0.000000 1.000000
vt 0.000000 0.000000
vt 1.000000 0.000000
vt 0.000000 1.000000
vt 0.000000 0.000000
vt 1.000000 0.000000
vt 0.000000 1.000000
vt 0.000000 0.000000
vt 1.000000 0.000000
vt 0.000000 1.000000
vt 0.000000 0.000000
vt 1.000000 0.000000
vt 0.000000 1.000000
vt 0.000000 0.000000
vt 1.000000 0.000000
vt 0.000000 1.000000
vt 0.000000 0.000000
vt 1.000000 0.000000
vt 0.000000 1.000000
vt 0.000000 0.000000
vt 1.000000 0.000000
vt 0.000000 1.000000
vt 0.000000 0.000000
vt 1.000000 0.000000
vt 0.000000 1.000000
vt 0.000000 0.000000
vt 1.000000 0.000000
vt 0.000000 1.000000
vt 0.000000 0.000000
vt 1.000000 0.000000
vt 0.000000 1.000000
vt 0.000000 0.000000
vt 1.000000 0.000000
vt 0.000000 1.000000
vt 0.000000 0.000000
vt 1.000000 0.000000
vt 0.000000 1.000000
vt 0.000000 0.000000
vt 1.000000 0.000000
vt 0.000000 1.000000
vt 0.000000 0.000000
vt 1.000000 0.000000
vt 0.000000 1.000000
vt 0.000000 0.000000
vt 1.000000 0.000000
vt 0.000000 1.000000
vt 0.000000 0.000000
vt 1.000000 0.000000
vt 0.000000 1.000000
vt 0.000000 0.000000
vt 1.000000 0.000000
vt 0.000000 1.000000
vt 0.000000 0.000000
vt 1.000000 0.000000
vt 0.000000 1.000000
vt 0.000000 0.000000
vt 1.000000 0.000000
vt 0.000000 1.000000
vt 0.000000 0.000000
vt 1.000000 0.000000
vt 0.000000 1.000000
vt 0.000000 0.000000
vt 1.000000 0.000000
vt 0.000000 1.000000
vt 0.000000 0.000000
vt 1.000000 0.000000
vt 0.000000 1.000000
vt 0.000000 0.000000
vt 1.000000 0.000000
vt 0.000000 1.000000
vt 0.000000 0.000000
vt 1.000000 0.000000
vt 0.000000 1.000000
vt 0.000000 0.000000
vt 1.000000 0.000000
vt 0.000000 1.000000
vt 0.000000 0.000000
vt 1.000000 0.000000
vt 0.000000 1.000000
vt 0.000000 0.000000
vt 1.000000 0.000000
vt 0.000000 1.000000
vt 0.000000 0.000000
vt 1.000000 0.000000
vt 0.000000 1.000000
vt 0.000000 0.000000
vt 1.000000 0.000000
vt 0.000000 1.000000
vt 0.000000 0.000000
vt 1.000000 0.000000
vt 0.000000 1.000000
vt 0.000000 0.000000
vt 1.000000 0.000000
vt 0.000000 1.000000
vt 0.000000 0.000000
vt 1.000000 0.000000
vt 0.000000 1.000000
vt 0.000000 0.000000
vt 1.000000 0.000000
vt 0.000000 1.000000
vt 0.000000 0.000000
vt 1.000000 0.000000
vt 0.000000 1.000000
vt 0.000000 0.000000
vt 1.000000 0.000000
vt 0.000000 1.000000
vt 0.000000 0.000000
vt 1.000000 0.000000
vt 0.000000 1.000000
vt 0.000000 0.000000
vt 1.000000 0.000000
vt 0.000000 1.000000
vt 0.000000 0.000000
vt 1.000000 0.000000
vt 0.000000 1.000000
vt 0.000000 0.000000
vt 1.000000 0.000000
vt 0.000000 1.000000
vt 0.000000 0.000000
vt 1.000000 0.000000
vt 0.000000 1.000000
vt 0.000000 0.000000
vt 1.000000 0.000000
vt 0.000000 1.000000
vt 0.000000 0.000000
vt 1.000000 0.000000
vt 0.000000 1.000000
vt 0.000000 0.000000
vt 1.000000 0.000000
vt 0.000000 1.000000
vt 0.000000 0.000000
vt 1.000000 0.000000
vt 0.000000 1.000000
vt 0.000000 0.000000
vt 1.000000 0.000000
vt 0.000000 1.000000
vt 0.000000 0.000000
vt 1.000000 0.000000
vt 0.000000 1.000000
vt 0.000000 0.000000
vt 1.000000 0.000000
vt 0.000000 1.000000
vt 0.000000 0.000000
vt 1.000000 0.000000
vt 0.000000 1.000000
vt 0.000000 0.000000
vt 1.000000 0.000000
vt 0.000000 1.000000
vt 0.000000 0.000000
vt 1.000000 0.000000
vt 0.000000 1.000000
vt 0.000000 0.000000
vt 1.000000 0.000000
vt 0.000000 1.000000
vt 0.000000 0.000000
vt 1.000000 0.000000
vt 0.000000 1.000000
vt 0.000000 0.000000
vt 1.000000 0.000000
vt 0.000000 1.000000
vt 0.000000 0.000000
vt 1.000000 0.000000
vt 0.000000 1.000000
vt 0.000000 0.000000
vt 1.000000 0.000000
vt 0.000000 1.000000
vt 0.000000 0.000000
vt 1.000000 0.000000
vt 0.000000 1.000000
vt 0.000000 0.000000
vt 1.000000 0.000000
vt 0.000000 1.000000
vt 0.000000 0.000000
vt 1.000000 0.000000
vt 0.000000 1.000000
vt 0.000000 0.000000
vt 1.000000 0.000000
vt 0.000000 1.000000
vt 0.000000 0.000000
vt 1.000000 0.000000
vt 0.000000 1.000000
vt 0.000000 0.000000
vt 1.000000 0.000000
vt 0.000000 1.000000
vt 0.000000 0.000000
vt 1.000000 0.000000
vt 0.000000 1.000000
vt 0.000000 0.000000
vt 1.000000 0.000000
vt 0.000000 1.000000
vt 0.000000 0.000000
vt 1.000000 0.000000
vt 0.000000 1.000000
vt 0.000000 0.000000
vt 1.000000 0.000000
vt 0.000000 1.000000
vt 0.000000 0.000000
vt 1.000000 0.000000
vt 0.000000 1.000000
vt 0.000000 0.000000
vt 1.000000 0.000000
vt 0.000000 1.000000
vt 0.000000 0.000000
vt 1.000000 0.000000
vt 0.000000 1.000000
vt 0.000000 0.000000
vt 1.000000 0.000000
vt 0.000000 1.000000
vt 0.000000 0.000000
vt 1.000000 0.000000
vt 0.000000 1.000000
vt 0.000000 0.000000
vt 1.000000 0.000000
vt 0.000000 1.000000
vt 0.000000 0.000000
vt 1.000000 0.000000
vt 0.000000 1.000000
vt 0.000000 0.000000
vt 1.000000 0.000000
vt 0.000000 1.000000
vt 0.000000 0.000000
vt 1.000000 0.000000
vt 0.000000 1.000000
vt 0.000000 0.000000
vt 1.000000 0.000000
vt 0.000000 1.000000
vt 0.000000 0.000000
vt 1.000000 0.000000
vt 0.000000 1.000000
vt 0.000000 0.000000
vt 1.000000 0.000000
vt 0.000000 1.000000
vt 0.000000 0.000000
vt 1.000000 0.000000
vt 0.000000 1.000000
vt 0.000000 0.000000
vt 1.000000 0.000000
vt 0.000000 1.000000
vt 0.000000 0.000000
vt 1.000000 0.000000
vt 0.000000 1.000000
vt 0.000000 0.000000
vt 1.000000 0.000000
vt 0.000000 1.000000
vt 0.000000 0.000000
vt 1.000000 0.000000
vt 0.000000 1.000000
vt 0.000000 0.000000
vt 1.000000 0.000000
vt 0.000000 1.000000
vt 0.000000 0.000000
vt 1.000000 0.000000
vt 0.000000 1.000000
vt 0.000000 0.000000
vt 1.000000 0.000000
vt 0.000000 1.000000
vt 0.000000 0.000000
vt 1.000000 0.000000
vt 0.000000 1.000000
vt 0.000000 0.000000
vt 1.000000 0.000000
vt 0.000000 1.000000
vt 0.000000 0.000000
vt 1.000000 0.000000
vt 0.000000 1.000000
vt 0.000000 0.000000
vt 1.000000 0.000000
vt 0.000000 1.000000
vt 0.000000 0.000000
vt 1.000000 0.000000
vt 0.000000 1.000000
vt 0.000000 0.000000
vt 1.000000 0.000000
vt 0.000000 1.000000
vt 0.000000 0.000000
vt 1.000000 0.000000
vt 0.000000 1.000000
vt 0.000000 0.000000
vt 1.000000 0.000000
vt 0.000000 1.000000
vt 0.000000 0.000000
vt 1.000000 0.000000
vt 0.000000 1.000000
vt 0.000000 0.000000
vt 1.000000 0.000000
vt 0.000000 1.000000
vt 0.000000 0.000000
vt 1.000000 0.000000
vt 0.000000 1.000000
vt 0.000000 0.000000
vt 1.000000 0.000000
vt 0.000000 1.000000
vt 0.000000 0.000000
vt 1.000000 0.000000
vt 0.000000 1.000000
vt 0.000000 0.000000
vt 1.000000 0.000000
vt 0.000000 1.000000
vt 0.000000 0.000000
vt 1.000000 0.000000
vt 0.000000 1.000000
vt 0.000000 0.000000
vt 1.000000 0.000000
vt 0.000000 1.000000
vt 0.000000 0.000000
vt 1.000000 0.000000
vt 0.000000 1.000000
vt 0.000000 0.000000
vt 1.000000 0.000000
vt 0.000000 1.000000
vt 0.000000 0.000000
vt 1.000000 0.000000
vt 0.000000 1.000000
vt 0.000000 0.000000
vt 1.000000 0.000000
vt 0.000000 1.000000
vt 0.000000 0.000000
vt 1.000000 0.000000
vt 0.000000 1.000000
vt 0.000000 0.000000
vt 1.000000 0.000000
vt 0.000000 1.000000
vt 0.000000 0.000000
vt 1.000000 0.000000
vt 0.000000 1.000000
vt 0.000000 0.000000
vt 1.000000 0.000000
vt 0.000000 1.000000
vt 0.000000 0.000000
vt 1.000000 0.000000
vt 0.000000 1.000000
vt 0.000000 0.000000
vt 1.000000 0.000000
vt 0.000000 1.000000
vt 0.000000 0.000000
vt 1.000000 0.000000
vt 0.000000 1.000000
vt 0.000000 0.000000
vt 1.000000 0.000000
vt 0.000000 1.000000
vt 0.000000 0.000000
vt 1.000000 0.000000
vt 0.000000 1.000000
vt 0.000000 0.000000
vt 1.000000 0.000000
vt 0.000000 1.000000
vt 0.000000 0.000000
vt 1.000000 0.000000
vt 0.000000 1.000000
vt 0.000000 0.000000
vt 1.000000 0.000000
vt 0.000000 1.000000
vt 0.000000 0.000000
vt 1.000000 0.000000
vt 0.000000 1.000000
vt 0.000000 0.000000
vt 1.000000 0.000000
vt 0.000000 1.000000
vt 0.000000 0.000000
vt 1.000000 0.000000
vt 0.000000 1.000000
vt 0.000000 0.000000
vt 1.000000 0.000000
vt 0.000000 1.000000
vt 0.000000 0.000000
vt 1.000000 0.000000
vt 0.000000 1.000000
vt 0.000000 0.000000
vt 1.000000 0.000000
vt 0.000000 1.000000
vt 0.000000 0.000000
vt 1.000000 0.000000
vt 0.000000 1.000000
vt 0.000000 0.000000
vt 1.000000 0.000000
vt 0.000000 1.000000
vt 0.000000 0.000000
vt 1.000000 0.000000
vt 0.000000 1.000000
vt 0.000000 0.000000
vt 1.000000 0.000000
vt 0.000000 1.000000
vt 0.000000 0.000000
vt 1.000000 0.000000
vt 0.000000 1.000000
vt 0.000000 0.000000
vt 1.000000 0.000000
vt 0.000000 1.000000
vt 0.000000 0.000000
vt 1.000000 0.000000
vt 0.000000 1.000000
vt 0.000000 0.000000
vt 1.000000 0.000000
vt 0.000000 1.000000
vt 0.000000 0.000000
vt 1.000000 0.000000
vt 0.000000 1.000000
vt 0.000000 0.000000
vt 1.000000 0.000000
vt 0.000000 1.000000
vt 0.000000 0.000000
vt 1.000000 0.000000
vt 0.000000 1.000000
vt 0.000000 0.000000
vt 1.000000 0.000000
vt 0.000000 1.000000
vt 0.000000 0.000000
vt 1.000000 0.000000
vt 0.000000 1.000000
vt 0.000000 0.000000
vt 1.000000 0.000000
vt 0.000000 1.000000
vt 0.000000 0.000000
vt 1.000000 0.000000
vt 0.000000 1.000000
vt 0.000000 0.000000
vt 1.000000 0.000000
vt 0.000000 1.000000
vt 0.000000 0.000000
vt 1.000000 0.000000
vt 0.000000 1.000000
vt 0.000000 0.000000
vt 1.000000 0.000000
vt 0.000000 1.000000
vt 0.000000 0.000000
vt 1.000000 0.000000
vt 0.000000 1.000000
vt 0.000000 0.000000
vt 1.000000 0.000000
vt 0.000000 1.000000
vt 0.000000 0.000000
vt 1.000000 0.000000
vt 0.000000 1.000000
vt 0.000000 0.000000
vt 1.000000 0.000000
vt 0.000000 1.000000
vt 0.000000 0.000000
vt 1.000000 0.000000
vt 0.000000 1.000000
vt 0.000000 0.000000
vt 1.000000 0.000000
vt 0.000000 1.000000
vt 0.000000 0.000000
vt 1.000000 0.000000
vt 0.000000 1.000000
vt 0.000000 0.000000
vt 1.000000 0.000000
vt 0.000000 1.000000
vt 0.000000 0.000000
vt 1.000000 0.000000
vt 0.000000 1.000000
vt 0.000000 0.000000
vt 1.000000 0.000000
vt 0.000000 1.000000
vt 0.000000 0.000000
vt 1.000000 0.000000
vt 0.000000 1.000000
vt 0.000000 0.000000
vt 1.000000 0.000000
vt 0.000000 1.000000
vt 0.000000 0.000000
vt 1.000000 0.000000
vt 0.000000 1.000000
vt 0.000000 0.000000
vt 1.000000 0.000000
vt 0.000000 1.000000
vt 0.000000 0.000000
vt 1.000000 0.000000
vt 0.000000 1.000000
vt 0.000000 0.000000
vt 1.000000 0.000000
vt 0.000000 1.000000
vt 0.000000 0.000000
vt 1.000000 0.000000
vt 0.000000 1.000000
vt 0.000000 0.000000
vt 1.000000 0.000000
vt 0.000000 1.000000
vt 0.000000 0.000000
vt 1.000000 0.000000
vt 0.000000 1.000000
vt 0.000000 0.000000
vt 1.000000 0.000000
vt 0.000000 1.000000
vt 0.000000 0.000000
vt 1.000000 0.000000
vt 0.000000 1.000000
vt 0.000000 0.000000
vt 1.000000 0.000000
vt 0.000000 1.000000
vt 0.000000 0.000000
vt 1.000000 0.000000
vt 0.000000 1.000000
vt 0.000000 0.000000
vt 1.000000 0.000000
vt 0.000000 1.000000
vt 0.000000 0.000000
vt 1.000000 0.000000
vt 0.000000 1.000000
vt 0.000000 0.000000
vt 1.000000 0.000000
vt 0.000000 1.000000
vt 0.000000 0.000000
vt 1.000000 0.000000
vt 0.000000 1.000000
vt 0.000000 0.000000
vt 1.000000 0.000000
vt 0.000000 1.000000
vt 0.000000 0.000000
vt 1.000000 0.000000
vt 0.000000 1.000000
vt 0.000000 0.000000
vt 1.000000 0.000000
vt 0.000000 1.000000
vt 0.000000 0.000000
vt 1.000000 0.000000
vt 0.000000 1.000000
vt 0.000000 0.000000
vt 1.000000 0.000000
vt 0.000000 1.000000
vt 0.000000 0.000000
vt 1.000000 0.000000
vt 0.000000 1.000000
vt 0.000000 0.000000
vt 1.000000 0.000000
vt 0.000000 1.000000
vt 0.000000 0.000000
vt 1.000000 0.000000
vt 0.000000 1.000000
vt 0.000000 0.000000
vt 1.000000 0.000000
vt 0.000000 1.000000
vt 0.000000 0.000000
vt 1.000000 0.000000
vt 0.000000 1.000000
vt 0.000000 0.000000
vt 1.000000 0.000000
vt 0.000000 1.000000
vt 0.000000 0.000000
vt 1.000000 0.000000
vt 0.000000 1.000000
vt 0.000000 0.000000
vt 1.000000 0.000000
vt 0.000000 1.000000
vt 0.000000 0.000000
vt 1.000000 0.000000
vt 0.000000 1.000000
vt 0.000000 0.000000
vt 1.000000 0.000000
vt 0.000000 1.000000
vt 0.000000 0.000000
vt 1.000000 0.000000
vt 0.000000 1.000000
vt 0.000000 0.000000
vt 1.000000 0.000000
vt 0.000000 1.000000
vt 0.000000 0.000000
vt 1.000000 0.000000
vt 0.000000 1.000000
vt 0.000000 0.000000
vt 1.000000 0.000000
vt 0.000000 1.000000
vt 0.000000 0.000000
vt 1.000000 0.000000
vt 0.000000 1.000000
vt 0.000000 0.000000
vt 1.000000 0.000000
vt 0.000000 1.000000
vt 0.000000 0.000000
vt 1.000000 0.000000
vt 0.000000 1.000000
vt 0.000000 0.000000
vt 1.000000 0.000000
vt 0.000000 1.000000
vt 0.000000 0.000000
vt 1.000000 0.000000
vt 0.000000 1.000000
vt 0.000000 0.000000
vt 1.000000 0.000000
vt 0.000000 1.000000
vt 0.000000 0.000000
vt 1.000000 0.000000
vt 0.000000 1.000000
vt 0.000000 0.000000
vt 1.000000 0.000000
vt 0.000000 1.000000
vt 0.000000 0.000000
vt 1.000000 0.000000
vt 0.000000 1.000000
vt 0.000000 0.000000
vt 1.000000 0.000000
vt 0.000000 1.000000
vt 0.000000 0.000000
vt 1.000000 0.000000
vt 0.000000 1.000000
vt 0.000000 0.000000
vt 1.000000 0.000000
vt 0.000000 1.000000
vt 0.000000 0.000000
vt 1.000000 0.000000
vt 0.000000 1.000000
vt 0.000000 0.000000
vt 1.000000 0.000000
vt 0.000000 1.000000
vt 0.000000 0.000000
vt 1.000000 0.000000
vt 0.000000 1.000000
vt 0.000000 0.000000
vt 1.000000 0.000000
vt 0.000000 1.000000
vt 0.000000 0.000000
vt 1.000000 0.000000
vt 0.000000 1.000000
vt 0.000000 0.000000
vt 1.000000 0.000000
vt 0.000000 1.000000
vt 0.000000 0.000000
vt 1.000000 0.000000
vt 0.000000 1.000000
vt 0.000000 0.000000
vt 1.000000 0.000000
vt 0.000000 1.000000
vt 0.000000 0.000000
vt 1.000000 0.000000
vt 0.000000 1.000000
vt 0.000000 0.000000
vt 1.000000 0.000000
vt 0.000000 1.000000
vt 0.000000 0.000000
vt 1.000000 0.000000
vt 0.000000 1.000000
vt 0.000000 0.000000
vt 1.000000 0.000000
vt 0.000000 1.000000
vt 0.000000 0.000000
vt 1.000000 0.000000
vt 0.000000 1.000000
vt 0.000000 0.000000
vt 1.000000 0.000000
vt 0.000000 1.000000
vt 0.000000 0.000000
vt 1.000000 0.000000
vt 0.000000 1.000000
vt 0.000000 0.000000
vt 1.000000 0.000000
vt 0.000000 1.000000
vt 0.000000 0.000000
vt 1.000000 0.000000
vt 0.000000 1.000000
vt 0.000000 0.000000
vt 1.000000 0.000000
vt 0.000000 1.000000
vt 0.000000 0.000000
vt 1.000000 0.000000
vt 0.000000 1.000000
vt 0.000000 0.000000
vt 1.000000 0.000000
vt 0.000000 1.000000
vt 0.000000 0.000000
vt 1.000000 0.000000
vt 0.000000 1.000000
vt 0.000000 0.000000
vt 1.000000 0.000000
vt 0.000000 1.000000
vt 0.000000 0.000000
vt 1.000000 0.000000
vt 0.000000 1.000000
vt 0.000000 0.000000
vt 1.000000 0.000000
vt 0.000000 1.000000
vt 0.000000 0.000000
vt 1.000000 0.000000
vt 0.000000 1.000000
vt 0.000000 0.000000
vt 1.000000 0.000000
vt 0.000000 1.000000
vt 0.000000 0.000000
vt 1.000000 0.000000
vt 0.000000 1.000000
vt 0.000000 0.000000
vt 1.000000 0.000000
vt 0.000000 1.000000
vt 0.000000 0.000000
vt 1.000000 0.000000
vt 0.000000 1.000000
vt 0.000000 0.000000
vt 1.000000 0.000000
vt 0.000000 1.000000
vt 0.000000 0.000000
vt 1.000000 0.000000
vt 0.000000 1.000000
vt 0.000000 0.000000
vt 1.000000 0.000000
vt 0.000000 1.000000
vt 0.000000 0.000000
vt 1.000000 0.000000
vt 0.000000 1.000000
vt 0.000000 0.000000
vt 1.000000 0.000000
vt 0.000000 1.000000
vt 0.000000 0.000000
vt 1.000000 0.000000
vt 0.000000 1.000000
vt 0.000000 0.000000
vt 1.000000 0.000000
vt 0.000000 1.000000
vt 0.000000 0.000000
vt 1.000000 0.000000
vt 0.000000 1.000000
vt 0.000000 0.000000
vt 1.000000 0.000000
vt 0.000000 1.000000
vt 0.000000 0.000000
vt 1.000000 0.000000
vt 0.000000 1.000000
vt 0.000000 0.000000
vt 1.000000 0.000000
vt 0.000000 1.000000
vt 0.000000 0.000000
vt 1.000000 0.000000
vt 0.000000 1.000000
vt 0.000000 0.000000
vt 1.000000 0.000000
vt 0.000000 1.000000
vt 0.000000 0.000000
vt 1.000000 0.000000
vt 0.000000 1.000000
vt 0.000000 0.000000
vt 1.000000 0.000000
vt 0.000000 1.000000
vt 0.000000 0.000000
vt 1.000000 0.000000
vt 0.000000 1.000000
vt 0.000000 0.000000
vt 1.000000 0.000000
vt 0.000000 1.000000
vt 0.000000 0.000000
vt 1.000000 0.000000
vt 0.000000 1.000000
vt 0.000000 0.000000
vt 1.000000 0.000000
vt 0.000000 1.000000
vt 0.000000 0.000000
vt 1.000000 0.000000
vt 0.000000 1.000000
vt 0.000000 0.000000
vt 1.000000 0.000000
vt 0.000000 1.000000
vt 0.000000 0.000000
vt 1.000000 0.000000
vt 0.000000 1.000000
vt 0.000000 0.000000
vt 1.000000 0.000000
vt 0.000000 1.000000
vt 0.000000 0.000000
vt 1.000000 0.000000
vt 0.000000 1.000000
vt 0.000000 0.000000
vt 1.000000 0.000000
vt 0.000000 1.000000
vt 0.000000 0.000000
vt 1.000000 0.000000
vt 0.000000 1.000000
vt 0.000000 0.000000
vt 1.000000 0.000000
vt 0.000000 1.000000
vt 0.000000 0.000000
vt 1.000000 0.000000
vt 0.000000 1.000000
vt 0.000000 0.000000
vt 1.000000 0.000000
vt 0.000000 1.000000
vt 0.000000 0.000000
vt 1.000000 0.000000
vt 0.000000 1.000000
vt 0.000000 0.000000
vt 1.000000 0.000000
vt 0.000000 1.000000
vt 0.000000 0.000000
vt 1.000000 0.000000
vt 0.000000 1.000000
vt 0.000000 0.000000
vt 1.000000 0.000000
vt 0.000000 1.000000
vt 0.000000 0.000000
vt 1.000000 0.000000
vt 0.000000 1.000000
vt 0.000000 0.000000
vt 1.000000 0.000000
vt 0.000000 1.000000
vt 0.000000 0.000000
vt 1.000000 0.000000
vt 0.000000 1.000000
vt 0.000000 0.000000
vt 1.000000 0.000000
vt 0.000000 1.000000
vt 0.000000 0.000000
vt 1.000000 0.000000
vt 0.000000 1.000000
vt 0.000000 0.000000
vt 1.000000 0.000000
vt 0.000000 1.000000
vt 0.000000 0.000000
vt 1.000000 0.000000
vt 0.000000 1.000000
vt 0.000000 0.000000
vt 1.000000 0.000000
vt 0.000000 1.000000
vt 0.000000 0.000000
vt 1.000000 0.000000
vt 0.000000 1.000000
vt 0.000000 0.000000
vt 1.000000 0.000000
vt 0.000000 1.000000
vt 0.000000 0.000000
vt 1.000000 0.000000
vt 0.000000 1.000000
vt 0.000000 0.000000
vt 1.000000 0.000000
vt 0.000000 1.000000
vt 0.000000 0.000000
vt 1.000000 0.000000
vt 0.000000 1.000000
vt 0.000000 0.000000
vt 1.000000 0.000000
vt 0.000000 1.000000
vt 0.000000 0.000000
vt 1.000000 0.000000
vt 0.000000 1.000000
vt 0.000000 0.000000
vt 1.000000 0.000000
vt 0.000000 1.000000
vt 0.000000 0.000000
vt 1.000000 0.000000
vt 0.000000 1.000000
vt 0.000000 0.000000
vt 1.000000 0.000000
vt 0.000000 1.000000
vt 0.000000 0.000000
vt 1.000000 0.000000
vt 0.000000 1.000000
vt 0.000000 0.000000
vt 1.000000 0.000000
vt 0.000000 1.000000
vt 0.000000 0.000000
vt 1.000000 0.000000
vt 0.000000 1.000000
vt 0.000000 0.000000
vt 1.000000 0.000000
vt 0.000000 1.000000
vt 0.000000 0.000000
vt 1.000000 0.000000
vt 0.000000 1.000000
vt 0.000000 0.000000
vt 1.000000 0.000000
vt 0.000000 1.000000
vt 0.000000 0.000000
vt 1.000000 0.000000
vt 0.000000 1.000000
vt 0.000000 0.000000
vt 1.000000 0.000000
vt 0.000000 1.000000
vt 0.000000 0.000000
vt 1.000000 0.000000
vt 0.000000 1.000000
vt 0.000000 0.000000
vt 1.000000 0.000000
vt 0.000000 1.000000
vt 0.000000 0.000000
vt 1.000000 0.000000
vt 0.000000 1.000000
vt 0.000000 0.000000
vt 1.000000 0.000000
vt 0.000000 1.000000
vt 0.000000 0.000000
vt 1.000000 0.000000
vt 0.000000 1.000000
vt 0.000000 0.000000
vt 1.000000 0.000000
vt 0.000000 1.000000
vt 0.000000 0.000000
vt 1.000000 0.000000
vt 0.000000 1.000000
vt 0.000000 0.000000
vt 1.000000 0.000000
vt 0.000000 1.000000
vt 0.000000 0.000000
vt 1.000000 0.000000
vt 0.000000 1.000000
vt 0.000000 0.000000
vt 1.000000 0.000000
vt 0.000000 1.000000
vt 0.000000 0.000000
vt 1.000000 0.000000
vt 0.000000 1.000000
vt 0.000000 0.000000
vt 1.000000 0.000000
vt 0.000000 1.000000
vt 0.000000 0.000000
vt 1.000000 0.000000
vt 0.000000 1.000000
vt 0.000000 0.000000
vt 1.000000 0.000000
vt 0.000000 1.000000
vt 0.000000 0.000000
vt 1.000000 0.000000
vt 0.000000 1.000000
vt 0.000000 0.000000
vt 1.000000 0.000000
vt 0.000000 1.000000
vt 0.000000 0.000000
vt 1.000000 0.000000
vt 0.000000 1.000000
vt 0.000000 0.000000
vt 1.000000 0.000000
vt 0.000000 1.000000
vt 0.000000 0.000000
vt 1.000000 0.000000
vt 0.000000 1.000000
vt 0.000000 0.000000
vt 1.000000 0.000000
vt 0.000000 1.000000
vt 0.000000 0.000000
vt 1.000000 0.000000
vt 0.000000 1.000000
vt 0.000000 0.000000
vt 1.000000 0.000000
vt 0.000000 1.000000
vt 0.000000 0.000000
vt 1.000000 0.000000
vt 0.000000 1.000000
vt 0.000000 0.000000
vt 1.000000 0.000000
vt 0.000000 1.000000
vt 0.000000 0.000000
vt 1.000000 0.000000
vt 0.000000 1.000000
vt 0.000000 0.000000
vt 1.000000 0.000000
vt 0.000000 1.000000
vt 0.000000 0.000000
vt 1.000000 0.000000
vt 0.000000 1.000000
vt 0.000000 0.000000
vt 1.000000 0.000000
vt 0.000000 1.000000
vt 0.000000 0.000000
vt 1.000000 0.000000
vt 0.000000 1.000000
vt 0.000000 0.000000
vt 1.000000 0.000000
vt 0.000000 1.000000
vt 0.000000 0.000000
vt 1.000000 0.000000
vt 0.000000 1.000000
vt 0.000000 0.000000
vt 1.000000 0.000000
vt 0.000000 1.000000
vt 0.000000 0.000000
vt 1.000000 0.000000
vt 0.000000 1.000000
vt 0.000000 0.000000
vt 1.000000 0.000000
vt 0.000000 1.000000
vt 0.000000 0.000000
vt 1.000000 0.000000
vt 0.000000 1.000000
vt 0.000000 0.000000
vt 1.000000 0.000000
vt 0.000000 1.000000
vt 0.000000 0.000000
vt 1.000000 0.000000
vt 0.000000 1.000000
vt 0.000000 0.000000
vt 1.000000 0.000000
vt 0.000000 1.000000
vt 0.000000 0.000000
vt 1.000000 0.000000
vt 0.000000 1.000000
vt 0.000000 0.000000
vt 1.000000 0.000000
vt 0.000000 1.000000
vt 0.000000 0.000000
vt 1.000000 0.000000
vt 0.000000 1.000000
vt 0.000000 0.000000
vt 1.000000 0.000000
vt 0.000000 1.000000
vt 0.000000 0.000000
vt 1.000000 0.000000
vt 0.000000 1.000000
vt 0.000000 0.000000
vt 1.000000 0.000000
vt 0.000000 1.000000
vt 0.000000 0.000000
vt 1.000000 0.000000
vt 0.000000 1.000000
vt 0.000000 0.000000
vt 1.000000 0.000000
vt 0.000000 1.000000
vt 0.000000 0.000000
vt 1.000000 0.000000
vt 0.000000 1.000000
vt 0.000000 0.000000
vt 1.000000 0.000000
vt 0.000000 1.000000
vt 0.000000 0.000000
vt 1.000000 0.000000
vt 0.000000 1.000000
vt 0.000000 0.000000
vt 1.000000 0.000000
vt 0.000000 1.000000
vt 0.000000 0.000000
vt 1.000000 0.000000
vt 0.000000 1.000000
vt 0.000000 0.000000
vt 1.000000 0.000000
vt 0.000000 1.000000
vt 0.000000 0.000000
vt 1.000000 0.000000
vt 0.000000 1.000000
vt 0.000000 0.000000
vt 1.000000 0.000000
vt 0.000000 1.000000
vt 0.000000 0.000000
vt 1.000000 0.000000
vt 0.000000 1.000000
vt 0.000000 0.000000
vt 1.000000 0.000000
vt 0.000000 1.000000
vt 0.000000 0.000000
vt 1.000000 0.000000
vt 0.000000 1.000000
vt 0.000000 0.000000
vt 1.000000 0.000000
vt 0.000000 1.000000
vt 0.000000 0.000000
vt 1.000000 0.000000
vt 0.000000 1.000000
vt 0.000000 0.000000
vt 1.000000 0.000000
vt 0.000000 1.000000
vt 0.000000 0.000000
vt 1.000000 0.000000
vt 0.000000 1.000000
vt 0.000000 0.000000
vt 1.000000 0.000000
vt 0.000000 1.000000
vt 0.000000 0.000000
vt 1.000000 0.000000
vt 0.000000 1.000000
vt 0.000000 0.000000
vt 1.000000 0.000000
vt 0.000000 1.000000
vt 0.000000 0.000000
vt 1.000000 0.000000
vt 0.000000 1.000000
vt 0.000000 0.000000
vt 1.000000 0.000000
vt 0.000000 1.000000
vt 0.000000 0.000000
vt 1.000000 0.000000
vt 0.000000 1.000000
vt 0.000000 0.000000
vt 1.000000 0.000000
vt 0.000000 1.000000
vt 0.000000 0.000000
vt 1.000000 0.000000
vt 0.000000 1.000000
vt 0.000000 0.000000
vt 1.000000 0.000000
vt 0.000000 1.000000
vt 0.000000 0.000000
vt 1.000000 0.000000
vt 0.000000 1.000000
vt 0.000000 0.000000
vt 1.000000 0.000000
vt 0.000000 1.000000
vt 0.000000 0.000000
vt 1.000000 0.000000
vt 0.000000 1.000000
vt 0.000000 0.000000
vt 1.000000 0.000000
vt 0.000000 1.000000
vt 0.000000 0.000000
vt 1.000000 0.000000
vt 0.000000 1.000000
vt 0.000000 0.000000
vt 1.000000 0.000000
vt 0.000000 1.000000
vt 0.000000 0.000000
vt 1.000000 0.000000
vt 0.000000 1.000000
vt 0.000000 0.000000
vt 1.000000 0.000000
vt 0.000000 1.000000
vt 0.000000 0.000000
vt 1.000000 0.000000
vt 0.000000 1.000000
vt 0.000000 0.000000
vt 1.000000 0.000000
vt 0.000000 1.000000
vt 0.000000 0.000000
vt 1.000000 0.000000
vt 0.000000 1.000000
vt 0.000000 0.000000
vt 1.000000 0.000000
vt 0.000000 1.000000
vt 0.000000 0.000000
vt 1.000000 0.000000
vt 0.000000 1.000000
vt 0.000000 0.000000
vt 1.000000 0.000000
vt 0.000000 1.000000
vt 0.000000 0.000000
vt 1.000000 0.000000
vt 0.000000 1.000000
vt 0.000000 0.000000
vt 1.000000 0.000000
vt 0.000000 1.000000
vt 0.000000 0.000000
vt 1.000000 0.000000
vt 0.000000 1.000000
vt 0.000000 0.000000
vt 1.000000 0.000000
vt 0.000000 1.000000
vt 0.000000 0.000000
vt 1.000000 0.000000
vt 0.000000 1.000000
vt 0.000000 0.000000
vt 1.000000 0.000000
vt 0.000000 1.000000
vt 0.000000 0.000000
vt 1.000000 0.000000
vt 0.000000 1.000000
vt 0.000000 0.000000
vt 1.000000 0.000000
vt 0.000000 1.000000
vt 0.000000 0.000000
vt 1.000000 0.000000
vt 0.000000 1.000000
vt 0.000000 0.000000
vt 1.000000 0.000000
vt 0.000000 1.000000
vt 0.000000 0.000000
vt 1.000000 0.000000
vt 0.000000 1.000000
vt 0.000000 0.000000
vt 1.000000 0.000000
vt 0.000000 1.000000
vt 0.000000 0.000000
vt 1.000000 0.000000
vt 0.000000 1.000000
vt 0.000000 0.000000
vt 1.000000 0.000000
vt 0.000000 1.000000
vt 0.000000 0.000000
vt 1.000000 0.000000
vt 0.000000 1.000000
vt 0.000000 0.000000
vt 1.000000 0.000000
vt 0.000000 1.000000
vt 0.000000 0.000000
vt 1.000000 0.000000
vt 0.000000 1.000000
vt 0.000000 0.000000
vt 1.000000 0.000000
vt 0.000000 1.000000
vt 0.000000 0.000000
vt 1.000000 0.000000
vt 0.000000 1.000000
vt 0.000000 0.000000
vt 1.000000 0.000000
vt 0.000000 1.000000
vt 0.000000 0.000000
vt 1.000000 0.000000
vt 0.000000 1.000000
vt 0.000000 0.000000
vt 1.000000 0.000000
vt 0.000000 1.000000
vt 0.000000 0.000000
vt 1.000000 0.000000
vt 0.000000 1.000000
vt 0.000000 0.000000
vt 1.000000 0.000000
vt 0.000000 1.000000
vt 0.000000 0.000000
vt 1.000000 0.000000
vt 0.000000 1.000000
vt 0.000000 0.000000
vt 1.000000 0.000000
vt 0.000000 1.000000
vt 0.000000 0.000000
vt 1.000000 0.000000
vt 0.000000 1.000000
vt 0.000000 0.000000
vt 1.000000 0.000000
vt 0.000000 1.000000
vt 0.000000 0.000000
vt 1.000000 0.000000
vt 0.000000 1.000000
vt 0.000000 0.000000
vt 1.000000 0.000000
vt 0.000000 1.000000
vt 0.000000 0.000000
vt 1.000000 0.000000
vt 0.000000 1.000000
vt 0.000000 0.000000
vt 1.000000 0.000000
vt 0.000000 1.000000
vt 0.000000 0.000000
vt 1.000000 0.000000
vt 0.000000 1.000000
vt 0.000000 0.000000
vt 1.000000 0.000000
vt 0.000000 1.000000
vt 0.000000 0.000000
vt 1.000000 0.000000
vt 0.000000 1.000000
vt 0.000000 0.000000
vt 1.000000 0.000000
vt 0.000000 1.000000
vt 0.000000 0.000000
vt 1.000000 0.000000
vt 0.000000 1.000000
vt 0.000000 0.000000
vt 1.000000 0.000000
vt 0.000000 1.000000
vt 0.000000 0.000000
vt 1.000000 0.000000
vt 0.000000 1.000000
vt 0.000000 0.000000
vt 1.000000 0.000000
vt 0.000000 1.000000
vt 0.000000 0.000000
vt 1.000000 0.000000
vt 0.000000 1.000000
vt 0.000000 0.000000
vt 1.000000 0.000000
vt 0.000000 1.000000
vt 0.000000 0.000000
vt 1.000000 0.000000
vt 0.000000 1.000000
vt 0.000000 0.000000
vt 1.000000 0.000000
vt 0.000000 1.000000
vt 0.000000 0.000000
vt 1.000000 0.000000
vt 0.000000 1.000000
vt 0.000000 0.000000
vt 1.000000 0.000000
vt 0.000000 1.000000
vt 0.000000 0.000000
vt 1.000000 0.000000
vt 0.000000 1.000000
vt 0.000000 0.000000
vt 1.000000 0.000000
vt 0.000000 1.000000
vt 0.000000 0.000000
vt 1.000000 0.000000
vt 0.000000 1.000000
vt 0.000000 0.000000
vt 1.000000 0.000000
vt 0.000000 1.000000
vt 0.000000 0.000000
vt 1.000000 0.000000
vt 0.000000 1.000000
vt 0.000000 0.000000
vt 1.000000 0.000000
vt 0.000000 1.000000
vt 0.000000 0.000000
vt 1.000000 0.000000
vt 0.000000 1.000000
vt 0.000000 0.000000
vt 1.000000 0.000000
vt 0.000000 1.000000
vt 0.000000 0.000000
vt 1.000000 0.000000
vt 0.000000 1.000000
vt 0.000000 0.000000
vt 1.000000 0.000000
vt 0.000000 1.000000
vt 0.000000 0.000000
vt 1.000000 0.000000
vt 0.000000 1.000000
vt 0.000000 0.000000
vt 1.000000 0.000000
vt 0.000000 1.000000
vt 0.000000 0.000000
vt 1.000000 0.000000
vt 0.000000 1.000000
vt 0.000000 0.000000
vt 1.000000 0.000000
vt 0.000000 1.000000
vt 0.000000 0.000000
vt 1.000000 0.000000
vt 0.000000 1.000000
vt 0.000000 0.000000
vt 1.000000 0.000000
vt 0.000000 1.000000
vt 0.000000 0.000000
vt 1.000000 0.000000
vt 0.000000 1.000000
vt 0.000000 0.000000
vt 1.000000 0.000000
vt 0.000000 1.000000
vt 0.000000 0.000000
vt 1.000000 0.000000
vt 0.000000 1.000000
vt 0.000000 0.000000
vt 1.000000 0.000000
vt 0.000000 1.000000
vt 0.000000 0.000000
vt 1.000000 0.000000
vt 0.000000 1.000000
vt 0.000000 0.000000
vt 1.000000 0.000000
vt 0.000000 1.000000
vt 0.000000 0.000000
vt 1.000000 0.000000
vt 0.000000 1.000000
vt 0.000000 0.000000
vt 1.000000 0.000000
vt 0.000000 1.000000
vt 0.000000 0.000000
vt 1.000000 0.000000
vt 0.000000 1.000000
vt 0.000000 0.000000
vt 1.000000 0.000000
vt 0.000000 1.000000
vt 0.000000 0.000000
vt 1.000000 0.000000
vt 0.000000 1.000000
vt 0.000000 0.000000
vt 1.000000 0.000000
vt 0.000000 1.000000
vt 0.000000 0.000000
vt 1.000000 0.000000
vt 0.000000 1.000000
vt 0.000000 0.000000
vt 1.000000 0.000000
vt 0.000000 1.000000
vt 0.000000 0.000000
vt 1.000000 0.000000
vt 0.000000 1.000000
vt 0.000000 0.000000
vt 1.000000 0.000000
vt 0.000000 1.000000
vt 0.000000 0.000000
vt 1.000000 0.000000
vt 0.000000 1.000000
vt 0.000000 0.000000
vt 1.000000 0.000000
vt 0.000000 1.000000
vt 0.000000 0.000000
vt 1.000000 0.000000
vt 0.000000 1.000000
vt 0.000000 0.000000
vt 1.000000 0.000000
vt 0.000000 1.000000
vt 0.000000 0.000000
vt 1.000000 0.000000
vt 0.000000 1.000000
vt 0.000000 0.000000
vt 1.000000 0.000000
vt 0.000000 1.000000
vt 0.000000 0.000000
vt 1.000000 0.000000
vt 0.000000 1.000000
vt 0.000000 0.000000
vt 1.000000 0.000000
vt 0.000000 1.000000
vt 0.000000 0.000000
vt 1.000000 0.000000
vt 0.000000 1.000000
vt 0.000000 0.000000
vt 1.000000 0.000000
vt 0.000000 1.000000
vt 0.000000 0.000000
vt 1.000000 0.000000
vt 0.000000 1.000000
vt 0.000000 0.000000
vt 1.000000 0.000000
vt 0.000000 1.000000
vt 0.000000 0.000000
vt 1.000000 0.000000
vt 0.000000 1.000000
vt 0.000000 0.000000
vt 1.000000 0.000000
vt 0.000000 1.000000
vt 0.000000 0.000000
vt 1.000000 0.000000
vt 0.000000 1.000000
vt 0.000000 0.000000
vt 1.000000 0.000000
vt 0.000000 1.000000
vt 0.000000 0.000000
vt 1.000000 0.000000
vt 0.000000 1.000000
vt 0.000000 0.000000
vt 1.000000 0.000000
vt 0.000000 1.000000
vt 0.000000 0.000000
vt 1.000000 0.000000
vt 0.000000 1.000000
vt 0.000000 0.000000
vt 1.000000 0.000000
vt 0.000000 1.000000
vt 0.000000 0.000000
vt 1.000000 0.000000
vt 0.000000 1.000000
vt 0.000000 0.000000
vt 1.000000 0.000000
vt 0.000000 1.000000
vt 0.000000 0.000000
vt 1.000000 0.000000
vt 0.000000 1.000000
vt 0.000000 0.000000
vt 1.000000 0.000000
vt 0.000000 1.000000
vt 0.000000 0.000000
vt 1.000000 0.000000
vt 0.000000 1.000000
vt 0.000000 0.000000
vt 1.000000 0.000000
vt 0.000000 1.000000
vt 0.000000 0.000000
vt 1.000000 0.000000
vt 0.000000 1.000000
vt 0.000000 0.000000
vt 1.000000 0.000000
vt 0.000000 1.000000
vt 0.000000 0.000000
vt 1.000000 0.000000
vt 0.000000 1.000000
vt 0.000000 0.000000
vt 1.000000 0.000000
vt 0.000000 1.000000
vt 0.000000 0.000000
vt 1.000000 0.000000
vt 0.000000 1.000000
vt 0.000000 0.000000
vt 1.000000 0.000000
vt 0.000000 1.000000
vt 0.000000 0.000000
vt 1.000000 0.000000
vt 0.000000 1.000000
vt 0.000000 0.000000
vt 1.000000 0.000000
vt 0.000000 1.000000
vt 0.000000 0.000000
vt 1.000000 0.000000
vt 0.000000 1.000000
vt 0.000000 0.000000
vt 1.000000 0.000000
vt 0.000000 1.000000
vt 0.000000 0.000000
vt 1.000000 0.000000
vt 0.000000 1.000000
vt 0.000000 0.000000
vt 1.000000 0.000000
vt 0.000000 1.000000
vt 0.000000 0.000000
vt 1.000000 0.000000
vt 0.000000 1.000000
vt 0.000000 0.000000
vt 1.000000 0.000000
vt 0.000000 1.000000
vt 0.000000 0.000000
vt 1.000000 0.000000
vt 0.000000 1.000000
vt 0.000000 0.000000
vt 1.000000 0.000000
vt 0.000000 1.000000
vt 0.000000 0.000000
vt 1.000000 0.000000
vt 0.000000 1.000000
vt 0.000000 0.000000
vt 1.000000 0.000000
vt 0.000000 1.000000
vt 0.000000 0.000000
vt 1.000000 0.000000
vt 0.000000 1.000000
vt 0.000000 0.000000
vt 1.000000 0.000000
vt 0.000000 1.000000
vt 0.000000 0.000000
vt 1.000000 0.000000
vt 0.000000 1.000000
vt 0.000000 0.000000
vt 1.000000 0.000000
vt 0.000000 1.000000
vt 0.000000 0.000000
vt 1.000000 0.000000
vt 0.000000 1.000000
vt 0.000000 0.000000
vt 1.000000 0.000000
vt 0.000000 1.000000
vt 0.000000 0.000000
vt 1.000000 0.000000
vt 0.000000 1.000000
vt 0.000000 0.000000
vt 1.000000 0.000000
vt 0.000000 1.000000
vt 0.000000 0.000000
vt 1.000000 0.000000
vt 0.000000 1.000000
vt 0.000000 0.000000
vt 1.000000 0.000000
vt 0.000000 1.000000
vt 0.000000 0.000000
vt 1.000000 0.000000
vt 0.000000 1.000000
vt 0.000000 0.000000
vt 1.000000 0.000000
vt 0.000000 1.000000
vt 0.000000 0.000000
vt 1.000000 0.000000
vt 0.000000 1.000000
vt 0.000000 0.000000
vt 1.000000 0.000000
vt 0.000000 1.000000
vt 0.000000 0.000000
vt 1.000000 0.000000
vt 0.000000 1.000000
vt 0.000000 0.000000
vt 1.000000 0.000000
vt 0.000000 1.000000
vt 0.000000 0.000000
vt 1.000000 0.000000
vt 0.000000 1.000000
vt 0.000000 0.000000
vt 1.000000 0.000000
vt 0.000000 1.000000
vt 0.000000 0.000000
vt 1.000000 0.000000
vt 0.000000 1.000000
vt 0.000000 0.000000
vt 1.000000 0.000000
vt 0.000000 1.000000
vt 0.000000 0.000000
vt 1.000000 0.000000
vt 0.000000 1.000000
vt 0.000000 0.000000
vt 1.000000 0.000000
vt 0.000000 1.000000
vt 0.000000 0.000000
vt 1.000000 0.000000
vt 0.000000 1.000000
vt 0.000000 0.000000
vt 1.000000 0.000000
vt 0.000000 1.000000
vt 0.000000 0.000000
vt 1.000000 0.000000
vt 0.000000 1.000000
vt 0.000000 0.000000
vt 1.000000 0.000000
vt 0.000000 1.000000
vt 0.000000 0.000000
vt 1.000000 0.000000
vt 0.000000 1.000000
vt 0.000000 0.000000
vt 1.000000 0.000000
vt 0.000000 1.000000
vt 0.000000 0.000000
vt 1.000000 0.000000
vt 0.000000 1.000000
vt 0.000000 0.000000
vt 1.000000 0.000000
vt 0.000000 1.000000
vt 0.000000 0.000000
vt 1.000000 0.000000
vt 0.000000 1.000000
vt 0.000000 0.000000
vt 1.000000 0.000000
vt 0.000000 1.000000
vt 0.000000 0.000000
vt 1.000000 0.000000
vt 0.000000 1.000000
vt 0.000000 0.000000
vt 1.000000 0.000000
vt 0.000000 1.000000
vt 0.000000 0.000000
vt 1.000000 0.000000
vt 0.000000 1.000000
vt 0.000000 0.000000
vt 1.000000 0.000000
vt 0.000000 1.000000
vt 0.000000 0.000000
vt 1.000000 0.000000
vt 0.000000 1.000000
vt 0.000000 0.000000
vt 1.000000 0.000000
vt 0.000000 1.000000
vt 0.000000 0.000000
vt 1.000000 0.000000
vt 0.000000 1.000000
vt 0.000000 0.000000
vt 1.000000 0.000000
vt 0.000000 1.000000
vt 0.000000 0.000000
vt 1.000000 0.000000
vt 0.000000 1.000000
vt 0.000000 0.000000
vt 1.000000 0.000000
vt 0.000000 1.000000
vt 0.000000 0.000000
vt 1.000000 0.000000
vt 0.000000 1.000000
vt 0.000000 0.000000
vt 1.000000 0.000000
vt 0.000000 1.000000
vt 0.000000 0.000000
vt 1.000000 0.000000
vt 0.000000 1.000000
vt 0.000000 0.000000
vt 1.000000 0.000000
vt 0.000000 1.000000
vt 0.000000 0.000000
vt 1.000000 0.000000
vt 0.000000 1.000000
vt 0.000000 0.000000
vt 1.000000 0.000000
vt 0.000000 1.000000
vt 0.000000 0.000000
vt 1.000000 0.000000
vt 0.000000 1.000000
vt 0.000000 0.000000
vt 1.000000 0.000000
vt 0.000000 1.000000
vt 0.000000 0.000000
vt 1.000000 0.000000
vt 0.000000 1.000000
vt 0.000000 0.000000
vt 1.000000 0.000000
vt 0.000000 1.000000
vt 0.000000 0.000000
vt 1.000000 0.000000
vt 0.000000 1.000000
vt 0.000000 0.000000
vt 1.000000 0.000000
vt 0.000000 1.000000
vt 0.000000 0.000000
vt 1.000000 0.000000
vt 0.000000 1.000000
vt 0.000000 0.000000
vt 1.000000 0.000000
vt 0.000000 1.000000
vt 0.000000 0.000000
vt 1.000000 0.000000
vt 0.000000 1.000000
vt 0.000000 0.000000
vt 1.000000 0.000000
vt 0.000000 1.000000
vt 0.000000 0.000000
vt 1.000000 0.000000
vt 0.000000 1.000000
vt 0.000000 0.000000
vt 1.000000 0.000000
vt 0.000000 1.000000
vt 0.000000 0.000000
vt 1.000000 0.000000
vt 0.000000 1.000000
vt 0.000000 0.000000
vt 1.000000 0.000000
vt 0.000000 1.000000
vt 0.000000 0.000000
vt 1.000000 0.000000
vt 0.000000 1.000000
vt 0.000000 0.000000
vt 1.000000 0.000000
vt 0.000000 1.000000
vt 0.000000 0.000000
vt 1.000000 0.000000
vt 0.000000 1.000000
vt 0.000000 0.000000
vt 1.000000 0.000000
vt 0.000000 1.000000
vt 0.000000 0.000000
vt 1.000000 0.000000
vt 0.000000 1.000000
vt 0.000000 0.000000
vt 1.000000 0.000000
vt 0.000000 1.000000
vt 0.000000 0.000000
vt 1.000000 0.000000
vt 0.000000 1.000000
vt 0.000000 0.000000
vt 1.000000 0.000000
vt 0.000000 1.000000
vt 0.000000 0.000000
vt 1.000000 0.000000
vt 0.000000 1.000000
vt 0.000000 0.000000
vt 1.000000 0.000000
vt 0.000000 1.000000
vt 0.000000 0.000000
vt 1.000000 0.000000
vt 0.000000 1.000000
vt 0.000000 0.000000
vt 1.000000 0.000000
vt 0.000000 1.000000
vt 0.000000 0.000000
vt 1.000000 0.000000
vt 0.000000 1.000000
vt 0.000000 0.000000
vt 1.000000 0.000000
vt 0.000000 1.000000
vt 0.000000 0.000000
vt 1.000000 0.000000
vt 0.000000 1.000000
vt 0.000000 0.000000
vt 1.000000 0.000000
vt 0.000000 1.000000
vt 0.000000 0.000000
vt 1.000000 0.000000
vt 0.000000 1.000000
vt 0.000000 0.000000
vt 1.000000 0.000000
vt 0.000000 1.000000
vt 0.000000 0.000000
vt 1.000000 0.000000
vt 0.000000 1.000000
vt 0.000000 0.000000
vt 1.000000 0.000000
vt 0.000000 1.000000
vt 0.000000 0.000000
vt 1.000000 0.000000
vt 0.000000 1.000000
vt 0.000000 0.000000
vt 1.000000 0.000000
vt 0.000000 1.000000
vt 0.000000 0.000000
vt 1.000000 0.000000
vt 0.000000 1.000000
vt 0.000000 0.000000
vt 1.000000 0.000000
vt 0.000000 1.000000
vt 0.000000 0.000000
vt 1.000000 0.000000
vt 0.000000 1.000000
vt 0.000000 0.000000
vt 1.000000 0.000000
vt 0.000000 1.000000
vt 0.000000 0.000000
vt 1.000000 0.000000
vt 0.000000 1.000000
vt 0.000000 0.000000
vt 1.000000 0.000000
vt 0.000000 1.000000
vt 0.000000 0.000000
vt 1.000000 0.000000
vt 0.000000 1.000000
vt 0.000000 0.000000
vt 1.000000 0.000000
vt 0.000000 1.000000
vt 0.000000 0.000000
vt 1.000000 0.000000
vt 0.000000 1.000000
vt 0.000000 0.000000
vt 1.000000 0.000000
vt 0.000000 1.000000
vt 0.000000 0.000000
vt 1.000000 0.000000
vt 0.000000 1.000000
vt 0.000000 0.000000
vt 1.000000 0.000000
vt 0.000000 1.000000
vt 0.000000 0.000000
vt 1.000000 0.000000
vt 0.000000 1.000000
vt 0.000000 0.000000
vt 1.000000 0.000000
vt 0.000000 1.000000
vt 0.000000 0.000000
vt 1.000000 0.000000
vt 0.000000 1.000000
vt 0.000000 0.000000
vt 1.000000 0.000000
vt 0.000000 1.000000
vt 0.000000 0.000000
vt 1.000000 0.000000
vt 0.000000 1.000000
vt 0.000000 0.000000
vt 1.000000 0.000000
vt 0.000000 1.000000
vt 0.000000 0.000000
vt 1.000000 0.000000
vt 0.000000 1.000000
vt 0.000000 0.000000
vt 1.000000 0.000000
vt 0.000000 1.000000
vt 0.000000 0.000000
vt 1.000000 0.000000
vt 0.000000 1.000000
vt 0.000000 0.000000
vt 1.000000 0.000000
vt 0.000000 1.000000
vt 0.000000 0.000000
vt 1.000000 0.000000
vt 0.000000 1.000000
vt 0.000000 0.000000
vt 1.000000 0.000000
vt 0.000000 1.000000
vt 0.000000 0.000000
vt 1.000000 0.000000
vt 0.000000 1.000000
vt 0.000000 0.000000
vt 1.000000 0.000000
vt 0.000000 1.000000
vt 0.000000 0.000000
vt 1.000000 0.000000
vt 0.000000 1.000000
vt 0.000000 0.000000
vt 1.000000 0.000000
vt 0.000000 1.000000
vt 0.000000 0.000000
vt 1.000000 0.000000
vt 0.000000 1.000000
vt 0.000000 0.000000
vt 1.000000 0.000000
vt 0.000000 1.000000
vt 0.000000 0.000000
vt 1.000000 0.000000
vt 0.000000 1.000000
vt 0.000000 0.000000
vt 1.000000 0.000000
vt 0.000000 1.000000
vt 0.000000 0.000000
vt 1.000000 0.000000
vt 0.000000 1.000000
vt 0.000000 0.000000
vt 1.000000 0.000000
vt 0.000000 1.000000
vt 0.000000 0.000000
vt 1.000000 0.000000
vt 0.000000 1.000000
vt 0.000000 0.000000
vt 1.000000 0.000000
vt 0.000000 1.000000
vt 0.000000 0.000000
vt 1.000000 0.000000
vt 0.000000 1.000000
vt 0.000000 0.000000
vt 1.000000 0.000000
vt 0.000000 1.000000
vt 0.000000 0.000000
vt 1.000000 0.000000
vt 0.000000 1.000000
vt 0.000000 0.000000
vt 1.000000 0.000000
vt 0.000000 1.000000
vt 0.000000 0.000000
vt 1.000000 0.000000
vt 0.000000 1.000000
vt 0.000000 0.000000
vt 1.000000 0.000000
vt 0.000000 1.000000
vt 0.000000 0.000000
vt 1.000000 0.000000
vt 0.000000 1.000000
vt 0.000000 0.000000
vt 1.000000 0.000000
vt 0.000000 1.000000
vt 0.000000 0.000000
vt 1.000000 0.000000
vt 0.000000 1.000000
vt 0.000000 0.000000
vt 1.000000 0.000000
vt 0.000000 1.000000
vt 0.000000 0.000000
vt 1.000000 0.000000
vt 0.000000 1.000000
vt 0.000000 0.000000
vt 1.000000 0.000000
vt 0.000000 1.000000
vt 0.000000 0.000000
vt 1.000000 0.000000
vt 0.000000 1.000000
vt 0.000000 0.000000
vt 1.000000 0.000000
vt 0.000000 1.000000
vt 0.000000 0.000000
vt 1.000000 0.000000
vt 0.000000 1.000000
vt 0.000000 0.000000
vt 1.000000 0.000000
vt 0.000000 1.000000
vt 0.000000 0.000000
vt 1.000000 0.000000
vt 0.000000 1.000000
vt 0.000000 0.000000
vt 1.000000 0.000000
vt 0.000000 1.000000
vt 0.000000 0.000000
vt 1.000000 0.000000
vt 0.000000 1.000000
vt 0.000000 0.000000
vt 1.000000 0.000000
vt 0.000000 1.000000
vt 0.000000 0.000000
vt 1.000000 0.000000
vt 0.000000 1.000000
vt 0.000000 0.000000
vt 1.000000 0.000000
vt 0.000000 1.000000
vt 0.000000 0.000000
vt 1.000000 0.000000
vt 0.000000 1.000000
vt 0.000000 0.000000
vt 1.000000 0.000000
vt 0.000000 1.000000
vt 0.000000 0.000000
vt 1.000000 0.000000
vt 0.000000 1.000000
vt 0.000000 0.000000
vt 1.000000 0.000000
vt 0.000000 1.000000
vt 0.000000 0.000000
vt 1.000000 0.000000
vt 0.000000 1.000000
vt 0.000000 0.000000
vt 1.000000 0.000000
vt 0.000000 1.000000
vt 0.000000 0.000000
vt 1.000000 0.000000
vt 0.000000 1.000000
vt 0.000000 0.000000
vt 1.000000 0.000000
vt 0.000000 1.000000
vt 0.000000 0.000000
vt 1.000000 0.000000
vt 0.000000 1.000000
vt 0.000000 0.000000
vt 1.000000 0.000000
vt 0.000000 1.000000
vt 0.000000 0.000000
vt 1.000000 0.000000
vt 0.000000 1.000000
vt 0.000000 0.000000
vt 1.000000 0.000000
vt 0.000000 1.000000
vt 0.000000 0.000000
vt 1.000000 0.000000
vt 0.000000 1.000000
vt 0.000000 0.000000
vt 1.000000 0.000000
vt 0.000000 1.000000
vt 0.000000 0.000000
vt 1.000000 0.000000
vt 0.000000 1.000000
vt 0.000000 0.000000
vt 1.000000 0.000000
vt 0.000000 1.000000
vt 0.000000 0.000000
vt 1.000000 0.000000
vt 0.000000 1.000000
vt 0.000000 0.000000
vt 1.000000 0.000000
vt 0.000000 1.000000
vt 0.000000 0.000000
vt 1.000000 0.000000
vt 0.000000 1.000000
vt 0.000000 0.000000
vt 1.000000 0.000000
vt 0.000000 1.000000
vt 0.000000 0.000000
vt 1.000000 0.000000
vt 0.000000 1.000000
vt 0.000000 0.000000
vt 1.000000 0.000000
vt 0.000000 1.000000
vt 0.000000 0.000000
vt 1.000000 0.000000
vt 0.000000 1.000000
vt 0.000000 0.000000
vt 1.000000 0.000000
vt 0.000000 1.000000
vt 0.000000 0.000000
vt 1.000000 0.000000
vt 0.000000 1.000000
vt 0.000000 0.000000
vt 1.000000 0.000000
vt 0.000000 1.000000
vt 0.000000 0.000000
vt 1.000000 0.000000
vt 0.000000 1.000000
vt 0.000000 0.000000
vt 1.000000 0.000000
vt 0.000000 1.000000
vt 0.000000 0.000000
vt 1.000000 0.000000
vt 0.000000 1.000000
vt 0.000000 0.000000
vt 1.000000 0.000000
vt 0.000000 1.000000
vt 0.000000 0.000000
vt 1.000000 0.000000
vt 0.000000 1.000000
vt 0.000000 0.000000
vt 1.000000 0.000000
vt 0.000000 1.000000
vt 0.000000 0.000000
vt 1.000000 0.000000
vt 0.000000 1.000000
vt 0.000000 0.000000
vt 1.000000 0.000000
vt 0.000000 1.000000
vt 0.000000 0.000000
vt 1.000000 0.000000
vt 0.000000 1.000000
vt 0.000000 0.000000
vt 1.000000 0.000000
vt 0.000000 1.000000
vt 0.000000 0.000000
vt 1.000000 0.000000
vt 0.000000 1.000000
vt 0.000000 0.000000
vt 1.000000 0.000000
vt 0.000000 1.000000
vt 0.000000 0.000000
vt 1.000000 0.000000
vt 0.000000 1.000000
vt 0.000000 0.000000
vt 1.000000 0.000000
vt 0.000000 1.000000
vt 0.000000 0.000000
vt 1.000000 0.000000
vt 0.000000 1.000000
vt 0.000000 0.000000
vt 1.000000 0.000000
vt 0.000000 1.000000
vt 0.000000 0.000000
vt 1.000000 0.000000
vt 0.000000 1.000000
vt 0.000000 0.000000
vt 1.000000 0.000000
vt 0.000000 1.000000
vt 0.000000 0.000000
vt 1.000000 0.000000
vt 0.000000 1.000000
vt 0.000000 0.000000
vt 1.000000 0.000000
vt 0.000000 1.000000
vt 0.000000 0.000000
vt 1.000000 0.000000
vt 0.000000 1.000000
vt 0.000000 0.000000
vt 1.000000 0.000000
vt 0.000000 1.000000
vt 0.000000 0.000000
vt 1.000000 0.000000
vt 0.000000 1.000000
vt 0.000000 0.000000
vt 1.000000 0.000000
vt 0.000000 1.000000
vt 0.000000 0.000000
vt 1.000000 0.000000
vt 0.000000 1.000000
vt 0.000000 0.000000
vt 1.000000 0.000000
vt 0.000000 1.000000
vt 0.000000 0.000000
vt 1.000000 0.000000
vt 0.000000 1.000000
vt 0.000000 0.000000
vt 1.000000 0.000000
vt 0.000000 1.000000
vt 0.000000 0.000000
vt 1.000000 0.000000
vt 0.000000 1.000000
vt 0.000000 0.000000
vt 1.000000 0.000000
vt 0.000000 1.000000
vt 0.000000 0.000000
vt 1.000000 0.000000
vt 0.000000 1.000000
vt 0.000000 0.000000
vt 1.000000 0.000000
vt 0.000000 1.000000
vt 0.000000 0.000000
vt 1.000000 0.000000
vt 0.000000 1.000000
vt 0.000000 0.000000
vt 1.000000 0.000000
vt 0.000000 1.000000
vt 0.000000 0.000000
vt 1.000000 0.000000
vt 0.000000 1.000000
vt 0.000000 0.000000
vt 1.000000 0.000000
vt 0.000000 1.000000
vt 0.000000 0.000000
vt 1.000000 0.000000
vt 0.000000 1.000000
vt 0.000000 0.000000
vt 1.000000 0.000000
vt 0.000000 1.000000
vt 0.000000 0.000000
vt 1.000000 0.000000
vt 0.000000 1.000000
vt 0.000000 0.000000
vt 1.000000 0.000000
vt 0.000000 1.000000
vt 0.000000 0.000000
vt 1.000000 0.000000
vt 0.000000 1.000000
vt 0.000000 0.000000
vt 1.000000 0.000000
vt 0.000000 1.000000
vt 0.000000 0.000000
vt 1.000000 0.000000
vt 0.000000 1.000000
vt 0.000000 0.000000
vt 1.000000 0.000000
vt 0.000000 1.000000
vt 0.000000 0.000000
vt 1.000000 0.000000
vt 0.000000 1.000000
vt 0.000000 0.000000
vt 1.000000 0.000000
vt 0.000000 1.000000
vt 0.000000 0.000000
vt 1.000000 0.000000
vt 0.000000 1.000000
vt 0.000000 0.000000
vt 1.000000 0.000000
vt 0.000000 1.000000
vt 0.000000 0.000000
vt 1.000000 0.000000
vt 0.000000 1.000000
vt 0.000000 0.000000
vt 1.000000 0.000000
vt 0.000000 1.000000
vt 0.000000 0.000000
vt 1.000000 0.000000
vt 0.000000 1.000000
vt 0.000000 0.000000
vt 1.000000 0.000000
vt 0.000000 1.000000
vt 0.000000 0.000000
vt 1.000000 0.000000
vt 0.000000 1.000000
vt 0.000000 0.000000
vt 1.000000 0.000000
vt 0.000000 1.000000
vt 0.000000 0.000000
vt 1.000000 0.000000
vt 0.000000 1.000000
vt 0.000000 0.000000
vt 1.000000 0.000000
vt 0.000000 1.000000
vt 0.000000 0.000000
vt 1.000000 0.000000
vt 0.000000 1.000000
vt 0.000000 0.000000
vt 1.000000 0.000000
vt 0.000000 1.000000
vt 0.000000 0.000000
vt 1.000000 0.000000
vt 0.000000 1.000000
vt 0.000000 0.000000
vt 1.000000 0.000000
vt 0.000000 1.000000
vt 0.000000 0.000000
vt 1.000000 0.000000
vt 0.000000 1.000000
vt 0.000000 0.000000
vt 1.000000 0.000000
vt 0.000000 1.000000
vt 0.000000 0.000000
vt 1.000000 0.000000
vt 0.000000 1.000000
vt 0.000000 0.000000
vt 1.000000 0.000000
vt 0.000000 1.000000
vt 0.000000 0.000000
vt 1.000000 0.000000
vt 0.000000 1.000000
vt 0.000000 0.000000
vt 1.000000 0.000000
vt 0.000000 1.000000
vt 0.000000 0.000000
vt 1.000000 0.000000
vt 0.000000 1.000000
vt 0.000000 0.000000
vt 1.000000 0.000000
vt 0.000000 1.000000
vt 0.000000 0.000000
vt 1.000000 0.000000
vt 0.000000 1.000000
vt 0.000000 0.000000
vt 1.000000 0.000000
vt 0.000000 1.000000
vt 0.000000 0.000000
vt 1.000000 0.000000
vt 0.000000 1.000000
vt 0.000000 0.000000
vt 1.000000 0.000000
vt 0.000000 1.000000
vt 0.000000 0.000000
vt 1.000000 0.000000
vt 0.000000 1.000000
vt 0.000000 0.000000
vt 1.000000 0.000000
vt 0.000000 1.000000
vt 0.000000 0.000000
vt 1.000000 0.000000
vt 0.000000 1.000000
vt 0.000000 0.000000
vt 1.000000 0.000000
vt 0.000000 1.000000
usemtl Mechanism
f 1/1 3/2 4/3
f 1/4 4/5 2/6
f 3/7 5/8 6/9
f 3/10 6/11 4/12
f 5/13 7/14 8/15
f 5/16 8/17 6/18
f 7/19 9/20 10/21
f 7/22 10/23 8/24
f 9/25 11/26 12/27
f 9/28 12/29 10/30
f 11/31 13/32 14/33
f 11/34 14/35 12/36
f 13/37 15/38 16/39
f 13/40 16/41 14/42
f 15/43 17/44 18/45
f 15/46 18/47 16/48
f 17/49 19/50 20/51
f 17/52 20/53 18/54
f 19/55 21/56 22/57
f 19/58 22/59 20/60
f 21/61 23/62 24/63
f 21/64 24/65 22/66
f 23/67 25/68 26/69
f 23/70 26/71 24/72
f 25/73 27/74 28/75
f 25/76 28/77 26/78
f 27/79 29/80 30/81
f 27/82 30/83 28/84
f 29/85 31/86 32/87
f 29/88 32/89 30/90
f 31/91 33/92 34/93
f 31/94 34/95 32/96
f 33/97 35/98 36/99
f 33/100 36/101 34/102
f 35/103 37/104 38/105
f 35/106 38/107 36/108
f 37/109 39/110 40/111
f 37/112 40/113 38/114
f 39/115 41/116 42/117
f 39/118 42/119 40/120
f 41/121 43/122 44/123
f 41/124 44/125 42/126
f 43/127 45/128 46/129
f 43/130 46/131 44/132
f 45/133 47/134 48/135
f 45/136 48/137 46/138
f 47/139 49/140 50/141
f 47/142 50/143 48/144
f 49/145 51/146 52/147
f 49/148 52/149 50/150
f 51/151 53/152 54/153
f 51/154 54/155 52/156
f 53/157 55/158 56/159
f 53/160 56/161 54/162
f 55/163 57/164 58/165
f 55/166 58/167 56/168
f 57/169 59/170 60/171
f 57/172 60/173 58/174
f 59/175 61/176 62/177
f 59/178 62/179 60/180
f 61/181 63/182 64/183
f 61/184 64/185 62/186
f 63/187 65/188 66/189
f 63/190 66/191 64/192
f 65/193 67/194 68/195
f 65/196 68/197 66/198
f 67/199 69/200 70/201
f 67/202 70/203 68/204
f 69/205 71/206 72/207
f 69/208 72/209 70/210
f 71/211 73/212 74/213
f 71/214 74/215 72/216
f 73/217 75/218 76/219
f 73/220 76/221 74/222
f 75/223 77/224 78/225
f 75/226 78/227 76/228
f 77/229 79/230 80/231
f 77/232 80/233 78/234
f 79/235 81/236 82/237
f 79/238 82/239 80/240
f 81/241 83/242 84/243
f 81/244 84/245 82/246
f 83/247 85/248 86/249
f 83/250 86/251 84/252
f 85/253 87/254 88/255
f 85/256 88/257 86/258
f 87/259 89/260 90/261
f 87/262 90/263 88/264
f 89/265 91/266 92/267
f 89/268 92/269 90/270
f 91/271 93/272 94/273
f 91/274 94/275 92/276
f 93/277 95/278 96/279
f 93/280 96/281 94/282
f 95/283 1/284 2/285
f 95/286 2/287 96/288
f 97/289 3/290 1/291
f 98/292 2/293 4/294
f 97/295 5/296 3/297
f 98/298 4/299 6/300
f 97/301 7/302 5/303
f 98/304 6/305 8/306
f 97/307 9/308 7/309
f 98/310 8/311 10/312
f 97/313 11/314 9/315
f 98/316 10/317 12/318
f 97/319 13/320 11/321
f 98/322 12/323 14/324
f 97/325 15/326 13/327
f 98/328 14/329 16/330
f 97/331 17/332 15/333
f 98/334 16/335 18/336
f 97/337 19/338 17/339
f 98/340 18/341 20/342
f 97/343 21/344 19/345
f 98/346 20/347 22/348
f 97/349 23/350 21/351
f 98/352 22/353 24/354
f 97/355 25/356 23/357
f 98/358 24/359 26/360
f 97/361 27/362 25/363
f 98/364 26/365 28/366
f 97/367 29/368 27/369
f 98/370 28/371 30/372
f 97/373 31/374 29/375
f 98/376 30/377 32/378
f 97/379 33/380 31/381
f 98/382 32/383 34/384
f 97/385 35/386 33/387
f 98/388 34/389 36/390
f 97/391 37/392 35/393
f 98/394 36/395 38/396
f 97/397 39/398 37/399
f 98/400 38/401 40/402
f 97/403 41/404 39/405
f 98/406 40/407 42/408
f 97/409 43/410 41/411
f 98/412 42/413 44/414
f 97/415 45/416 43/417
f 98/418 44/419 46/420
f 97/421 47/422 45/423
f 98/424 46/425 48/426
f 97/427 49/428 47/429
f 98/430 48/431 50/432
f 97/433 51/434 49/435
f 98/436 50/437 52/438
f 97/439 53/440 51/441
f 98/442 52/443 54/444
f 97/445 55/446 53/447
f 98/448 54/449 56/450
f 97/451 57/452 55/453
f 98/454 56/455 58/456
f 97/457 59/458 57/459
f 98/460 58/461 60/462
f 97/463 61/464 59/465
f 98/466 60/467 62/468
f 97/469 63/470 61/471
f 98/472 62/473 64/474
f 97/475 65/476 63/477
f 98/478 64/479 66/480
f 97/481 67/482 65/483
f 98/484 66/485 68/486
f 97/487 69/488 67/489
f 98/490 68/491 70/492
f 97/493 71/494 69/495
f 98/496 70/497 72/498
f 97/499 73/500 71/501
f 98/502 72/503 74/504
f 97/505 75/506 73/507
f 98/508 74/509 76/510
f 97/511 77/512 75/513
f 98/514 76/515 78/516
f 97/517 79/518 77/519
f 98/520 78/521 80/522
f 97/523 81/524 79/525
f 98/526 80/527 82/528
f 97/529 83/530 81/531
f 98/532 82/533 84/534
f 97/535 85/536 83/537
f 98/538 84/539 86/540
f 97/541 87/542 85/543
f 98/544 86/545 88/546
f 97/547 89/548 87/549
f 98/550 88/551 90/552
f 97/553 91/554 89/555
f 98/556 90/557 92/558
f 97/559 93/560 91/561
f 98/562 92/563 94/564
f 97/565 95/566 93/567
f 98/568 94/569 96/570
f 97/571 1/572 95/573
f 98/574 96/575 2/576
f 99/577 101/578 102/579
f 99/580 102/581 100/582
f 101/583 103/584 104/585
f 101/586 104/587 102/588
f 103/589 105/590 106/591
f 103/592 106/593 104/594
f 105/595 107/596 108/597
f 105/598 108/599 106/600
f 107/601 109/602 110/603
f 107/604 110/605 108/606
f 109/607 111/608 112/609
f 109/610 112/611 110/612
f 111/613 113/614 114/615
f 111/616 114/617 112/618
f 113/619 115/620 116/621
f 113/622 116/623 114/624
f 115/625 117/626 118/627
f 115/628 118/629 116/630
f 117/631 119/632 120/633
f 117/634 120/635 118/636
f 119/637 121/638 122/639
f 119/640 122/641 120/642
f 121/643 123/644 124/645
f 121/646 124/647 122/648
f 123/649 125/650 126/651
f 123/652 126/653 124/654
f 125/655 127/656 128/657
f 125/658 128/659 126/660
f 127/661 129/662 130/663
f 127/664 130/665 128/666
f 129/667 131/668 132/669
f 129/670 132/671 130/672
f 131/673 133/674 134/675
f 131/676 134/677 132/678
f 133/679 135/680 136/681
f 133/682 136/683 134/684
f 135/685 137/686 138/687
f 135/688 138/689 136/690
f 137/691 139/692 140/693
f 137/694 140/695 138/696
f 139/697 141/698 142/699
f 139/700 142/701 140/702
f 141/703 143/704 144/705
f 141/706 144/707 142/708
f 143/709 145/710 146/711
f 143/712 146/713 144/714
f 145/715 147/716 148/717
f 145/718 148/719 146/720
f 147/721 149/722 150/723
f 147/724 150/725 148/726
f 149/727 151/728 152/729
f 149/730 152/731 150/732
f 151/733 153/734 154/735
f 151/736 154/737 152/738
f 153/739 155/740 156/741
f 153/742 156/743 154/744
f 155/745 157/746 158/747
f 155/748 158/749 156/750
f 157/751 159/752 160/753
f 157/754 160/755 158/756
f 159/757 161/758 162/759
f 159/760 162/761 160/762
f 161/763 163/764 164/765
f 161/766 164/767 162/768
f 163/769 165/770 166/771
f 163/772 166/773 164/774
f 165/775 167/776 168/777
f 165/778 168/779 166/780
f 167/781 169/782 170/783
f 167/784 170/785 168/786
f 169/787 171/788 172/789
f 169/790 172/791 170/792
f 171/793 173/794 174/795
f 171/796 174/797 172/798
f 173/799 175/800 176/801
f 173/802 176/803 174/804
f 175/805 177/806 178/807
f 175/808 178/809 176/810
f 177/811 179/812 180/813
f 177/814 180/815 178/816
f 179/817 181/818 182/819
f 179/820 182/821 180/822
f 181/823 183/824 184/825
f 181/826 184/827 182/828
f 183/829 185/830 186/831
f 183/832 186/833 184/834
f 185/835 187/836 188/837
f 185/838 188/839 186/840
f 187/841 189/842 190/843
f 187/844 190/845 188/846
f 189/847 191/848 192/849
f 189/850 192/851 190/852
f 191/853 193/854 194/855
f 191/856 194/857 192/858
f 193/859 99/860 100/861
f 193/862 100/863 194/864
f 195/865 101/866 99/867
f 196/868 100/869 102/870
f 195/871 103/872 101/873
f 196/874 102/875 104/876
f 195/877 105/878 103/879
f 196/880 104/881 106/882
f 195/883 107/884 105/885
f 196/886 106/887 108/888
f 195/889 109/890 107/891
f 196/892 108/893 110/894
f 195/895 111/896 109/897
f 196/898 110/899 112/900
f 195/901 113/902 111/903
f 196/904 112/905 114/906
f 195/907 115/908 113/909
f 196/910 114/911 116/912
f 195/913 117/914 115/915
f 196/916 116/917 118/918
f 195/919 119/920 117/921
f 196/922 118/923 120/924
f 195/925 121/926 119/927
f 196/928 120/929 122/930
f 195/931 123/932 121/933
f 196/934 122/935 124/936
f 195/937 125/938 123/939
f 196/940 124/941 126/942
f 195/943 127/944 125/945
f 196/946 126/947 128/948
f 195/949 129/950 127/951
f 196/952 128/953 130/954
f 195/955 131/956 129/957
f 196/958 130/959 132/960
f 195/961 133/962 131/963
f 196/964 132/965 134/966
f 195/967 135/968 133/969
f 196/970 134/971 136/972
f 195/973 137/974 135/975
f 196/976 136/977 138/978
f 195/979 139/980 137/981
f 196/982 138/983 140/984
f 195/985 141/986 139/987
f 196/988 140/989 142/990
f 195/991 143/992 141/993
f 196/994 142/995 144/996
f 195/997 145/998 143/999
f 196/1000 144/1001 146/1002
f 195/1003 147/1004 145/1005
f 196/1006 146/1007 148/1008
f 195/1009 149/1010 147/1011
f 196/1012 148/1013 150/1014
f 195/1015 151/1016 149/1017
f 196/1018 150/1019 152/1020
f 195/1021 153/1022 151/1023
f 196/1024 152/1025 154/1026
f 195/1027 155/1028 153/1029
f 196/1030 154/1031 156/1032
f 195/1033 157/1034 155/1035
f 196/1036 156/1037 158/1038
f 195/1039 159/1040 157/1041
f 196/1042 158/1043 160/1044
f 195/1045 161/1046 159/1047
f 196/1048 160/1049 162/1050
f 195/1051 163/1052 161/1053
f 196/1054 162/1055 164/1056
f 195/1057 165/1058 163/1059
f 196/1060 164/1061 166/1062
f 195/1063 167/1064 165/1065
f 196/1066 166/1067 168/1068
f 195/1069 169/1070 167/1071
f 196/1072 168/1073 170/1074
f 195/1075 171/1076 169/1077
f 196/1078 170/1079 172/1080
f 195/1081 173/1082 171/1083
f 196/1084 172/1085 174/1086
f 195/1087 175/1088 173/1089
f 196/1090 174/1091 176/1092
f 195/1093 177/1094 175/1095
f 196/1096 176/1097 178/1098
f 195/1099 179/1100 177/1101
f 196/1102 178/1103 180/1104
f 195/1105 181/1106 179/1107
f 196/1108 180/1109 182/1110
f 195/1111 183/1112 181/1113
f 196/1114 182/1115 184/1116
f 195/1117 185/1118 183/1119
f 196/1120 184/1121 186/1122
f 195/1123 187/1124 185/1125
f 196/1126 186/1127 188/1128
f 195/1129 189/1130 187/1131
f 196/1132 188/1133 190/1134
f 195/1135 191/1136 189/1137
f 196/1138 190/1139 192/1140
f 195/1141 193/1142 191/1143
f 196/1144 192/1145 194/1146
f 195/1147 99/1148 193/1149
f 196/1150 194/1151 100/1152
f 197/1153 205/1154 206/1155
f 197/1156 206/1157 198/1158
f 198/1159 206/1160 207/1161
f 198/1162 207/1163 199/1164
f 199/1165 207/1166 208/1167
f 199/1168 208/1169 200/1170
f 200/1171 208/1172 209/1173
f 200/1174 209/1175 201/1176
f 201/1177 209/1178 210/1179
f 201/1180 210/1181 202/1182
f 202/1183 210/1184 211/1185
f 202/1186 211/1187 203/1188
f 203/1189 211/1190 212/1191
f 203/1192 212/1193 204/1194
f 204/1195 212/1196 205/1197
f 204/1198 205/1199 197/1200
f 205/1201 213/1202 214/1203
f 205/1204 214/1205 206/1206
f 206/1207 214/1208 215/1209
f 206/1210 215/1211 207/1212
f 207/1213 215/1214 216/1215
f 207/1216 216/1217 208/1218
f 208/1219 216/1220 217/1221
f 208/1222 217/1223 209/1224
f 209/1225 217/1226 218/1227
f 209/1228 218/1229 210/1230
f 210/1231 218/1232 219/1233
f 210/1234 219/1235 211/1236
f 211/1237 219/1238 220/1239
f 211/1240 220/1241 212/1242
f 212/1243 220/1244 213/1245
f 212/1246 213/1247 205/1248
f 213/1249 221/1250 222/1251
f 213/1252 222/1253 214/1254
f 214/1255 222/1256 223/1257
f 214/1258 223/1259 215/1260
f 215/1261 223/1262 224/1263
f 215/1264 224/1265 216/1266
f 216/1267 224/1268 225/1269
f 216/1270 225/1271 217/1272
f 217/1273 225/1274 226/1275
f 217/1276 226/1277 218/1278
f 218/1279 226/1280 227/1281
f 218/1282 227/1283 219/1284
f 219/1285 227/1286 228/1287
f 219/1288 228/1289 220/1290
f 220/1291 228/1292 221/1293
f 220/1294 221/1295 213/1296
f 221/1297 229/1298 230/1299
f 221/1300 230/1301 222/1302
f 222/1303 230/1304 231/1305
f 222/1306 231/1307 223/1308
f 223/1309 231/1310 232/1311
f 223/1312 232/1313 224/1314
f 224/1315 232/1316 233/1317
f 224/1318 233/1319 225/1320
f 225/1321 233/1322 234/1323
f 225/1324 234/1325 226/1326
f 226/1327 234/1328 235/1329
f 226/1330 235/1331 227/1332
f 227/1333 235/1334 236/1335
f 227/1336 236/1337 228/1338
f 228/1339 236/1340 229/1341
f 228/1342 229/1343 221/1344
f 229/1345 237/1346 238/1347
f 229/1348 238/1349 230/1350
f 230/1351 238/1352 239/1353
f 230/1354 239/1355 231/1356
f 231/1357 239/1358 240/1359
f 231/1360 240/1361 232/1362
f 232/1363 240/1364 241/1365
f 232/1366 241/1367 233/1368
f 233/1369 241/1370 242/1371
f 233/1372 242/1373 234/1374
f 234/1375 242/1376 243/1377
f 234/1378 243/1379 235/1380
f 235/1381 243/1382 244/1383
f 235/1384 244/1385 236/1386
f 236/1387 244/1388 237/1389
f 236/1390 237/1391 229/1392
f 237/1393 245/1394 246/1395
f 237/1396 246/1397 238/1398
f 238/1399 246/1400 247/1401
f 238/1402 247/1403 239/1404
f 239/1405 247/1406 248/1407
f 239/1408 248/1409 240/1410
f 240/1411 248/1412 249/1413
f 240/1414 249/1415 241/1416
f 241/1417 249/1418 250/1419
f 241/1420 250/1421 242/1422
f 242/1423 250/1424 251/1425
f 242/1426 251/1427 243/1428
f 243/1429 251/1430 252/1431
f 243/1432 252/1433 244/1434
f 244/1435 252/1436 245/1437
f 244/1438 245/1439 237/1440
f 245/1441 253/1442 254/1443
f 245/1444 254/1445 246/1446
f 246/1447 254/1448 255/1449
f 246/1450 255/1451 247/1452
f 247/1453 255/1454 256/1455
f 247/1456 256/1457 248/1458
f 248/1459 256/1460 257/1461
f 248/1462 257/1463 249/1464
f 249/1465 257/1466 258/1467
f 249/1468 258/1469 250/1470
f 250/1471 258/1472 259/1473
f 250/1474 259/1475 251/1476
f 251/1477 259/1478 260/1479
f 251/1480 260/1481 252/1482
f 252/1483 260/1484 253/1485
f 252/1486 253/1487 245/1488
f 253/1489 261/1490 262/1491
f 253/1492 262/1493 254/1494
f 254/1495 262/1496 263/1497
f 254/1498 263/1499 255/1500
f 255/1501 263/1502 264/1503
f 255/1504 264/1505 256/1506
f 256/1507 264/1508 265/1509
f 256/1510 265/1511 257/1512
f 257/1513 265/1514 266/1515
f 257/1516 266/1517 258/1518
f 258/1519 266/1520 267/1521
f 258/1522 267/1523 259/1524
f 259/1525 267/1526 268/1527
f 259/1528 268/1529 260/1530
f 260/1531 268/1532 261/1533
f 260/1534 261/1535 253/1536
f 261/1537 269/1538 270/1539
f 261/1540 270/1541 262/1542
f 262/1543 270/1544 271/1545
f 262/1546 271/1547 263/1548
f 263/1549 271/1550 272/1551
f 263/1552 272/1553 264/1554
f 264/1555 272/1556 273/1557
f 264/1558 273/1559 265/1560
f 265/1561 273/1562 274/1563
f 265/1564 274/1565 266/1566
f 266/1567 274/1568 275/1569
f 266/1570 275/1571 267/1572
f 267/1573 275/1574 276/1575
f 267/1576 276/1577 268/1578
f 268/1579 276/1580 269/1581
f 268/1582 269/1583 261/1584
f 269/1585 277/1586 278/1587
f 269/1588 278/1589 270/1590
f 270/1591 278/1592 279/1593
f 270/1594 279/1595 271/1596
f 271/1597 279/1598 280/1599
f 271/1600 280/1601 272/1602
f 272/1603 280/1604 281/1605
f 272/1606 281/1607 273/1608
f 273/1609 281/1610 282/1611
f 273/1612 282/1613 274/1614
f 274/1615 282/1616 283/1617
f 274/1618 283/1619 275/1620
f 275/1621 283/1622 284/1623
f 275/1624 284/1625 276/1626
f 276/1627 284/1628 277/1629
f 276/1630 277/1631 269/1632
f 277/1633 285/1634 286/1635
f 277/1636 286/1637 278/1638
f 278/1639 286/1640 287/1641
f 278/1642 287/1643 279/1644
f 279/1645 287/1646 288/1647
f 279/1648 288/1649 280/1650
f 280/1651 288/1652 289/1653
f 280/1654 289/1655 281/1656
f 281/1657 289/1658 290/1659
f 281/1660 290/1661 282/1662
f 282/1663 290/1664 291/1665
f 282/1666 291/1667 283/1668
f 283/1669 291/1670 292/1671
f 283/1672 292/1673 284/1674
f 284/1675 292/1676 285/1677
f 284/1678 285/1679 277/1680
f 285/1681 293/1682 294/1683
f 285/1684 294/1685 286/1686
f 286/1687 294/1688 295/1689
f 286/1690 295/1691 287/1692
f 287/1693 295/1694 296/1695
f 287/1696 296/1697 288/1698
f 288/1699 296/1700 297/1701
f 288/1702 297/1703 289/1704
f 289/1705 297/1706 298/1707
f 289/1708 298/1709 290/1710
f 290/1711 298/1712 299/1713
f 290/1714 299/1715 291/1716
f 291/1717 299/1718 300/1719
f 291/1720 300/1721 292/1722
f 292/1723 300/1724 293/1725
f 292/1726 293/1727 285/1728
f 293/1729 301/1730 302/1731
f 293/1732 302/1733 294/1734
f 294/1735 302/1736 303/1737
f 294/1738 303/1739 295/1740
f 295/1741 303/1742 304/1743
f 295/1744 304/1745 296/1746
f 296/1747 304/1748 305/1749
f 296/1750 305/1751 297/1752
f 297/1753 305/1754 306/1755
f 297/1756 306/1757 298/1758
f 298/1759 306/1760 307/1761
f 298/1762 307/1763 299/1764
f 299/1765 307/1766 308/1767
f 299/1768 308/1769 300/1770
f 300/1771 308/1772 301/1773
f 300/1774 301/1775 293/1776
f 301/1777 309/1778 310/1779
f 301/1780 310/1781 302/1782
f 302/1783 310/1784 311/1785
f 302/1786 311/1787 303/1788
f 303/1789 311/1790 312/1791
f 303/1792 312/1793 304/1794
f 304/1795 312/1796 313/1797
f 304/1798 313/1799 305/1800
f 305/1801 313/1802 314/1803
f 305/1804 314/1805 306/1806
f 306/1807 314/1808 315/1809
f 306/1810 315/1811 307/1812
f 307/1813 315/1814 316/1815
f 307/1816 316/1817 308/1818
f 308/1819 316/1820 309/1821
f 308/1822 309/1823 301/1824
f 309/1825 317/1826 318/1827
f 309/1828 318/1829 310/1830
f 310/1831 318/1832 319/1833
f 310/1834 319/1835 311/1836
f 311/1837 319/1838 320/1839
f 311/1840 320/1841 312/1842
f 312/1843 320/1844 321/1845
f 312/1846 321/1847 313/1848
f 313/1849 321/1850 322/1851
f 313/1852 322/1853 314/1854
f 314/1855 322/1856 323/1857
f 314/1858 323/1859 315/1860
f 315/1861 323/1862 324/1863
f 315/1864 324/1865 316/1866
f 316/1867 324/1868 317/1869
f 316/1870 317/1871 309/1872
f 317/1873 325/1874 326/1875
f 317/1876 326/1877 318/1878
f 318/1879 326/1880 327/1881
f 318/1882 327/1883 319/1884
f 319/1885 327/1886 328/1887
f 319/1888 328/1889 320/1890
f 320/1891 328/1892 329/1893
f 320/1894 329/1895 321/1896
f 321/1897 329/1898 330/1899
f 321/1900 330/1901 322/1902
f 322/1903 330/1904 331/1905
f 322/1906 331/1907 323/1908
f 323/1909 331/1910 332/1911
f 323/1912 332/1913 324/1914
f 324/1915 332/1916 325/1917
f 324/1918 325/1919 317/1920
f 325/1921 333/1922 334/1923
f 325/1924 334/1925 326/1926
f 326/1927 334/1928 335/1929
f 326/1930 335/1931 327/1932
f 327/1933 335/1934 336/1935
f 327/1936 336/1937 328/1938
f 328/1939 336/1940 337/1941
f 328/1942 337/1943 329/1944
f 329/1945 337/1946 338/1947
f 329/1948 338/1949 330/1950
f 330/1951 338/1952 339/1953
f 330/1954 339/1955 331/1956
f 331/1957 339/1958 340/1959
f 331/1960 340/1961 332/1962
f 332/1963 340/1964 333/1965
f 332/1966 333/1967 325/1968
f 333/1969 341/1970 342/1971
f 333/1972 342/1973 334/1974
f 334/1975 342/1976 343/1977
f 334/1978 343/1979 335/1980
f 335/1981 343/1982 344/1983
f 335/1984 344/1985 336/1986
f 336/1987 344/1988 345/1989
f 336/1990 345/1991 337/1992
f 337/1993 345/1994 346/1995
f 337/1996 346/1997 338/1998
f 338/1999 346/2000 347/2001
f 338/2002 347/2003 339/2004
f 339/2005 347/2006 348/2007
f 339/2008 348/2009 340/2010
f 340/2011 348/2012 341/2013
f 340/2014 341/2015 333/2016
f 341/2017 349/2018 350/2019
f 341/2020 350/2021 342/2022
f 342/2023 350/2024 351/2025
f 342/2026 351/2027 343/2028
f 343/2029 351/2030 352/2031
f 343/2032 352/2033 344/2034
f 344/2035 352/2036 353/2037
f 344/2038 353/2039 345/2040
f 345/2041 353/2042 354/2043
f 345/2044 354/2045 346/2046
f 346/2047 354/2048 355/2049
f 346/2050 355/2051 347/2052
f 347/2053 355/2054 356/2055
f 347/2056 356/2057 348/2058
f 348/2059 356/2060 349/2061
f 348/2062 349/2063 341/2064
f 349/2065 357/2066 358/2067
f 349/2068 358/2069 350/2070
f 350/2071 358/2072 359/2073
f 350/2074 359/2075 351/2076
f 351/2077 359/2078 360/2079
f 351/2080 360/2081 352/2082
f 352/2083 360/2084 361/2085
f 352/2086 361/2087 353/2088
f 353/2089 361/2090 362/2091
f 353/2092 362/2093 354/2094
f 354/2095 362/2096 363/2097
f 354/2098 363/2099 355/2100
f 355/2101 363/2102 364/2103
f 355/2104 364/2105 356/2106
f 356/2107 364/2108 357/2109
f 356/2110 357/2111 349/2112
f 357/2113 365/2114 366/2115
f 357/2116 366/2117 358/2118
f 358/2119 366/2120 367/2121
f 358/2122 367/2123 359/2124
f 359/2125 367/2126 368/2127
f 359/2128 368/2129 360/2130
f 360/2131 368/2132 369/2133
f 360/2134 369/2135 361/2136
f 361/2137 369/2138 370/2139
f 361/2140 370/2141 362/2142
f 362/2143 370/2144 371/2145
f 362/2146 371/2147 363/2148
f 363/2149 371/2150 372/2151
f 363/2152 372/2153 364/2154
f 364/2155 372/2156 365/2157
f 364/2158 365/2159 357/2160
f 365/2161 373/2162 374/2163
f 365/2164 374/2165 366/2166
f 366/2167 374/2168 375/2169
f 366/2170 375/2171 367/2172
f 367/2173 375/2174 376/2175
f 367/2176 376/2177 368/2178
f 368/2179 376/2180 377/2181
f 368/2182 377/2183 369/2184
f 369/2185 377/2186 378/2187
f 369/2188 378/2189 370/2190
f 370/2191 378/2192 379/2193
f 370/2194 379/2195 371/2196
f 371/2197 379/2198 380/2199
f 371/2200 380/2201 372/2202
f 372/2203 380/2204 373/2205
f 372/2206 373/2207 365/2208
f 373/2209 381/2210 382/2211
f 373/2212 382/2213 374/2214
f 374/2215 382/2216 383/2217
f 374/2218 383/2219 375/2220
f 375/2221 383/2222 384/2223
f 375/2224 384/2225 376/2226
f 376/2227 384/2228 385/2229
f 376/2230 385/2231 377/2232
f 377/2233 385/2234 386/2235
f 377/2236 386/2237 378/2238
f 378/2239 386/2240 387/2241
f 378/2242 387/2243 379/2244
f 379/2245 387/2246 388/2247
f 379/2248 388/2249 380/2250
f 380/2251 388/2252 381/2253
f 380/2254 381/2255 373/2256
f 381/2257 389/2258 390/2259
f 381/2260 390/2261 382/2262
f 382/2263 390/2264 391/2265
f 382/2266 391/2267 383/2268
f 383/2269 391/2270 392/2271
f 383/2272 392/2273 384/2274
f 384/2275 392/2276 393/2277
f 384/2278 393/2279 385/2280
f 385/2281 393/2282 394/2283
f 385/2284 394/2285 386/2286
f 386/2287 394/2288 395/2289
f 386/2290 395/2291 387/2292
f 387/2293 395/2294 396/2295
f 387/2296 396/2297 388/2298
f 388/2299 396/2300 389/2301
f 388/2302 389/2303 381/2304
f 389/2305 397/2306 398/2307
f 389/2308 398/2309 390/2310
f 390/2311 398/2312 399/2313
f 390/2314 399/2315 391/2316
f 391/2317 399/2318 400/2319
f 391/2320 400/2321 392/2322
f 392/2323 400/2324 401/2325
f 392/2326 401/2327 393/2328
f 393/2329 401/2330 402/2331
f 393/2332 402/2333 394/2334
f 394/2335 402/2336 403/2337
f 394/2338 403/2339 395/2340
f 395/2341 403/2342 404/2343
f 395/2344 404/2345 396/2346
f 396/2347 404/2348 397/2349
f 396/2350 397/2351 389/2352
f 397/2353 405/2354 406/2355
f 397/2356 406/2357 398/2358
f 398/2359 406/2360 407/2361
f 398/2362 407/2363 399/2364
f 399/2365 407/2366 408/2367
f 399/2368 408/2369 400/2370
f 400/2371 408/2372 409/2373
f 400/2374 409/2375 401/2376
f 401/2377 409/2378 410/2379
f 401/2380 410/2381 402/2382
f 402/2383 410/2384 411/2385
f 402/2386 411/2387 403/2388
f 403/2389 411/2390 412/2391
f 403/2392 412/2393 404/2394
f 404/2395 412/2396 405/2397
f 404/2398 405/2399 397/2400
f 405/2401 413/2402 414/2403
f 405/2404 414/2405 406/2406
f 406/2407 414/2408 415/2409
f 406/2410 415/2411 407/2412
f 407/2413 415/2414 416/2415
f 407/2416 416/2417 408/2418
f 408/2419 416/2420 417/2421
f 408/2422 417/2423 409/2424
f 409/2425 417/2426 418/2427
f 409/2428 418/2429 410/2430
f 410/2431 418/2432 419/2433
f 410/2434 419/2435 411/2436
f 411/2437 419/2438 420/2439
f 411/2440 420/2441 412/2442
f 412/2443 420/2444 413/2445
f 412/2446 413/2447 405/2448
f 413/2449 421/2450 422/2451
f 413/2452 422/2453 414/2454
f 414/2455 422/2456 423/2457
f 414/2458 423/2459 415/2460
f 415/2461 423/2462 424/2463
f 415/2464 424/2465 416/2466
f 416/2467 424/2468 425/2469
f 416/2470 425/2471 417/2472
f 417/2473 425/2474 426/2475
f 417/2476 426/2477 418/2478
f 418/2479 426/2480 427/2481
f 418/2482 427/2483 419/2484
f 419/2485 427/2486 428/2487
f 419/2488 428/2489 420/2490
f 420/2491 428/2492 421/2493
f 420/2494 421/2495 413/2496
f 421/2497 429/2498 430/2499
f 421/2500 430/2501 422/2502
f 422/2503 430/2504 431/2505
f 422/2506 431/2507 423/2508
f 423/2509 431/2510 432/2511
f 423/2512 432/2513 424/2514
f 424/2515 432/2516 433/2517
f 424/2518 433/2519 425/2520
f 425/2521 433/2522 434/2523
f 425/2524 434/2525 426/2526
f 426/2527 434/2528 435/2529
f 426/2530 435/2531 427/2532
f 427/2533 435/2534 436/2535
f 427/2536 436/2537 428/2538
f 428/2539 436/2540 429/2541
f 428/2542 429/2543 421/2544
f 429/2545 437/2546 438/2547
f 429/2548 438/2549 430/2550
f 430/2551 438/2552 439/2553
f 430/2554 439/2555 431/2556
f 431/2557 439/2558 440/2559
f 431/2560 440/2561 432/2562
f 432/2563 440/2564 441/2565
f 432/2566 441/2567 433/2568
f 433/2569 441/2570 442/2571
f 433/2572 442/2573 434/2574
f 434/2575 442/2576 443/2577
f 434/2578 443/2579 435/2580
f 435/2581 443/2582 444/2583
f 435/2584 444/2585 436/2586
f 436/2587 444/2588 437/2589
f 436/2590 437/2591 429/2592
f 437/2593 445/2594 446/2595
f 437/2596 446/2597 438/2598
f 438/2599 446/2600 447/2601
f 438/2602 447/2603 439/2604
f 439/2605 447/2606 448/2607
f 439/2608 448/2609 440/2610
f 440/2611 448/2612 449/2613
f 440/2614 449/2615 441/2616
f 441/2617 449/2618 450/2619
f 441/2620 450/2621 442/2622
f 442/2623 450/2624 451/2625
f 442/2626 451/2627 443/2628
f 443/2629 451/2630 452/2631
f 443/2632 452/2633 444/2634
f 444/2635 452/2636 445/2637
f 444/2638 445/2639 437/2640
f 445/2641 453/2642 454/2643
f 445/2644 454/2645 446/2646
f 446/2647 454/2648 455/2649
f 446/2650 455/2651 447/2652
f 447/2653 455/2654 456/2655
f 447/2656 456/2657 448/2658
f 448/2659 456/2660 457/2661
f 448/2662 457/2663 449/2664
f 449/2665 457/2666 458/2667
f 449/2668 458/2669 450/2670
f 450/2671 458/2672 459/2673
f 450/2674 459/2675 451/2676
f 451/2677 459/2678 460/2679
f 451/2680 460/2681 452/2682
f 452/2683 460/2684 453/2685
f 452/2686 453/2687 445/2688
f 453/2689 461/2690 462/2691
f 453/2692 462/2693 454/2694
f 454/2695 462/2696 463/2697
f 454/2698 463/2699 455/2700
f 455/2701 463/2702 464/2703
f 455/2704 464/2705 456/2706
f 456/2707 464/2708 465/2709
f 456/2710 465/2711 457/2712
f 457/2713 465/2714 466/2715
f 457/2716 466/2717 458/2718
f 458/2719 466/2720 467/2721
f 458/2722 467/2723 459/2724
f 459/2725 467/2726 468/2727
f 459/2728 468/2729 460/2730
f 460/2731 468/2732 461/2733
f 460/2734 461/2735 453/2736
f 461/2737 469/2738 470/2739
f 461/2740 470/2741 462/2742
f 462/2743 470/2744 471/2745
f 462/2746 471/2747 463/2748
f 463/2749 471/2750 472/2751
f 463/2752 472/2753 464/2754
f 464/2755 472/2756 473/2757
f 464/2758 473/2759 465/2760
f 465/2761 473/2762 474/2763
f 465/2764 474/2765 466/2766
f 466/2767 474/2768 475/2769
f 466/2770 475/2771 467/2772
f 467/2773 475/2774 476/2775
f 467/2776 476/2777 468/2778
f 468/2779 476/2780 469/2781
f 468/2782 469/2783 461/2784
f 469/2785 477/2786 478/2787
f 469/2788 478/2789 470/2790
f 470/2791 478/2792 479/2793
f 470/2794 479/2795 471/2796
f 471/2797 479/2798 480/2799
f 471/2800 480/2801 472/2802
f 472/2803 480/2804 481/2805
f 472/2806 481/2807 473/2808
f 473/2809 481/2810 482/2811
f 473/2812 482/2813 474/2814
f 474/2815 482/2816 483/2817
f 474/2818 483/2819 475/2820
f 475/2821 483/2822 484/2823
f 475/2824 484/2825 476/2826
f 476/2827 484/2828 477/2829
f 476/2830 477/2831 469/2832
f 477/2833 485/2834 486/2835
f 477/2836 486/2837 478/2838
f 478/2839 486/2840 487/2841
f 478/2842 487/2843 479/2844
f 479/2845 487/2846 488/2847
f 479/2848 488/2849 480/2850
f 480/2851 488/2852 489/2853
f 480/2854 489/2855 481/2856
f 481/2857 489/2858 490/2859
f 481/2860 490/2861 482/2862
f 482/2863 490/2864 491/2865
f 482/2866 491/2867 483/2868
f 483/2869 491/2870 492/2871
f 483/2872 492/2873 484/2874
f 484/2875 492/2876 485/2877
f 484/2878 485/2879 477/2880
f 485/2881 493/2882 494/2883
f 485/2884 494/2885 486/2886
f 486/2887 494/2888 495/2889
f 486/2890 495/2891 487/2892
f 487/2893 495/2894 496/2895
f 487/2896 496/2897 488/2898
f 488/2899 496/2900 497/2901
f 488/2902 497/2903 489/2904
f 489/2905 497/2906 498/2907
f 489/2908 498/2909 490/2910
f 490/2911 498/2912 499/2913
f 490/2914 499/2915 491/2916
f 491/2917 499/2918 500/2919
f 491/2920 500/2921 492/2922
f 492/2923 500/2924 493/2925
f 492/2926 493/2927 485/2928
f 493/2929 501/2930 502/2931
f 493/2932 502/2933 494/2934
f 494/2935 502/2936 503/2937
f 494/2938 503/2939 495/2940
f 495/2941 503/2942 504/2943
f 495/2944 504/2945 496/2946
f 496/2947 504/2948 505/2949
f 496/2950 505/2951 497/2952
f 497/2953 505/2954 506/2955
f 497/2956 506/2957 498/2958
f 498/2959 506/2960 507/2961
f 498/2962 507/2963 499/2964
f 499/2965 507/2966 508/2967
f 499/2968 508/2969 500/2970
f 500/2971 508/2972 501/2973
f 500/2974 501/2975 493/2976
f 501/2977 509/2978 510/2979
f 501/2980 510/2981 502/2982
f 502/2983 510/2984 511/2985
f 502/2986 511/2987 503/2988
f 503/2989 511/2990 512/2991
f 503/2992 512/2993 504/2994
f 504/2995 512/2996 513/2997
f 504/2998 513/2999 505/3000
f 505/3001 513/3002 514/3003
f 505/3004 514/3005 506/3006
f 506/3007 514/3008 515/3009
f 506/3010 515/3011 507/3012
f 507/3013 515/3014 516/3015
f 507/3016 516/3017 508/3018
f 508/3019 516/3020 509/3021
f 508/3022 509/3023 501/3024
f 509/3025 517/3026 518/3027
f 509/3028 518/3029 510/3030
f 510/3031 518/3032 519/3033
f 510/3034 519/3035 511/3036
f 511/3037 519/3038 520/3039
f 511/3040 520/3041 512/3042
f 512/3043 520/3044 521/3045
f 512/3046 521/3047 513/3048
f 513/3049 521/3050 522/3051
f 513/3052 522/3053 514/3054
f 514/3055 522/3056 523/3057
f 514/3058 523/3059 515/3060
f 515/3061 523/3062 524/3063
f 515/3064 524/3065 516/3066
f 516/3067 524/3068 517/3069
f 516/3070 517/3071 509/3072
f 517/3073 525/3074 526/3075
f 517/3076 526/3077 518/3078
f 518/3079 526/3080 527/3081
f 518/3082 527/3083 519/3084
f 519/3085 527/3086 528/3087
f 519/3088 528/3089 520/3090
f 520/3091 528/3092 529/3093
f 520/3094 529/3095 521/3096
f 521/3097 529/3098 530/3099
f 521/3100 530/3101 522/3102
f 522/3103 530/3104 531/3105
f 522/3106 531/3107 523/3108
f 523/3109 531/3110 532/3111
f 523/3112 532/3113 524/3114
f 524/3115 532/3116 525/3117
f 524/3118 525/3119 517/3120
f 525/3121 533/3122 534/3123
f 525/3124 534/3125 526/3126
f 526/3127 534/3128 535/3129
f 526/3130 535/3131 527/3132
f 527/3133 535/3134 536/3135
f 527/3136 536/3137 528/3138
f 528/3139 536/3140 537/3141
f 528/3142 537/3143 529/3144
f 529/3145 537/3146 538/3147
f 529/3148 538/3149 530/3150
f 530/3151 538/3152 539/3153
f 530/3154 539/3155 531/3156
f 531/3157 539/3158 540/3159
f 531/3160 540/3161 532/3162
f 532/3163 540/3164 533/3165
f 532/3166 533/3167 525/3168
f 533/3169 541/3170 542/3171
f 533/3172 542/3173 534/3174
f 534/3175 542/3176 543/3177
f 534/3178 543/3179 535/3180
f 535/3181 543/3182 544/3183
f 535/3184 544/3185 536/3186
f 536/3187 544/3188 545/3189
f 536/3190 545/3191 537/3192
f 537/3193 545/3194 546/3195
f 537/3196 546/3197 538/3198
f 538/3199 546/3200 547/3201
f 538/3202 547/3203 539/3204
f 539/3205 547/3206 548/3207
f 539/3208 548/3209 540/3210
f 540/3211 548/3212 541/3213
f 540/3214 541/3215 533/3216
f 541/3217 549/3218 550/3219
f 541/3220 550/3221 542/3222
f 542/3223 550/3224 551/3225
f 542/3226 551/3227 543/3228
f 543/3229 551/3230 552/3231
f 543/3232 552/3233 544/3234
f 544/3235 552/3236 553/3237
f 544/3238 553/3239 545/3240
f 545/3241 553/3242 554/3243
f 545/3244 554/3245 546/3246
f 546/3247 554/3248 555/3249
f 546/3250 555/3251 547/3252
f 547/3253 555/3254 556/3255
f 547/3256 556/3257 548/3258
f 548/3259 556/3260 549/3261
f 548/3262 549/3263 541/3264
f 549/3265 557/3266 558/3267
f 549/3268 558/3269 550/3270
f 550/3271 558/3272 559/3273
f 550/3274 559/3275 551/3276
f 551/3277 559/3278 560/3279
f 551/3280 560/3281 552/3282
f 552/3283 560/3284 561/3285
f 552/3286 561/3287 553/3288
f 553/3289 561/3290 562/3291
f 553/3292 562/3293 554/3294
f 554/3295 562/3296 563/3297
f 554/3298 563/3299 555/3300
f 555/3301 563/3302 564/3303
f 555/3304 564/3305 556/3306
f 556/3307 564/3308 557/3309
f 556/3310 557/3311 549/3312
f 557/3313 565/3314 566/3315
f 557/3316 566/3317 558/3318
f 558/3319 566/3320 567/3321
f 558/3322 567/3323 559/3324
f 559/3325 567/3326 568/3327
f 559/3328 568/3329 560/3330
f 560/3331 568/3332 569/3333
f 560/3334 569/3335 561/3336
f 561/3337 569/3338 570/3339
f 561/3340 570/3341 562/3342
f 562/3343 570/3344 571/3345
f 562/3346 571/3347 563/3348
f 563/3349 571/3350 572/3351
f 563/3352 572/3353 564/3354
f 564/3355 572/3356 565/3357
f 564/3358 565/3359 557/3360
f 565/3361 573/3362 574/3363
f 565/3364 574/3365 566/3366
f 566/3367 574/3368 575/3369
f 566/3370 575/3371 567/3372
f 567/3373 575/3374 576/3375
f 567/3376 576/3377 568/3378
f 568/3379 576/3380 577/3381
f 568/3382 577/3383 569/3384
f 569/3385 577/3386 578/3387
f 569/3388 578/3389 570/3390
f 570/3391 578/3392 579/3393
f 570/3394 579/3395 571/3396
f 571/3397 579/3398 580/3399
f 571/3400 580/3401 572/3402
f 572/3403 580/3404 573/3405
f 572/3406 573/3407 565/3408
f 573/3409 197/3410 198/3411
f 573/3412 198/3413 574/3414
f 574/3415 198/3416 199/3417
f 574/3418 199/3419 575/3420
f 575/3421 199/3422 200/3423
f 575/3424 200/3425 576/3426
f 576/3427 200/3428 201/3429
f 576/3430 201/3431 577/3432
f 577/3433 201/3434 202/3435
f 577/3436 202/3437 578/3438
f 578/3439 202/3440 203/3441
f 578/3442 203/3443 579/3444
f 579/3445 203/3446 204/3447
f 579/3448 204/3449 580/3450
f 580/3451 204/3452 197/3453
f 580/3454 197/3455 573/3456
f 581/3457 589/3458 590/3459
f 581/3460 590/3461 582/3462
f 582/3463 590/3464 591/3465
f 582/3466 591/3467 583/3468
f 583/3469 591/3470 592/3471
f 583/3472 592/3473 584/3474
f 584/3475 592/3476 593/3477
f 584/3478 593/3479 585/3480
f 585/3481 593/3482 594/3483
f 585/3484 594/3485 586/3486
f 586/3487 594/3488 595/3489
f 586/3490 595/3491 587/3492
f 587/3493 595/3494 596/3495
f 587/3496 596/3497 588/3498
f 588/3499 596/3500 589/3501
f 588/3502 589/3503 581/3504
f 589/3505 597/3506 598/3507
f 589/3508 598/3509 590/3510
f 590/3511 598/3512 599/3513
f 590/3514 599/3515 591/3516
f 591/3517 599/3518 600/3519
f 591/3520 600/3521 592/3522
f 592/3523 600/3524 601/3525
f 592/3526 601/3527 593/3528
f 593/3529 601/3530 602/3531
f 593/3532 602/3533 594/3534
f 594/3535 602/3536 603/3537
f 594/3538 603/3539 595/3540
f 595/3541 603/3542 604/3543
f 595/3544 604/3545 596/3546
f 596/3547 604/3548 597/3549
f 596/3550 597/3551 589/3552
f 597/3553 605/3554 606/3555
f 597/3556 606/3557 598/3558
f 598/3559 606/3560 607/3561
f 598/3562 607/3563 599/3564
f 599/3565 607/3566 608/3567
f 599/3568 608/3569 600/3570
f 600/3571 608/3572 609/3573
f 600/3574 609/3575 601/3576
f 601/3577 609/3578 610/3579
f 601/3580 610/3581 602/3582
f 602/3583 610/3584 611/3585
f 602/3586 611/3587 603/3588
f 603/3589 611/3590 612/3591
f 603/3592 612/3593 604/3594
f 604/3595 612/3596 605/3597
f 604/3598 605/3599 597/3600
f 605/3601 613/3602 614/3603
f 605/3604 614/3605 606/3606
f 606/3607 614/3608 615/3609
f 606/3610 615/3611 607/3612
f 607/3613 615/3614 616/3615
f 607/3616 616/3617 608/3618
f 608/3619 616/3620 617/3621
f 608/3622 617/3623 609/3624
f 609/3625 617/3626 618/3627
f 609/3628 618/3629 610/3630
f 610/3631 618/3632 619/3633
f 610/3634 619/3635 611/3636
f 611/3637 619/3638 620/3639
f 611/3640 620/3641 612/3642
f 612/3643 620/3644 613/3645
f 612/3646 613/3647 605/3648
f 613/3649 621/3650 622/3651
f 613/3652 622/3653 614/3654
f 614/3655 622/3656 623/3657
f 614/3658 623/3659 615/3660
f 615/3661 623/3662 624/3663
f 615/3664 624/3665 616/3666
f 616/3667 624/3668 625/3669
f 616/3670 625/3671 617/3672
f 617/3673 625/3674 626/3675
f 617/3676 626/3677 618/3678
f 618/3679 626/3680 627/3681
f 618/3682 627/3683 619/3684
f 619/3685 627/3686 628/3687
f 619/3688 628/3689 620/3690
f 620/3691 628/3692 621/3693
f 620/3694 621/3695 613/3696
f 621/3697 629/3698 630/3699
f 621/3700 630/3701 622/3702
f 622/3703 630/3704 631/3705
f 622/3706 631/3707 623/3708
f 623/3709 631/3710 632/3711
f 623/3712 632/3713 624/3714
f 624/3715 632/3716 633/3717
f 624/3718 633/3719 625/3720
f 625/3721 633/3722 634/3723
f 625/3724 634/3725 626/3726
f 626/3727 634/3728 635/3729
f 626/3730 635/3731 627/3732
f 627/3733 635/3734 636/3735
f 627/3736 636/3737 628/3738
f 628/3739 636/3740 629/3741
f 628/3742 629/3743 621/3744
f 629/3745 637/3746 638/3747
f 629/3748 638/3749 630/3750
f 630/3751 638/3752 639/3753
f 630/3754 639/3755 631/3756
f 631/3757 639/3758 640/3759
f 631/3760 640/3761 632/3762
f 632/3763 640/3764 641/3765
f 632/3766 641/3767 633/3768
f 633/3769 641/3770 642/3771
f 633/3772 642/3773 634/3774
f 634/3775 642/3776 643/3777
f 634/3778 643/3779 635/3780
f 635/3781 643/3782 644/3783
f 635/3784 644/3785 636/3786
f 636/3787 644/3788 637/3789
f 636/3790 637/3791 629/3792
f 637/3793 645/3794 646/3795
f 637/3796 646/3797 638/3798
f 638/3799 646/3800 647/3801
f 638/3802 647/3803 639/3804
f 639/3805 647/3806 648/3807
f 639/3808 648/3809 640/3810
f 640/3811 648/3812 649/3813
f 640/3814 649/3815 641/3816
f 641/3817 649/3818 650/3819
f 641/3820 650/3821 642/3822
f 642/3823 650/3824 651/3825
f 642/3826 651/3827 643/3828
f 643/3829 651/3830 652/3831
f 643/3832 652/3833 644/3834
f 644/3835 652/3836 645/3837
f 644/3838 645/3839 637/3840
f 645/3841 653/3842 654/3843
f 645/3844 654/3845 646/3846
f 646/3847 654/3848 655/3849
f 646/3850 655/3851 647/3852
f 647/3853 655/3854 656/3855
f 647/3856 656/3857 648/3858
f 648/3859 656/3860 657/3861
f 648/3862 657/3863 649/3864
f 649/3865 657/3866 658/3867
f 649/3868 658/3869 650/3870
f 650/3871 658/3872 659/3873
f 650/3874 659/3875 651/3876
f 651/3877 659/3878 660/3879
f 651/3880 660/3881 652/3882
f 652/3883 660/3884 653/3885
f 652/3886 653/3887 645/3888
f 653/3889 661/3890 662/3891
f 653/3892 662/3893 654/3894
f 654/3895 662/3896 663/3897
f 654/3898 663/3899 655/3900
f 655/3901 663/3902 664/3903
f 655/3904 664/3905 656/3906
f 656/3907 664/3908 665/3909
f 656/3910 665/3911 657/3912
f 657/3913 665/3914 666/3915
f 657/3916 666/3917 658/3918
f 658/3919 666/3920 667/3921
f 658/3922 667/3923 659/3924
f 659/3925 667/3926 668/3927
f 659/3928 668/3929 660/3930
f 660/3931 668/3932 661/3933
f 660/3934 661/3935 653/3936
f 661/3937 669/3938 670/3939
f 661/3940 670/3941 662/3942
f 662/3943 670/3944 671/3945
f 662/3946 671/3947 663/3948
f 663/3949 671/3950 672/3951
f 663/3952 672/3953 664/3954
f 664/3955 672/3956 673/3957
f 664/3958 673/3959 665/3960
f 665/3961 673/3962 674/3963
f 665/3964 674/3965 666/3966
f 666/3967 674/3968 675/3969
f 666/3970 675/3971 667/3972
f 667/3973 675/3974 676/3975
f 667/3976 676/3977 668/3978
f 668/3979 676/3980 669/3981
f 668/3982 669/3983 661/3984
f 669/3985 677/3986 678/3987
f 669/3988 678/3989 670/3990
f 670/3991 678/3992 679/3993
f 670/3994 679/3995 671/3996
f 671/3997 679/3998 680/3999
f 671/4000 680/4001 672/4002
f 672/4003 680/4004 681/4005
f 672/4006 681/4007 673/4008
f 673/4009 681/4010 682/4011
f 673/4012 682/4013 674/4014
f 674/4015 682/4016 683/4017
f 674/4018 683/4019 675/4020
f 675/4021 683/4022 684/4023
f 675/4024 684/4025 676/4026
f 676/4027 684/4028 677/4029
f 676/4030 677/4031 669/4032
f 677/4033 685/4034 686/4035
f 677/4036 686/4037 678/4038
f 678/4039 686/4040 687/4041
f 678/4042 687/4043 679/4044
f 679/4045 687/4046 688/4047
f 679/4048 688/4049 680/4050
f 680/4051 688/4052 689/4053
f 680/4054 689/4055 681/4056
f 681/4057 689/4058 690/4059
f 681/4060 690/4061 682/4062
f 682/4063 690/4064 691/4065
f 682/4066 691/4067 683/4068
f 683/4069 691/4070 692/4071
f 683/4072 692/4073 684/4074
f 684/4075 692/4076 685/4077
f 684/4078 685/4079 677/4080
f 685/4081 693/4082 694/4083
f 685/4084 694/4085 686/4086
f 686/4087 694/4088 695/4089
f 686/4090 695/4091 687/4092
f 687/4093 695/4094 696/4095
f 687/4096 696/4097 688/4098
f 688/4099 696/4100 697/4101
f 688/4102 697/4103 689/4104
f 689/4105 697/4106 698/4107
f 689/4108 698/4109 690/4110
f 690/4111 698/4112 699/4113
f 690/4114 699/4115 691/4116
f 691/4117 699/4118 700/4119
f 691/4120 700/4121 692/4122
f 692/4123 700/4124 693/4125
f 692/4126 693/4127 685/4128
f 693/4129 701/4130 702/4131
f 693/4132 702/4133 694/4134
f 694/4135 702/4136 703/4137
f 694/4138 703/4139 695/4140
f 695/4141 703/4142 704/4143
f 695/4144 704/4145 696/4146
f 696/4147 704/4148 705/4149
f 696/4150 705/4151 697/4152
f 697/4153 705/4154 706/4155
f 697/4156 706/4157 698/4158
f 698/4159 706/4160 707/4161
f 698/4162 707/4163 699/4164
f 699/4165 707/4166 708/4167
f 699/4168 708/4169 700/4170
f 700/4171 708/4172 701/4173
f 700/4174 701/4175 693/4176
f 701/4177 709/4178 710/4179
f 701/4180 710/4181 702/4182
f 702/4183 710/4184 711/4185
f 702/4186 711/4187 703/4188
f 703/4189 711/4190 712/4191
f 703/4192 712/4193 704/4194
f 704/4195 712/4196 713/4197
f 704/4198 713/4199 705/4200
f 705/4201 713/4202 714/4203
f 705/4204 714/4205 706/4206
f 706/4207 714/4208 715/4209
f 706/4210 715/4211 707/4212
f 707/4213 715/4214 716/4215
f 707/4216 716/4217 708/4218
f 708/4219 716/4220 709/4221
f 708/4222 709/4223 701/4224
f 709/4225 717/4226 718/4227
f 709/4228 718/4229 710/4230
f 710/4231 718/4232 719/4233
f 710/4234 719/4235 711/4236
f 711/4237 719/4238 720/4239
f 711/4240 720/4241 712/4242
f 712/4243 720/4244 721/4245
f 712/4246 721/4247 713/4248
f 713/4249 721/4250 722/4251
f 713/4252 722/4253 714/4254
f 714/4255 722/4256 723/4257
f 714/4258 723/4259 715/4260
f 715/4261 723/4262 724/4263
f 715/4264 724/4265 716/4266
f 716/4267 724/4268 717/4269
f 716/4270 717/4271 709/4272
f 717/4273 725/4274 726/4275
f 717/4276 726/4277 718/4278
f 718/4279 726/4280 727/4281
f 718/4282 727/4283 719/4284
f 719/4285 727/4286 728/4287
f 719/4288 728/4289 720/4290
f 720/4291 728/4292 729/4293
f 720/4294 729/4295 721/4296
f 721/4297 729/4298 730/4299
f 721/4300 730/4301 722/4302
f 722/4303 730/4304 731/4305
f 722/4306 731/4307 723/4308
f 723/4309 731/4310 732/4311
f 723/4312 732/4313 724/4314
f 724/4315 732/4316 725/4317
f 724/4318 725/4319 717/4320
f 725/4321 733/4322 734/4323
f 725/4324 734/4325 726/4326
f 726/4327 734/4328 735/4329
f 726/4330 735/4331 727/4332
f 727/4333 735/4334 736/4335
f 727/4336 736/4337 728/4338
f 728/4339 736/4340 737/4341
f 728/4342 737/4343 729/4344
f 729/4345 737/4346 738/4347
f 729/4348 738/4349 730/4350
f 730/4351 738/4352 739/4353
f 730/4354 739/4355 731/4356
f 731/4357 739/4358 740/4359
f 731/4360 740/4361 732/4362
f 732/4363 740/4364 733/4365
f 732/4366 733/4367 725/4368
f 733/4369 741/4370 742/4371
f 733/4372 742/4373 734/4374
f 734/4375 742/4376 743/4377
f 734/4378 743/4379 735/4380
f 735/4381 743/4382 744/4383
f 735/4384 744/4385 736/4386
f 736/4387 744/4388 745/4389
f 736/4390 745/4391 737/4392
f 737/4393 745/4394 746/4395
f 737/4396 746/4397 738/4398
f 738/4399 746/4400 747/4401
f 738/4402 747/4403 739/4404
f 739/4405 747/4406 748/4407
f 739/4408 748/4409 740/4410
f 740/4411 748/4412 741/4413
f 740/4414 741/4415 733/4416
f 741/4417 749/4418 750/4419
f 741/4420 750/4421 742/4422
f 742/4423 750/4424 751/4425
f 742/4426 751/4427 743/4428
f 743/4429 751/4430 752/4431
f 743/4432 752/4433 744/4434
f 744/4435 752/4436 753/4437
f 744/4438 753/4439 745/4440
f 745/4441 753/4442 754/4443
f 745/4444 754/4445 746/4446
f 746/4447 754/4448 755/4449
f 746/4450 755/4451 747/4452
f 747/4453 755/4454 756/4455
f 747/4456 756/4457 748/4458
f 748/4459 756/4460 749/4461
f 748/4462 749/4463 741/4464
f 749/4465 757/4466 758/4467
f 749/4468 758/4469 750/4470
f 750/4471 758/4472 759/4473
f 750/4474 759/4475 751/4476
f 751/4477 759/4478 760/4479
f 751/4480 760/4481 752/4482
f 752/4483 760/4484 761/4485
f 752/4486 761/4487 753/4488
f 753/4489 761/4490 762/4491
f 753/4492 762/4493 754/4494
f 754/4495 762/4496 763/4497
f 754/4498 763/4499 755/4500
f 755/4501 763/4502 764/4503
f 755/4504 764/4505 756/4506
f 756/4507 764/4508 757/4509
f 756/4510 757/4511 749/4512
f 757/4513 765/4514 766/4515
f 757/4516 766/4517 758/4518
f 758/4519 766/4520 767/4521
f 758/4522 767/4523 759/4524
f 759/4525 767/4526 768/4527
f 759/4528 768/4529 760/4530
f 760/4531 768/4532 769/4533
f 760/4534 769/4535 761/4536
f 761/4537 769/4538 770/4539
f 761/4540 770/4541 762/4542
f 762/4543 770/4544 771/4545
f 762/4546 771/4547 763/4548
f 763/4549 771/4550 772/4551
f 763/4552 772/4553 764/4554
f 764/4555 772/4556 765/4557
f 764/4558 765/4559 757/4560
f 765/4561 773/4562 774/4563
f 765/4564 774/4565 766/4566
f 766/4567 774/4568 775/4569
f 766/4570 775/4571 767/4572
f 767/4573 775/4574 776/4575
f 767/4576 776/4577 768/4578
f 768/4579 776/4580 777/4581
f 768/4582 777/4583 769/4584
f 769/4585 777/4586 778/4587
f 769/4588 778/4589 770/4590
f 770/4591 778/4592 779/4593
f 770/4594 779/4595 771/4596
f 771/4597 779/4598 780/4599
f 771/4600 780/4601 772/4602
f 772/4603 780/4604 773/4605
f 772/4606 773/4607 765/4608
f 773/4609 781/4610 782/4611
f 773/4612 782/4613 774/4614
f 774/4615 782/4616 783/4617
f 774/4618 783/4619 775/4620
f 775/4621 783/4622 784/4623
f 775/4624 784/4625 776/4626
f 776/4627 784/4628 785/4629
f 776/4630 785/4631 777/4632
f 777/4633 785/4634 786/4635
f 777/4636 786/4637 778/4638
f 778/4639 786/4640 787/4641
f 778/4642 787/4643 779/4644
f 779/4645 787/4646 788/4647
f 779/4648 788/4649 780/4650
f 780/4651 788/4652 781/4653
f 780/4654 781/4655 773/4656
f 781/4657 789/4658 790/4659
f 781/4660 790/4661 782/4662
f 782/4663 790/4664 791/4665
f 782/4666 791/4667 783/4668
f 783/4669 791/4670 792/4671
f 783/4672 792/4673 784/4674
f 784/4675 792/4676 793/4677
f 784/4678 793/4679 785/4680
f 785/4681 793/4682 794/4683
f 785/4684 794/4685 786/4686
f 786/4687 794/4688 795/4689
f 786/4690 795/4691 787/4692
f 787/4693 795/4694 796/4695
f 787/4696 796/4697 788/4698
f 788/4699 796/4700 789/4701
f 788/4702 789/4703 781/4704
f 789/4705 797/4706 798/4707
f 789/4708 798/4709 790/4710
f 790/4711 798/4712 799/4713
f 790/4714 799/4715 791/4716
f 791/4717 799/4718 800/4719
f 791/4720 800/4721 792/4722
f 792/4723 800/4724 801/4725
f 792/4726 801/4727 793/4728
f 793/4729 801/4730 802/4731
f 793/4732 802/4733 794/4734
f 794/4735 802/4736 803/4737
f 794/4738 803/4739 795/4740
f 795/4741 803/4742 804/4743
f 795/4744 804/4745 796/4746
f 796/4747 804/4748 797/4749
f 796/4750 797/4751 789/4752
f 797/4753 805/4754 806/4755
f 797/4756 806/4757 798/4758
f 798/4759 806/4760 807/4761
f 798/4762 807/4763 799/4764
f 799/4765 807/4766 808/4767
f 799/4768 808/4769 800/4770
f 800/4771 808/4772 809/4773
f 800/4774 809/4775 801/4776
f 801/4777 809/4778 810/4779
f 801/4780 810/4781 802/4782
f 802/4783 810/4784 811/4785
f 802/4786 811/4787 803/4788
f 803/4789 811/4790 812/4791
f 803/4792 812/4793 804/4794
f 804/4795 812/4796 805/4797
f 804/4798 805/4799 797/4800
f 805/4801 813/4802 814/4803
f 805/4804 814/4805 806/4806
f 806/4807 814/4808 815/4809
f 806/4810 815/4811 807/4812
f 807/4813 815/4814 816/4815
f 807/4816 816/4817 808/4818
f 808/4819 816/4820 817/4821
f 808/4822 817/4823 809/4824
f 809/4825 817/4826 818/4827
f 809/4828 818/4829 810/4830
f 810/4831 818/4832 819/4833
f 810/4834 819/4835 811/4836
f 811/4837 819/4838 820/4839
f 811/4840 820/4841 812/4842
f 812/4843 820/4844 813/4845
f 812/4846 813/4847 805/4848
f 813/4849 821/4850 822/4851
f 813/4852 822/4853 814/4854
f 814/4855 822/4856 823/4857
f 814/4858 823/4859 815/4860
f 815/4861 823/4862 824/4863
f 815/4864 824/4865 816/4866
f 816/4867 824/4868 825/4869
f 816/4870 825/4871 817/4872
f 817/4873 825/4874 826/4875
f 817/4876 826/4877 818/4878
f 818/4879 826/4880 827/4881
f 818/4882 827/4883 819/4884
f 819/4885 827/4886 828/4887
f 819/4888 828/4889 820/4890
f 820/4891 828/4892 821/4893
f 820/4894 821/4895 813/4896
f 821/4897 829/4898 830/4899
f 821/4900 830/4901 822/4902
f 822/4903 830/4904 831/4905
f 822/4906 831/4907 823/4908
f 823/4909 831/4910 832/4911
f 823/4912 832/4913 824/4914
f 824/4915 832/4916 833/4917
f 824/4918 833/4919 825/4920
f 825/4921 833/4922 834/4923
f 825/4924 834/4925 826/4926
f 826/4927 834/4928 835/4929
f 826/4930 835/4931 827/4932
f 827/4933 835/4934 836/4935
f 827/4936 836/4937 828/4938
f 828/4939 836/4940 829/4941
f 828/4942 829/4943 821/4944
f 829/4945 837/4946 838/4947
f 829/4948 838/4949 830/4950
f 830/4951 838/4952 839/4953
f 830/4954 839/4955 831/4956
f 831/4957 839/4958 840/4959
f 831/4960 840/4961 832/4962
f 832/4963 840/4964 841/4965
f 832/4966 841/4967 833/4968
f 833/4969 841/4970 842/4971
f 833/4972 842/4973 834/4974
f 834/4975 842/4976 843/4977
f 834/4978 843/4979 835/4980
f 835/4981 843/4982 844/4983
f 835/4984 844/4985 836/4986
f 836/4987 844/4988 837/4989
f 836/4990 837/4991 829/4992
f 837/4993 845/4994 846/4995
f 837/4996 846/4997 838/4998
f 838/4999 846/5000 847/5001
f 838/5002 847/5003 839/5004
f 839/5005 847/5006 848/5007
f 839/5008 848/5009 840/5010
f 840/5011 848/5012 849/5013
f 840/5014 849/5015 841/5016
f 841/5017 849/5018 850/5019
f 841/5020 850/5021 842/5022
f 842/5023 850/5024 851/5025
f 842/5026 851/5027 843/5028
f 843/5029 851/5030 852/5031
f 843/5032 852/5033 844/5034
f 844/5035 852/5036 845/5037
f 844/5038 845/5039 837/5040
f 845/5041 853/5042 854/5043
f 845/5044 854/5045 846/5046
f 846/5047 854/5048 855/5049
f 846/5050 855/5051 847/5052
f 847/5053 855/5054 856/5055
f 847/5056 856/5057 848/5058
f 848/5059 856/5060 857/5061
f 848/5062 857/5063 849/5064
f 849/5065 857/5066 858/5067
f 849/5068 858/5069 850/5070
f 850/5071 858/5072 859/5073
f 850/5074 859/5075 851/5076
f 851/5077 859/5078 860/5079
f 851/5080 860/5081 852/5082
f 852/5083 860/5084 853/5085
f 852/5086 853/5087 845/5088
f 853/5089 861/5090 862/5091
f 853/5092 862/5093 854/5094
f 854/5095 862/5096 863/5097
f 854/5098 863/5099 855/5100
f 855/5101 863/5102 864/5103
f 855/5104 864/5105 856/5106
f 856/5107 864/5108 865/5109
f 856/5110 865/5111 857/5112
f 857/5113 865/5114 866/5115
f 857/5116 866/5117 858/5118
f 858/5119 866/5120 867/5121
f 858/5122 867/5123 859/5124
f 859/5125 867/5126 868/5127
f 859/5128 868/5129 860/5130
f 860/5131 868/5132 861/5133
f 860/5134 861/5135 853/5136
f 861/5137 869/5138 870/5139
f 861/5140 870/5141 862/5142
f 862/5143 870/5144 871/5145
f 862/5146 871/5147 863/5148
f 863/5149 871/5150 872/5151
f 863/5152 872/5153 864/5154
f 864/5155 872/5156 873/5157
f 864/5158 873/5159 865/5160
f 865/5161 873/5162 874/5163
f 865/5164 874/5165 866/5166
f 866/5167 874/5168 875/5169
f 866/5170 875/5171 867/5172
f 867/5173 875/5174 876/5175
f 867/5176 876/5177 868/5178
f 868/5179 876/5180 869/5181
f 868/5182 869/5183 861/5184
f 869/5185 877/5186 878/5187
f 869/5188 878/5189 870/5190
f 870/5191 878/5192 879/5193
f 870/5194 879/5195 871/5196
f 871/5197 879/5198 880/5199
f 871/5200 880/5201 872/5202
f 872/5203 880/5204 881/5205
f 872/5206 881/5207 873/5208
f 873/5209 881/5210 882/5211
f 873/5212 882/5213 874/5214
f 874/5215 882/5216 883/5217
f 874/5218 883/5219 875/5220
f 875/5221 883/5222 884/5223
f 875/5224 884/5225 876/5226
f 876/5227 884/5228 877/5229
f 876/5230 877/5231 869/5232
f 877/5233 885/5234 886/5235
f 877/5236 886/5237 878/5238
f 878/5239 886/5240 887/5241
f 878/5242 887/5243 879/5244
f 879/5245 887/5246 888/5247
f 879/5248 888/5249 880/5250
f 880/5251 888/5252 889/5253
f 880/5254 889/5255 881/5256
f 881/5257 889/5258 890/5259
f 881/5260 890/5261 882/5262
f 882/5263 890/5264 891/5265
f 882/5266 891/5267 883/5268
f 883/5269 891/5270 892/5271
f 883/5272 892/5273 884/5274
f 884/5275 892/5276 885/5277
f 884/5278 885/5279 877/5280
f 885/5281 893/5282 894/5283
f 885/5284 894/5285 886/5286
f 886/5287 894/5288 895/5289
f 886/5290 895/5291 887/5292
f 887/5293 895/5294 896/5295
f 887/5296 896/5297 888/5298
f 888/5299 896/5300 897/5301
f 888/5302 897/5303 889/5304
f 889/5305 897/5306 898/5307
f 889/5308 898/5309 890/5310
f 890/5311 898/5312 899/5313
f 890/5314 899/5315 891/5316
f 891/5317 899/5318 900/5319
f 891/5320 900/5321 892/5322
f 892/5323 900/5324 893/5325
f 892/5326 893/5327 885/5328
f 893/5329 581/5330 582/5331
f 893/5332 582/5333 894/5334
f 894/5335 582/5336 583/5337
f 894/5338 583/5339 895/5340
f 895/5341 583/5342 584/5343
f 895/5344 584/5345 896/5346
f 896/5347 584/5348 585/5349
f 896/5350 585/5351 897/5352
f 897/5353 585/5354 586/5355
f 897/5356 586/5357 898/5358
f 898/5359 586/5360 587/5361
f 898/5362 587/5363 899/5364
f 899/5365 587/5366 588/5367
f 899/5368 588/5369 900/5370
f 900/5371 588/5372 581/5373
f 900/5374 581/5375 893/5376
usemtl Shell
f 901/5377 904/5378 903/5379
f 901/5380 903/5381 902/5382
f 905/5383 906/5384 907/5385
f 905/5386 907/5387 908/5388
f 901/5389 902/5390 906/5391
f 901/5392 906/5393 905/5394
f 904/5395 908/5396 907/5397
f 904/5398 907/5399 903/5400
f 901/5401 905/5402 908/5403
f 901/5404 908/5405 904/5406
f 902/5407 903/5408 907/5409
f 902/5410 907/5411 906/5412
f 909/5413 912/5414 911/5415
f 909/5416 911/5417 910/5418
f 913/5419 914/5420 915/5421
f 913/5422 915/5423 916/5424
f 909/5425 910/5426 914/5427
f 909/5428 914/5429 913/5430
f 912/5431 916/5432 915/5433
f 912/5434 915/5435 911/5436
f 909/5437 913/5438 916/5439
f 909/5440 916/5441 912/5442
f 910/5443 911/5444 915/5445
f 910/5446 915/5447 914/5448
f 917/5449 920/5450 919/5451
f 917/5452 919/5453 918/5454
f 921/5455 922/5456 923/5457
f 921/5458 923/5459 924/5460
f 917/5461 918/5462 922/5463
f 917/5464 922/5465 921/5466
f 920/5467 924/5468 923/5469
f 920/5470 923/5471 919/5472
f 917/5473 921/5474 924/5475
f 917/5476 924/5477 920/5478
f 918/5479 919/5480 923/5481
f 918/5482 923/5483 922/5484
f 925/5485 928/5486 927/5487
f 925/5488 927/5489 926/5490
f 929/5491 930/5492 931/5493
f 929/5494 931/5495 932/5496
f 925/5497 926/5498 930/5499
f 925/5500 930/5501 929/5502
f 928/5503 932/5504 931/5505
f 928/5506 931/5507 927/5508
f 925/5509 929/5510 932/5511
f 925/5512 932/5513 928/5514
f 926/5515 927/5516 931/5517
f 926/5518 931/5519 930/5520
f 933/5521 936/5522 935/5523
f 933/5524 935/5525 934/5526
f 937/5527 938/5528 939/5529
f 937/5530 939/5531 940/5532
f 933/5533 934/5534 938/5535
f 933/5536 938/5537 937/5538
f 936/5539 940/5540 939/5541
f 936/5542 939/5543 935/5544
f 933/5545 937/5546 940/5547
f 933/5548 940/5549 936/5550
f 934/5551 935/5552 939/5553
f 934/5554 939/5555 938/5556
f 941/5557 944/5558 943/5559
f 941/5560 943/5561 942/5562
f 945/5563 946/5564 947/5565
f 945/5566 947/5567 948/5568
f 941/5569 942/5570 946/5571
f 941/5572 946/5573 945/5574
f 944/5575 948/5576 947/5577
f 944/5578 947/5579 943/5580
f 941/5581 945/5582 948/5583
f 941/5584 948/5585 944/5586
f 942/5587 943/5588 947/5589
f 942/5590 947/5591 946/5592
usemtl Mechanism
f 949/5593 951/5594 952/5595
f 949/5596 952/5597 950/5598
f 951/5599 953/5600 954/5601
f 951/5602 954/5603 952/5604
f 953/5605 955/5606 956/5607
f 953/5608 956/5609 954/5610
f 955/5611 957/5612 958/5613
f 955/5614 958/5615 956/5616
f 957/5617 959/5618 960/5619
f 957/5620 960/5621 958/5622
f 959/5623 961/5624 962/5625
f 959/5626 962/5627 960/5628
f 961/5629 963/5630 964/5631
f 961/5632 964/5633 962/5634
f 963/5635 965/5636 966/5637
f 963/5638 966/5639 964/5640
f 965/5641 967/5642 968/5643
f 965/5644 968/5645 966/5646
f 967/5647 969/5648 970/5649
f 967/5650 970/5651 968/5652
f 969/5653 971/5654 972/5655
f 969/5656 972/5657 970/5658
f 971/5659 973/5660 974/5661
f 971/5662 974/5663 972/5664
f 973/5665 975/5666 976/5667
f 973/5668 976/5669 974/5670
f 975/5671 977/5672 978/5673
f 975/5674 978/5675 976/5676
f 977/5677 979/5678 980/5679
f 977/5680 980/5681 978/5682
f 979/5683 981/5684 982/5685
f 979/5686 982/5687 980/5688
f 981/5689 983/5690 984/5691
f 981/5692 984/5693 982/5694
f 983/5695 985/5696 986/5697
f 983/5698 986/5699 984/5700
f 985/5701 987/5702 988/5703
f 985/5704 988/5705 986/5706
f 987/5707 989/5708 990/5709
f 987/5710 990/5711 988/5712
f 989/5713 991/5714 992/5715
f 989/5716 992/5717 990/5718
f 991/5719 993/5720 994/5721
f 991/5722 994/5723 992/5724
f 993/5725 995/5726 996/5727
f 993/5728 996/5729 994/5730
f 995/5731 997/5732 998/5733
f 995/5734 998/5735 996/5736
f 997/5737 999/5738 1000/5739
f 997/5740 1000/5741 998/5742
f 999/5743 1001/5744 1002/5745
f 999/5746 1002/5747 1000/5748
f 1001/5749 1003/5750 1004/5751
f 1001/5752 1004/5753 1002/5754
f 1003/5755 1005/5756 1006/5757
f 1003/5758 1006/5759 1004/5760
f 1005/5761 1007/5762 1008/5763
f 1005/5764 1008/5765 1006/5766
f 1007/5767 1009/5768 1010/5769
f 1007/5770 1010/5771 1008/5772
f 1009/5773 1011/5774 1012/5775
f 1009/5776 1012/5777 1010/5778
f 1011/5779 1013/5780 1014/5781
f 1011/5782 1014/5783 1012/5784
f 1013/5785 1015/5786 1016/5787
f 1013/5788 1016/5789 1014/5790
f 1015/5791 1017/5792 1018/5793
f 1015/5794 1018/5795 1016/5796
f 1017/5797 1019/5798 1020/5799
f 1017/5800 1020/5801 1018/5802
f 1019/5803 1021/5804 1022/5805
f 1019/5806 1022/5807 1020/5808
f 1021/5809 1023/5810 1024/5811
f 1021/5812 1024/5813 1022/5814
f 1023/5815 1025/5816 1026/5817
f 1023/5818 1026/5819 1024/5820
f 1025/5821 1027/5822 1028/5823
f 1025/5824 1028/5825 1026/5826
f 1027/5827 949/5828 950/5829
f 1027/5830 950/5831 1028/5832
f 1029/5833 951/5834 949/5835
f 1030/5836 950/5837 952/5838
f 1029/5839 953/5840 951/5841
f 1030/5842 952/5843 954/5844
f 1029/5845 955/5846 953/5847
f 1030/5848 954/5849 956/5850
f 1029/5851 957/5852 955/5853
f 1030/5854 956/5855 958/5856
f 1029/5857 959/5858 957/5859
f 1030/5860 958/5861 960/5862
f 1029/5863 961/5864 959/5865
f 1030/5866 960/5867 962/5868
f 1029/5869 963/5870 961/5871
f 1030/5872 962/5873 964/5874
f 1029/5875 965/5876 963/5877
f 1030/5878 964/5879 966/5880
f 1029/5881 967/5882 965/5883
f 1030/5884 966/5885 968/5886
f 1029/5887 969/5888 967/5889
f 1030/5890 968/5891 970/5892
f 1029/5893 971/5894 969/5895
f 1030/5896 970/5897 972/5898
f 1029/5899 973/5900 971/5901
f 1030/5902 972/5903 974/5904
f 1029/5905 975/5906 973/5907
f 1030/5908 974/5909 976/5910
f 1029/5911 977/5912 975/5913
f 1030/5914 976/5915 978/5916
f 1029/5917 979/5918 977/5919
f 1030/5920 978/5921 980/5922
f 1029/5923 981/5924 979/5925
f 1030/5926 980/5927 982/5928
f 1029/5929 983/5930 981/5931
f 1030/5932 982/5933 984/5934
f 1029/5935 985/5936 983/5937
f 1030/5938 984/5939 986/5940
f 1029/5941 987/5942 985/5943
f 1030/5944 986/5945 988/5946
f 1029/5947 989/5948 987/5949
f 1030/5950 988/5951 990/5952
f 1029/5953 991/5954 989/5955
f 1030/5956 990/5957 992/5958
f 1029/5959 993/5960 991/5961
f 1030/5962 992/5963 994/5964
f 1029/5965 995/5966 993/5967
f 1030/5968 994/5969 996/5970
f 1029/5971 997/5972 995/5973
f 1030/5974 996/5975 998/5976
f 1029/5977 999/5978 997/5979
f 1030/5980 998/5981 1000/5982
f 1029/5983 1001/5984 999/5985
f 1030/5986 1000/5987 1002/5988
f 1029/5989 1003/5990 1001/5991
f 1030/5992 1002/5993 1004/5994
f 1029/5995 1005/5996 1003/5997
f 1030/5998 1004/5999 1006/6000
f 1029/6001 1007/6002 1005/6003
f 1030/6004 1006/6005 1008/6006
f 1029/6007 1009/6008 1007/6009
f 1030/6010 1008/6011 1010/6012
f 1029/6013 1011/6014 1009/6015
f 1030/6016 1010/6017 1012/6018
f 1029/6019 1013/6020 1011/6021
f 1030/6022 1012/6023 1014/6024
f 1029/6025 1015/6026 1013/6027
f 1030/6028 1014/6029 1016/6030
f 1029/6031 1017/6032 1015/6033
f 1030/6034 1016/6035 1018/6036
f 1029/6037 1019/6038 1017/6039
f 1030/6040 1018/6041 1020/6042
f 1029/6043 1021/6044 1019/6045
f 1030/6046 1020/6047 1022/6048
f 1029/6049 1023/6050 1021/6051
f 1030/6052 1022/6053 1024/6054
f 1029/6055 1025/6056 1023/6057
f 1030/6058 1024/6059 1026/6060
f 1029/6061 1027/6062 1025/6063
f 1030/6064 1026/6065 1028/6066
f 1029/6067 949/6068 1027/6069
f 1030/6070 1028/6071 950/6072
usemtl Optic
f 1031/6073 1033/6074 1034/6075
f 1031/6076 1034/6077 1032/6078
f 1033/6079 1035/6080 1036/6081
f 1033/6082 1036/6083 1034/6084
f 1035/6085 1037/6086 1038/6087
f 1035/6088 1038/6089 1036/6090
f 1037/6091 1039/6092 1040/6093
f 1037/6094 1040/6095 1038/6096
f 1039/6097 1041/6098 1042/6099
f 1039/6100 1042/6101 1040/6102
f 1041/6103 1043/6104 1044/6105
f 1041/6106 1044/6107 1042/6108
f 1043/6109 1045/6110 1046/6111
f 1043/6112 1046/6113 1044/6114
f 1045/6115 1047/6116 1048/6117
f 1045/6118 1048/6119 1046/6120
f 1047/6121 1049/6122 1050/6123
f 1047/6124 1050/6125 1048/6126
f 1049/6127 1051/6128 1052/6129
f 1049/6130 1052/6131 1050/6132
f 1051/6133 1053/6134 1054/6135
f 1051/6136 1054/6137 1052/6138
f 1053/6139 1055/6140 1056/6141
f 1053/6142 1056/6143 1054/6144
f 1055/6145 1057/6146 1058/6147
f 1055/6148 1058/6149 1056/6150
f 1057/6151 1059/6152 1060/6153
f 1057/6154 1060/6155 1058/6156
f 1059/6157 1061/6158 1062/6159
f 1059/6160 1062/6161 1060/6162
f 1061/6163 1063/6164 1064/6165
f 1061/6166 1064/6167 1062/6168
f 1063/6169 1065/6170 1066/6171
f 1063/6172 1066/6173 1064/6174
f 1065/6175 1067/6176 1068/6177
f 1065/6178 1068/6179 1066/6180
f 1067/6181 1069/6182 1070/6183
f 1067/6184 1070/6185 1068/6186
f 1069/6187 1071/6188 1072/6189
f 1069/6190 1072/6191 1070/6192
f 1071/6193 1073/6194 1074/6195
f 1071/6196 1074/6197 1072/6198
f 1073/6199 1075/6200 1076/6201
f 1073/6202 1076/6203 1074/6204
f 1075/6205 1077/6206 1078/6207
f 1075/6208 1078/6209 1076/6210
f 1077/6211 1079/6212 1080/6213
f 1077/6214 1080/6215 1078/6216
f 1079/6217 1081/6218 1082/6219
f 1079/6220 1082/6221 1080/6222
f 1081/6223 1083/6224 1084/6225
f 1081/6226 1084/6227 1082/6228
f 1083/6229 1085/6230 1086/6231
f 1083/6232 1086/6233 1084/6234
f 1085/6235 1087/6236 1088/6237
f 1085/6238 1088/6239 1086/6240
f 1087/6241 1089/6242 1090/6243
f 1087/6244 1090/6245 1088/6246
f 1089/6247 1091/6248 1092/6249
f 1089/6250 1092/6251 1090/6252
f 1091/6253 1093/6254 1094/6255
f 1091/6256 1094/6257 1092/6258
f 1093/6259 1095/6260 1096/6261
f 1093/6262 1096/6263 1094/6264
f 1095/6265 1097/6266 1098/6267
f 1095/6268 1098/6269 1096/6270
f 1097/6271 1099/6272 1100/6273
f 1097/6274 1100/6275 1098/6276
f 1099/6277 1101/6278 1102/6279
f 1099/6280 1102/6281 1100/6282
f 1101/6283 1103/6284 1104/6285
f 1101/6286 1104/6287 1102/6288
f 1103/6289 1105/6290 1106/6291
f 1103/6292 1106/6293 1104/6294
f 1105/6295 1107/6296 1108/6297
f 1105/6298 1108/6299 1106/6300
f 1107/6301 1109/6302 1110/6303
f 1107/6304 1110/6305 1108/6306
f 1109/6307 1031/6308 1032/6309
f 1109/6310 1032/6311 1110/6312
f 1111/6313 1033/6314 1031/6315
f 1112/6316 1032/6317 1034/6318
f 1111/6319 1035/6320 1033/6321
f 1112/6322 1034/6323 1036/6324
f 1111/6325 1037/6326 1035/6327
f 1112/6328 1036/6329 1038/6330
f 1111/6331 1039/6332 1037/6333
f 1112/6334 1038/6335 1040/6336
f 1111/6337 1041/6338 1039/6339
f 1112/6340 1040/6341 1042/6342
f 1111/6343 1043/6344 1041/6345
f 1112/6346 1042/6347 1044/6348
f 1111/6349 1045/6350 1043/6351
f 1112/6352 1044/6353 1046/6354
f 1111/6355 1047/6356 1045/6357
f 1112/6358 1046/6359 1048/6360
f 1111/6361 1049/6362 1047/6363
f 1112/6364 1048/6365 1050/6366
f 1111/6367 1051/6368 1049/6369
f 1112/6370 1050/6371 1052/6372
f 1111/6373 1053/6374 1051/6375
f 1112/6376 1052/6377 1054/6378
f 1111/6379 1055/6380 1053/6381
f 1112/6382 1054/6383 1056/6384
f 1111/6385 1057/6386 1055/6387
f 1112/6388 1056/6389 1058/6390
f 1111/6391 1059/6392 1057/6393
f 1112/6394 1058/6395 1060/6396
f 1111/6397 1061/6398 1059/6399
f 1112/6400 1060/6401 1062/6402
f 1111/6403 1063/6404 1061/6405
f 1112/6406 1062/6407 1064/6408
f 1111/6409 1065/6410 1063/6411
f 1112/6412 1064/6413 1066/6414
f 1111/6415 1067/6416 1065/6417
f 1112/6418 1066/6419 1068/6420
f 1111/6421 1069/6422 1067/6423
f 1112/6424 1068/6425 1070/6426
f 1111/6427 1071/6428 1069/6429
f 1112/6430 1070/6431 1072/6432
f 1111/6433 1073/6434 1071/6435
f 1112/6436 1072/6437 1074/6438
f 1111/6439 1075/6440 1073/6441
f 1112/6442 1074/6443 1076/6444
f 1111/6445 1077/6446 1075/6447
f 1112/6448 1076/6449 1078/6450
f 1111/6451 1079/6452 1077/6453
f 1112/6454 1078/6455 1080/6456
f 1111/6457 1081/6458 1079/6459
f 1112/6460 1080/6461 1082/6462
f 1111/6463 1083/6464 1081/6465
f 1112/6466 1082/6467 1084/6468
f 1111/6469 1085/6470 1083/6471
f 1112/6472 1084/6473 1086/6474
f 1111/6475 1087/6476 1085/6477
f 1112/6478 1086/6479 1088/6480
f 1111/6481 1089/6482 1087/6483
f 1112/6484 1088/6485 1090/6486
f 1111/6487 1091/6488 1089/6489
f 1112/6490 1090/6491 1092/6492
f 1111/6493 1093/6494 1091/6495
f 1112/6496 1092/6497 1094/6498
f 1111/6499 1095/6500 1093/6501
f 1112/6502 1094/6503 1096/6504
f 1111/6505 1097/6506 1095/6507
f 1112/6508 1096/6509 1098/6510
f 1111/6511 1099/6512 1097/6513
f 1112/6514 1098/6515 1100/6516
f 1111/6517 1101/6518 1099/6519
f 1112/6520 1100/6521 1102/6522
f 1111/6523 1103/6524 1101/6525
f 1112/6526 1102/6527 1104/6528
f 1111/6529 1105/6530 1103/6531
f 1112/6532 1104/6533 1106/6534
f 1111/6535 1107/6536 1105/6537
f 1112/6538 1106/6539 1108/6540
f 1111/6541 1109/6542 1107/6543
f 1112/6544 1108/6545 1110/6546
f 1111/6547 1031/6548 1109/6549
f 1112/6550 1110/6551 1032/6552
f 1401/6553 1114/6554 1113/6555
f 1369/6556 1370/6557 1402/6558
f 1401/6559 1115/6560 1114/6561
f 1370/6562 1371/6563 1402/6564
f 1401/6565 1116/6566 1115/6567
f 1371/6568 1372/6569 1402/6570
f 1401/6571 1117/6572 1116/6573
f 1372/6574 1373/6575 1402/6576
f 1401/6577 1118/6578 1117/6579
f 1373/6580 1374/6581 1402/6582
f 1401/6583 1119/6584 1118/6585
f 1374/6586 1375/6587 1402/6588
f 1401/6589 1120/6590 1119/6591
f 1375/6592 1376/6593 1402/6594
f 1401/6595 1121/6596 1120/6597
f 1376/6598 1377/6599 1402/6600
f 1401/6601 1122/6602 1121/6603
f 1377/6604 1378/6605 1402/6606
f 1401/6607 1123/6608 1122/6609
f 1378/6610 1379/6611 1402/6612
f 1401/6613 1124/6614 1123/6615
f 1379/6616 1380/6617 1402/6618
f 1401/6619 1125/6620 1124/6621
f 1380/6622 1381/6623 1402/6624
f 1401/6625 1126/6626 1125/6627
f 1381/6628 1382/6629 1402/6630
f 1401/6631 1127/6632 1126/6633
f 1382/6634 1383/6635 1402/6636
f 1401/6637 1128/6638 1127/6639
f 1383/6640 1384/6641 1402/6642
f 1401/6643 1129/6644 1128/6645
f 1384/6646 1385/6647 1402/6648
f 1401/6649 1130/6650 1129/6651
f 1385/6652 1386/6653 1402/6654
f 1401/6655 1131/6656 1130/6657
f 1386/6658 1387/6659 1402/6660
f 1401/6661 1132/6662 1131/6663
f 1387/6664 1388/6665 1402/6666
f 1401/6667 1133/6668 1132/6669
f 1388/6670 1389/6671 1402/6672
f 1401/6673 1134/6674 1133/6675
f 1389/6676 1390/6677 1402/6678
f 1401/6679 1135/6680 1134/6681
f 1390/6682 1391/6683 1402/6684
f 1401/6685 1136/6686 1135/6687
f 1391/6688 1392/6689 1402/6690
f 1401/6691 1137/6692 1136/6693
f 1392/6694 1393/6695 1402/6696
f 1401/6697 1138/6698 1137/6699
f 1393/6700 1394/6701 1402/6702
f 1401/6703 1139/6704 1138/6705
f 1394/6706 1395/6707 1402/6708
f 1401/6709 1140/6710 1139/6711
f 1395/6712 1396/6713 1402/6714
f 1401/6715 1141/6716 1140/6717
f 1396/6718 1397/6719 1402/6720
f 1401/6721 1142/6722 1141/6723
f 1397/6724 1398/6725 1402/6726
f 1401/6727 1143/6728 1142/6729
f 1398/6730 1399/6731 1402/6732
f 1401/6733 1144/6734 1143/6735
f 1399/6736 1400/6737 1402/6738
f 1401/6739 1113/6740 1144/6741
f 1400/6742 1369/6743 1402/6744
f 1113/6745 1114/6746 1146/6747
f 1113/6748 1146/6749 1145/6750
f 1114/6751 1115/6752 1147/6753
f 1114/6754 1147/6755 1146/6756
f 1115/6757 1116/6758 1148/6759
f 1115/6760 1148/6761 1147/6762
f 1116/6763 1117/6764 1149/6765
f 1116/6766 1149/6767 1148/6768
f 1117/6769 1118/6770 1150/6771
f 1117/6772 1150/6773 1149/6774
f 1118/6775 1119/6776 1151/6777
f 1118/6778 1151/6779 1150/6780
f 1119/6781 1120/6782 1152/6783
f 1119/6784 1152/6785 1151/6786
f 1120/6787 1121/6788 1153/6789
f 1120/6790 1153/6791 1152/6792
f 1121/6793 1122/6794 1154/6795
f 1121/6796 1154/6797 1153/6798
f 1122/6799 1123/6800 1155/6801
f 1122/6802 1155/6803 1154/6804
f 1123/6805 1124/6806 1156/6807
f 1123/6808 1156/6809 1155/6810
f 1124/6811 1125/6812 1157/6813
f 1124/6814 1157/6815 1156/6816
f 1125/6817 1126/6818 1158/6819
f 1125/6820 1158/6821 1157/6822
f 1126/6823 1127/6824 1159/6825
f 1126/6826 1159/6827 1158/6828
f 1127/6829 1128/6830 1160/6831
f 1127/6832 1160/6833 1159/6834
f 1128/6835 1129/6836 1161/6837
f 1128/6838 1161/6839 1160/6840
f 1129/6841 1130/6842 1162/6843
f 1129/6844 1162/6845 1161/6846
f 1130/6847 1131/6848 1163/6849
f 1130/6850 1163/6851 1162/6852
f 1131/6853 1132/6854 1164/6855
f 1131/6856 1164/6857 1163/6858
f 1132/6859 1133/6860 1165/6861
f 1132/6862 1165/6863 1164/6864
f 1133/6865 1134/6866 1166/6867
f 1133/6868 1166/6869 1165/6870
f 1134/6871 1135/6872 1167/6873
f 1134/6874 1167/6875 1166/6876
f 1135/6877 1136/6878 1168/6879
f 1135/6880 1168/6881 1167/6882
f 1136/6883 1137/6884 1169/6885
f 1136/6886 1169/6887 1168/6888
f 1137/6889 1138/6890 1170/6891
f 1137/6892 1170/6893 1169/6894
f 1138/6895 1139/6896 1171/6897
f 1138/6898 1171/6899 1170/6900
f 1139/6901 1140/6902 1172/6903
f 1139/6904 1172/6905 1171/6906
f 1140/6907 1141/6908 1173/6909
f 1140/6910 1173/6911 1172/6912
f 1141/6913 1142/6914 1174/6915
f 1141/6916 1174/6917 1173/6918
f 1142/6919 1143/6920 1175/6921
f 1142/6922 1175/6923 1174/6924
f 1143/6925 1144/6926 1176/6927
f 1143/6928 1176/6929 1175/6930
f 1144/6931 1113/6932 1145/6933
f 1144/6934 1145/6935 1176/6936
f 1145/6937 1146/6938 1178/6939
f 1145/6940 1178/6941 1177/6942
f 1146/6943 1147/6944 1179/6945
f 1146/6946 1179/6947 1178/6948
f 1147/6949 1148/6950 1180/6951
f 1147/6952 1180/6953 1179/6954
f 1148/6955 1149/6956 1181/6957
f 1148/6958 1181/6959 1180/6960
f 1149/6961 1150/6962 1182/6963
f 1149/6964 1182/6965 1181/6966
f 1150/6967 1151/6968 1183/6969
f 1150/6970 1183/6971 1182/6972
f 1151/6973 1152/6974 1184/6975
f 1151/6976 1184/6977 1183/6978
f 1152/6979 1153/6980 1185/6981
f 1152/6982 1185/6983 1184/6984
f 1153/6985 1154/6986 1186/6987
f 1153/6988 1186/6989 1185/6990
f 1154/6991 1155/6992 1187/6993
f 1154/6994 1187/6995 1186/6996
f 1155/6997 1156/6998 1188/6999
f 1155/7000 1188/7001 1187/7002
f 1156/7003 1157/7004 1189/7005
f 1156/7006 1189/7007 1188/7008
f 1157/7009 1158/7010 1190/7011
f 1157/7012 1190/7013 1189/7014
f 1158/7015 1159/7016 1191/7017
f 1158/7018 1191/7019 1190/7020
f 1159/7021 1160/7022 1192/7023
f 1159/7024 1192/7025 1191/7026
f 1160/7027 1161/7028 1193/7029
f 1160/7030 1193/7031 1192/7032
f 1161/7033 1162/7034 1194/7035
f 1161/7036 1194/7037 1193/7038
f 1162/7039 1163/7040 1195/7041
f 1162/7042 1195/7043 1194/7044
f 1163/7045 1164/7046 1196/7047
f 1163/7048 1196/7049 1195/7050
f 1164/7051 1165/7052 1197/7053
f 1164/7054 1197/7055 1196/7056
f 1165/7057 1166/7058 1198/7059
f 1165/7060 1198/7061 1197/7062
f 1166/7063 1167/7064 1199/7065
f 1166/7066 1199/7067 1198/7068
f 1167/7069 1168/7070 1200/7071
f 1167/7072 1200/7073 1199/7074
f 1168/7075 1169/7076 1201/7077
f 1168/7078 1201/7079 1200/7080
f 1169/7081 1170/7082 1202/7083
f 1169/7084 1202/7085 1201/7086
f 1170/7087 1171/7088 1203/7089
f 1170/7090 1203/7091 1202/7092
f 1171/7093 1172/7094 1204/7095
f 1171/7096 1204/7097 1203/7098
f 1172/7099 1173/7100 1205/7101
f 1172/7102 1205/7103 1204/7104
f 1173/7105 1174/7106 1206/7107
f 1173/7108 1206/7109 1205/7110
f 1174/7111 1175/7112 1207/7113
f 1174/7114 1207/7115 1206/7116
f 1175/7117 1176/7118 1208/7119
f 1175/7120 1208/7121 1207/7122
f 1176/7123 1145/7124 1177/7125
f 1176/7126 1177/7127 1208/7128
f 1177/7129 1178/7130 1210/7131
f 1177/7132 1210/7133 1209/7134
f 1178/7135 1179/7136 1211/7137
f 1178/7138 1211/7139 1210/7140
f 1179/7141 1180/7142 1212/7143
f 1179/7144 1212/7145 1211/7146
f 1180/7147 1181/7148 1213/7149
f 1180/7150 1213/7151 1212/7152
f 1181/7153 1182/7154 1214/7155
f 1181/7156 1214/7157 1213/7158
f 1182/7159 1183/7160 1215/7161
f 1182/7162 1215/7163 1214/7164
f 1183/7165 1184/7166 1216/7167
f 1183/7168 1216/7169 1215/7170
f 1184/7171 1185/7172 1217/7173
f 1184/7174 1217/7175 1216/7176
f 1185/7177 1186/7178 1218/7179
f 1185/7180 1218/7181 1217/7182
f 1186/7183 1187/7184 1219/7185
f 1186/7186 1219/7187 1218/7188
f 1187/7189 1188/7190 1220/7191
f 1187/7192 1220/7193 1219/7194
f 1188/7195 1189/7196 1221/7197
f 1188/7198 1221/7199 1220/7200
f 1189/7201 1190/7202 1222/7203
f 1189/7204 1222/7205 1221/7206
f 1190/7207 1191/7208 1223/7209
f 1190/7210 1223/7211 1222/7212
f 1191/7213 1192/7214 1224/7215
f 1191/7216 1224/7217 1223/7218
f 1192/7219 1193/7220 1225/7221
f 1192/7222 1225/7223 1224/7224
f 1193/7225 1194/7226 1226/7227
f 1193/7228 1226/7229 1225/7230
f 1194/7231 1195/7232 1227/7233
f 1194/7234 1227/7235 1226/7236
f 1195/7237 1196/7238 1228/7239
f 1195/7240 1228/7241 1227/7242
f 1196/7243 1197/7244 1229/7245
f 1196/7246 1229/7247 1228/7248
f 1197/7249 1198/7250 1230/7251
f 1197/7252 1230/7253 1229/7254
f 1198/7255 1199/7256 1231/7257
f 1198/7258 1231/7259 1230/7260
f 1199/7261 1200/7262 1232/7263
f 1199/7264 1232/7265 1231/7266
f 1200/7267 1201/7268 1233/7269
f 1200/7270 1233/7271 1232/7272
f 1201/7273 1202/7274 1234/7275
f 1201/7276 1234/7277 1233/7278
f 1202/7279 1203/7280 1235/7281
f 1202/7282 1235/7283 1234/7284
f 1203/7285 1204/7286 1236/7287
f 1203/7288 1236/7289 1235/7290
f 1204/7291 1205/7292 1237/7293
f 1204/7294 1237/7295 1236/7296
f 1205/7297 1206/7298 1238/7299
f 1205/7300 1238/7301 1237/7302
f 1206/7303 1207/7304 1239/7305
f 1206/7306 1239/7307 1238/7308
f 1207/7309 1208/7310 1240/7311
f 1207/7312 1240/7313 1239/7314
f 1208/7315 1177/7316 1209/7317
f 1208/7318 1209/7319 1240/7320
f 1209/7321 1210/7322 1242/7323
f 1209/7324 1242/7325 1241/7326
f 1210/7327 1211/7328 1243/7329
f 1210/7330 1243/7331 1242/7332
f 1211/7333 1212/7334 1244/7335
f 1211/7336 1244/7337 1243/7338
f 1212/7339 1213/7340 1245/7341
f 1212/7342 1245/7343 1244/7344
f 1213/7345 1214/7346 1246/7347
f 1213/7348 1246/7349 1245/7350
f 1214/7351 1215/7352 1247/7353
f 1214/7354 1247/7355 1246/7356
f 1215/7357 1216/7358 1248/7359
f 1215/7360 1248/7361 1247/7362
f 1216/7363 1217/7364 1249/7365
f 1216/7366 1249/7367 1248/7368
f 1217/7369 1218/7370 1250/7371
f 1217/7372 1250/7373 1249/7374
f 1218/7375 1219/7376 1251/7377
f 1218/7378 1251/7379 1250/7380
f 1219/7381 1220/7382 1252/7383
f 1219/7384 1252/7385 1251/7386
f 1220/7387 1221/7388 1253/7389
f 1220/7390 1253/7391 1252/7392
f 1221/7393 1222/7394 1254/7395
f 1221/7396 1254/7397 1253/7398
f 1222/7399 1223/7400 1255/7401
f 1222/7402 1255/7403 1254/7404
f 1223/7405 1224/7406 1256/7407
f 1223/7408 1256/7409 1255/7410
f 1224/7411 1225/7412 1257/7413
f 1224/7414 1257/7415 1256/7416
f 1225/7417 1226/7418 1258/7419
f 1225/7420 1258/7421 1257/7422
f 1226/7423 1227/7424 1259/7425
f 1226/7426 1259/7427 1258/7428
f 1227/7429 1228/7430 1260/7431
f 1227/7432 1260/7433 1259/7434
f 1228/7435 1229/7436 1261/7437
f 1228/7438 1261/7439 1260/7440
f 1229/7441 1230/7442 1262/7443
f 1229/7444 1262/7445 1261/7446
f 1230/7447 1231/7448 1263/7449
f 1230/7450 1263/7451 1262/7452
f 1231/7453 1232/7454 1264/7455
f 1231/7456 1264/7457 1263/7458
f 1232/7459 1233/7460 1265/7461
f 1232/7462 1265/7463 1264/7464
f 1233/7465 1234/7466 1266/7467
f 1233/7468 1266/7469 1265/7470
f 1234/7471 1235/7472 1267/7473
f 1234/7474 1267/7475 1266/7476
f 1235/7477 1236/7478 1268/7479
f 1235/7480 1268/7481 1267/7482
f 1236/7483 1237/7484 1269/7485
f 1236/7486 1269/7487 1268/7488
f 1237/7489 1238/7490 1270/7491
f 1237/7492 1270/7493 1269/7494
f 1238/7495 1239/7496 1271/7497
f 1238/7498 1271/7499 1270/7500
f 1239/7501 1240/7502 1272/7503
f 1239/7504 1272/7505 1271/7506
f 1240/7507 1209/7508 1241/7509
f 1240/7510 1241/7511 1272/7512
f 1241/7513 1242/7514 1274/7515
f 1241/7516 1274/7517 1273/7518
f 1242/7519 1243/7520 1275/7521
f 1242/7522 1275/7523 1274/7524
f 1243/7525 1244/7526 1276/7527
f 1243/7528 1276/7529 1275/7530
f 1244/7531 1245/7532 1277/7533
f 1244/7534 1277/7535 1276/7536
f 1245/7537 1246/7538 1278/7539
f 1245/7540 1278/7541 1277/7542
f 1246/7543 1247/7544 1279/7545
f 1246/7546 1279/7547 1278/7548
f 1247/7549 1248/7550 1280/7551
f 1247/7552 1280/7553 1279/7554
f 1248/7555 1249/7556 1281/7557
f 1248/7558 1281/7559 1280/7560
f 1249/7561 1250/7562 1282/7563
f 1249/7564 1282/7565 1281/7566
f 1250/7567 1251/7568 1283/7569
f 1250/7570 1283/7571 1282/7572
f 1251/7573 1252/7574 1284/7575
f 1251/7576 1284/7577 1283/7578
f 1252/7579 1253/7580 1285/7581
f 1252/7582 1285/7583 1284/7584
f 1253/7585 1254/7586 1286/7587
f 1253/7588 1286/7589 1285/7590
f 1254/7591 1255/7592 1287/7593
f 1254/7594 1287/7595 1286/7596
f 1255/7597 1256/7598 1288/7599
f 1255/7600 1288/7601 1287/7602
f 1256/7603 1257/7604 1289/7605
f 1256/7606 1289/7607 1288/7608
f 1257/7609 1258/7610 1290/7611
f 1257/7612 1290/7613 1289/7614
f 1258/7615 1259/7616 1291/7617
f 1258/7618 1291/7619 1290/7620
f 1259/7621 1260/7622 1292/7623
f 1259/7624 1292/7625 1291/7626
f 1260/7627 1261/7628 1293/7629
f 1260/7630 1293/7631 1292/7632
f 1261/7633 1262/7634 1294/7635
f 1261/7636 1294/7637 1293/7638
f 1262/7639 1263/7640 1295/7641
f 1262/7642 1295/7643 1294/7644
f 1263/7645 1264/7646 1296/7647
f 1263/7648 1296/7649 1295/7650
f 1264/7651 1265/7652 1297/7653
f 1264/7654 1297/7655 1296/7656
f 1265/7657 1266/7658 1298/7659
f 1265/7660 1298/7661 1297/7662
f 1266/7663 1267/7664 1299/7665
f 1266/7666 1299/7667 1298/7668
f 1267/7669 1268/7670 1300/7671
f 1267/7672 1300/7673 1299/7674
f 1268/7675 1269/7676 1301/7677
f 1268/7678 1301/7679 1300/7680
f 1269/7681 1270/7682 1302/7683
f 1269/7684 1302/7685 1301/7686
f 1270/7687 1271/7688 1303/7689
f 1270/7690 1303/7691 1302/7692
f 1271/7693 1272/7694 1304/7695
f 1271/7696 1304/7697 1303/7698
f 1272/7699 1241/7700 1273/7701
f 1272/7702 1273/7703 1304/7704
f 1273/7705 1274/7706 1306/7707
f 1273/7708 1306/7709 1305/7710
f 1274/7711 1275/7712 1307/7713
f 1274/7714 1307/7715 1306/7716
f 1275/7717 1276/7718 1308/7719
f 1275/7720 1308/7721 1307/7722
f 1276/7723 1277/7724 1309/7725
f 1276/7726 1309/7727 1308/7728
f 1277/7729 1278/7730 1310/7731
f 1277/7732 1310/7733 1309/7734
f 1278/7735 1279/7736 1311/7737
f 1278/7738 1311/7739 1310/7740
f 1279/7741 1280/7742 1312/7743
f 1279/7744 1312/7745 1311/7746
f 1280/7747 1281/7748 1313/7749
f 1280/7750 1313/7751 1312/7752
f 1281/7753 1282/7754 1314/7755
f 1281/7756 1314/7757 1313/7758
f 1282/7759 1283/7760 1315/7761
f 1282/7762 1315/7763 1314/7764
f 1283/7765 1284/7766 1316/7767
f 1283/7768 1316/7769 1315/7770
f 1284/7771 1285/7772 1317/7773
f 1284/7774 1317/7775 1316/7776
f 1285/7777 1286/7778 1318/7779
f 1285/7780 1318/7781 1317/7782
f 1286/7783 1287/7784 1319/7785
f 1286/7786 1319/7787 1318/7788
f 1287/7789 1288/7790 1320/7791
f 1287/7792 1320/7793 1319/7794
f 1288/7795 1289/7796 1321/7797
f 1288/7798 1321/7799 1320/7800
f 1289/7801 1290/7802 1322/7803
f 1289/7804 1322/7805 1321/7806
f 1290/7807 1291/7808 1323/7809
f 1290/7810 1323/7811 1322/7812
f 1291/7813 1292/7814 1324/7815
f 1291/7816 1324/7817 1323/7818
f 1292/7819 1293/7820 1325/7821
f 1292/7822 1325/7823 1324/7824
f 1293/7825 1294/7826 1326/7827
f 1293/7828 1326/7829 1325/7830
f 1294/7831 1295/7832 1327/7833
f 1294/7834 1327/7835 1326/7836
f 1295/7837 1296/7838 1328/7839
f 1295/7840 1328/7841 1327/7842
f 1296/7843 1297/7844 1329/7845
f 1296/7846 1329/7847 1328/7848
f 1297/7849 1298/7850 1330/7851
f 1297/7852 1330/7853 1329/7854
f 1298/7855 1299/7856 1331/7857
f 1298/7858 1331/7859 1330/7860
f 1299/7861 1300/7862 1332/7863
f 1299/7864 1332/7865 1331/7866
f 1300/7867 1301/7868 1333/7869
f 1300/7870 1333/7871 1332/7872
f 1301/7873 1302/7874 1334/7875
f 1301/7876 1334/7877 1333/7878
f 1302/7879 1303/7880 1335/7881
f 1302/7882 1335/7883 1334/7884
f 1303/7885 1304/7886 1336/7887
f 1303/7888 1336/7889 1335/7890
f 1304/7891 1273/7892 1305/7893
f 1304/7894 1305/7895 1336/7896
f 1305/7897 1306/7898 1338/7899
f 1305/7900 1338/7901 1337/7902
f 1306/7903 1307/7904 1339/7905
f 1306/7906 1339/7907 1338/7908
f 1307/7909 1308/7910 1340/7911
f 1307/7912 1340/7913 1339/7914
f 1308/7915 1309/7916 1341/7917
f 1308/7918 1341/7919 1340/7920
f 1309/7921 1310/7922 1342/7923
f 1309/7924 1342/7925 1341/7926
f 1310/7927 1311/7928 1343/7929
f 1310/7930 1343/7931 1342/7932
f 1311/7933 1312/7934 1344/7935
f 1311/7936 1344/7937 1343/7938
f 1312/7939 1313/7940 1345/7941
f 1312/7942 1345/7943 1344/7944
f 1313/7945 1314/7946 1346/7947
f 1313/7948 1346/7949 1345/7950
f 1314/7951 1315/7952 1347/7953
f 1314/7954 1347/7955 1346/7956
f 1315/7957 1316/7958 1348/7959
f 1315/7960 1348/7961 1347/7962
f 1316/7963 1317/7964 1349/7965
f 1316/7966 1349/7967 1348/7968
f 1317/7969 1318/7970 1350/7971
f 1317/7972 1350/7973 1349/7974
f 1318/7975 1319/7976 1351/7977
f 1318/7978 1351/7979 1350/7980
f 1319/7981 1320/7982 1352/7983
f 1319/7984 1352/7985 1351/7986
f 1320/7987 1321/7988 1353/7989
f 1320/7990 1353/7991 1352/7992
f 1321/7993 1322/7994 1354/7995
f 1321/7996 1354/7997 1353/7998
f 1322/7999 1323/8000 1355/8001
f 1322/8002 1355/8003 1354/8004
f 1323/8005 1324/8006 1356/8007
f 1323/8008 1356/8009 1355/8010
f 1324/8011 1325/8012 1357/8013
f 1324/8014 1357/8015 1356/8016
f 1325/8017 1326/8018 1358/8019
f 1325/8020 1358/8021 1357/8022
f 1326/8023 1327/8024 1359/8025
f 1326/8026 1359/8027 1358/8028
f 1327/8029 1328/8030 1360/8031
f 1327/8032 1360/8033 1359/8034
f 1328/8035 1329/8036 1361/8037
f 1328/8038 1361/8039 1360/8040
f 1329/8041 1330/8042 1362/8043
f 1329/8044 1362/8045 1361/8046
f 1330/8047 1331/8048 1363/8049
f 1330/8050 1363/8051 1362/8052
f 1331/8053 1332/8054 1364/8055
f 1331/8056 1364/8057 1363/8058
f 1332/8059 1333/8060 1365/8061
f 1332/8062 1365/8063 1364/8064
f 1333/8065 1334/8066 1366/8067
f 1333/8068 1366/8069 1365/8070
f 1334/8071 1335/8072 1367/8073
f 1334/8074 1367/8075 1366/8076
f 1335/8077 1336/8078 1368/8079
f 1335/8080 1368/8081 1367/8082
f 1336/8083 1305/8084 1337/8085
f 1336/8086 1337/8087 1368/8088
f 1337/8089 1338/8090 1370/8091
f 1337/8092 1370/8093 1369/8094
f 1338/8095 1339/8096 1371/8097
f 1338/8098 1371/8099 1370/8100
f 1339/8101 1340/8102 1372/8103
f 1339/8104 1372/8105 1371/8106
f 1340/8107 1341/8108 1373/8109
f 1340/8110 1373/8111 1372/8112
f 1341/8113 1342/8114 1374/8115
f 1341/8116 1374/8117 1373/8118
f 1342/8119 1343/8120 1375/8121
f 1342/8122 1375/8123 1374/8124
f 1343/8125 1344/8126 1376/8127
f 1343/8128 1376/8129 1375/8130
f 1344/8131 1345/8132 1377/8133
f 1344/8134 1377/8135 1376/8136
f 1345/8137 1346/8138 1378/8139
f 1345/8140 1378/8141 1377/8142
f 1346/8143 1347/8144 1379/8145
f 1346/8146 1379/8147 1378/8148
f 1347/8149 1348/8150 1380/8151
f 1347/8152 1380/8153 1379/8154
f 1348/8155 1349/8156 1381/8157
f 1348/8158 1381/8159 1380/8160
f 1349/8161 1350/8162 1382/8163
f 1349/8164 1382/8165 1381/8166
f 1350/8167 1351/8168 1383/8169
f 1350/8170 1383/8171 1382/8172
f 1351/8173 1352/8174 1384/8175
f 1351/8176 1384/8177 1383/8178
f 1352/8179 1353/8180 1385/8181
f 1352/8182 1385/8183 1384/8184
f 1353/8185 1354/8186 1386/8187
f 1353/8188 1386/8189 1385/8190
f 1354/8191 1355/8192 1387/8193
f 1354/8194 1387/8195 1386/8196
f 1355/8197 1356/8198 1388/8199
f 1355/8200 1388/8201 1387/8202
f 1356/8203 1357/8204 1389/8205
f 1356/8206 1389/8207 1388/8208
f 1357/8209 1358/8210 1390/8211
f 1357/8212 1390/8213 1389/8214
f 1358/8215 1359/8216 1391/8217
f 1358/8218 1391/8219 1390/8220
f 1359/8221 1360/8222 1392/8223
f 1359/8224 1392/8225 1391/8226
f 1360/8227 1361/8228 1393/8229
f 1360/8230 1393/8231 1392/8232
f 1361/8233 1362/8234 1394/8235
f 1361/8236 1394/8237 1393/8238
f 1362/8239 1363/8240 1395/8241
f 1362/8242 1395/8243 1394/8244
f 1363/8245 1364/8246 1396/8247
f 1363/8248 1396/8249 1395/8250
f 1364/8251 1365/8252 1397/8253
f 1364/8254 1397/8255 1396/8256
f 1365/8257 1366/8258 1398/8259
f 1365/8260 1398/8261 1397/8262
f 1366/8263 1367/8264 1399/8265
f 1366/8266 1399/8267 1398/8268
f 1367/8269 1368/8270 1400/8271
f 1367/8272 1400/8273 1399/8274
f 1368/8275 1337/8276 1369/8277
f 1368/8278 1369/8279 1400/8280
