# Generated by Scripts/LaserGimmicks/generate_laser_gimmick_meshes.py
mtllib SM_LaserEmitter.mtl
o SM_LaserEmitter
g SM_LaserEmitter
v 0.000000 55.000000 0.000000
v 9.000000 55.000000 0.000000
v 0.000000 54.322859 8.603896
v 9.000000 54.322859 8.603896
v 0.000000 52.308108 16.995935
v 9.000000 52.308108 16.995935
v 0.000000 49.005359 24.969477
v 9.000000 49.005359 24.969477
v 0.000000 44.495935 32.328189
v 9.000000 44.495935 32.328189
v 0.000000 38.890873 38.890873
v 9.000000 38.890873 38.890873
v 0.000000 32.328189 44.495935
v 9.000000 32.328189 44.495935
v 0.000000 24.969477 49.005359
v 9.000000 24.969477 49.005359
v 0.000000 16.995935 52.308108
v 9.000000 16.995935 52.308108
v 0.000000 8.603896 54.322859
v 9.000000 8.603896 54.322859
v 0.000000 0.000000 55.000000
v 9.000000 0.000000 55.000000
v 0.000000 -8.603896 54.322859
v 9.000000 -8.603896 54.322859
v 0.000000 -16.995935 52.308108
v 9.000000 -16.995935 52.308108
v 0.000000 -24.969477 49.005359
v 9.000000 -24.969477 49.005359
v 0.000000 -32.328189 44.495935
v 9.000000 -32.328189 44.495935
v 0.000000 -38.890873 38.890873
v 9.000000 -38.890873 38.890873
v 0.000000 -44.495935 32.328189
v 9.000000 -44.495935 32.328189
v 0.000000 -49.005359 24.969477
v 9.000000 -49.005359 24.969477
v 0.000000 -52.308108 16.995935
v 9.000000 -52.308108 16.995935
v 0.000000 -54.322859 8.603896
v 9.000000 -54.322859 8.603896
v 0.000000 -55.000000 0.000000
v 9.000000 -55.000000 0.000000
v 0.000000 -54.322859 -8.603896
v 9.000000 -54.322859 -8.603896
v 0.000000 -52.308108 -16.995935
v 9.000000 -52.308108 -16.995935
v 0.000000 -49.005359 -24.969477
v 9.000000 -49.005359 -24.969477
v 0.000000 -44.495935 -32.328189
v 9.000000 -44.495935 -32.328189
v 0.000000 -38.890873 -38.890873
v 9.000000 -38.890873 -38.890873
v 0.000000 -32.328189 -44.495935
v 9.000000 -32.328189 -44.495935
v 0.000000 -24.969477 -49.005359
v 9.000000 -24.969477 -49.005359
v 0.000000 -16.995935 -52.308108
v 9.000000 -16.995935 -52.308108
v 0.000000 -8.603896 -54.322859
v 9.000000 -8.603896 -54.322859
v 0.000000 -0.000000 -55.000000
v 9.000000 -0.000000 -55.000000
v 0.000000 8.603896 -54.322859
v 9.000000 8.603896 -54.322859
v 0.000000 16.995935 -52.308108
v 9.000000 16.995935 -52.308108
v 0.000000 24.969477 -49.005359
v 9.000000 24.969477 -49.005359
v 0.000000 32.328189 -44.495935
v 9.000000 32.328189 -44.495935
v 0.000000 38.890873 -38.890873
v 9.000000 38.890873 -38.890873
v 0.000000 44.495935 -32.328189
v 9.000000 44.495935 -32.328189
v 0.000000 49.005359 -24.969477
v 9.000000 49.005359 -24.969477
v 0.000000 52.308108 -16.995935
v 9.000000 52.308108 -16.995935
v 0.000000 54.322859 -8.603896
v 9.000000 54.322859 -8.603896
v 0.000000 0.000000 0.000000
v 9.000000 0.000000 0.000000
v 8.000000 51.000000 0.000000
v 11.535534 49.535534 0.000000
v 13.000000 46.000000 0.000000
v 11.535534 42.464466 0.000000
v 8.000000 41.000000 0.000000
v 4.464466 42.464466 0.000000
v 3.000000 46.000000 0.000000
v 4.464466 49.535534 0.000000
v 8.000000 50.372105 7.978158
v 11.535534 48.925669 7.749065
v 13.000000 45.433664 7.195985
v 11.535534 41.941658 6.642906
v 8.000000 40.495222 6.413813
v 4.464466 41.941658 6.642906
v 3.000000 45.433664 7.195985
v 4.464466 48.925669 7.749065
v 8.000000 48.503882 15.759867
v 11.535534 47.111092 15.307322
v 13.000000 43.748600 14.214782
v 11.535534 40.386107 13.122242
v 8.000000 38.993317 12.669697
v 4.464466 40.386107 13.122242
v 3.000000 43.748600 14.214782
v 4.464466 47.111092 15.307322
v 8.000000 45.441333 23.153515
v 11.535534 44.136484 22.488662
v 13.000000 40.986300 20.883563
v 11.535534 37.836116 19.278464
v 8.000000 36.531267 18.613610
v 4.464466 37.836116 19.278464
v 3.000000 40.986300 20.883563
v 4.464466 44.136484 22.488662
v 8.000000 41.259867 29.977048
v 11.535534 40.075089 29.116256
v 13.000000 37.214782 27.038122
v 11.535534 34.354475 24.959987
v 8.000000 33.169697 24.099195
v 4.464466 34.354475 24.959987
v 3.000000 37.214782 27.038122
v 4.464466 40.075089 29.116256
v 8.000000 36.062446 36.062446
v 11.535534 35.026912 35.026912
v 13.000000 32.526912 32.526912
v 11.535534 30.026912 30.026912
v 8.000000 28.991378 28.991378
v 4.464466 30.026912 30.026912
v 3.000000 32.526912 32.526912
v 4.464466 35.026912 35.026912
v 8.000000 29.977048 41.259867
v 11.535534 29.116256 40.075089
v 13.000000 27.038122 37.214782
v 11.535534 24.959987 34.354475
v 8.000000 24.099195 33.169697
v 4.464466 24.959987 34.354475
v 3.000000 27.038122 37.214782
v 4.464466 29.116256 40.075089
v 8.000000 23.153515 45.441333
v 11.535534 22.488662 44.136484
v 13.000000 20.883563 40.986300
v 11.535534 19.278464 37.836116
v 8.000000 18.613610 36.531267
v 4.464466 19.278464 37.836116
v 3.000000 20.883563 40.986300
v 4.464466 22.488662 44.136484
v 8.000000 15.759867 48.503882
v 11.535534 15.307322 47.111092
v 13.000000 14.214782 43.748600
v 11.535534 13.122242 40.386107
v 8.000000 12.669697 38.993317
v 4.464466 13.122242 40.386107
v 3.000000 14.214782 43.748600
v 4.464466 15.307322 47.111092
v 8.000000 7.978158 50.372105
v 11.535534 7.749065 48.925669
v 13.000000 7.195985 45.433664
v 11.535534 6.642906 41.941658
v 8.000000 6.413813 40.495222
v 4.464466 6.642906 41.941658
v 3.000000 7.195985 45.433664
v 4.464466 7.749065 48.925669
v 8.000000 0.000000 51.000000
v 11.535534 0.000000 49.535534
v 13.000000 0.000000 46.000000
v 11.535534 0.000000 42.464466
v 8.000000 0.000000 41.000000
v 4.464466 0.000000 42.464466
v 3.000000 0.000000 46.000000
v 4.464466 0.000000 49.535534
v 8.000000 -7.978158 50.372105
v 11.535534 -7.749065 48.925669
v 13.000000 -7.195985 45.433664
v 11.535534 -6.642906 41.941658
v 8.000000 -6.413813 40.495222
v 4.464466 -6.642906 41.941658
v 3.000000 -7.195985 45.433664
v 4.464466 -7.749065 48.925669
v 8.000000 -15.759867 48.503882
v 11.535534 -15.307322 47.111092
v 13.000000 -14.214782 43.748600
v 11.535534 -13.122242 40.386107
v 8.000000 -12.669697 38.993317
v 4.464466 -13.122242 40.386107
v 3.000000 -14.214782 43.748600
v 4.464466 -15.307322 47.111092
v 8.000000 -23.153515 45.441333
v 11.535534 -22.488662 44.136484
v 13.000000 -20.883563 40.986300
v 11.535534 -19.278464 37.836116
v 8.000000 -18.613610 36.531267
v 4.464466 -19.278464 37.836116
v 3.000000 -20.883563 40.986300
v 4.464466 -22.488662 44.136484
v 8.000000 -29.977048 41.259867
v 11.535534 -29.116256 40.075089
v 13.000000 -27.038122 37.214782
v 11.535534 -24.959987 34.354475
v 8.000000 -24.099195 33.169697
v 4.464466 -24.959987 34.354475
v 3.000000 -27.038122 37.214782
v 4.464466 -29.116256 40.075089
v 8.000000 -36.062446 36.062446
v 11.535534 -35.026912 35.026912
v 13.000000 -32.526912 32.526912
v 11.535534 -30.026912 30.026912
v 8.000000 -28.991378 28.991378
v 4.464466 -30.026912 30.026912
v 3.000000 -32.526912 32.526912
v 4.464466 -35.026912 35.026912
v 8.000000 -41.259867 29.977048
v 11.535534 -40.075089 29.116256
v 13.000000 -37.214782 27.038122
v 11.535534 -34.354475 24.959987
v 8.000000 -33.169697 24.099195
v 4.464466 -34.354475 24.959987
v 3.000000 -37.214782 27.038122
v 4.464466 -40.075089 29.116256
v 8.000000 -45.441333 23.153515
v 11.535534 -44.136484 22.488662
v 13.000000 -40.986300 20.883563
v 11.535534 -37.836116 19.278464
v 8.000000 -36.531267 18.613610
v 4.464466 -37.836116 19.278464
v 3.000000 -40.986300 20.883563
v 4.464466 -44.136484 22.488662
v 8.000000 -48.503882 15.759867
v 11.535534 -47.111092 15.307322
v 13.000000 -43.748600 14.214782
v 11.535534 -40.386107 13.122242
v 8.000000 -38.993317 12.669697
v 4.464466 -40.386107 13.122242
v 3.000000 -43.748600 14.214782
v 4.464466 -47.111092 15.307322
v 8.000000 -50.372105 7.978158
v 11.535534 -48.925669 7.749065
v 13.000000 -45.433664 7.195985
v 11.535534 -41.941658 6.642906
v 8.000000 -40.495222 6.413813
v 4.464466 -41.941658 6.642906
v 3.000000 -45.433664 7.195985
v 4.464466 -48.925669 7.749065
v 8.000000 -51.000000 0.000000
v 11.535534 -49.535534 0.000000
v 13.000000 -46.000000 0.000000
v 11.535534 -42.464466 0.000000
v 8.000000 -41.000000 0.000000
v 4.464466 -42.464466 0.000000
v 3.000000 -46.000000 0.000000
v 4.464466 -49.535534 0.000000
v 8.000000 -50.372105 -7.978158
v 11.535534 -48.925669 -7.749065
v 13.000000 -45.433664 -7.195985
v 11.535534 -41.941658 -6.642906
v 8.000000 -40.495222 -6.413813
v 4.464466 -41.941658 -6.642906
v 3.000000 -45.433664 -7.195985
v 4.464466 -48.925669 -7.749065
v 8.000000 -48.503882 -15.759867
v 11.535534 -47.111092 -15.307322
v 13.000000 -43.748600 -14.214782
v 11.535534 -40.386107 -13.122242
v 8.000000 -38.993317 -12.669697
v 4.464466 -40.386107 -13.122242
v 3.000000 -43.748600 -14.214782
v 4.464466 -47.111092 -15.307322
v 8.000000 -45.441333 -23.153515
v 11.535534 -44.136484 -22.488662
v 13.000000 -40.986300 -20.883563
v 11.535534 -37.836116 -19.278464
v 8.000000 -36.531267 -18.613610
v 4.464466 -37.836116 -19.278464
v 3.000000 -40.986300 -20.883563
v 4.464466 -44.136484 -22.488662
v 8.000000 -41.259867 -29.977048
v 11.535534 -40.075089 -29.116256
v 13.000000 -37.214782 -27.038122
v 11.535534 -34.354475 -24.959987
v 8.000000 -33.169697 -24.099195
v 4.464466 -34.354475 -24.959987
v 3.000000 -37.214782 -27.038122
v 4.464466 -40.075089 -29.116256
v 8.000000 -36.062446 -36.062446
v 11.535534 -35.026912 -35.026912
v 13.000000 -32.526912 -32.526912
v 11.535534 -30.026912 -30.026912
v 8.000000 -28.991378 -28.991378
v 4.464466 -30.026912 -30.026912
v 3.000000 -32.526912 -32.526912
v 4.464466 -35.026912 -35.026912
v 8.000000 -29.977048 -41.259867
v 11.535534 -29.116256 -40.075089
v 13.000000 -27.038122 -37.214782
v 11.535534 -24.959987 -34.354475
v 8.000000 -24.099195 -33.169697
v 4.464466 -24.959987 -34.354475
v 3.000000 -27.038122 -37.214782
v 4.464466 -29.116256 -40.075089
v 8.000000 -23.153515 -45.441333
v 11.535534 -22.488662 -44.136484
v 13.000000 -20.883563 -40.986300
v 11.535534 -19.278464 -37.836116
v 8.000000 -18.613610 -36.531267
v 4.464466 -19.278464 -37.836116
v 3.000000 -20.883563 -40.986300
v 4.464466 -22.488662 -44.136484
v 8.000000 -15.759867 -48.503882
v 11.535534 -15.307322 -47.111092
v 13.000000 -14.214782 -43.748600
v 11.535534 -13.122242 -40.386107
v 8.000000 -12.669697 -38.993317
v 4.464466 -13.122242 -40.386107
v 3.000000 -14.214782 -43.748600
v 4.464466 -15.307322 -47.111092
v 8.000000 -7.978158 -50.372105
v 11.535534 -7.749065 -48.925669
v 13.000000 -7.195985 -45.433664
v 11.535534 -6.642906 -41.941658
v 8.000000 -6.413813 -40.495222
v 4.464466 -6.642906 -41.941658
v 3.000000 -7.195985 -45.433664
v 4.464466 -7.749065 -48.925669
v 8.000000 -0.000000 -51.000000
v 11.535534 -0.000000 -49.535534
v 13.000000 -0.000000 -46.000000
v 11.535534 -0.000000 -42.464466
v 8.000000 -0.000000 -41.000000
v 4.464466 -0.000000 -42.464466
v 3.000000 -0.000000 -46.000000
v 4.464466 -0.000000 -49.535534
v 8.000000 7.978158 -50.372105
v 11.535534 7.749065 -48.925669
v 13.000000 7.195985 -45.433664
v 11.535534 6.642906 -41.941658
v 8.000000 6.413813 -40.495222
v 4.464466 6.642906 -41.941658
v 3.000000 7.195985 -45.433664
v 4.464466 7.749065 -48.925669
v 8.000000 15.759867 -48.503882
v 11.535534 15.307322 -47.111092
v 13.000000 14.214782 -43.748600
v 11.535534 13.122242 -40.386107
v 8.000000 12.669697 -38.993317
v 4.464466 13.122242 -40.386107
v 3.000000 14.214782 -43.748600
v 4.464466 15.307322 -47.111092
v 8.000000 23.153515 -45.441333
v 11.535534 22.488662 -44.136484
v 13.000000 20.883563 -40.986300
v 11.535534 19.278464 -37.836116
v 8.000000 18.613610 -36.531267
v 4.464466 19.278464 -37.836116
v 3.000000 20.883563 -40.986300
v 4.464466 22.488662 -44.136484
v 8.000000 29.977048 -41.259867
v 11.535534 29.116256 -40.075089
v 13.000000 27.038122 -37.214782
v 11.535534 24.959987 -34.354475
v 8.000000 24.099195 -33.169697
v 4.464466 24.959987 -34.354475
v 3.000000 27.038122 -37.214782
v 4.464466 29.116256 -40.075089
v 8.000000 36.062446 -36.062446
v 11.535534 35.026912 -35.026912
v 13.000000 32.526912 -32.526912
v 11.535534 30.026912 -30.026912
v 8.000000 28.991378 -28.991378
v 4.464466 30.026912 -30.026912
v 3.000000 32.526912 -32.526912
v 4.464466 35.026912 -35.026912
v 8.000000 41.259867 -29.977048
v 11.535534 40.075089 -29.116256
v 13.000000 37.214782 -27.038122
v 11.535534 34.354475 -24.959987
v 8.000000 33.169697 -24.099195
v 4.464466 34.354475 -24.959987
v 3.000000 37.214782 -27.038122
v 4.464466 40.075089 -29.116256
v 8.000000 45.441333 -23.153515
v 11.535534 44.136484 -22.488662
v 13.000000 40.986300 -20.883563
v 11.535534 37.836116 -19.278464
v 8.000000 36.531267 -18.613610
v 4.464466 37.836116 -19.278464
v 3.000000 40.986300 -20.883563
v 4.464466 44.136484 -22.488662
v 8.000000 48.503882 -15.759867
v 11.535534 47.111092 -15.307322
v 13.000000 43.748600 -14.214782
v 11.535534 40.386107 -13.122242
v 8.000000 38.993317 -12.669697
v 4.464466 40.386107 -13.122242
v 3.000000 43.748600 -14.214782
v 4.464466 47.111092 -15.307322
v 8.000000 50.372105 -7.978158
v 11.535534 48.925669 -7.749065
v 13.000000 45.433664 -7.195985
v 11.535534 41.941658 -6.642906
v 8.000000 40.495222 -6.413813
v 4.464466 41.941658 -6.642906
v 3.000000 45.433664 -7.195985
v 4.464466 48.925669 -7.749065
v 8.000000 39.000000 0.000000
v 38.000000 30.000000 0.000000
v 8.000000 38.519845 6.100944
v 38.000000 29.630650 4.693034
v 8.000000 37.091204 12.051663
v 38.000000 28.531695 9.270510
v 8.000000 34.749254 17.705629
v 38.000000 26.730196 13.619715
v 8.000000 31.551663 22.923625
v 38.000000 24.270510 17.633558
v 8.000000 27.577164 27.577164
v 38.000000 21.213203 21.213203
v 8.000000 22.923625 31.551663
v 38.000000 17.633558 24.270510
v 8.000000 17.705629 34.749254
v 38.000000 13.619715 26.730196
v 8.000000 12.051663 37.091204
v 38.000000 9.270510 28.531695
v 8.000000 6.100944 38.519845
v 38.000000 4.693034 29.630650
v 8.000000 0.000000 39.000000
v 38.000000 0.000000 30.000000
v 8.000000 -6.100944 38.519845
v 38.000000 -4.693034 29.630650
v 8.000000 -12.051663 37.091204
v 38.000000 -9.270510 28.531695
v 8.000000 -17.705629 34.749254
v 38.000000 -13.619715 26.730196
v 8.000000 -22.923625 31.551663
v 38.000000 -17.633558 24.270510
v 8.000000 -27.577164 27.577164
v 38.000000 -21.213203 21.213203
v 8.000000 -31.551663 22.923625
v 38.000000 -24.270510 17.633558
v 8.000000 -34.749254 17.705629
v 38.000000 -26.730196 13.619715
v 8.000000 -37.091204 12.051663
v 38.000000 -28.531695 9.270510
v 8.000000 -38.519845 6.100944
v 38.000000 -29.630650 4.693034
v 8.000000 -39.000000 0.000000
v 38.000000 -30.000000 0.000000
v 8.000000 -38.519845 -6.100944
v 38.000000 -29.630650 -4.693034
v 8.000000 -37.091204 -12.051663
v 38.000000 -28.531695 -9.270510
v 8.000000 -34.749254 -17.705629
v 38.000000 -26.730196 -13.619715
v 8.000000 -31.551663 -22.923625
v 38.000000 -24.270510 -17.633558
v 8.000000 -27.577164 -27.577164
v 38.000000 -21.213203 -21.213203
v 8.000000 -22.923625 -31.551663
v 38.000000 -17.633558 -24.270510
v 8.000000 -17.705629 -34.749254
v 38.000000 -13.619715 -26.730196
v 8.000000 -12.051663 -37.091204
v 38.000000 -9.270510 -28.531695
v 8.000000 -6.100944 -38.519845
v 38.000000 -4.693034 -29.630650
v 8.000000 -0.000000 -39.000000
v 38.000000 -0.000000 -30.000000
v 8.000000 6.100944 -38.519845
v 38.000000 4.693034 -29.630650
v 8.000000 12.051663 -37.091204
v 38.000000 9.270510 -28.531695
v 8.000000 17.705629 -34.749254
v 38.000000 13.619715 -26.730196
v 8.000000 22.923625 -31.551663
v 38.000000 17.633558 -24.270510
v 8.000000 27.577164 -27.577164
v 38.000000 21.213203 -21.213203
v 8.000000 31.551663 -22.923625
v 38.000000 24.270510 -17.633558
v 8.000000 34.749254 -17.705629
v 38.000000 26.730196 -13.619715
v 8.000000 37.091204 -12.051663
v 38.000000 28.531695 -9.270510
v 8.000000 38.519845 -6.100944
v 38.000000 29.630650 -4.693034
v 8.000000 0.000000 0.000000
v 38.000000 0.000000 0.000000
v 34.000000 24.000000 0.000000
v 69.000000 20.000000 0.000000
v 34.000000 23.538847 4.682168
v 69.000000 19.615706 3.901806
v 34.000000 22.173109 9.184402
v 69.000000 18.477591 7.653669
v 34.000000 19.955271 13.333686
v 69.000000 16.629392 11.111405
v 34.000000 16.970563 16.970563
v 69.000000 14.142136 14.142136
v 34.000000 13.333686 19.955271
v 69.000000 11.111405 16.629392
v 34.000000 9.184402 22.173109
v 69.000000 7.653669 18.477591
v 34.000000 4.682168 23.538847
v 69.000000 3.901806 19.615706
v 34.000000 0.000000 24.000000
v 69.000000 0.000000 20.000000
v 34.000000 -4.682168 23.538847
v 69.000000 -3.901806 19.615706
v 34.000000 -9.184402 22.173109
v 69.000000 -7.653669 18.477591
v 34.000000 -13.333686 19.955271
v 69.000000 -11.111405 16.629392
v 34.000000 -16.970563 16.970563
v 69.000000 -14.142136 14.142136
v 34.000000 -19.955271 13.333686
v 69.000000 -16.629392 11.111405
v 34.000000 -22.173109 9.184402
v 69.000000 -18.477591 7.653669
v 34.000000 -23.538847 4.682168
v 69.000000 -19.615706 3.901806
v 34.000000 -24.000000 0.000000
v 69.000000 -20.000000 0.000000
v 34.000000 -23.538847 -4.682168
v 69.000000 -19.615706 -3.901806
v 34.000000 -22.173109 -9.184402
v 69.000000 -18.477591 -7.653669
v 34.000000 -19.955271 -13.333686
v 69.000000 -16.629392 -11.111405
v 34.000000 -16.970563 -16.970563
v 69.000000 -14.142136 -14.142136
v 34.000000 -13.333686 -19.955271
v 69.000000 -11.111405 -16.629392
v 34.000000 -9.184402 -22.173109
v 69.000000 -7.653669 -18.477591
v 34.000000 -4.682168 -23.538847
v 69.000000 -3.901806 -19.615706
v 34.000000 -0.000000 -24.000000
v 69.000000 -0.000000 -20.000000
v 34.000000 4.682168 -23.538847
v 69.000000 3.901806 -19.615706
v 34.000000 9.184402 -22.173109
v 69.000000 7.653669 -18.477591
v 34.000000 13.333686 -19.955271
v 69.000000 11.111405 -16.629392
v 34.000000 16.970563 -16.970563
v 69.000000 14.142136 -14.142136
v 34.000000 19.955271 -13.333686
v 69.000000 16.629392 -11.111405
v 34.000000 22.173109 -9.184402
v 69.000000 18.477591 -7.653669
v 34.000000 23.538847 -4.682168
v 69.000000 19.615706 -3.901806
v 34.000000 0.000000 0.000000
v 69.000000 0.000000 0.000000
v 42.000000 30.200000 0.000000
v 44.262742 29.262742 0.000000
v 45.200000 27.000000 0.000000
v 44.262742 24.737258 0.000000
v 42.000000 23.800000 0.000000
v 39.737258 24.737258 0.000000
v 38.800000 27.000000 0.000000
v 39.737258 29.262742 0.000000
v 42.000000 29.619715 5.891728
v 44.262742 28.700466 5.708878
v 45.200000 26.481203 5.267439
v 44.262742 24.261939 4.826000
v 42.000000 23.342690 4.643150
v 39.737258 24.261939 4.826000
v 38.800000 26.481203 5.267439
v 39.737258 28.700466 5.708878
v 42.000000 27.901162 11.557040
v 44.262742 27.035248 11.198366
v 45.200000 24.944747 10.332453
v 44.262742 22.854247 9.466539
v 42.000000 21.988333 9.107866
v 39.737258 22.854247 9.466539
v 38.800000 24.944747 10.332453
v 39.737258 27.035248 11.198366
v 42.000000 25.110382 16.778221
v 44.262742 24.331080 16.257508
v 45.200000 22.449680 15.000396
v 44.262742 20.568279 13.743284
v 42.000000 19.788977 13.222572
v 39.737258 20.568279 13.743284
v 38.800000 22.449680 15.000396
v 39.737258 24.331080 16.257508
v 42.000000 21.354625 21.354625
v 44.262742 20.691883 20.691883
v 45.200000 19.091883 19.091883
v 44.262742 17.491883 17.491883
v 42.000000 16.829141 16.829141
v 39.737258 17.491883 17.491883
v 38.800000 19.091883 19.091883
v 39.737258 20.691883 20.691883
v 42.000000 16.778221 25.110382
v 44.262742 16.257508 24.331080
v 45.200000 15.000396 22.449680
v 44.262742 13.743284 20.568279
v 42.000000 13.222572 19.788977
v 39.737258 13.743284 20.568279
v 38.800000 15.000396 22.449680
v 39.737258 16.257508 24.331080
v 42.000000 11.557040 27.901162
v 44.262742 11.198366 27.035248
v 45.200000 10.332453 24.944747
v 44.262742 9.466539 22.854247
v 42.000000 9.107866 21.988333
v 39.737258 9.466539 22.854247
v 38.800000 10.332453 24.944747
v 39.737258 11.198366 27.035248
v 42.000000 5.891728 29.619715
v 44.262742 5.708878 28.700466
v 45.200000 5.267439 26.481203
v 44.262742 4.826000 24.261939
v 42.000000 4.643150 23.342690
v 39.737258 4.826000 24.261939
v 38.800000 5.267439 26.481203
v 39.737258 5.708878 28.700466
v 42.000000 0.000000 30.200000
v 44.262742 0.000000 29.262742
v 45.200000 0.000000 27.000000
v 44.262742 0.000000 24.737258
v 42.000000 0.000000 23.800000
v 39.737258 0.000000 24.737258
v 38.800000 0.000000 27.000000
v 39.737258 0.000000 29.262742
v 42.000000 -5.891728 29.619715
v 44.262742 -5.708878 28.700466
v 45.200000 -5.267439 26.481203
v 44.262742 -4.826000 24.261939
v 42.000000 -4.643150 23.342690
v 39.737258 -4.826000 24.261939
v 38.800000 -5.267439 26.481203
v 39.737258 -5.708878 28.700466
v 42.000000 -11.557040 27.901162
v 44.262742 -11.198366 27.035248
v 45.200000 -10.332453 24.944747
v 44.262742 -9.466539 22.854247
v 42.000000 -9.107866 21.988333
v 39.737258 -9.466539 22.854247
v 38.800000 -10.332453 24.944747
v 39.737258 -11.198366 27.035248
v 42.000000 -16.778221 25.110382
v 44.262742 -16.257508 24.331080
v 45.200000 -15.000396 22.449680
v 44.262742 -13.743284 20.568279
v 42.000000 -13.222572 19.788977
v 39.737258 -13.743284 20.568279
v 38.800000 -15.000396 22.449680
v 39.737258 -16.257508 24.331080
v 42.000000 -21.354625 21.354625
v 44.262742 -20.691883 20.691883
v 45.200000 -19.091883 19.091883
v 44.262742 -17.491883 17.491883
v 42.000000 -16.829141 16.829141
v 39.737258 -17.491883 17.491883
v 38.800000 -19.091883 19.091883
v 39.737258 -20.691883 20.691883
v 42.000000 -25.110382 16.778221
v 44.262742 -24.331080 16.257508
v 45.200000 -22.449680 15.000396
v 44.262742 -20.568279 13.743284
v 42.000000 -19.788977 13.222572
v 39.737258 -20.568279 13.743284
v 38.800000 -22.449680 15.000396
v 39.737258 -24.331080 16.257508
v 42.000000 -27.901162 11.557040
v 44.262742 -27.035248 11.198366
v 45.200000 -24.944747 10.332453
v 44.262742 -22.854247 9.466539
v 42.000000 -21.988333 9.107866
v 39.737258 -22.854247 9.466539
v 38.800000 -24.944747 10.332453
v 39.737258 -27.035248 11.198366
v 42.000000 -29.619715 5.891728
v 44.262742 -28.700466 5.708878
v 45.200000 -26.481203 5.267439
v 44.262742 -24.261939 4.826000
v 42.000000 -23.342690 4.643150
v 39.737258 -24.261939 4.826000
v 38.800000 -26.481203 5.267439
v 39.737258 -28.700466 5.708878
v 42.000000 -30.200000 0.000000
v 44.262742 -29.262742 0.000000
v 45.200000 -27.000000 0.000000
v 44.262742 -24.737258 0.000000
v 42.000000 -23.800000 0.000000
v 39.737258 -24.737258 0.000000
v 38.800000 -27.000000 0.000000
v 39.737258 -29.262742 0.000000
v 42.000000 -29.619715 -5.891728
v 44.262742 -28.700466 -5.708878
v 45.200000 -26.481203 -5.267439
v 44.262742 -24.261939 -4.826000
v 42.000000 -23.342690 -4.643150
v 39.737258 -24.261939 -4.826000
v 38.800000 -26.481203 -5.267439
v 39.737258 -28.700466 -5.708878
v 42.000000 -27.901162 -11.557040
v 44.262742 -27.035248 -11.198366
v 45.200000 -24.944747 -10.332453
v 44.262742 -22.854247 -9.466539
v 42.000000 -21.988333 -9.107866
v 39.737258 -22.854247 -9.466539
v 38.800000 -24.944747 -10.332453
v 39.737258 -27.035248 -11.198366
v 42.000000 -25.110382 -16.778221
v 44.262742 -24.331080 -16.257508
v 45.200000 -22.449680 -15.000396
v 44.262742 -20.568279 -13.743284
v 42.000000 -19.788977 -13.222572
v 39.737258 -20.568279 -13.743284
v 38.800000 -22.449680 -15.000396
v 39.737258 -24.331080 -16.257508
v 42.000000 -21.354625 -21.354625
v 44.262742 -20.691883 -20.691883
v 45.200000 -19.091883 -19.091883
v 44.262742 -17.491883 -17.491883
v 42.000000 -16.829141 -16.829141
v 39.737258 -17.491883 -17.491883
v 38.800000 -19.091883 -19.091883
v 39.737258 -20.691883 -20.691883
v 42.000000 -16.778221 -25.110382
v 44.262742 -16.257508 -24.331080
v 45.200000 -15.000396 -22.449680
v 44.262742 -13.743284 -20.568279
v 42.000000 -13.222572 -19.788977
v 39.737258 -13.743284 -20.568279
v 38.800000 -15.000396 -22.449680
v 39.737258 -16.257508 -24.331080
v 42.000000 -11.557040 -27.901162
v 44.262742 -11.198366 -27.035248
v 45.200000 -10.332453 -24.944747
v 44.262742 -9.466539 -22.854247
v 42.000000 -9.107866 -21.988333
v 39.737258 -9.466539 -22.854247
v 38.800000 -10.332453 -24.944747
v 39.737258 -11.198366 -27.035248
v 42.000000 -5.891728 -29.619715
v 44.262742 -5.708878 -28.700466
v 45.200000 -5.267439 -26.481203
v 44.262742 -4.826000 -24.261939
v 42.000000 -4.643150 -23.342690
v 39.737258 -4.826000 -24.261939
v 38.800000 -5.267439 -26.481203
v 39.737258 -5.708878 -28.700466
v 42.000000 -0.000000 -30.200000
v 44.262742 -0.000000 -29.262742
v 45.200000 -0.000000 -27.000000
v 44.262742 -0.000000 -24.737258
v 42.000000 -0.000000 -23.800000
v 39.737258 -0.000000 -24.737258
v 38.800000 -0.000000 -27.000000
v 39.737258 -0.000000 -29.262742
v 42.000000 5.891728 -29.619715
v 44.262742 5.708878 -28.700466
v 45.200000 5.267439 -26.481203
v 44.262742 4.826000 -24.261939
v 42.000000 4.643150 -23.342690
v 39.737258 4.826000 -24.261939
v 38.800000 5.267439 -26.481203
v 39.737258 5.708878 -28.700466
v 42.000000 11.557040 -27.901162
v 44.262742 11.198366 -27.035248
v 45.200000 10.332453 -24.944747
v 44.262742 9.466539 -22.854247
v 42.000000 9.107866 -21.988333
v 39.737258 9.466539 -22.854247
v 38.800000 10.332453 -24.944747
v 39.737258 11.198366 -27.035248
v 42.000000 16.778221 -25.110382
v 44.262742 16.257508 -24.331080
v 45.200000 15.000396 -22.449680
v 44.262742 13.743284 -20.568279
v 42.000000 13.222572 -19.788977
v 39.737258 13.743284 -20.568279
v 38.800000 15.000396 -22.449680
v 39.737258 16.257508 -24.331080
v 42.000000 21.354625 -21.354625
v 44.262742 20.691883 -20.691883
v 45.200000 19.091883 -19.091883
v 44.262742 17.491883 -17.491883
v 42.000000 16.829141 -16.829141
v 39.737258 17.491883 -17.491883
v 38.800000 19.091883 -19.091883
v 39.737258 20.691883 -20.691883
v 42.000000 25.110382 -16.778221
v 44.262742 24.331080 -16.257508
v 45.200000 22.449680 -15.000396
v 44.262742 20.568279 -13.743284
v 42.000000 19.788977 -13.222572
v 39.737258 20.568279 -13.743284
v 38.800000 22.449680 -15.000396
v 39.737258 24.331080 -16.257508
v 42.000000 27.901162 -11.557040
v 44.262742 27.035248 -11.198366
v 45.200000 24.944747 -10.332453
v 44.262742 22.854247 -9.466539
v 42.000000 21.988333 -9.107866
v 39.737258 22.854247 -9.466539
v 38.800000 24.944747 -10.332453
v 39.737258 27.035248 -11.198366
v 42.000000 29.619715 -5.891728
v 44.262742 28.700466 -5.708878
v 45.200000 26.481203 -5.267439
v 44.262742 24.261939 -4.826000
v 42.000000 23.342690 -4.643150
v 39.737258 24.261939 -4.826000
v 38.800000 26.481203 -5.267439
v 39.737258 28.700466 -5.708878
v 10.000000 7.500000 26.000000
v 58.000000 7.500000 26.000000
v 58.000000 7.500000 60.000000
v 10.000000 7.500000 60.000000
v 10.000000 -7.500000 26.000000
v 58.000000 -7.500000 26.000000
v 58.000000 -7.500000 60.000000
v 10.000000 -7.500000 60.000000
v 10.000000 -26.266660 -6.504809
v 58.000000 -26.266660 -6.504809
v 58.000000 -55.711524 -23.504809
v 10.000000 -55.711524 -23.504809
v 10.000000 -18.766660 -19.495191
v 58.000000 -18.766660 -19.495191
v 58.000000 -48.211524 -36.495191
v 10.000000 -48.211524 -36.495191
v 10.000000 18.766660 -19.495191
v 58.000000 18.766660 -19.495191
v 58.000000 48.211524 -36.495191
v 10.000000 48.211524 -36.495191
v 10.000000 26.266660 -6.504809
v 58.000000 26.266660 -6.504809
v 58.000000 55.711524 -23.504809
v 10.000000 55.711524 -23.504809
v 6.000000 6.000000 33.500000
v 26.000000 6.000000 33.500000
v 26.000000 6.000000 60.500000
v 6.000000 6.000000 60.500000
v 6.000000 -6.000000 33.500000
v 26.000000 -6.000000 33.500000
v 26.000000 -6.000000 60.500000
v 6.000000 -6.000000 60.500000
v 6.000000 -32.011851 -11.553848
v 26.000000 -32.011851 -11.553848
v 26.000000 -55.394537 -25.053848
v 6.000000 -55.394537 -25.053848
v 6.000000 -26.011851 -21.946152
v 26.000000 -26.011851 -21.946152
v 26.000000 -49.394537 -35.446152
v 6.000000 -49.394537 -35.446152
v 6.000000 26.011851 -21.946152
v 26.000000 26.011851 -21.946152
v 26.000000 49.394537 -35.446152
v 6.000000 49.394537 -35.446152
v 6.000000 32.011851 -11.553848
v 26.000000 32.011851 -11.553848
v 26.000000 55.394537 -25.053848
v 6.000000 55.394537 -25.053848
v 66.000000 21.000000 0.000000
v 73.000000 18.000000 0.000000
v 66.000000 20.596491 4.096897
v 73.000000 17.654135 3.511626
v 66.000000 19.401470 8.036352
v 73.000000 16.629832 6.888302
v 66.000000 17.460862 11.666975
v 73.000000 14.966453 10.000264
v 66.000000 14.849242 14.849242
v 73.000000 12.727922 12.727922
v 66.000000 11.666975 17.460862
v 73.000000 10.000264 14.966453
v 66.000000 8.036352 19.401470
v 73.000000 6.888302 16.629832
v 66.000000 4.096897 20.596491
v 73.000000 3.511626 17.654135
v 66.000000 0.000000 21.000000
v 73.000000 0.000000 18.000000
v 66.000000 -4.096897 20.596491
v 73.000000 -3.511626 17.654135
v 66.000000 -8.036352 19.401470
v 73.000000 -6.888302 16.629832
v 66.000000 -11.666975 17.460862
v 73.000000 -10.000264 14.966453
v 66.000000 -14.849242 14.849242
v 73.000000 -12.727922 12.727922
v 66.000000 -17.460862 11.666975
v 73.000000 -14.966453 10.000264
v 66.000000 -19.401470 8.036352
v 73.000000 -16.629832 6.888302
v 66.000000 -20.596491 4.096897
v 73.000000 -17.654135 3.511626
v 66.000000 -21.000000 0.000000
v 73.000000 -18.000000 0.000000
v 66.000000 -20.596491 -4.096897
v 73.000000 -17.654135 -3.511626
v 66.000000 -19.401470 -8.036352
v 73.000000 -16.629832 -6.888302
v 66.000000 -17.460862 -11.666975
v 73.000000 -14.966453 -10.000264
v 66.000000 -14.849242 -14.849242
v 73.000000 -12.727922 -12.727922
v 66.000000 -11.666975 -17.460862
v 73.000000 -10.000264 -14.966453
v 66.000000 -8.036352 -19.401470
v 73.000000 -6.888302 -16.629832
v 66.000000 -4.096897 -20.596491
v 73.000000 -3.511626 -17.654135
v 66.000000 -0.000000 -21.000000
v 73.000000 -0.000000 -18.000000
v 66.000000 4.096897 -20.596491
v 73.000000 3.511626 -17.654135
v 66.000000 8.036352 -19.401470
v 73.000000 6.888302 -16.629832
v 66.000000 11.666975 -17.460862
v 73.000000 10.000264 -14.966453
v 66.000000 14.849242 -14.849242
v 73.000000 12.727922 -12.727922
v 66.000000 17.460862 -11.666975
v 73.000000 14.966453 -10.000264
v 66.000000 19.401470 -8.036352
v 73.000000 16.629832 -6.888302
v 66.000000 20.596491 -4.096897
v 73.000000 17.654135 -3.511626
v 66.000000 0.000000 0.000000
v 73.000000 0.000000 0.000000
v 72.500000 16.500000 0.000000
v 75.000000 15.000000 0.000000
v 72.500000 16.182957 3.218990
v 75.000000 14.711779 2.926355
v 72.500000 15.244012 6.314277
v 75.000000 13.858193 5.740251
v 72.500000 13.719249 9.166909
v 75.000000 12.472044 8.333553
v 72.500000 11.667262 11.667262
v 75.000000 10.606602 10.606602
v 72.500000 9.166909 13.719249
v 75.000000 8.333553 12.472044
v 72.500000 6.314277 15.244012
v 75.000000 5.740251 13.858193
v 72.500000 3.218990 16.182957
v 75.000000 2.926355 14.711779
v 72.500000 0.000000 16.500000
v 75.000000 0.000000 15.000000
v 72.500000 -3.218990 16.182957
v 75.000000 -2.926355 14.711779
v 72.500000 -6.314277 15.244012
v 75.000000 -5.740251 13.858193
v 72.500000 -9.166909 13.719249
v 75.000000 -8.333553 12.472044
v 72.500000 -11.667262 11.667262
v 75.000000 -10.606602 10.606602
v 72.500000 -13.719249 9.166909
v 75.000000 -12.472044 8.333553
v 72.500000 -15.244012 6.314277
v 75.000000 -13.858193 5.740251
v 72.500000 -16.182957 3.218990
v 75.000000 -14.711779 2.926355
v 72.500000 -16.500000 0.000000
v 75.000000 -15.000000 0.000000
v 72.500000 -16.182957 -3.218990
v 75.000000 -14.711779 -2.926355
v 72.500000 -15.244012 -6.314277
v 75.000000 -13.858193 -5.740251
v 72.500000 -13.719249 -9.166909
v 75.000000 -12.472044 -8.333553
v 72.500000 -11.667262 -11.667262
v 75.000000 -10.606602 -10.606602
v 72.500000 -9.166909 -13.719249
v 75.000000 -8.333553 -12.472044
v 72.500000 -6.314277 -15.244012
v 75.000000 -5.740251 -13.858193
v 72.500000 -3.218990 -16.182957
v 75.000000 -2.926355 -14.711779
v 72.500000 -0.000000 -16.500000
v 75.000000 -0.000000 -15.000000
v 72.500000 3.218990 -16.182957
v 75.000000 2.926355 -14.711779
v 72.500000 6.314277 -15.244012
v 75.000000 5.740251 -13.858193
v 72.500000 9.166909 -13.719249
v 75.000000 8.333553 -12.472044
v 72.500000 11.667262 -11.667262
v 75.000000 10.606602 -10.606602
v 72.500000 13.719249 -9.166909
v 75.000000 12.472044 -8.333553
v 72.500000 15.244012 -6.314277
v 75.000000 13.858193 -5.740251
v 72.500000 16.182957 -3.218990
v 75.000000 14.711779 -2.926355
v 72.500000 0.000000 0.000000
v 75.000000 0.000000 0.000000
v 72.097887 4.480746 0.000000
v 72.097887 4.394650 0.874150
v 72.097887 4.139670 1.714707
v 72.097887 3.725604 2.489369
v 72.097887 3.168366 3.168366
v 72.097887 2.489369 3.725604
v 72.097887 1.714707 4.139670
v 72.097887 0.874150 4.394650
v 72.097887 0.000000 4.480746
v 72.097887 -0.874150 4.394650
v 72.097887 -1.714707 4.139670
v 72.097887 -2.489369 3.725604
v 72.097887 -3.168366 3.168366
v 72.097887 -3.725604 2.489369
v 72.097887 -4.139670 1.714707
v 72.097887 -4.394650 0.874150
v 72.097887 -4.480746 0.000000
v 72.097887 -4.394650 -0.874150
v 72.097887 -4.139670 -1.714707
v 72.097887 -3.725604 -2.489369
v 72.097887 -3.168366 -3.168366
v 72.097887 -2.489369 -3.725604
v 72.097887 -1.714707 -4.139670
v 72.097887 -0.874150 -4.394650
v 72.097887 -0.000000 -4.480746
v 72.097887 0.874150 -4.394650
v 72.097887 1.714707 -4.139670
v 72.097887 2.489369 -3.725604
v 72.097887 3.168366 -3.168366
v 72.097887 3.725604 -2.489369
v 72.097887 4.139670 -1.714707
v 72.097887 4.394650 -0.874150
v 72.381966 8.522886 0.000000
v 72.381966 8.359121 1.662733
v 72.381966 7.874120 3.261567
v 72.381966 7.086521 4.735062
v 72.381966 6.026591 6.026591
v 72.381966 4.735062 7.086521
v 72.381966 3.261567 7.874120
v 72.381966 1.662733 8.359121
v 72.381966 0.000000 8.522886
v 72.381966 -1.662733 8.359121
v 72.381966 -3.261567 7.874120
v 72.381966 -4.735062 7.086521
v 72.381966 -6.026591 6.026591
v 72.381966 -7.086521 4.735062
v 72.381966 -7.874120 3.261567
v 72.381966 -8.359121 1.662733
v 72.381966 -8.522886 0.000000
v 72.381966 -8.359121 -1.662733
v 72.381966 -7.874120 -3.261567
v 72.381966 -7.086521 -4.735062
v 72.381966 -6.026591 -6.026591
v 72.381966 -4.735062 -7.086521
v 72.381966 -3.261567 -7.874120
v 72.381966 -1.662733 -8.359121
v 72.381966 -0.000000 -8.522886
v 72.381966 1.662733 -8.359121
v 72.381966 3.261567 -7.874120
v 72.381966 4.735062 -7.086521
v 72.381966 6.026591 -6.026591
v 72.381966 7.086521 -4.735062
v 72.381966 7.874120 -3.261567
v 72.381966 8.359121 -1.662733
v 72.824429 11.730746 0.000000
v 72.824429 11.505343 2.288555
v 72.824429 10.837797 4.489162
v 72.824429 9.753759 6.517254
v 72.824429 8.294890 8.294890
v 72.824429 6.517254 9.753759
v 72.824429 4.489162 10.837797
v 72.824429 2.288555 11.505343
v 72.824429 0.000000 11.730746
v 72.824429 -2.288555 11.505343
v 72.824429 -4.489162 10.837797
v 72.824429 -6.517254 9.753759
v 72.824429 -8.294890 8.294890
v 72.824429 -9.753759 6.517254
v 72.824429 -10.837797 4.489162
v 72.824429 -11.505343 2.288555
v 72.824429 -11.730746 0.000000
v 72.824429 -11.505343 -2.288555
v 72.824429 -10.837797 -4.489162
v 72.824429 -9.753759 -6.517254
v 72.824429 -8.294890 -8.294890
v 72.824429 -6.517254 -9.753759
v 72.824429 -4.489162 -10.837797
v 72.824429 -2.288555 -11.505343
v 72.824429 -0.000000 -11.730746
v 72.824429 2.288555 -11.505343
v 72.824429 4.489162 -10.837797
v 72.824429 6.517254 -9.753759
v 72.824429 8.294890 -8.294890
v 72.824429 9.753759 -6.517254
v 72.824429 10.837797 -4.489162
v 72.824429 11.505343 -2.288555
v 73.381966 13.790319 0.000000
v 73.381966 13.525342 2.690358
v 73.381966 12.740594 5.277327
v 73.381966 11.466232 7.661491
v 73.381966 9.751228 9.751228
v 73.381966 7.661491 11.466232
v 73.381966 5.277327 12.740594
v 73.381966 2.690358 13.525342
v 73.381966 0.000000 13.790319
v 73.381966 -2.690358 13.525342
v 73.381966 -5.277327 12.740594
v 73.381966 -7.661491 11.466232
v 73.381966 -9.751228 9.751228
v 73.381966 -11.466232 7.661491
v 73.381966 -12.740594 5.277327
v 73.381966 -13.525342 2.690358
v 73.381966 -13.790319 0.000000
v 73.381966 -13.525342 -2.690358
v 73.381966 -12.740594 -5.277327
v 73.381966 -11.466232 -7.661491
v 73.381966 -9.751228 -9.751228
v 73.381966 -7.661491 -11.466232
v 73.381966 -5.277327 -12.740594
v 73.381966 -2.690358 -13.525342
v 73.381966 -0.000000 -13.790319
v 73.381966 2.690358 -13.525342
v 73.381966 5.277327 -12.740594
v 73.381966 7.661491 -11.466232
v 73.381966 9.751228 -9.751228
v 73.381966 11.466232 -7.661491
v 73.381966 12.740594 -5.277327
v 73.381966 13.525342 -2.690358
v 74.000000 14.500000 0.000000
v 74.000000 14.221387 2.828810
v 74.000000 13.396253 5.548910
v 74.000000 12.056309 8.055768
v 74.000000 10.253048 10.253048
v 74.000000 8.055768 12.056309
v 74.000000 5.548910 13.396253
v 74.000000 2.828810 14.221387
v 74.000000 0.000000 14.500000
v 74.000000 -2.828810 14.221387
v 74.000000 -5.548910 13.396253
v 74.000000 -8.055768 12.056309
v 74.000000 -10.253048 10.253048
v 74.000000 -12.056309 8.055768
v 74.000000 -13.396253 5.548910
v 74.000000 -14.221387 2.828810
v 74.000000 -14.500000 0.000000
v 74.000000 -14.221387 -2.828810
v 74.000000 -13.396253 -5.548910
v 74.000000 -12.056309 -8.055768
v 74.000000 -10.253048 -10.253048
v 74.000000 -8.055768 -12.056309
v 74.000000 -5.548910 -13.396253
v 74.000000 -2.828810 -14.221387
v 74.000000 -0.000000 -14.500000
v 74.000000 2.828810 -14.221387
v 74.000000 5.548910 -13.396253
v 74.000000 8.055768 -12.056309
v 74.000000 10.253048 -10.253048
v 74.000000 12.056309 -8.055768
v 74.000000 13.396253 -5.548910
v 74.000000 14.221387 -2.828810
v 74.618034 13.790319 0.000000
v 74.618034 13.525342 2.690358
v 74.618034 12.740594 5.277327
v 74.618034 11.466232 7.661491
v 74.618034 9.751228 9.751228
v 74.618034 7.661491 11.466232
v 74.618034 5.277327 12.740594
v 74.618034 2.690358 13.525342
v 74.618034 0.000000 13.790319
v 74.618034 -2.690358 13.525342
v 74.618034 -5.277327 12.740594
v 74.618034 -7.661491 11.466232
v 74.618034 -9.751228 9.751228
v 74.618034 -11.466232 7.661491
v 74.618034 -12.740594 5.277327
v 74.618034 -13.525342 2.690358
v 74.618034 -13.790319 0.000000
v 74.618034 -13.525342 -2.690358
v 74.618034 -12.740594 -5.277327
v 74.618034 -11.466232 -7.661491
v 74.618034 -9.751228 -9.751228
v 74.618034 -7.661491 -11.466232
v 74.618034 -5.277327 -12.740594
v 74.618034 -2.690358 -13.525342
v 74.618034 -0.000000 -13.790319
v 74.618034 2.690358 -13.525342
v 74.618034 5.277327 -12.740594
v 74.618034 7.661491 -11.466232
v 74.618034 9.751228 -9.751228
v 74.618034 11.466232 -7.661491
v 74.618034 12.740594 -5.277327
v 74.618034 13.525342 -2.690358
v 75.175571 11.730746 0.000000
v 75.175571 11.505343 2.288555
v 75.175571 10.837797 4.489162
v 75.175571 9.753759 6.517254
v 75.175571 8.294890 8.294890
v 75.175571 6.517254 9.753759
v 75.175571 4.489162 10.837797
v 75.175571 2.288555 11.505343
v 75.175571 0.000000 11.730746
v 75.175571 -2.288555 11.505343
v 75.175571 -4.489162 10.837797
v 75.175571 -6.517254 9.753759
v 75.175571 -8.294890 8.294890
v 75.175571 -9.753759 6.517254
v 75.175571 -10.837797 4.489162
v 75.175571 -11.505343 2.288555
v 75.175571 -11.730746 0.000000
v 75.175571 -11.505343 -2.288555
v 75.175571 -10.837797 -4.489162
v 75.175571 -9.753759 -6.517254
v 75.175571 -8.294890 -8.294890
v 75.175571 -6.517254 -9.753759
v 75.175571 -4.489162 -10.837797
v 75.175571 -2.288555 -11.505343
v 75.175571 -0.000000 -11.730746
v 75.175571 2.288555 -11.505343
v 75.175571 4.489162 -10.837797
v 75.175571 6.517254 -9.753759
v 75.175571 8.294890 -8.294890
v 75.175571 9.753759 -6.517254
v 75.175571 10.837797 -4.489162
v 75.175571 11.505343 -2.288555
v 75.618034 8.522886 0.000000
v 75.618034 8.359121 1.662733
v 75.618034 7.874120 3.261567
v 75.618034 7.086521 4.735062
v 75.618034 6.026591 6.026591
v 75.618034 4.735062 7.086521
v 75.618034 3.261567 7.874120
v 75.618034 1.662733 8.359121
v 75.618034 0.000000 8.522886
v 75.618034 -1.662733 8.359121
v 75.618034 -3.261567 7.874120
v 75.618034 -4.735062 7.086521
v 75.618034 -6.026591 6.026591
v 75.618034 -7.086521 4.735062
v 75.618034 -7.874120 3.261567
v 75.618034 -8.359121 1.662733
v 75.618034 -8.522886 0.000000
v 75.618034 -8.359121 -1.662733
v 75.618034 -7.874120 -3.261567
v 75.618034 -7.086521 -4.735062
v 75.618034 -6.026591 -6.026591
v 75.618034 -4.735062 -7.086521
v 75.618034 -3.261567 -7.874120
v 75.618034 -1.662733 -8.359121
v 75.618034 -0.000000 -8.522886
v 75.618034 1.662733 -8.359121
v 75.618034 3.261567 -7.874120
v 75.618034 4.735062 -7.086521
v 75.618034 6.026591 -6.026591
v 75.618034 7.086521 -4.735062
v 75.618034 7.874120 -3.261567
v 75.618034 8.359121 -1.662733
v 75.902113 4.480746 0.000000
v 75.902113 4.394650 0.874150
v 75.902113 4.139670 1.714707
v 75.902113 3.725604 2.489369
v 75.902113 3.168366 3.168366
v 75.902113 2.489369 3.725604
v 75.902113 1.714707 4.139670
v 75.902113 0.874150 4.394650
v 75.902113 0.000000 4.480746
v 75.902113 -0.874150 4.394650
v 75.902113 -1.714707 4.139670
v 75.902113 -2.489369 3.725604
v 75.902113 -3.168366 3.168366
v 75.902113 -3.725604 2.489369
v 75.902113 -4.139670 1.714707
v 75.902113 -4.394650 0.874150
v 75.902113 -4.480746 0.000000
v 75.902113 -4.394650 -0.874150
v 75.902113 -4.139670 -1.714707
v 75.902113 -3.725604 -2.489369
v 75.902113 -3.168366 -3.168366
v 75.902113 -2.489369 -3.725604
v 75.902113 -1.714707 -4.139670
v 75.902113 -0.874150 -4.394650
v 75.902113 -0.000000 -4.480746
v 75.902113 0.874150 -4.394650
v 75.902113 1.714707 -4.139670
v 75.902113 2.489369 -3.725604
v 75.902113 3.168366 -3.168366
v 75.902113 3.725604 -2.489369
v 75.902113 4.139670 -1.714707
v 75.902113 4.394650 -0.874150
v 72.000000 0.000000 0.000000
v 76.000000 0.000000 0.000000
vt 0.000000 0.000000
vt 1.000000 0.000000
vt 0.000000 1.000000
vt 0.000000 0.000000
vt 1.000000 0.000000
vt 0.000000 1.000000
vt 0.000000 0.000000
vt 1.000000 0.000000
vt 0.000000 1.000000
vt 0.000000 0.000000
vt 1.000000 0.000000
vt 0.000000 1.000000
vt 0.000000 0.000000
vt 1.000000 0.000000
vt 0.000000 1.000000
vt 0.000000 0.000000
vt 1.000000 0.000000
vt 0.000000 1.000000
vt 0.000000 0.000000
vt 1.000000 0.000000
vt 0.000000 1.000000
vt 0.000000 0.000000
vt 1.000000 0.000000
vt 0.000000 1.000000
vt 0.000000 0.000000
vt 1.000000 0.000000
vt 0.000000 1.000000
vt 0.000000 0.000000
vt 1.000000 0.000000
vt 0.000000 1.000000
vt 0.000000 0.000000
vt 1.000000 0.000000
vt 0.000000 1.000000
vt 0.000000 0.000000
vt 1.000000 0.000000
vt 0.000000 1.000000
vt 0.000000 0.000000
vt 1.000000 0.000000
vt 0.000000 1.000000
vt 0.000000 0.000000
vt 1.000000 0.000000
vt 0.000000 1.000000
vt 0.000000 0.000000
vt 1.000000 0.000000
vt 0.000000 1.000000
vt 0.000000 0.000000
vt 1.000000 0.000000
vt 0.000000 1.000000
vt 0.000000 0.000000
vt 1.000000 0.000000
vt 0.000000 1.000000
vt 0.000000 0.000000
vt 1.000000 0.000000
vt 0.000000 1.000000
vt 0.000000 0.000000
vt 1.000000 0.000000
vt 0.000000 1.000000
vt 0.000000 0.000000
vt 1.000000 0.000000
vt 0.000000 1.000000
vt 0.000000 0.000000
vt 1.000000 0.000000
vt 0.000000 1.000000
vt 0.000000 0.000000
vt 1.000000 0.000000
vt 0.000000 1.000000
vt 0.000000 0.000000
vt 1.000000 0.000000
vt 0.000000 1.000000
vt 0.000000 0.000000
vt 1.000000 0.000000
vt 0.000000 1.000000
vt 0.000000 0.000000
vt 1.000000 0.000000
vt 0.000000 1.000000
vt 0.000000 0.000000
vt 1.000000 0.000000
vt 0.000000 1.000000
vt 0.000000 0.000000
vt 1.000000 0.000000
vt 0.000000 1.000000
vt 0.000000 0.000000
vt 1.000000 0.000000
vt 0.000000 1.000000
vt 0.000000 0.000000
vt 1.000000 0.000000
vt 0.000000 1.000000
vt 0.000000 0.000000
vt 1.000000 0.000000
vt 0.000000 1.000000
vt 0.000000 0.000000
vt 1.000000 0.000000
vt 0.000000 1.000000
vt 0.000000 0.000000
vt 1.000000 0.000000
vt 0.000000 1.000000
vt 0.000000 0.000000
vt 1.000000 0.000000
vt 0.000000 1.000000
vt 0.000000 0.000000
vt 1.000000 0.000000
vt 0.000000 1.000000
vt 0.000000 0.000000
vt 1.000000 0.000000
vt 0.000000 1.000000
vt 0.000000 0.000000
vt 1.000000 0.000000
vt 0.000000 1.000000
vt 0.000000 0.000000
vt 1.000000 0.000000
vt 0.000000 1.000000
vt 0.000000 0.000000
vt 1.000000 0.000000
vt 0.000000 1.000000
vt 0.000000 0.000000
vt 1.000000 0.000000
vt 0.000000 1.000000
vt 0.000000 0.000000
vt 1.000000 0.000000
vt 0.000000 1.000000
vt 0.000000 0.000000
vt 1.000000 0.000000
vt 0.000000 1.000000
vt 0.000000 0.000000
vt 1.000000 0.000000
vt 0.000000 1.000000
vt 0.000000 0.000000
vt 1.000000 0.000000
vt 0.000000 1.000000
vt 0.000000 0.000000
vt 1.000000 0.000000
vt 0.000000 1.000000
vt 0.000000 0.000000
vt 1.000000 0.000000
vt 0.000000 1.000000
vt 0.000000 0.000000
vt 1.000000 0.000000
vt 0.000000 1.000000
vt 0.000000 0.000000
vt 1.000000 0.000000
vt 0.000000 1.000000
vt 0.000000 0.000000
vt 1.000000 0.000000
vt 0.000000 1.000000
vt 0.000000 0.000000
vt 1.000000 0.000000
vt 0.000000 1.000000
vt 0.000000 0.000000
vt 1.000000 0.000000
vt 0.000000 1.000000
vt 0.000000 0.000000
vt 1.000000 0.000000
vt 0.000000 1.000000
vt 0.000000 0.000000
vt 1.000000 0.000000
vt 0.000000 1.000000
vt 0.000000 0.000000
vt 1.000000 0.000000
vt 0.000000 1.000000
vt 0.000000 0.000000
vt 1.000000 0.000000
vt 0.000000 1.000000
vt 0.000000 0.000000
vt 1.000000 0.000000
vt 0.000000 1.000000
vt 0.000000 0.000000
vt 1.000000 0.000000
vt 0.000000 1.000000
vt 0.000000 0.000000
vt 1.000000 0.000000
vt 0.000000 1.000000
vt 0.000000 0.000000
vt 1.000000 0.000000
vt 0.000000 1.000000
vt 0.000000 0.000000
vt 1.000000 0.000000
vt 0.000000 1.000000
vt 0.000000 0.000000
vt 1.000000 0.000000
vt 0.000000 1.000000
vt 0.000000 0.000000
vt 1.000000 0.000000
vt 0.000000 1.000000
vt 0.000000 0.000000
vt 1.000000 0.000000
vt 0.000000 1.000000
vt 0.000000 0.000000
vt 1.000000 0.000000
vt 0.000000 1.000000
vt 0.000000 0.000000
vt 1.000000 0.000000
vt 0.000000 1.000000
vt 0.000000 0.000000
vt 1.000000 0.000000
vt 0.000000 1.000000
vt 0.000000 0.000000
vt 1.000000 0.000000
vt 0.000000 1.000000
vt 0.000000 0.000000
vt 1.000000 0.000000
vt 0.000000 1.000000
vt 0.000000 0.000000
vt 1.000000 0.000000
vt 0.000000 1.000000
vt 0.000000 0.000000
vt 1.000000 0.000000
vt 0.000000 1.000000
vt 0.000000 0.000000
vt 1.000000 0.000000
vt 0.000000 1.000000
vt 0.000000 0.000000
vt 1.000000 0.000000
vt 0.000000 1.000000
vt 0.000000 0.000000
vt 1.000000 0.000000
vt 0.000000 1.000000
vt 0.000000 0.000000
vt 1.000000 0.000000
vt 0.000000 1.000000
vt 0.000000 0.000000
vt 1.000000 0.000000
vt 0.000000 1.000000
vt 0.000000 0.000000
vt 1.000000 0.000000
vt 0.000000 1.000000
vt 0.000000 0.000000
vt 1.000000 0.000000
vt 0.000000 1.000000
vt 0.000000 0.000000
vt 1.000000 0.000000
vt 0.000000 1.000000
vt 0.000000 0.000000
vt 1.000000 0.000000
vt 0.000000 1.000000
vt 0.000000 0.000000
vt 1.000000 0.000000
vt 0.000000 1.000000
vt 0.000000 0.000000
vt 1.000000 0.000000
vt 0.000000 1.000000
vt 0.000000 0.000000
vt 1.000000 0.000000
vt 0.000000 1.000000
vt 0.000000 0.000000
vt 1.000000 0.000000
vt 0.000000 1.000000
vt 0.000000 0.000000
vt 1.000000 0.000000
vt 0.000000 1.000000
vt 0.000000 0.000000
vt 1.000000 0.000000
vt 0.000000 1.000000
vt 0.000000 0.000000
vt 1.000000 0.000000
vt 0.000000 1.000000
vt 0.000000 0.000000
vt 1.000000 0.000000
vt 0.000000 1.000000
vt 0.000000 0.000000
vt 1.000000 0.000000
vt 0.000000 1.000000
vt 0.000000 0.000000
vt 1.000000 0.000000
vt 0.000000 1.000000
vt 0.000000 0.000000
vt 1.000000 0.000000
vt 0.000000 1.000000
vt 0.000000 0.000000
vt 1.000000 0.000000
vt 0.000000 1.000000
vt 0.000000 0.000000
vt 1.000000 0.000000
vt 0.000000 1.000000
vt 0.000000 0.000000
vt 1.000000 0.000000
vt 0.000000 1.000000
vt 0.000000 0.000000
vt 1.000000 0.000000
vt 0.000000 1.000000
vt 0.000000 0.000000
vt 1.000000 0.000000
vt 0.000000 1.000000
vt 0.000000 0.000000
vt 1.000000 0.000000
vt 0.000000 1.000000
vt 0.000000 0.000000
vt 1.000000 0.000000
vt 0.000000 1.000000
vt 0.000000 0.000000
vt 1.000000 0.000000
vt 0.000000 1.000000
vt 0.000000 0.000000
vt 1.000000 0.000000
vt 0.000000 1.000000
vt 0.000000 0.000000
vt 1.000000 0.000000
vt 0.000000 1.000000
vt 0.000000 0.000000
vt 1.000000 0.000000
vt 0.000000 1.000000
vt 0.000000 0.000000
vt 1.000000 0.000000
vt 0.000000 1.000000
vt 0.000000 0.000000
vt 1.000000 0.000000
vt 0.000000 1.000000
vt 0.000000 0.000000
vt 1.000000 0.000000
vt 0.000000 1.000000
vt 0.000000 0.000000
vt 1.000000 0.000000
vt 0.000000 1.000000
vt 0.000000 0.000000
vt 1.000000 0.000000
vt 0.000000 1.000000
vt 0.000000 0.000000
vt 1.000000 0.000000
vt 0.000000 1.000000
vt 0.000000 0.000000
vt 1.000000 0.000000
vt 0.000000 1.000000
vt 0.000000 0.000000
vt 1.000000 0.000000
vt 0.000000 1.000000
vt 0.000000 0.000000
vt 1.000000 0.000000
vt 0.000000 1.000000
vt 0.000000 0.000000
vt 1.000000 0.000000
vt 0.000000 1.000000
vt 0.000000 0.000000
vt 1.000000 0.000000
vt 0.000000 1.000000
vt 0.000000 0.000000
vt 1.000000 0.000000
vt 0.000000 1.000000
vt 0.000000 0.000000
vt 1.000000 0.000000
vt 0.000000 1.000000
vt 0.000000 0.000000
vt 1.000000 0.000000
vt 0.000000 1.000000
vt 0.000000 0.000000
vt 1.000000 0.000000
vt 0.000000 1.000000
vt 0.000000 0.000000
vt 1.000000 0.000000
vt 0.000000 1.000000
vt 0.000000 0.000000
vt 1.000000 0.000000
vt 0.000000 1.000000
vt 0.000000 0.000000
vt 1.000000 0.000000
vt 0.000000 1.000000
vt 0.000000 0.000000
vt 1.000000 0.000000
vt 0.000000 1.000000
vt 0.000000 0.000000
vt 1.000000 0.000000
vt 0.000000 1.000000
vt 0.000000 0.000000
vt 1.000000 0.000000
vt 0.000000 1.000000
vt 0.000000 0.000000
vt 1.000000 0.000000
vt 0.000000 1.000000
vt 0.000000 0.000000
vt 1.000000 0.000000
vt 0.000000 1.000000
vt 0.000000 0.000000
vt 1.000000 0.000000
vt 0.000000 1.000000
vt 0.000000 0.000000
vt 1.000000 0.000000
vt 0.000000 1.000000
vt 0.000000 0.000000
vt 1.000000 0.000000
vt 0.000000 1.000000
vt 0.000000 0.000000
vt 1.000000 0.000000
vt 0.000000 1.000000
vt 0.000000 0.000000
vt 1.000000 0.000000
vt 0.000000 1.000000
vt 0.000000 0.000000
vt 1.000000 0.000000
vt 0.000000 1.000000
vt 0.000000 0.000000
vt 1.000000 0.000000
vt 0.000000 1.000000
vt 0.000000 0.000000
vt 1.000000 0.000000
vt 0.000000 1.000000
vt 0.000000 0.000000
vt 1.000000 0.000000
vt 0.000000 1.000000
vt 0.000000 0.000000
vt 1.000000 0.000000
vt 0.000000 1.000000
vt 0.000000 0.000000
vt 1.000000 0.000000
vt 0.000000 1.000000
vt 0.000000 0.000000
vt 1.000000 0.000000
vt 0.000000 1.000000
vt 0.000000 0.000000
vt 1.000000 0.000000
vt 0.000000 1.000000
vt 0.000000 0.000000
vt 1.000000 0.000000
vt 0.000000 1.000000
vt 0.000000 0.000000
vt 1.000000 0.000000
vt 0.000000 1.000000
vt 0.000000 0.000000
vt 1.000000 0.000000
vt 0.000000 1.000000
vt 0.000000 0.000000
vt 1.000000 0.000000
vt 0.000000 1.000000
vt 0.000000 0.000000
vt 1.000000 0.000000
vt 0.000000 1.000000
vt 0.000000 0.000000
vt 1.000000 0.000000
vt 0.000000 1.000000
vt 0.000000 0.000000
vt 1.000000 0.000000
vt 0.000000 1.000000
vt 0.000000 0.000000
vt 1.000000 0.000000
vt 0.000000 1.000000
vt 0.000000 0.000000
vt 1.000000 0.000000
vt 0.000000 1.000000
vt 0.000000 0.000000
vt 1.000000 0.000000
vt 0.000000 1.000000
vt 0.000000 0.000000
vt 1.000000 0.000000
vt 0.000000 1.000000
vt 0.000000 0.000000
vt 1.000000 0.000000
vt 0.000000 1.000000
vt 0.000000 0.000000
vt 1.000000 0.000000
vt 0.000000 1.000000
vt 0.000000 0.000000
vt 1.000000 0.000000
vt 0.000000 1.000000
vt 0.000000 0.000000
vt 1.000000 0.000000
vt 0.000000 1.000000
vt 0.000000 0.000000
vt 1.000000 0.000000
vt 0.000000 1.000000
vt 0.000000 0.000000
vt 1.000000 0.000000
vt 0.000000 1.000000
vt 0.000000 0.000000
vt 1.000000 0.000000
vt 0.000000 1.000000
vt 0.000000 0.000000
vt 1.000000 0.000000
vt 0.000000 1.000000
vt 0.000000 0.000000
vt 1.000000 0.000000
vt 0.000000 1.000000
vt 0.000000 0.000000
vt 1.000000 0.000000
vt 0.000000 1.000000
vt 0.000000 0.000000
vt 1.000000 0.000000
vt 0.000000 1.000000
vt 0.000000 0.000000
vt 1.000000 0.000000
vt 0.000000 1.000000
vt 0.000000 0.000000
vt 1.000000 0.000000
vt 0.000000 1.000000
vt 0.000000 0.000000
vt 1.000000 0.000000
vt 0.000000 1.000000
vt 0.000000 0.000000
vt 1.000000 0.000000
vt 0.000000 1.000000
vt 0.000000 0.000000
vt 1.000000 0.000000
vt 0.000000 1.000000
vt 0.000000 0.000000
vt 1.000000 0.000000
vt 0.000000 1.000000
vt 0.000000 0.000000
vt 1.000000 0.000000
vt 0.000000 1.000000
vt 0.000000 0.000000
vt 1.000000 0.000000
vt 0.000000 1.000000
vt 0.000000 0.000000
vt 1.000000 0.000000
vt 0.000000 1.000000
vt 0.000000 0.000000
vt 1.000000 0.000000
vt 0.000000 1.000000
vt 0.000000 0.000000
vt 1.000000 0.000000
vt 0.000000 1.000000
vt 0.000000 0.000000
vt 1.000000 0.000000
vt 0.000000 1.000000
vt 0.000000 0.000000
vt 1.000000 0.000000
vt 0.000000 1.000000
vt 0.000000 0.000000
vt 1.000000 0.000000
vt 0.000000 1.000000
vt 0.000000 0.000000
vt 1.000000 0.000000
vt 0.000000 1.000000
vt 0.000000 0.000000
vt 1.000000 0.000000
vt 0.000000 1.000000
vt 0.000000 0.000000
vt 1.000000 0.000000
vt 0.000000 1.000000
vt 0.000000 0.000000
vt 1.000000 0.000000
vt 0.000000 1.000000
vt 0.000000 0.000000
vt 1.000000 0.000000
vt 0.000000 1.000000
vt 0.000000 0.000000
vt 1.000000 0.000000
vt 0.000000 1.000000
vt 0.000000 0.000000
vt 1.000000 0.000000
vt 0.000000 1.000000
vt 0.000000 0.000000
vt 1.000000 0.000000
vt 0.000000 1.000000
vt 0.000000 0.000000
vt 1.000000 0.000000
vt 0.000000 1.000000
vt 0.000000 0.000000
vt 1.000000 0.000000
vt 0.000000 1.000000
vt 0.000000 0.000000
vt 1.000000 0.000000
vt 0.000000 1.000000
vt 0.000000 0.000000
vt 1.000000 0.000000
vt 0.000000 1.000000
vt 0.000000 0.000000
vt 1.000000 0.000000
vt 0.000000 1.000000
vt 0.000000 0.000000
vt 1.000000 0.000000
vt 0.000000 1.000000
vt 0.000000 0.000000
vt 1.000000 0.000000
vt 0.000000 1.000000
vt 0.000000 0.000000
vt 1.000000 0.000000
vt 0.000000 1.000000
vt 0.000000 0.000000
vt 1.000000 0.000000
vt 0.000000 1.000000
vt 0.000000 0.000000
vt 1.000000 0.000000
vt 0.000000 1.000000
vt 0.000000 0.000000
vt 1.000000 0.000000
vt 0.000000 1.000000
vt 0.000000 0.000000
vt 1.000000 0.000000
vt 0.000000 1.000000
vt 0.000000 0.000000
vt 1.000000 0.000000
vt 0.000000 1.000000
vt 0.000000 0.000000
vt 1.000000 0.000000
vt 0.000000 1.000000
vt 0.000000 0.000000
vt 1.000000 0.000000
vt 0.000000 1.000000
vt 0.000000 0.000000
vt 1.000000 0.000000
vt 0.000000 1.000000
vt 0.000000 0.000000
vt 1.000000 0.000000
vt 0.000000 1.000000
vt 0.000000 0.000000
vt 1.000000 0.000000
vt 0.000000 1.000000
vt 0.000000 0.000000
vt 1.000000 0.000000
vt 0.000000 1.000000
vt 0.000000 0.000000
vt 1.000000 0.000000
vt 0.000000 1.000000
vt 0.000000 0.000000
vt 1.000000 0.000000
vt 0.000000 1.000000
vt 0.000000 0.000000
vt 1.000000 0.000000
vt 0.000000 1.000000
vt 0.000000 0.000000
vt 1.000000 0.000000
vt 0.000000 1.000000
vt 0.000000 0.000000
vt 1.000000 0.000000
vt 0.000000 1.000000
vt 0.000000 0.000000
vt 1.000000 0.000000
vt 0.000000 1.000000
vt 0.000000 0.000000
vt 1.000000 0.000000
vt 0.000000 1.000000
vt 0.000000 0.000000
vt 1.000000 0.000000
vt 0.000000 1.000000
vt 0.000000 0.000000
vt 1.000000 0.000000
vt 0.000000 1.000000
vt 0.000000 0.000000
vt 1.000000 0.000000
vt 0.000000 1.000000
vt 0.000000 0.000000
vt 1.000000 0.000000
vt 0.000000 1.000000
vt 0.000000 0.000000
vt 1.000000 0.000000
vt 0.000000 1.000000
vt 0.000000 0.000000
vt 1.000000 0.000000
vt 0.000000 1.000000
vt 0.000000 0.000000
vt 1.000000 0.000000
vt 0.000000 1.000000
vt 0.000000 0.000000
vt 1.000000 0.000000
vt 0.000000 1.000000
vt 0.000000 0.000000
vt 1.000000 0.000000
vt 0.000000 1.000000
vt 0.000000 0.000000
vt 1.000000 0.000000
vt 0.000000 1.000000
vt 0.000000 0.000000
vt 1.000000 0.000000
vt 0.000000 1.000000
vt 0.000000 0.000000
vt 1.000000 0.000000
vt 0.000000 1.000000
vt 0.000000 0.000000
vt 1.000000 0.000000
vt 0.000000 1.000000
vt 0.000000 0.000000
vt 1.000000 0.000000
vt 0.000000 1.000000
vt 0.000000 0.000000
vt 1.000000 0.000000
vt 0.000000 1.000000
vt 0.000000 0.000000
vt 1.000000 0.000000
vt 0.000000 1.000000
vt 0.000000 0.000000
vt 1.000000 0.000000
vt 0.000000 1.000000
vt 0.000000 0.000000
vt 1.000000 0.000000
vt 0.000000 1.000000
vt 0.000000 0.000000
vt 1.000000 0.000000
vt 0.000000 1.000000
vt 0.000000 0.000000
vt 1.000000 0.000000
vt 0.000000 1.000000
vt 0.000000 0.000000
vt 1.000000 0.000000
vt 0.000000 1.000000
vt 0.000000 0.000000
vt 1.000000 0.000000
vt 0.000000 1.000000
vt 0.000000 0.000000
vt 1.000000 0.000000
vt 0.000000 1.000000
vt 0.000000 0.000000
vt 1.000000 0.000000
vt 0.000000 1.000000
vt 0.000000 0.000000
vt 1.000000 0.000000
vt 0.000000 1.000000
vt 0.000000 0.000000
vt 1.000000 0.000000
vt 0.000000 1.000000
vt 0.000000 0.000000
vt 1.000000 0.000000
vt 0.000000 1.000000
vt 0.000000 0.000000
vt 1.000000 0.000000
vt 0.000000 1.000000
vt 0.000000 0.000000
vt 1.000000 0.000000
vt 0.000000 1.000000
vt 0.000000 0.000000
vt 1.000000 0.000000
vt 0.000000 1.000000
vt 0.000000 0.000000
vt 1.000000 0.000000
vt 0.000000 1.000000
vt 0.000000 0.000000
vt 1.000000 0.000000
vt 0.000000 1.000000
vt 0.000000 0.000000
vt 1.000000 0.000000
vt 0.000000 1.000000
vt 0.000000 0.000000
vt 1.000000 0.000000
vt 0.000000 1.000000
vt 0.000000 0.000000
vt 1.000000 0.000000
vt 0.000000 1.000000
vt 0.000000 0.000000
vt 1.000000 0.000000
vt 0.000000 1.000000
vt 0.000000 0.000000
vt 1.000000 0.000000
vt 0.000000 1.000000
vt 0.000000 0.000000
vt 1.000000 0.000000
vt 0.000000 1.000000
vt 0.000000 0.000000
vt 1.000000 0.000000
vt 0.000000 1.000000
vt 0.000000 0.000000
vt 1.000000 0.000000
vt 0.000000 1.000000
vt 0.000000 0.000000
vt 1.000000 0.000000
vt 0.000000 1.000000
vt 0.000000 0.000000
vt 1.000000 0.000000
vt 0.000000 1.000000
vt 0.000000 0.000000
vt 1.000000 0.000000
vt 0.000000 1.000000
vt 0.000000 0.000000
vt 1.000000 0.000000
vt 0.000000 1.000000
vt 0.000000 0.000000
vt 1.000000 0.000000
vt 0.000000 1.000000
vt 0.000000 0.000000
vt 1.000000 0.000000
vt 0.000000 1.000000
vt 0.000000 0.000000
vt 1.000000 0.000000
vt 0.000000 1.000000
vt 0.000000 0.000000
vt 1.000000 0.000000
vt 0.000000 1.000000
vt 0.000000 0.000000
vt 1.000000 0.000000
vt 0.000000 1.000000
vt 0.000000 0.000000
vt 1.000000 0.000000
vt 0.000000 1.000000
vt 0.000000 0.000000
vt 1.000000 0.000000
vt 0.000000 1.000000
vt 0.000000 0.000000
vt 1.000000 0.000000
vt 0.000000 1.000000
vt 0.000000 0.000000
vt 1.000000 0.000000
vt 0.000000 1.000000
vt 0.000000 0.000000
vt 1.000000 0.000000
vt 0.000000 1.000000
vt 0.000000 0.000000
vt 1.000000 0.000000
vt 0.000000 1.000000
vt 0.000000 0.000000
vt 1.000000 0.000000
vt 0.000000 1.000000
vt 0.000000 0.000000
vt 1.000000 0.000000
vt 0.000000 1.000000
vt 0.000000 0.000000
vt 1.000000 0.000000
vt 0.000000 1.000000
vt 0.000000 0.000000
vt 1.000000 0.000000
vt 0.000000 1.000000
vt 0.000000 0.000000
vt 1.000000 0.000000
vt 0.000000 1.000000
vt 0.000000 0.000000
vt 1.000000 0.000000
vt 0.000000 1.000000
vt 0.000000 0.000000
vt 1.000000 0.000000
vt 0.000000 1.000000
vt 0.000000 0.000000
vt 1.000000 0.000000
vt 0.000000 1.000000
vt 0.000000 0.000000
vt 1.000000 0.000000
vt 0.000000 1.000000
vt 0.000000 0.000000
vt 1.000000 0.000000
vt 0.000000 1.000000
vt 0.000000 0.000000
vt 1.000000 0.000000
vt 0.000000 1.000000
vt 0.000000 0.000000
vt 1.000000 0.000000
vt 0.000000 1.000000
vt 0.000000 0.000000
vt 1.000000 0.000000
vt 0.000000 1.000000
vt 0.000000 0.000000
vt 1.000000 0.000000
vt 0.000000 1.000000
vt 0.000000 0.000000
vt 1.000000 0.000000
vt 0.000000 1.000000
vt 0.000000 0.000000
vt 1.000000 0.000000
vt 0.000000 1.000000
vt 0.000000 0.000000
vt 1.000000 0.000000
vt 0.000000 1.000000
vt 0.000000 0.000000
vt 1.000000 0.000000
vt 0.000000 1.000000
vt 0.000000 0.000000
vt 1.000000 0.000000
vt 0.000000 1.000000
vt 0.000000 0.000000
vt 1.000000 0.000000
vt 0.000000 1.000000
vt 0.000000 0.000000
vt 1.000000 0.000000
vt 0.000000 1.000000
vt 0.000000 0.000000
vt 1.000000 0.000000
vt 0.000000 1.000000
vt 0.000000 0.000000
vt 1.000000 0.000000
vt 0.000000 1.000000
vt 0.000000 0.000000
vt 1.000000 0.000000
vt 0.000000 1.000000
vt 0.000000 0.000000
vt 1.000000 0.000000
vt 0.000000 1.000000
vt 0.000000 0.000000
vt 1.000000 0.000000
vt 0.000000 1.000000
vt 0.000000 0.000000
vt 1.000000 0.000000
vt 0.000000 1.000000
vt 0.000000 0.000000
vt 1.000000 0.000000
vt 0.000000 1.000000
vt 0.000000 0.000000
vt 1.000000 0.000000
vt 0.000000 1.000000
vt 0.000000 0.000000
vt 1.000000 0.000000
vt 0.000000 1.000000
vt 0.000000 0.000000
vt 1.000000 0.000000
vt 0.000000 1.000000
vt 0.000000 0.000000
vt 1.000000 0.000000
vt 0.000000 1.000000
vt 0.000000 0.000000
vt 1.000000 0.000000
vt 0.000000 1.000000
vt 0.000000 0.000000
vt 1.000000 0.000000
vt 0.000000 1.000000
vt 0.000000 0.000000
vt 1.000000 0.000000
vt 0.000000 1.000000
vt 0.000000 0.000000
vt 1.000000 0.000000
vt 0.000000 1.000000
vt 0.000000 0.000000
vt 1.000000 0.000000
vt 0.000000 1.000000
vt 0.000000 0.000000
vt 1.000000 0.000000
vt 0.000000 1.000000
vt 0.000000 0.000000
vt 1.000000 0.000000
vt 0.000000 1.000000
vt 0.000000 0.000000
vt 1.000000 0.000000
vt 0.000000 1.000000
vt 0.000000 0.000000
vt 1.000000 0.000000
vt 0.000000 1.000000
vt 0.000000 0.000000
vt 1.000000 0.000000
vt 0.000000 1.000000
vt 0.000000 0.000000
vt 1.000000 0.000000
vt 0.000000 1.000000
vt 0.000000 0.000000
vt 1.000000 0.000000
vt 0.000000 1.000000
vt 0.000000 0.000000
vt 1.000000 0.000000
vt 0.000000 1.000000
vt 0.000000 0.000000
vt 1.000000 0.000000
vt 0.000000 1.000000
vt 0.000000 0.000000
vt 1.000000 0.000000
vt 0.000000 1.000000
vt 0.000000 0.000000
vt 1.000000 0.000000
vt 0.000000 1.000000
vt 0.000000 0.000000
vt 1.000000 0.000000
vt 0.000000 1.000000
vt 0.000000 0.000000
vt 1.000000 0.000000
vt 0.000000 1.000000
vt 0.000000 0.000000
vt 1.000000 0.000000
vt 0.000000 1.000000
vt 0.000000 0.000000
vt 1.000000 0.000000
vt 0.000000 1.000000
vt 0.000000 0.000000
vt 1.000000 0.000000
vt 0.000000 1.000000
vt 0.000000 0.000000
vt 1.000000 0.000000
vt 0.000000 1.000000
vt 0.000000 0.000000
vt 1.000000 0.000000
vt 0.000000 1.000000
vt 0.000000 0.000000
vt 1.000000 0.000000
vt 0.000000 1.000000
vt 0.000000 0.000000
vt 1.000000 0.000000
vt 0.000000 1.000000
vt 0.000000 0.000000
vt 1.000000 0.000000
vt 0.000000 1.000000
vt 0.000000 0.000000
vt 1.000000 0.000000
vt 0.000000 1.000000
vt 0.000000 0.000000
vt 1.000000 0.000000
vt 0.000000 1.000000
vt 0.000000 0.000000
vt 1.000000 0.000000
vt 0.000000 1.000000
vt 0.000000 0.000000
vt 1.000000 0.000000
vt 0.000000 1.000000
vt 0.000000 0.000000
vt 1.000000 0.000000
vt 0.000000 1.000000
vt 0.000000 0.000000
vt 1.000000 0.000000
vt 0.000000 1.000000
vt 0.000000 0.000000
vt 1.000000 0.000000
vt 0.000000 1.000000
vt 0.000000 0.000000
vt 1.000000 0.000000
vt 0.000000 1.000000
vt 0.000000 0.000000
vt 1.000000 0.000000
vt 0.000000 1.000000
vt 0.000000 0.000000
vt 1.000000 0.000000
vt 0.000000 1.000000
vt 0.000000 0.000000
vt 1.000000 0.000000
vt 0.000000 1.000000
vt 0.000000 0.000000
vt 1.000000 0.000000
vt 0.000000 1.000000
vt 0.000000 0.000000
vt 1.000000 0.000000
vt 0.000000 1.000000
vt 0.000000 0.000000
vt 1.000000 0.000000
vt 0.000000 1.000000
vt 0.000000 0.000000
vt 1.000000 0.000000
vt 0.000000 1.000000
vt 0.000000 0.000000
vt 1.000000 0.000000
vt 0.000000 1.000000
vt 0.000000 0.000000
vt 1.000000 0.000000
vt 0.000000 1.000000
vt 0.000000 0.000000
vt 1.000000 0.000000
vt 0.000000 1.000000
vt 0.000000 0.000000
vt 1.000000 0.000000
vt 0.000000 1.000000
vt 0.000000 0.000000
vt 1.000000 0.000000
vt 0.000000 1.000000
vt 0.000000 0.000000
vt 1.000000 0.000000
vt 0.000000 1.000000
vt 0.000000 0.000000
vt 1.000000 0.000000
vt 0.000000 1.000000
vt 0.000000 0.000000
vt 1.000000 0.000000
vt 0.000000 1.000000
vt 0.000000 0.000000
vt 1.000000 0.000000
vt 0.000000 1.000000
vt 0.000000 0.000000
vt 1.000000 0.000000
vt 0.000000 1.000000
vt 0.000000 0.000000
vt 1.000000 0.000000
vt 0.000000 1.000000
vt 0.000000 0.000000
vt 1.000000 0.000000
vt 0.000000 1.000000
vt 0.000000 0.000000
vt 1.000000 0.000000
vt 0.000000 1.000000
vt 0.000000 0.000000
vt 1.000000 0.000000
vt 0.000000 1.000000
vt 0.000000 0.000000
vt 1.000000 0.000000
vt 0.000000 1.000000
vt 0.000000 0.000000
vt 1.000000 0.000000
vt 0.000000 1.000000
vt 0.000000 0.000000
vt 1.000000 0.000000
vt 0.000000 1.000000
vt 0.000000 0.000000
vt 1.000000 0.000000
vt 0.000000 1.000000
vt 0.000000 0.000000
vt 1.000000 0.000000
vt 0.000000 1.000000
vt 0.000000 0.000000
vt 1.000000 0.000000
vt 0.000000 1.000000
vt 0.000000 0.000000
vt 1.000000 0.000000
vt 0.000000 1.000000
vt 0.000000 0.000000
vt 1.000000 0.000000
vt 0.000000 1.000000
vt 0.000000 0.000000
vt 1.000000 0.000000
vt 0.000000 1.000000
vt 0.000000 0.000000
vt 1.000000 0.000000
vt 0.000000 1.000000
vt 0.000000 0.000000
vt 1.000000 0.000000
vt 0.000000 1.000000
vt 0.000000 0.000000
vt 1.000000 0.000000
vt 0.000000 1.000000
vt 0.000000 0.000000
vt 1.000000 0.000000
vt 0.000000 1.000000
vt 0.000000 0.000000
vt 1.000000 0.000000
vt 0.000000 1.000000
vt 0.000000 0.000000
vt 1.000000 0.000000
vt 0.000000 1.000000
vt 0.000000 0.000000
vt 1.000000 0.000000
vt 0.000000 1.000000
vt 0.000000 0.000000
vt 1.000000 0.000000
vt 0.000000 1.000000
vt 0.000000 0.000000
vt 1.000000 0.000000
vt 0.000000 1.000000
vt 0.000000 0.000000
vt 1.000000 0.000000
vt 0.000000 1.000000
vt 0.000000 0.000000
vt 1.000000 0.000000
vt 0.000000 1.000000
vt 0.000000 0.000000
vt 1.000000 0.000000
vt 0.000000 1.000000
vt 0.000000 0.000000
vt 1.000000 0.000000
vt 0.000000 1.000000
vt 0.000000 0.000000
vt 1.000000 0.000000
vt 0.000000 1.000000
vt 0.000000 0.000000
vt 1.000000 0.000000
vt 0.000000 1.000000
vt 0.000000 0.000000
vt 1.000000 0.000000
vt 0.000000 1.000000
vt 0.000000 0.000000
vt 1.000000 0.000000
vt 0.000000 1.000000
vt 0.000000 0.000000
vt 1.000000 0.000000
vt 0.000000 1.000000
vt 0.000000 0.000000
vt 1.000000 0.000000
vt 0.000000 1.000000
vt 0.000000 0.000000
vt 1.000000 0.000000
vt 0.000000 1.000000
vt 0.000000 0.000000
vt 1.000000 0.000000
vt 0.000000 1.000000
vt 0.000000 0.000000
vt 1.000000 0.000000
vt 0.000000 1.000000
vt 0.000000 0.000000
vt 1.000000 0.000000
vt 0.000000 1.000000
vt 0.000000 0.000000
vt 1.000000 0.000000
vt 0.000000 1.000000
vt 0.000000 0.000000
vt 1.000000 0.000000
vt 0.000000 1.000000
vt 0.000000 0.000000
vt 1.000000 0.000000
vt 0.000000 1.000000
vt 0.000000 0.000000
vt 1.000000 0.000000
vt 0.000000 1.000000
vt 0.000000 0.000000
vt 1.000000 0.000000
vt 0.000000 1.000000
vt 0.000000 0.000000
vt 1.000000 0.000000
vt 0.000000 1.000000
vt 0.000000 0.000000
vt 1.000000 0.000000
vt 0.000000 1.000000
vt 0.000000 0.000000
vt 1.000000 0.000000
vt 0.000000 1.000000
vt 0.000000 0.000000
vt 1.000000 0.000000
vt 0.000000 1.000000
vt 0.000000 0.000000
vt 1.000000 0.000000
vt 0.000000 1.000000
vt 0.000000 0.000000
vt 1.000000 0.000000
vt 0.000000 1.000000
vt 0.000000 0.000000
vt 1.000000 0.000000
vt 0.000000 1.000000
vt 0.000000 0.000000
vt 1.000000 0.000000
vt 0.000000 1.000000
vt 0.000000 0.000000
vt 1.000000 0.000000
vt 0.000000 1.000000
vt 0.000000 0.000000
vt 1.000000 0.000000
vt 0.000000 1.000000
vt 0.000000 0.000000
vt 1.000000 0.000000
vt 0.000000 1.000000
vt 0.000000 0.000000
vt 1.000000 0.000000
vt 0.000000 1.000000
vt 0.000000 0.000000
vt 1.000000 0.000000
vt 0.000000 1.000000
vt 0.000000 0.000000
vt 1.000000 0.000000
vt 0.000000 1.000000
vt 0.000000 0.000000
vt 1.000000 0.000000
vt 0.000000 1.000000
vt 0.000000 0.000000
vt 1.000000 0.000000
vt 0.000000 1.000000
vt 0.000000 0.000000
vt 1.000000 0.000000
vt 0.000000 1.000000
vt 0.000000 0.000000
vt 1.000000 0.000000
vt 0.000000 1.000000
vt 0.000000 0.000000
vt 1.000000 0.000000
vt 0.000000 1.000000
vt 0.000000 0.000000
vt 1.000000 0.000000
vt 0.000000 1.000000
vt 0.000000 0.000000
vt 1.000000 0.000000
vt 0.000000 1.000000
vt 0.000000 0.000000
vt 1.000000 0.000000
vt 0.000000 1.000000
vt 0.000000 0.000000
vt 1.000000 0.000000
vt 0.000000 1.000000
vt 0.000000 0.000000
vt 1.000000 0.000000
vt 0.000000 1.000000
vt 0.000000 0.000000
vt 1.000000 0.000000
vt 0.000000 1.000000
vt 0.000000 0.000000
vt 1.000000 0.000000
vt 0.000000 1.000000
vt 0.000000 0.000000
vt 1.000000 0.000000
vt 0.000000 1.000000
vt 0.000000 0.000000
vt 1.000000 0.000000
vt 0.000000 1.000000
vt 0.000000 0.000000
vt 1.000000 0.000000
vt 0.000000 1.000000
vt 0.000000 0.000000
vt 1.000000 0.000000
vt 0.000000 1.000000
vt 0.000000 0.000000
vt 1.000000 0.000000
vt 0.000000 1.000000
vt 0.000000 0.000000
vt 1.000000 0.000000
vt 0.000000 1.000000
vt 0.000000 0.000000
vt 1.000000 0.000000
vt 0.000000 1.000000
vt 0.000000 0.000000
vt 1.000000 0.000000
vt 0.000000 1.000000
vt 0.000000 0.000000
vt 1.000000 0.000000
vt 0.000000 1.000000
vt 0.000000 0.000000
vt 1.000000 0.000000
vt 0.000000 1.000000
vt 0.000000 0.000000
vt 1.000000 0.000000
vt 0.000000 1.000000
vt 0.000000 0.000000
vt 1.000000 0.000000
vt 0.000000 1.000000
vt 0.000000 0.000000
vt 1.000000 0.000000
vt 0.000000 1.000000
vt 0.000000 0.000000
vt 1.000000 0.000000
vt 0.000000 1.000000
vt 0.000000 0.000000
vt 1.000000 0.000000
vt 0.000000 1.000000
vt 0.000000 0.000000
vt 1.000000 0.000000
vt 0.000000 1.000000
vt 0.000000 0.000000
vt 1.000000 0.000000
vt 0.000000 1.000000
vt 0.000000 0.000000
vt 1.000000 0.000000
vt 0.000000 1.000000
vt 0.000000 0.000000
vt 1.000000 0.000000
vt 0.000000 1.000000
vt 0.000000 0.000000
vt 1.000000 0.000000
vt 0.000000 1.000000
vt 0.000000 0.000000
vt 1.000000 0.000000
vt 0.000000 1.000000
vt 0.000000 0.000000
vt 1.000000 0.000000
vt 0.000000 1.000000
vt 0.000000 0.000000
vt 1.000000 0.000000
vt 0.000000 1.000000
vt 0.000000 0.000000
vt 1.000000 0.000000
vt 0.000000 1.000000
vt 0.000000 0.000000
vt 1.000000 0.000000
vt 0.000000 1.000000
vt 0.000000 0.000000
vt 1.000000 0.000000
vt 0.000000 1.000000
vt 0.000000 0.000000
vt 1.000000 0.000000
vt 0.000000 1.000000
vt 0.000000 0.000000
vt 1.000000 0.000000
vt 0.000000 1.000000
vt 0.000000 0.000000
vt 1.000000 0.000000
vt 0.000000 1.000000
vt 0.000000 0.000000
vt 1.000000 0.000000
vt 0.000000 1.000000
vt 0.000000 0.000000
vt 1.000000 0.000000
vt 0.000000 1.000000
vt 0.000000 0.000000
vt 1.000000 0.000000
vt 0.000000 1.000000
vt 0.000000 0.000000
vt 1.000000 0.000000
vt 0.000000 1.000000
vt 0.000000 0.000000
vt 1.000000 0.000000
vt 0.000000 1.000000
vt 0.000000 0.000000
vt 1.000000 0.000000
vt 0.000000 1.000000
vt 0.000000 0.000000
vt 1.000000 0.000000
vt 0.000000 1.000000
vt 0.000000 0.000000
vt 1.000000 0.000000
vt 0.000000 1.000000
vt 0.000000 0.000000
vt 1.000000 0.000000
vt 0.000000 1.000000
vt 0.000000 0.000000
vt 1.000000 0.000000
vt 0.000000 1.000000
vt 0.000000 0.000000
vt 1.000000 0.000000
vt 0.000000 1.000000
vt 0.000000 0.000000
vt 1.000000 0.000000
vt 0.000000 1.000000
vt 0.000000 0.000000
vt 1.000000 0.000000
vt 0.000000 1.000000
vt 0.000000 0.000000
vt 1.000000 0.000000
vt 0.000000 1.000000
vt 0.000000 0.000000
vt 1.000000 0.000000
vt 0.000000 1.000000
vt 0.000000 0.000000
vt 1.000000 0.000000
vt 0.000000 1.000000
vt 0.000000 0.000000
vt 1.000000 0.000000
vt 0.000000 1.000000
vt 0.000000 0.000000
vt 1.000000 0.000000
vt 0.000000 1.000000
vt 0.000000 0.000000
vt 1.000000 0.000000
vt 0.000000 1.000000
vt 0.000000 0.000000
vt 1.000000 0.000000
vt 0.000000 1.000000
vt 0.000000 0.000000
vt 1.000000 0.000000
vt 0.000000 1.000000
vt 0.000000 0.000000
vt 1.000000 0.000000
vt 0.000000 1.000000
vt 0.000000 0.000000
vt 1.000000 0.000000
vt 0.000000 1.000000
vt 0.000000 0.000000
vt 1.000000 0.000000
vt 0.000000 1.000000
vt 0.000000 0.000000
vt 1.000000 0.000000
vt 0.000000 1.000000
vt 0.000000 0.000000
vt 1.000000 0.000000
vt 0.000000 1.000000
vt 0.000000 0.000000
vt 1.000000 0.000000
vt 0.000000 1.000000
vt 0.000000 0.000000
vt 1.000000 0.000000
vt 0.000000 1.000000
vt 0.000000 0.000000
vt 1.000000 0.000000
vt 0.000000 1.000000
vt 0.000000 0.000000
vt 1.000000 0.000000
vt 0.000000 1.000000
vt 0.000000 0.000000
vt 1.000000 0.000000
vt 0.000000 1.000000
vt 0.000000 0.000000
vt 1.000000 0.000000
vt 0.000000 1.000000
vt 0.000000 0.000000
vt 1.000000 0.000000
vt 0.000000 1.000000
vt 0.000000 0.000000
vt 1.000000 0.000000
vt 0.000000 1.000000
vt 0.000000 0.000000
vt 1.000000 0.000000
vt 0.000000 1.000000
vt 0.000000 0.000000
vt 1.000000 0.000000
vt 0.000000 1.000000
vt 0.000000 0.000000
vt 1.000000 0.000000
vt 0.000000 1.000000
vt 0.000000 0.000000
vt 1.000000 0.000000
vt 0.000000 1.000000
vt 0.000000 0.000000
vt 1.000000 0.000000
vt 0.000000 1.000000
vt 0.000000 0.000000
vt 1.000000 0.000000
vt 0.000000 1.000000
vt 0.000000 0.000000
vt 1.000000 0.000000
vt 0.000000 1.000000
vt 0.000000 0.000000
vt 1.000000 0.000000
vt 0.000000 1.000000
vt 0.000000 0.000000
vt 1.000000 0.000000
vt 0.000000 1.000000
vt 0.000000 0.000000
vt 1.000000 0.000000
vt 0.000000 1.000000
vt 0.000000 0.000000
vt 1.000000 0.000000
vt 0.000000 1.000000
vt 0.000000 0.000000
vt 1.000000 0.000000
vt 0.000000 1.000000
vt 0.000000 0.000000
vt 1.000000 0.000000
vt 0.000000 1.000000
vt 0.000000 0.000000
vt 1.000000 0.000000
vt 0.000000 1.000000
vt 0.000000 0.000000
vt 1.000000 0.000000
vt 0.000000 1.000000
vt 0.000000 0.000000
vt 1.000000 0.000000
vt 0.000000 1.000000
vt 0.000000 0.000000
vt 1.000000 0.000000
vt 0.000000 1.000000
vt 0.000000 0.000000
vt 1.000000 0.000000
vt 0.000000 1.000000
vt 0.000000 0.000000
vt 1.000000 0.000000
vt 0.000000 1.000000
vt 0.000000 0.000000
vt 1.000000 0.000000
vt 0.000000 1.000000
vt 0.000000 0.000000
vt 1.000000 0.000000
vt 0.000000 1.000000
vt 0.000000 0.000000
vt 1.000000 0.000000
vt 0.000000 1.000000
vt 0.000000 0.000000
vt 1.000000 0.000000
vt 0.000000 1.000000
vt 0.000000 0.000000
vt 1.000000 0.000000
vt 0.000000 1.000000
vt 0.000000 0.000000
vt 1.000000 0.000000
vt 0.000000 1.000000
vt 0.000000 0.000000
vt 1.000000 0.000000
vt 0.000000 1.000000
vt 0.000000 0.000000
vt 1.000000 0.000000
vt 0.000000 1.000000
vt 0.000000 0.000000
vt 1.000000 0.000000
vt 0.000000 1.000000
vt 0.000000 0.000000
vt 1.000000 0.000000
vt 0.000000 1.000000
vt 0.000000 0.000000
vt 1.000000 0.000000
vt 0.000000 1.000000
vt 0.000000 0.000000
vt 1.000000 0.000000
vt 0.000000 1.000000
vt 0.000000 0.000000
vt 1.000000 0.000000
vt 0.000000 1.000000
vt 0.000000 0.000000
vt 1.000000 0.000000
vt 0.000000 1.000000
vt 0.000000 0.000000
vt 1.000000 0.000000
vt 0.000000 1.000000
vt 0.000000 0.000000
vt 1.000000 0.000000
vt 0.000000 1.000000
vt 0.000000 0.000000
vt 1.000000 0.000000
vt 0.000000 1.000000
vt 0.000000 0.000000
vt 1.000000 0.000000
vt 0.000000 1.000000
vt 0.000000 0.000000
vt 1.000000 0.000000
vt 0.000000 1.000000
vt 0.000000 0.000000
vt 1.000000 0.000000
vt 0.000000 1.000000
vt 0.000000 0.000000
vt 1.000000 0.000000
vt 0.000000 1.000000
vt 0.000000 0.000000
vt 1.000000 0.000000
vt 0.000000 1.000000
vt 0.000000 0.000000
vt 1.000000 0.000000
vt 0.000000 1.000000
vt 0.000000 0.000000
vt 1.000000 0.000000
vt 0.000000 1.000000
vt 0.000000 0.000000
vt 1.000000 0.000000
vt 0.000000 1.000000
vt 0.000000 0.000000
vt 1.000000 0.000000
vt 0.000000 1.000000
vt 0.000000 0.000000
vt 1.000000 0.000000
vt 0.000000 1.000000
vt 0.000000 0.000000
vt 1.000000 0.000000
vt 0.000000 1.000000
vt 0.000000 0.000000
vt 1.000000 0.000000
vt 0.000000 1.000000
vt 0.000000 0.000000
vt 1.000000 0.000000
vt 0.000000 1.000000
vt 0.000000 0.000000
vt 1.000000 0.000000
vt 0.000000 1.000000
vt 0.000000 0.000000
vt 1.000000 0.000000
vt 0.000000 1.000000
vt 0.000000 0.000000
vt 1.000000 0.000000
vt 0.000000 1.000000
vt 0.000000 0.000000
vt 1.000000 0.000000
vt 0.000000 1.000000
vt 0.000000 0.000000
vt 1.000000 0.000000
vt 0.000000 1.000000
vt 0.000000 0.000000
vt 1.000000 0.000000
vt 0.000000 1.000000
vt 0.000000 0.000000
vt 1.000000 0.000000
vt 0.000000 1.000000
vt 0.000000 0.000000
vt 1.000000 0.000000
vt 0.000000 1.000000
vt 0.000000 0.000000
vt 1.000000 0.000000
vt 0.000000 1.000000
vt 0.000000 0.000000
vt 1.000000 0.000000
vt 0.000000 1.000000
vt 0.000000 0.000000
vt 1.000000 0.000000
vt 0.000000 1.000000
vt 0.000000 0.000000
vt 1.000000 0.000000
vt 0.000000 1.000000
vt 0.000000 0.000000
vt 1.000000 0.000000
vt 0.000000 1.000000
vt 0.000000 0.000000
vt 1.000000 0.000000
vt 0.000000 1.000000
vt 0.000000 0.000000
vt 1.000000 0.000000
vt 0.000000 1.000000
vt 0.000000 0.000000
vt 1.000000 0.000000
vt 0.000000 1.000000
vt 0.000000 0.000000
vt 1.000000 0.000000
vt 0.000000 1.000000
vt 0.000000 0.000000
vt 1.000000 0.000000
vt 0.000000 1.000000
vt 0.000000 0.000000
vt 1.000000 0.000000
vt 0.000000 1.000000
vt 0.000000 0.000000
vt 1.000000 0.000000
vt 0.000000 1.000000
vt 0.000000 0.000000
vt 1.000000 0.000000
vt 0.000000 1.000000
vt 0.000000 0.000000
vt 1.000000 0.000000
vt 0.000000 1.000000
vt 0.000000 0.000000
vt 1.000000 0.000000
vt 0.000000 1.000000
vt 0.000000 0.000000
vt 1.000000 0.000000
vt 0.000000 1.000000
vt 0.000000 0.000000
vt 1.000000 0.000000
vt 0.000000 1.000000
vt 0.000000 0.000000
vt 1.000000 0.000000
vt 0.000000 1.000000
vt 0.000000 0.000000
vt 1.000000 0.000000
vt 0.000000 1.000000
vt 0.000000 0.000000
vt 1.000000 0.000000
vt 0.000000 1.000000
vt 0.000000 0.000000
vt 1.000000 0.000000
vt 0.000000 1.000000
vt 0.000000 0.000000
vt 1.000000 0.000000
vt 0.000000 1.000000
vt 0.000000 0.000000
vt 1.000000 0.000000
vt 0.000000 1.000000
vt 0.000000 0.000000
vt 1.000000 0.000000
vt 0.000000 1.000000
vt 0.000000 0.000000
vt 1.000000 0.000000
vt 0.000000 1.000000
vt 0.000000 0.000000
vt 1.000000 0.000000
vt 0.000000 1.000000
vt 0.000000 0.000000
vt 1.000000 0.000000
vt 0.000000 1.000000
vt 0.000000 0.000000
vt 1.000000 0.000000
vt 0.000000 1.000000
vt 0.000000 0.000000
vt 1.000000 0.000000
vt 0.000000 1.000000
vt 0.000000 0.000000
vt 1.000000 0.000000
vt 0.000000 1.000000
vt 0.000000 0.000000
vt 1.000000 0.000000
vt 0.000000 1.000000
vt 0.000000 0.000000
vt 1.000000 0.000000
vt 0.000000 1.000000
vt 0.000000 0.000000
vt 1.000000 0.000000
vt 0.000000 1.000000
vt 0.000000 0.000000
vt 1.000000 0.000000
vt 0.000000 1.000000
vt 0.000000 0.000000
vt 1.000000 0.000000
vt 0.000000 1.000000
vt 0.000000 0.000000
vt 1.000000 0.000000
vt 0.000000 1.000000
vt 0.000000 0.000000
vt 1.000000 0.000000
vt 0.000000 1.000000
vt 0.000000 0.000000
vt 1.000000 0.000000
vt 0.000000 1.000000
vt 0.000000 0.000000
vt 1.000000 0.000000
vt 0.000000 1.000000
vt 0.000000 0.000000
vt 1.000000 0.000000
vt 0.000000 1.000000
vt 0.000000 0.000000
vt 1.000000 0.000000
vt 0.000000 1.000000
vt 0.000000 0.000000
vt 1.000000 0.000000
vt 0.000000 1.000000
vt 0.000000 0.000000
vt 1.000000 0.000000
vt 0.000000 1.000000
vt 0.000000 0.000000
vt 1.000000 0.000000
vt 0.000000 1.000000
vt 0.000000 0.000000
vt 1.000000 0.000000
vt 0.000000 1.000000
vt 0.000000 0.000000
vt 1.000000 0.000000
vt 0.000000 1.000000
vt 0.000000 0.000000
vt 1.000000 0.000000
vt 0.000000 1.000000
vt 0.000000 0.000000
vt 1.000000 0.000000
vt 0.000000 1.000000
vt 0.000000 0.000000
vt 1.000000 0.000000
vt 0.000000 1.000000
vt 0.000000 0.000000
vt 1.000000 0.000000
vt 0.000000 1.000000
vt 0.000000 0.000000
vt 1.000000 0.000000
vt 0.000000 1.000000
vt 0.000000 0.000000
vt 1.000000 0.000000
vt 0.000000 1.000000
vt 0.000000 0.000000
vt 1.000000 0.000000
vt 0.000000 1.000000
vt 0.000000 0.000000
vt 1.000000 0.000000
vt 0.000000 1.000000
vt 0.000000 0.000000
vt 1.000000 0.000000
vt 0.000000 1.000000
vt 0.000000 0.000000
vt 1.000000 0.000000
vt 0.000000 1.000000
vt 0.000000 0.000000
vt 1.000000 0.000000
vt 0.000000 1.000000
vt 0.000000 0.000000
vt 1.000000 0.000000
vt 0.000000 1.000000
vt 0.000000 0.000000
vt 1.000000 0.000000
vt 0.000000 1.000000
vt 0.000000 0.000000
vt 1.000000 0.000000
vt 0.000000 1.000000
vt 0.000000 0.000000
vt 1.000000 0.000000
vt 0.000000 1.000000
vt 0.000000 0.000000
vt 1.000000 0.000000
vt 0.000000 1.000000
vt 0.000000 0.000000
vt 1.000000 0.000000
vt 0.000000 1.000000
vt 0.000000 0.000000
vt 1.000000 0.000000
vt 0.000000 1.000000
vt 0.000000 0.000000
vt 1.000000 0.000000
vt 0.000000 1.000000
vt 0.000000 0.000000
vt 1.000000 0.000000
vt 0.000000 1.000000
vt 0.000000 0.000000
vt 1.000000 0.000000
vt 0.000000 1.000000
vt 0.000000 0.000000
vt 1.000000 0.000000
vt 0.000000 1.000000
vt 0.000000 0.000000
vt 1.000000 0.000000
vt 0.000000 1.000000
vt 0.000000 0.000000
vt 1.000000 0.000000
vt 0.000000 1.000000
vt 0.000000 0.000000
vt 1.000000 0.000000
vt 0.000000 1.000000
vt 0.000000 0.000000
vt 1.000000 0.000000
vt 0.000000 1.000000
vt 0.000000 0.000000
vt 1.000000 0.000000
vt 0.000000 1.000000
vt 0.000000 0.000000
vt 1.000000 0.000000
vt 0.000000 1.000000
vt 0.000000 0.000000
vt 1.000000 0.000000
vt 0.000000 1.000000
vt 0.000000 0.000000
vt 1.000000 0.000000
vt 0.000000 1.000000
vt 0.000000 0.000000
vt 1.000000 0.000000
vt 0.000000 1.000000
vt 0.000000 0.000000
vt 1.000000 0.000000
vt 0.000000 1.000000
vt 0.000000 0.000000
vt 1.000000 0.000000
vt 0.000000 1.000000
vt 0.000000 0.000000
vt 1.000000 0.000000
vt 0.000000 1.000000
vt 0.000000 0.000000
vt 1.000000 0.000000
vt 0.000000 1.000000
vt 0.000000 0.000000
vt 1.000000 0.000000
vt 0.000000 1.000000
vt 0.000000 0.000000
vt 1.000000 0.000000
vt 0.000000 1.000000
vt 0.000000 0.000000
vt 1.000000 0.000000
vt 0.000000 1.000000
vt 0.000000 0.000000
vt 1.000000 0.000000
vt 0.000000 1.000000
vt 0.000000 0.000000
vt 1.000000 0.000000
vt 0.000000 1.000000
vt 0.000000 0.000000
vt 1.000000 0.000000
vt 0.000000 1.000000
vt 0.000000 0.000000
vt 1.000000 0.000000
vt 0.000000 1.000000
vt 0.000000 0.000000
vt 1.000000 0.000000
vt 0.000000 1.000000
vt 0.000000 0.000000
vt 1.000000 0.000000
vt 0.000000 1.000000
vt 0.000000 0.000000
vt 1.000000 0.000000
vt 0.000000 1.000000
vt 0.000000 0.000000
vt 1.000000 0.000000
vt 0.000000 1.000000
vt 0.000000 0.000000
vt 1.000000 0.000000
vt 0.000000 1.000000
vt 0.000000 0.000000
vt 1.000000 0.000000
vt 0.000000 1.000000
vt 0.000000 0.000000
vt 1.000000 0.000000
vt 0.000000 1.000000
vt 0.000000 0.000000
vt 1.000000 0.000000
vt 0.000000 1.000000
vt 0.000000 0.000000
vt 1.000000 0.000000
vt 0.000000 1.000000
vt 0.000000 0.000000
vt 1.000000 0.000000
vt 0.000000 1.000000
vt 0.000000 0.000000
vt 1.000000 0.000000
vt 0.000000 1.000000
vt 0.000000 0.000000
vt 1.000000 0.000000
vt 0.000000 1.000000
vt 0.000000 0.000000
vt 1.000000 0.000000
vt 0.000000 1.000000
vt 0.000000 0.000000
vt 1.000000 0.000000
vt 0.000000 1.000000
vt 0.000000 0.000000
vt 1.000000 0.000000
vt 0.000000 1.000000
vt 0.000000 0.000000
vt 1.000000 0.000000
vt 0.000000 1.000000
vt 0.000000 0.000000
vt 1.000000 0.000000
vt 0.000000 1.000000
vt 0.000000 0.000000
vt 1.000000 0.000000
vt 0.000000 1.000000
vt 0.000000 0.000000
vt 1.000000 0.000000
vt 0.000000 1.000000
vt 0.000000 0.000000
vt 1.000000 0.000000
vt 0.000000 1.000000
vt 0.000000 0.000000
vt 1.000000 0.000000
vt 0.000000 1.000000
vt 0.000000 0.000000
vt 1.000000 0.000000
vt 0.000000 1.000000
vt 0.000000 0.000000
vt 1.000000 0.000000
vt 0.000000 1.000000
vt 0.000000 0.000000
vt 1.000000 0.000000
vt 0.000000 1.000000
vt 0.000000 0.000000
vt 1.000000 0.000000
vt 0.000000 1.000000
vt 0.000000 0.000000
vt 1.000000 0.000000
vt 0.000000 1.000000
vt 0.000000 0.000000
vt 1.000000 0.000000
vt 0.000000 1.000000
vt 0.000000 0.000000
vt 1.000000 0.000000
vt 0.000000 1.000000
vt 0.000000 0.000000
vt 1.000000 0.000000
vt 0.000000 1.000000
vt 0.000000 0.000000
vt 1.000000 0.000000
vt 0.000000 1.000000
vt 0.000000 0.000000
vt 1.000000 0.000000
vt 0.000000 1.000000
vt 0.000000 0.000000
vt 1.000000 0.000000
vt 0.000000 1.000000
vt 0.000000 0.000000
vt 1.000000 0.000000
vt 0.000000 1.000000
vt 0.000000 0.000000
vt 1.000000 0.000000
vt 0.000000 1.000000
vt 0.000000 0.000000
vt 1.000000 0.000000
vt 0.000000 1.000000
vt 0.000000 0.000000
vt 1.000000 0.000000
vt 0.000000 1.000000
vt 0.000000 0.000000
vt 1.000000 0.000000
vt 0.000000 1.000000
vt 0.000000 0.000000
vt 1.000000 0.000000
vt 0.000000 1.000000
vt 0.000000 0.000000
vt 1.000000 0.000000
vt 0.000000 1.000000
vt 0.000000 0.000000
vt 1.000000 0.000000
vt 0.000000 1.000000
vt 0.000000 0.000000
vt 1.000000 0.000000
vt 0.000000 1.000000
vt 0.000000 0.000000
vt 1.000000 0.000000
vt 0.000000 1.000000
vt 0.000000 0.000000
vt 1.000000 0.000000
vt 0.000000 1.000000
vt 0.000000 0.000000
vt 1.000000 0.000000
vt 0.000000 1.000000
vt 0.000000 0.000000
vt 1.000000 0.000000
vt 0.000000 1.000000
vt 0.000000 0.000000
vt 1.000000 0.000000
vt 0.000000 1.000000
vt 0.000000 0.000000
vt 1.000000 0.000000
vt 0.000000 1.000000
vt 0.000000 0.000000
vt 1.000000 0.000000
vt 0.000000 1.000000
vt 0.000000 0.000000
vt 1.000000 0.000000
vt 0.000000 1.000000
vt 0.000000 0.000000
vt 1.000000 0.000000
vt 0.000000 1.000000
vt 0.000000 0.000000
vt 1.000000 0.000000
vt 0.000000 1.000000
vt 0.000000 0.000000
vt 1.000000 0.000000
vt 0.000000 1.000000
vt 0.000000 0.000000
vt 1.000000 0.000000
vt 0.000000 1.000000
vt 0.000000 0.000000
vt 1.000000 0.000000
vt 0.000000 1.000000
vt 0.000000 0.000000
vt 1.000000 0.000000
vt 0.000000 1.000000
vt 0.000000 0.000000
vt 1.000000 0.000000
vt 0.000000 1.000000
vt 0.000000 0.000000
vt 1.000000 0.000000
vt 0.000000 1.000000
vt 0.000000 0.000000
vt 1.000000 0.000000
vt 0.000000 1.000000
vt 0.000000 0.000000
vt 1.000000 0.000000
vt 0.000000 1.000000
vt 0.000000 0.000000
vt 1.000000 0.000000
vt 0.000000 1.000000
vt 0.000000 0.000000
vt 1.000000 0.000000
vt 0.000000 1.000000
vt 0.000000 0.000000
vt 1.000000 0.000000
vt 0.000000 1.000000
vt 0.000000 0.000000
vt 1.000000 0.000000
vt 0.000000 1.000000
vt 0.000000 0.000000
vt 1.000000 0.000000
vt 0.000000 1.000000
vt 0.000000 0.000000
vt 1.000000 0.000000
vt 0.000000 1.000000
vt 0.000000 0.000000
vt 1.000000 0.000000
vt 0.000000 1.000000
vt 0.000000 0.000000
vt 1.000000 0.000000
vt 0.000000 1.000000
vt 0.000000 0.000000
vt 1.000000 0.000000
vt 0.000000 1.000000
vt 0.000000 0.000000
vt 1.000000 0.000000
vt 0.000000 1.000000
vt 0.000000 0.000000
vt 1.000000 0.000000
vt 0.000000 1.000000
vt 0.000000 0.000000
vt 1.000000 0.000000
vt 0.000000 1.000000
vt 0.000000 0.000000
vt 1.000000 0.000000
vt 0.000000 1.000000
vt 0.000000 0.000000
vt 1.000000 0.000000
vt 0.000000 1.000000
vt 0.000000 0.000000
vt 1.000000 0.000000
vt 0.000000 1.000000
vt 0.000000 0.000000
vt 1.000000 0.000000
vt 0.000000 1.000000
vt 0.000000 0.000000
vt 1.000000 0.000000
vt 0.000000 1.000000
vt 0.000000 0.000000
vt 1.000000 0.000000
vt 0.000000 1.000000
vt 0.000000 0.000000
vt 1.000000 0.000000
vt 0.000000 1.000000
vt 0.000000 0.000000
vt 1.000000 0.000000
vt 0.000000 1.000000
vt 0.000000 0.000000
vt 1.000000 0.000000
vt 0.000000 1.000000
vt 0.000000 0.000000
vt 1.000000 0.000000
vt 0.000000 1.000000
vt 0.000000 0.000000
vt 1.000000 0.000000
vt 0.000000 1.000000
vt 0.000000 0.000000
vt 1.000000 0.000000
vt 0.000000 1.000000
vt 0.000000 0.000000
vt 1.000000 0.000000
vt 0.000000 1.000000
vt 0.000000 0.000000
vt 1.000000 0.000000
vt 0.000000 1.000000
vt 0.000000 0.000000
vt 1.000000 0.000000
vt 0.000000 1.000000
vt 0.000000 0.000000
vt 1.000000 0.000000
vt 0.000000 1.000000
vt 0.000000 0.000000
vt 1.000000 0.000000
vt 0.000000 1.000000
vt 0.000000 0.000000
vt 1.000000 0.000000
vt 0.000000 1.000000
vt 0.000000 0.000000
vt 1.000000 0.000000
vt 0.000000 1.000000
vt 0.000000 0.000000
vt 1.000000 0.000000
vt 0.000000 1.000000
vt 0.000000 0.000000
vt 1.000000 0.000000
vt 0.000000 1.000000
vt 0.000000 0.000000
vt 1.000000 0.000000
vt 0.000000 1.000000
vt 0.000000 0.000000
vt 1.000000 0.000000
vt 0.000000 1.000000
vt 0.000000 0.000000
vt 1.000000 0.000000
vt 0.000000 1.000000
vt 0.000000 0.000000
vt 1.000000 0.000000
vt 0.000000 1.000000
vt 0.000000 0.000000
vt 1.000000 0.000000
vt 0.000000 1.000000
vt 0.000000 0.000000
vt 1.000000 0.000000
vt 0.000000 1.000000
vt 0.000000 0.000000
vt 1.000000 0.000000
vt 0.000000 1.000000
vt 0.000000 0.000000
vt 1.000000 0.000000
vt 0.000000 1.000000
vt 0.000000 0.000000
vt 1.000000 0.000000
vt 0.000000 1.000000
vt 0.000000 0.000000
vt 1.000000 0.000000
vt 0.000000 1.000000
vt 0.000000 0.000000
vt 1.000000 0.000000
vt 0.000000 1.000000
vt 0.000000 0.000000
vt 1.000000 0.000000
vt 0.000000 1.000000
vt 0.000000 0.000000
vt 1.000000 0.000000
vt 0.000000 1.000000
vt 0.000000 0.000000
vt 1.000000 0.000000
vt 0.000000 1.000000
vt 0.000000 0.000000
vt 1.000000 0.000000
vt 0.000000 1.000000
vt 0.000000 0.000000
vt 1.000000 0.000000
vt 0.000000 1.000000
vt 0.000000 0.000000
vt 1.000000 0.000000
vt 0.000000 1.000000
vt 0.000000 0.000000
vt 1.000000 0.000000
vt 0.000000 1.000000
vt 0.000000 0.000000
vt 1.000000 0.000000
vt 0.000000 1.000000
vt 0.000000 0.000000
vt 1.000000 0.000000
vt 0.000000 1.000000
vt 0.000000 0.000000
vt 1.000000 0.000000
vt 0.000000 1.000000
vt 0.000000 0.000000
vt 1.000000 0.000000
vt 0.000000 1.000000
vt 0.000000 0.000000
vt 1.000000 0.000000
vt 0.000000 1.000000
vt 0.000000 0.000000
vt 1.000000 0.000000
vt 0.000000 1.000000
vt 0.000000 0.000000
vt 1.000000 0.000000
vt 0.000000 1.000000
vt 0.000000 0.000000
vt 1.000000 0.000000
vt 0.000000 1.000000
vt 0.000000 0.000000
vt 1.000000 0.000000
vt 0.000000 1.000000
vt 0.000000 0.000000
vt 1.000000 0.000000
vt 0.000000 1.000000
vt 0.000000 0.000000
vt 1.000000 0.000000
vt 0.000000 1.000000
vt 0.000000 0.000000
vt 1.000000 0.000000
vt 0.000000 1.000000
vt 0.000000 0.000000
vt 1.000000 0.000000
vt 0.000000 1.000000
vt 0.000000 0.000000
vt 1.000000 0.000000
vt 0.000000 1.000000
vt 0.000000 0.000000
vt 1.000000 0.000000
vt 0.000000 1.000000
vt 0.000000 0.000000
vt 1.000000 0.000000
vt 0.000000 1.000000
vt 0.000000 0.000000
vt 1.000000 0.000000
vt 0.000000 1.000000
vt 0.000000 0.000000
vt 1.000000 0.000000
vt 0.000000 1.000000
vt 0.000000 0.000000
vt 1.000000 0.000000
vt 0.000000 1.000000
vt 0.000000 0.000000
vt 1.000000 0.000000
vt 0.000000 1.000000
vt 0.000000 0.000000
vt 1.000000 0.000000
vt 0.000000 1.000000
vt 0.000000 0.000000
vt 1.000000 0.000000
vt 0.000000 1.000000
vt 0.000000 0.000000
vt 1.000000 0.000000
vt 0.000000 1.000000
vt 0.000000 0.000000
vt 1.000000 0.000000
vt 0.000000 1.000000
vt 0.000000 0.000000
vt 1.000000 0.000000
vt 0.000000 1.000000
vt 0.000000 0.000000
vt 1.000000 0.000000
vt 0.000000 1.000000
vt 0.000000 0.000000
vt 1.000000 0.000000
vt 0.000000 1.000000
vt 0.000000 0.000000
vt 1.000000 0.000000
vt 0.000000 1.000000
vt 0.000000 0.000000
vt 1.000000 0.000000
vt 0.000000 1.000000
vt 0.000000 0.000000
vt 1.000000 0.000000
vt 0.000000 1.000000
vt 0.000000 0.000000
vt 1.000000 0.000000
vt 0.000000 1.000000
vt 0.000000 0.000000
vt 1.000000 0.000000
vt 0.000000 1.000000
vt 0.000000 0.000000
vt 1.000000 0.000000
vt 0.000000 1.000000
vt 0.000000 0.000000
vt 1.000000 0.000000
vt 0.000000 1.000000
vt 0.000000 0.000000
vt 1.000000 0.000000
vt 0.000000 1.000000
vt 0.000000 0.000000
vt 1.000000 0.000000
vt 0.000000 1.000000
vt 0.000000 0.000000
vt 1.000000 0.000000
vt 0.000000 1.000000
vt 0.000000 0.000000
vt 1.000000 0.000000
vt 0.000000 1.000000
vt 0.000000 0.000000
vt 1.000000 0.000000
vt 0.000000 1.000000
vt 0.000000 0.000000
vt 1.000000 0.000000
vt 0.000000 1.000000
vt 0.000000 0.000000
vt 1.000000 0.000000
vt 0.000000 1.000000
vt 0.000000 0.000000
vt 1.000000 0.000000
vt 0.000000 1.000000
vt 0.000000 0.000000
vt 1.000000 0.000000
vt 0.000000 1.000000
vt 0.000000 0.000000
vt 1.000000 0.000000
vt 0.000000 1.000000
vt 0.000000 0.000000
vt 1.000000 0.000000
vt 0.000000 1.000000
vt 0.000000 0.000000
vt 1.000000 0.000000
vt 0.000000 1.000000
vt 0.000000 0.000000
vt 1.000000 0.000000
vt 0.000000 1.000000
vt 0.000000 0.000000
vt 1.000000 0.000000
vt 0.000000 1.000000
vt 0.000000 0.000000
vt 1.000000 0.000000
vt 0.000000 1.000000
vt 0.000000 0.000000
vt 1.000000 0.000000
vt 0.000000 1.000000
vt 0.000000 0.000000
vt 1.000000 0.000000
vt 0.000000 1.000000
vt 0.000000 0.000000
vt 1.000000 0.000000
vt 0.000000 1.000000
vt 0.000000 0.000000
vt 1.000000 0.000000
vt 0.000000 1.000000
vt 0.000000 0.000000
vt 1.000000 0.000000
vt 0.000000 1.000000
vt 0.000000 0.000000
vt 1.000000 0.000000
vt 0.000000 1.000000
vt 0.000000 0.000000
vt 1.000000 0.000000
vt 0.000000 1.000000
vt 0.000000 0.000000
vt 1.000000 0.000000
vt 0.000000 1.000000
vt 0.000000 0.000000
vt 1.000000 0.000000
vt 0.000000 1.000000
vt 0.000000 0.000000
vt 1.000000 0.000000
vt 0.000000 1.000000
vt 0.000000 0.000000
vt 1.000000 0.000000
vt 0.000000 1.000000
vt 0.000000 0.000000
vt 1.000000 0.000000
vt 0.000000 1.000000
vt 0.000000 0.000000
vt 1.000000 0.000000
vt 0.000000 1.000000
vt 0.000000 0.000000
vt 1.000000 0.000000
vt 0.000000 1.000000
vt 0.000000 0.000000
vt 1.000000 0.000000
vt 0.000000 1.000000
vt 0.000000 0.000000
vt 1.000000 0.000000
vt 0.000000 1.000000
vt 0.000000 0.000000
vt 1.000000 0.000000
vt 0.000000 1.000000
vt 0.000000 0.000000
vt 1.000000 0.000000
vt 0.000000 1.000000
vt 0.000000 0.000000
vt 1.000000 0.000000
vt 0.000000 1.000000
vt 0.000000 0.000000
vt 1.000000 0.000000
vt 0.000000 1.000000
vt 0.000000 0.000000
vt 1.000000 0.000000
vt 0.000000 1.000000
vt 0.000000 0.000000
vt 1.000000 0.000000
vt 0.000000 1.000000
vt 0.000000 0.000000
vt 1.000000 0.000000
vt 0.000000 1.000000
vt 0.000000 0.000000
vt 1.000000 0.000000
vt 0.000000 1.000000
vt 0.000000 0.000000
vt 1.000000 0.000000
vt 0.000000 1.000000
vt 0.000000 0.000000
vt 1.000000 0.000000
vt 0.000000 1.000000
vt 0.000000 0.000000
vt 1.000000 0.000000
vt 0.000000 1.000000
vt 0.000000 0.000000
vt 1.000000 0.000000
vt 0.000000 1.000000
vt 0.000000 0.000000
vt 1.000000 0.000000
vt 0.000000 1.000000
vt 0.000000 0.000000
vt 1.000000 0.000000
vt 0.000000 1.000000
vt 0.000000 0.000000
vt 1.000000 0.000000
vt 0.000000 1.000000
vt 0.000000 0.000000
vt 1.000000 0.000000
vt 0.000000 1.000000
vt 0.000000 0.000000
vt 1.000000 0.000000
vt 0.000000 1.000000
vt 0.000000 0.000000
vt 1.000000 0.000000
vt 0.000000 1.000000
vt 0.000000 0.000000
vt 1.000000 0.000000
vt 0.000000 1.000000
vt 0.000000 0.000000
vt 1.000000 0.000000
vt 0.000000 1.000000
vt 0.000000 0.000000
vt 1.000000 0.000000
vt 0.000000 1.000000
vt 0.000000 0.000000
vt 1.000000 0.000000
vt 0.000000 1.000000
vt 0.000000 0.000000
vt 1.000000 0.000000
vt 0.000000 1.000000
vt 0.000000 0.000000
vt 1.000000 0.000000
vt 0.000000 1.000000
vt 0.000000 0.000000
vt 1.000000 0.000000
vt 0.000000 1.000000
vt 0.000000 0.000000
vt 1.000000 0.000000
vt 0.000000 1.000000
vt 0.000000 0.000000
vt 1.000000 0.000000
vt 0.000000 1.000000
vt 0.000000 0.000000
vt 1.000000 0.000000
vt 0.000000 1.000000
vt 0.000000 0.000000
vt 1.000000 0.000000
vt 0.000000 1.000000
vt 0.000000 0.000000
vt 1.000000 0.000000
vt 0.000000 1.000000
vt 0.000000 0.000000
vt 1.000000 0.000000
vt 0.000000 1.000000
vt 0.000000 0.000000
vt 1.000000 0.000000
vt 0.000000 1.000000
vt 0.000000 0.000000
vt 1.000000 0.000000
vt 0.000000 1.000000
vt 0.000000 0.000000
vt 1.000000 0.000000
vt 0.000000 1.000000
vt 0.000000 0.000000
vt 1.000000 0.000000
vt 0.000000 1.000000
vt 0.000000 0.000000
vt 1.000000 0.000000
vt 0.000000 1.000000
vt 0.000000 0.000000
vt 1.000000 0.000000
vt 0.000000 1.000000
vt 0.000000 0.000000
vt 1.000000 0.000000
vt 0.000000 1.000000
vt 0.000000 0.000000
vt 1.000000 0.000000
vt 0.000000 1.000000
vt 0.000000 0.000000
vt 1.000000 0.000000
vt 0.000000 1.000000
vt 0.000000 0.000000
vt 1.000000 0.000000
vt 0.000000 1.000000
vt 0.000000 0.000000
vt 1.000000 0.000000
vt 0.000000 1.000000
vt 0.000000 0.000000
vt 1.000000 0.000000
vt 0.000000 1.000000
vt 0.000000 0.000000
vt 1.000000 0.000000
vt 0.000000 1.000000
vt 0.000000 0.000000
vt 1.000000 0.000000
vt 0.000000 1.000000
vt 0.000000 0.000000
vt 1.000000 0.000000
vt 0.000000 1.000000
vt 0.000000 0.000000
vt 1.000000 0.000000
vt 0.000000 1.000000
vt 0.000000 0.000000
vt 1.000000 0.000000
vt 0.000000 1.000000
vt 0.000000 0.000000
vt 1.000000 0.000000
vt 0.000000 1.000000
vt 0.000000 0.000000
vt 1.000000 0.000000
vt 0.000000 1.000000
vt 0.000000 0.000000
vt 1.000000 0.000000
vt 0.000000 1.000000
vt 0.000000 0.000000
vt 1.000000 0.000000
vt 0.000000 1.000000
vt 0.000000 0.000000
vt 1.000000 0.000000
vt 0.000000 1.000000
vt 0.000000 0.000000
vt 1.000000 0.000000
vt 0.000000 1.000000
vt 0.000000 0.000000
vt 1.000000 0.000000
vt 0.000000 1.000000
vt 0.000000 0.000000
vt 1.000000 0.000000
vt 0.000000 1.000000
vt 0.000000 0.000000
vt 1.000000 0.000000
vt 0.000000 1.000000
vt 0.000000 0.000000
vt 1.000000 0.000000
vt 0.000000 1.000000
vt 0.000000 0.000000
vt 1.000000 0.000000
vt 0.000000 1.000000
vt 0.000000 0.000000
vt 1.000000 0.000000
vt 0.000000 1.000000
vt 0.000000 0.000000
vt 1.000000 0.000000
vt 0.000000 1.000000
vt 0.000000 0.000000
vt 1.000000 0.000000
vt 0.000000 1.000000
vt 0.000000 0.000000
vt 1.000000 0.000000
vt 0.000000 1.000000
vt 0.000000 0.000000
vt 1.000000 0.000000
vt 0.000000 1.000000
vt 0.000000 0.000000
vt 1.000000 0.000000
vt 0.000000 1.000000
vt 0.000000 0.000000
vt 1.000000 0.000000
vt 0.000000 1.000000
vt 0.000000 0.000000
vt 1.000000 0.000000
vt 0.000000 1.000000
vt 0.000000 0.000000
vt 1.000000 0.000000
vt 0.000000 1.000000
vt 0.000000 0.000000
vt 1.000000 0.000000
vt 0.000000 1.000000
vt 0.000000 0.000000
vt 1.000000 0.000000
vt 0.000000 1.000000
vt 0.000000 0.000000
vt 1.000000 0.000000
vt 0.000000 1.000000
vt 0.000000 0.000000
vt 1.000000 0.000000
vt 0.000000 1.000000
vt 0.000000 0.000000
vt 1.000000 0.000000
vt 0.000000 1.000000
vt 0.000000 0.000000
vt 1.000000 0.000000
vt 0.000000 1.000000
vt 0.000000 0.000000
vt 1.000000 0.000000
vt 0.000000 1.000000
vt 0.000000 0.000000
vt 1.000000 0.000000
vt 0.000000 1.000000
vt 0.000000 0.000000
vt 1.000000 0.000000
vt 0.000000 1.000000
vt 0.000000 0.000000
vt 1.000000 0.000000
vt 0.000000 1.000000
vt 0.000000 0.000000
vt 1.000000 0.000000
vt 0.000000 1.000000
vt 0.000000 0.000000
vt 1.000000 0.000000
vt 0.000000 1.000000
vt 0.000000 0.000000
vt 1.000000 0.000000
vt 0.000000 1.000000
vt 0.000000 0.000000
vt 1.000000 0.000000
vt 0.000000 1.000000
vt 0.000000 0.000000
vt 1.000000 0.000000
vt 0.000000 1.000000
vt 0.000000 0.000000
vt 1.000000 0.000000
vt 0.000000 1.000000
vt 0.000000 0.000000
vt 1.000000 0.000000
vt 0.000000 1.000000
vt 0.000000 0.000000
vt 1.000000 0.000000
vt 0.000000 1.000000
vt 0.000000 0.000000
vt 1.000000 0.000000
vt 0.000000 1.000000
vt 0.000000 0.000000
vt 1.000000 0.000000
vt 0.000000 1.000000
vt 0.000000 0.000000
vt 1.000000 0.000000
vt 0.000000 1.000000
vt 0.000000 0.000000
vt 1.000000 0.000000
vt 0.000000 1.000000
vt 0.000000 0.000000
vt 1.000000 0.000000
vt 0.000000 1.000000
vt 0.000000 0.000000
vt 1.000000 0.000000
vt 0.000000 1.000000
vt 0.000000 0.000000
vt 1.000000 0.000000
vt 0.000000 1.000000
vt 0.000000 0.000000
vt 1.000000 0.000000
vt 0.000000 1.000000
vt 0.000000 0.000000
vt 1.000000 0.000000
vt 0.000000 1.000000
vt 0.000000 0.000000
vt 1.000000 0.000000
vt 0.000000 1.000000
vt 0.000000 0.000000
vt 1.000000 0.000000
vt 0.000000 1.000000
vt 0.000000 0.000000
vt 1.000000 0.000000
vt 0.000000 1.000000
vt 0.000000 0.000000
vt 1.000000 0.000000
vt 0.000000 1.000000
vt 0.000000 0.000000
vt 1.000000 0.000000
vt 0.000000 1.000000
vt 0.000000 0.000000
vt 1.000000 0.000000
vt 0.000000 1.000000
vt 0.000000 0.000000
vt 1.000000 0.000000
vt 0.000000 1.000000
vt 0.000000 0.000000
vt 1.000000 0.000000
vt 0.000000 1.000000
vt 0.000000 0.000000
vt 1.000000 0.000000
vt 0.000000 1.000000
vt 0.000000 0.000000
vt 1.000000 0.000000
vt 0.000000 1.000000
vt 0.000000 0.000000
vt 1.000000 0.000000
vt 0.000000 1.000000
vt 0.000000 0.000000
vt 1.000000 0.000000
vt 0.000000 1.000000
vt 0.000000 0.000000
vt 1.000000 0.000000
vt 0.000000 1.000000
vt 0.000000 0.000000
vt 1.000000 0.000000
vt 0.000000 1.000000
vt 0.000000 0.000000
vt 1.000000 0.000000
vt 0.000000 1.000000
vt 0.000000 0.000000
vt 1.000000 0.000000
vt 0.000000 1.000000
vt 0.000000 0.000000
vt 1.000000 0.000000
vt 0.000000 1.000000
vt 0.000000 0.000000
vt 1.000000 0.000000
vt 0.000000 1.000000
vt 0.000000 0.000000
vt 1.000000 0.000000
vt 0.000000 1.000000
vt 0.000000 0.000000
vt 1.000000 0.000000
vt 0.000000 1.000000
vt 0.000000 0.000000
vt 1.000000 0.000000
vt 0.000000 1.000000
vt 0.000000 0.000000
vt 1.000000 0.000000
vt 0.000000 1.000000
vt 0.000000 0.000000
vt 1.000000 0.000000
vt 0.000000 1.000000
vt 0.000000 0.000000
vt 1.000000 0.000000
vt 0.000000 1.000000
vt 0.000000 0.000000
vt 1.000000 0.000000
vt 0.000000 1.000000
vt 0.000000 0.000000
vt 1.000000 0.000000
vt 0.000000 1.000000
vt 0.000000 0.000000
vt 1.000000 0.000000
vt 0.000000 1.000000
vt 0.000000 0.000000
vt 1.000000 0.000000
vt 0.000000 1.000000
vt 0.000000 0.000000
vt 1.000000 0.000000
vt 0.000000 1.000000
vt 0.000000 0.000000
vt 1.000000 0.000000
vt 0.000000 1.000000
vt 0.000000 0.000000
vt 1.000000 0.000000
vt 0.000000 1.000000
vt 0.000000 0.000000
vt 1.000000 0.000000
vt 0.000000 1.000000
vt 0.000000 0.000000
vt 1.000000 0.000000
vt 0.000000 1.000000
vt 0.000000 0.000000
vt 1.000000 0.000000
vt 0.000000 1.000000
vt 0.000000 0.000000
vt 1.000000 0.000000
vt 0.000000 1.000000
vt 0.000000 0.000000
vt 1.000000 0.000000
vt 0.000000 1.000000
vt 0.000000 0.000000
vt 1.000000 0.000000
vt 0.000000 1.000000
vt 0.000000 0.000000
vt 1.000000 0.000000
vt 0.000000 1.000000
vt 0.000000 0.000000
vt 1.000000 0.000000
vt 0.000000 1.000000
vt 0.000000 0.000000
vt 1.000000 0.000000
vt 0.000000 1.000000
vt 0.000000 0.000000
vt 1.000000 0.000000
vt 0.000000 1.000000
vt 0.000000 0.000000
vt 1.000000 0.000000
vt 0.000000 1.000000
vt 0.000000 0.000000
vt 1.000000 0.000000
vt 0.000000 1.000000
vt 0.000000 0.000000
vt 1.000000 0.000000
vt 0.000000 1.000000
vt 0.000000 0.000000
vt 1.000000 0.000000
vt 0.000000 1.000000
vt 0.000000 0.000000
vt 1.000000 0.000000
vt 0.000000 1.000000
vt 0.000000 0.000000
vt 1.000000 0.000000
vt 0.000000 1.000000
vt 0.000000 0.000000
vt 1.000000 0.000000
vt 0.000000 1.000000
vt 0.000000 0.000000
vt 1.000000 0.000000
vt 0.000000 1.000000
vt 0.000000 0.000000
vt 1.000000 0.000000
vt 0.000000 1.000000
vt 0.000000 0.000000
vt 1.000000 0.000000
vt 0.000000 1.000000
vt 0.000000 0.000000
vt 1.000000 0.000000
vt 0.000000 1.000000
vt 0.000000 0.000000
vt 1.000000 0.000000
vt 0.000000 1.000000
vt 0.000000 0.000000
vt 1.000000 0.000000
vt 0.000000 1.000000
vt 0.000000 0.000000
vt 1.000000 0.000000
vt 0.000000 1.000000
vt 0.000000 0.000000
vt 1.000000 0.000000
vt 0.000000 1.000000
vt 0.000000 0.000000
vt 1.000000 0.000000
vt 0.000000 1.000000
vt 0.000000 0.000000
vt 1.000000 0.000000
vt 0.000000 1.000000
vt 0.000000 0.000000
vt 1.000000 0.000000
vt 0.000000 1.000000
vt 0.000000 0.000000
vt 1.000000 0.000000
vt 0.000000 1.000000
vt 0.000000 0.000000
vt 1.000000 0.000000
vt 0.000000 1.000000
vt 0.000000 0.000000
vt 1.000000 0.000000
vt 0.000000 1.000000
vt 0.000000 0.000000
vt 1.000000 0.000000
vt 0.000000 1.000000
vt 0.000000 0.000000
vt 1.000000 0.000000
vt 0.000000 1.000000
vt 0.000000 0.000000
vt 1.000000 0.000000
vt 0.000000 1.000000
vt 0.000000 0.000000
vt 1.000000 0.000000
vt 0.000000 1.000000
vt 0.000000 0.000000
vt 1.000000 0.000000
vt 0.000000 1.000000
vt 0.000000 0.000000
vt 1.000000 0.000000
vt 0.000000 1.000000
vt 0.000000 0.000000
vt 1.000000 0.000000
vt 0.000000 1.000000
vt 0.000000 0.000000
vt 1.000000 0.000000
vt 0.000000 1.000000
vt 0.000000 0.000000
vt 1.000000 0.000000
vt 0.000000 1.000000
vt 0.000000 0.000000
vt 1.000000 0.000000
vt 0.000000 1.000000
vt 0.000000 0.000000
vt 1.000000 0.000000
vt 0.000000 1.000000
vt 0.000000 0.000000
vt 1.000000 0.000000
vt 0.000000 1.000000
vt 0.000000 0.000000
vt 1.000000 0.000000
vt 0.000000 1.000000
vt 0.000000 0.000000
vt 1.000000 0.000000
vt 0.000000 1.000000
vt 0.000000 0.000000
vt 1.000000 0.000000
vt 0.000000 1.000000
vt 0.000000 0.000000
vt 1.000000 0.000000
vt 0.000000 1.000000
vt 0.000000 0.000000
vt 1.000000 0.000000
vt 0.000000 1.000000
vt 0.000000 0.000000
vt 1.000000 0.000000
vt 0.000000 1.000000
vt 0.000000 0.000000
vt 1.000000 0.000000
vt 0.000000 1.000000
vt 0.000000 0.000000
vt 1.000000 0.000000
vt 0.000000 1.000000
vt 0.000000 0.000000
vt 1.000000 0.000000
vt 0.000000 1.000000
vt 0.000000 0.000000
vt 1.000000 0.000000
vt 0.000000 1.000000
vt 0.000000 0.000000
vt 1.000000 0.000000
vt 0.000000 1.000000
vt 0.000000 0.000000
vt 1.000000 0.000000
vt 0.000000 1.000000
vt 0.000000 0.000000
vt 1.000000 0.000000
vt 0.000000 1.000000
vt 0.000000 0.000000
vt 1.000000 0.000000
vt 0.000000 1.000000
vt 0.000000 0.000000
vt 1.000000 0.000000
vt 0.000000 1.000000
vt 0.000000 0.000000
vt 1.000000 0.000000
vt 0.000000 1.000000
vt 0.000000 0.000000
vt 1.000000 0.000000
vt 0.000000 1.000000
vt 0.000000 0.000000
vt 1.000000 0.000000
vt 0.000000 1.000000
vt 0.000000 0.000000
vt 1.000000 0.000000
vt 0.000000 1.000000
vt 0.000000 0.000000
vt 1.000000 0.000000
vt 0.000000 1.000000
vt 0.000000 0.000000
vt 1.000000 0.000000
vt 0.000000 1.000000
vt 0.000000 0.000000
vt 1.000000 0.000000
vt 0.000000 1.000000
vt 0.000000 0.000000
vt 1.000000 0.000000
vt 0.000000 1.000000
vt 0.000000 0.000000
vt 1.000000 0.000000
vt 0.000000 1.000000
vt 0.000000 0.000000
vt 1.000000 0.000000
vt 0.000000 1.000000
vt 0.000000 0.000000
vt 1.000000 0.000000
vt 0.000000 1.000000
vt 0.000000 0.000000
vt 1.000000 0.000000
vt 0.000000 1.000000
vt 0.000000 0.000000
vt 1.000000 0.000000
vt 0.000000 1.000000
vt 0.000000 0.000000
vt 1.000000 0.000000
vt 0.000000 1.000000
vt 0.000000 0.000000
vt 1.000000 0.000000
vt 0.000000 1.000000
vt 0.000000 0.000000
vt 1.000000 0.000000
vt 0.000000 1.000000
vt 0.000000 0.000000
vt 1.000000 0.000000
vt 0.000000 1.000000
vt 0.000000 0.000000
vt 1.000000 0.000000
vt 0.000000 1.000000
vt 0.000000 0.000000
vt 1.000000 0.000000
vt 0.000000 1.000000
vt 0.000000 0.000000
vt 1.000000 0.000000
vt 0.000000 1.000000
vt 0.000000 0.000000
vt 1.000000 0.000000
vt 0.000000 1.000000
vt 0.000000 0.000000
vt 1.000000 0.000000
vt 0.000000 1.000000
vt 0.000000 0.000000
vt 1.000000 0.000000
vt 0.000000 1.000000
vt 0.000000 0.000000
vt 1.000000 0.000000
vt 0.000000 1.000000
vt 0.000000 0.000000
vt 1.000000 0.000000
vt 0.000000 1.000000
vt 0.000000 0.000000
vt 1.000000 0.000000
vt 0.000000 1.000000
vt 0.000000 0.000000
vt 1.000000 0.000000
vt 0.000000 1.000000
vt 0.000000 0.000000
vt 1.000000 0.000000
vt 0.000000 1.000000
vt 0.000000 0.000000
vt 1.000000 0.000000
vt 0.000000 1.000000
vt 0.000000 0.000000
vt 1.000000 0.000000
vt 0.000000 1.000000
vt 0.000000 0.000000
vt 1.000000 0.000000
vt 0.000000 1.000000
vt 0.000000 0.000000
vt 1.000000 0.000000
vt 0.000000 1.000000
vt 0.000000 0.000000
vt 1.000000 0.000000
vt 0.000000 1.000000
vt 0.000000 0.000000
vt 1.000000 0.000000
vt 0.000000 1.000000
vt 0.000000 0.000000
vt 1.000000 0.000000
vt 0.000000 1.000000
vt 0.000000 0.000000
vt 1.000000 0.000000
vt 0.000000 1.000000
vt 0.000000 0.000000
vt 1.000000 0.000000
vt 0.000000 1.000000
vt 0.000000 0.000000
vt 1.000000 0.000000
vt 0.000000 1.000000
vt 0.000000 0.000000
vt 1.000000 0.000000
vt 0.000000 1.000000
vt 0.000000 0.000000
vt 1.000000 0.000000
vt 0.000000 1.000000
vt 0.000000 0.000000
vt 1.000000 0.000000
vt 0.000000 1.000000
vt 0.000000 0.000000
vt 1.000000 0.000000
vt 0.000000 1.000000
vt 0.000000 0.000000
vt 1.000000 0.000000
vt 0.000000 1.000000
vt 0.000000 0.000000
vt 1.000000 0.000000
vt 0.000000 1.000000
vt 0.000000 0.000000
vt 1.000000 0.000000
vt 0.000000 1.000000
vt 0.000000 0.000000
vt 1.000000 0.000000
vt 0.000000 1.000000
vt 0.000000 0.000000
vt 1.000000 0.000000
vt 0.000000 1.000000
vt 0.000000 0.000000
vt 1.000000 0.000000
vt 0.000000 1.000000
vt 0.000000 0.000000
vt 1.000000 0.000000
vt 0.000000 1.000000
vt 0.000000 0.000000
vt 1.000000 0.000000
vt 0.000000 1.000000
vt 0.000000 0.000000
vt 1.000000 0.000000
vt 0.000000 1.000000
vt 0.000000 0.000000
vt 1.000000 0.000000
vt 0.000000 1.000000
vt 0.000000 0.000000
vt 1.000000 0.000000
vt 0.000000 1.000000
vt 0.000000 0.000000
vt 1.000000 0.000000
vt 0.000000 1.000000
vt 0.000000 0.000000
vt 1.000000 0.000000
vt 0.000000 1.000000
vt 0.000000 0.000000
vt 1.000000 0.000000
vt 0.000000 1.000000
vt 0.000000 0.000000
vt 1.000000 0.000000
vt 0.000000 1.000000
vt 0.000000 0.000000
vt 1.000000 0.000000
vt 0.000000 1.000000
vt 0.000000 0.000000
vt 1.000000 0.000000
vt 0.000000 1.000000
vt 0.000000 0.000000
vt 1.000000 0.000000
vt 0.000000 1.000000
vt 0.000000 0.000000
vt 1.000000 0.000000
vt 0.000000 1.000000
vt 0.000000 0.000000
vt 1.000000 0.000000
vt 0.000000 1.000000
vt 0.000000 0.000000
vt 1.000000 0.000000
vt 0.000000 1.000000
vt 0.000000 0.000000
vt 1.000000 0.000000
vt 0.000000 1.000000
vt 0.000000 0.000000
vt 1.000000 0.000000
vt 0.000000 1.000000
vt 0.000000 0.000000
vt 1.000000 0.000000
vt 0.000000 1.000000
vt 0.000000 0.000000
vt 1.000000 0.000000
vt 0.000000 1.000000
vt 0.000000 0.000000
vt 1.000000 0.000000
vt 0.000000 1.000000
vt 0.000000 0.000000
vt 1.000000 0.000000
vt 0.000000 1.000000
vt 0.000000 0.000000
vt 1.000000 0.000000
vt 0.000000 1.000000
vt 0.000000 0.000000
vt 1.000000 0.000000
vt 0.000000 1.000000
vt 0.000000 0.000000
vt 1.000000 0.000000
vt 0.000000 1.000000
vt 0.000000 0.000000
vt 1.000000 0.000000
vt 0.000000 1.000000
vt 0.000000 0.000000
vt 1.000000 0.000000
vt 0.000000 1.000000
vt 0.000000 0.000000
vt 1.000000 0.000000
vt 0.000000 1.000000
vt 0.000000 0.000000
vt 1.000000 0.000000
vt 0.000000 1.000000
vt 0.000000 0.000000
vt 1.000000 0.000000
vt 0.000000 1.000000
vt 0.000000 0.000000
vt 1.000000 0.000000
vt 0.000000 1.000000
vt 0.000000 0.000000
vt 1.000000 0.000000
vt 0.000000 1.000000
vt 0.000000 0.000000
vt 1.000000 0.000000
vt 0.000000 1.000000
vt 0.000000 0.000000
vt 1.000000 0.000000
vt 0.000000 1.000000
vt 0.000000 0.000000
vt 1.000000 0.000000
vt 0.000000 1.000000
vt 0.000000 0.000000
vt 1.000000 0.000000
vt 0.000000 1.000000
vt 0.000000 0.000000
vt 1.000000 0.000000
vt 0.000000 1.000000
vt 0.000000 0.000000
vt 1.000000 0.000000
vt 0.000000 1.000000
vt 0.000000 0.000000
vt 1.000000 0.000000
vt 0.000000 1.000000
vt 0.000000 0.000000
vt 1.000000 0.000000
vt 0.000000 1.000000
vt 0.000000 0.000000
vt 1.000000 0.000000
vt 0.000000 1.000000
vt 0.000000 0.000000
vt 1.000000 0.000000
vt 0.000000 1.000000
vt 0.000000 0.000000
vt 1.000000 0.000000
vt 0.000000 1.000000
vt 0.000000 0.000000
vt 1.000000 0.000000
vt 0.000000 1.000000
vt 0.000000 0.000000
vt 1.000000 0.000000
vt 0.000000 1.000000
vt 0.000000 0.000000
vt 1.000000 0.000000
vt 0.000000 1.000000
vt 0.000000 0.000000
vt 1.000000 0.000000
vt 0.000000 1.000000
vt 0.000000 0.000000
vt 1.000000 0.000000
vt 0.000000 1.000000
vt 0.000000 0.000000
vt 1.000000 0.000000
vt 0.000000 1.000000
vt 0.000000 0.000000
vt 1.000000 0.000000
vt 0.000000 1.000000
vt 0.000000 0.000000
vt 1.000000 0.000000
vt 0.000000 1.000000
vt 0.000000 0.000000
vt 1.000000 0.000000
vt 0.000000 1.000000
vt 0.000000 0.000000
vt 1.000000 0.000000
vt 0.000000 1.000000
vt 0.000000 0.000000
vt 1.000000 0.000000
vt 0.000000 1.000000
vt 0.000000 0.000000
vt 1.000000 0.000000
vt 0.000000 1.000000
vt 0.000000 0.000000
vt 1.000000 0.000000
vt 0.000000 1.000000
vt 0.000000 0.000000
vt 1.000000 0.000000
vt 0.000000 1.000000
vt 0.000000 0.000000
vt 1.000000 0.000000
vt 0.000000 1.000000
vt 0.000000 0.000000
vt 1.000000 0.000000
vt 0.000000 1.000000
vt 0.000000 0.000000
vt 1.000000 0.000000
vt 0.000000 1.000000
vt 0.000000 0.000000
vt 1.000000 0.000000
vt 0.000000 1.000000
vt 0.000000 0.000000
vt 1.000000 0.000000
vt 0.000000 1.000000
vt 0.000000 0.000000
vt 1.000000 0.000000
vt 0.000000 1.000000
vt 0.000000 0.000000
vt 1.000000 0.000000
vt 0.000000 1.000000
vt 0.000000 0.000000
vt 1.000000 0.000000
vt 0.000000 1.000000
vt 0.000000 0.000000
vt 1.000000 0.000000
vt 0.000000 1.000000
vt 0.000000 0.000000
vt 1.000000 0.000000
vt 0.000000 1.000000
vt 0.000000 0.000000
vt 1.000000 0.000000
vt 0.000000 1.000000
vt 0.000000 0.000000
vt 1.000000 0.000000
vt 0.000000 1.000000
vt 0.000000 0.000000
vt 1.000000 0.000000
vt 0.000000 1.000000
vt 0.000000 0.000000
vt 1.000000 0.000000
vt 0.000000 1.000000
vt 0.000000 0.000000
vt 1.000000 0.000000
vt 0.000000 1.000000
vt 0.000000 0.000000
vt 1.000000 0.000000
vt 0.000000 1.000000
vt 0.000000 0.000000
vt 1.000000 0.000000
vt 0.000000 1.000000
vt 0.000000 0.000000
vt 1.000000 0.000000
vt 0.000000 1.000000
vt 0.000000 0.000000
vt 1.000000 0.000000
vt 0.000000 1.000000
vt 0.000000 0.000000
vt 1.000000 0.000000
vt 0.000000 1.000000
vt 0.000000 0.000000
vt 1.000000 0.000000
vt 0.000000 1.000000
vt 0.000000 0.000000
vt 1.000000 0.000000
vt 0.000000 1.000000
vt 0.000000 0.000000
vt 1.000000 0.000000
vt 0.000000 1.000000
vt 0.000000 0.000000
vt 1.000000 0.000000
vt 0.000000 1.000000
vt 0.000000 0.000000
vt 1.000000 0.000000
vt 0.000000 1.000000
vt 0.000000 0.000000
vt 1.000000 0.000000
vt 0.000000 1.000000
vt 0.000000 0.000000
vt 1.000000 0.000000
vt 0.000000 1.000000
vt 0.000000 0.000000
vt 1.000000 0.000000
vt 0.000000 1.000000
vt 0.000000 0.000000
vt 1.000000 0.000000
vt 0.000000 1.000000
vt 0.000000 0.000000
vt 1.000000 0.000000
vt 0.000000 1.000000
vt 0.000000 0.000000
vt 1.000000 0.000000
vt 0.000000 1.000000
vt 0.000000 0.000000
vt 1.000000 0.000000
vt 0.000000 1.000000
vt 0.000000 0.000000
vt 1.000000 0.000000
vt 0.000000 1.000000
vt 0.000000 0.000000
vt 1.000000 0.000000
vt 0.000000 1.000000
vt 0.000000 0.000000
vt 1.000000 0.000000
vt 0.000000 1.000000
vt 0.000000 0.000000
vt 1.000000 0.000000
vt 0.000000 1.000000
vt 0.000000 0.000000
vt 1.000000 0.000000
vt 0.000000 1.000000
vt 0.000000 0.000000
vt 1.000000 0.000000
vt 0.000000 1.000000
vt 0.000000 0.000000
vt 1.000000 0.000000
vt 0.000000 1.000000
vt 0.000000 0.000000
vt 1.000000 0.000000
vt 0.000000 1.000000
vt 0.000000 0.000000
vt 1.000000 0.000000
vt 0.000000 1.000000
vt 0.000000 0.000000
vt 1.000000 0.000000
vt 0.000000 1.000000
vt 0.000000 0.000000
vt 1.000000 0.000000
vt 0.000000 1.000000
vt 0.000000 0.000000
vt 1.000000 0.000000
vt 0.000000 1.000000
vt 0.000000 0.000000
vt 1.000000 0.000000
vt 0.000000 1.000000
vt 0.000000 0.000000
vt 1.000000 0.000000
vt 0.000000 1.000000
vt 0.000000 0.000000
vt 1.000000 0.000000
vt 0.000000 1.000000
vt 0.000000 0.000000
vt 1.000000 0.000000
vt 0.000000 1.000000
vt 0.000000 0.000000
vt 1.000000 0.000000
vt 0.000000 1.000000
vt 0.000000 0.000000
vt 1.000000 0.000000
vt 0.000000 1.000000
vt 0.000000 0.000000
vt 1.000000 0.000000
vt 0.000000 1.000000
vt 0.000000 0.000000
vt 1.000000 0.000000
vt 0.000000 1.000000
vt 0.000000 0.000000
vt 1.000000 0.000000
vt 0.000000 1.000000
vt 0.000000 0.000000
vt 1.000000 0.000000
vt 0.000000 1.000000
vt 0.000000 0.000000
vt 1.000000 0.000000
vt 0.000000 1.000000
vt 0.000000 0.000000
vt 1.000000 0.000000
vt 0.000000 1.000000
vt 0.000000 0.000000
vt 1.000000 0.000000
vt 0.000000 1.000000
vt 0.000000 0.000000
vt 1.000000 0.000000
vt 0.000000 1.000000
vt 0.000000 0.000000
vt 1.000000 0.000000
vt 0.000000 1.000000
vt 0.000000 0.000000
vt 1.000000 0.000000
vt 0.000000 1.000000
vt 0.000000 0.000000
vt 1.000000 0.000000
vt 0.000000 1.000000
vt 0.000000 0.000000
vt 1.000000 0.000000
vt 0.000000 1.000000
vt 0.000000 0.000000
vt 1.000000 0.000000
vt 0.000000 1.000000
vt 0.000000 0.000000
vt 1.000000 0.000000
vt 0.000000 1.000000
vt 0.000000 0.000000
vt 1.000000 0.000000
vt 0.000000 1.000000
vt 0.000000 0.000000
vt 1.000000 0.000000
vt 0.000000 1.000000
vt 0.000000 0.000000
vt 1.000000 0.000000
vt 0.000000 1.000000
vt 0.000000 0.000000
vt 1.000000 0.000000
vt 0.000000 1.000000
vt 0.000000 0.000000
vt 1.000000 0.000000
vt 0.000000 1.000000
vt 0.000000 0.000000
vt 1.000000 0.000000
vt 0.000000 1.000000
vt 0.000000 0.000000
vt 1.000000 0.000000
vt 0.000000 1.000000
vt 0.000000 0.000000
vt 1.000000 0.000000
vt 0.000000 1.000000
vt 0.000000 0.000000
vt 1.000000 0.000000
vt 0.000000 1.000000
vt 0.000000 0.000000
vt 1.000000 0.000000
vt 0.000000 1.000000
vt 0.000000 0.000000
vt 1.000000 0.000000
vt 0.000000 1.000000
vt 0.000000 0.000000
vt 1.000000 0.000000
vt 0.000000 1.000000
vt 0.000000 0.000000
vt 1.000000 0.000000
vt 0.000000 1.000000
vt 0.000000 0.000000
vt 1.000000 0.000000
vt 0.000000 1.000000
vt 0.000000 0.000000
vt 1.000000 0.000000
vt 0.000000 1.000000
vt 0.000000 0.000000
vt 1.000000 0.000000
vt 0.000000 1.000000
vt 0.000000 0.000000
vt 1.000000 0.000000
vt 0.000000 1.000000
vt 0.000000 0.000000
vt 1.000000 0.000000
vt 0.000000 1.000000
vt 0.000000 0.000000
vt 1.000000 0.000000
vt 0.000000 1.000000
vt 0.000000 0.000000
vt 1.000000 0.000000
vt 0.000000 1.000000
vt 0.000000 0.000000
vt 1.000000 0.000000
vt 0.000000 1.000000
vt 0.000000 0.000000
vt 1.000000 0.000000
vt 0.000000 1.000000
vt 0.000000 0.000000
vt 1.000000 0.000000
vt 0.000000 1.000000
vt 0.000000 0.000000
vt 1.000000 0.000000
vt 0.000000 1.000000
vt 0.000000 0.000000
vt 1.000000 0.000000
vt 0.000000 1.000000
vt 0.000000 0.000000
vt 1.000000 0.000000
vt 0.000000 1.000000
vt 0.000000 0.000000
vt 1.000000 0.000000
vt 0.000000 1.000000
vt 0.000000 0.000000
vt 1.000000 0.000000
vt 0.000000 1.000000
vt 0.000000 0.000000
vt 1.000000 0.000000
vt 0.000000 1.000000
vt 0.000000 0.000000
vt 1.000000 0.000000
vt 0.000000 1.000000
vt 0.000000 0.000000
vt 1.000000 0.000000
vt 0.000000 1.000000
vt 0.000000 0.000000
vt 1.000000 0.000000
vt 0.000000 1.000000
vt 0.000000 0.000000
vt 1.000000 0.000000
vt 0.000000 1.000000
vt 0.000000 0.000000
vt 1.000000 0.000000
vt 0.000000 1.000000
vt 0.000000 0.000000
vt 1.000000 0.000000
vt 0.000000 1.000000
vt 0.000000 0.000000
vt 1.000000 0.000000
vt 0.000000 1.000000
vt 0.000000 0.000000
vt 1.000000 0.000000
vt 0.000000 1.000000
vt 0.000000 0.000000
vt 1.000000 0.000000
vt 0.000000 1.000000
vt 0.000000 0.000000
vt 1.000000 0.000000
vt 0.000000 1.000000
vt 0.000000 0.000000
vt 1.000000 0.000000
vt 0.000000 1.000000
vt 0.000000 0.000000
vt 1.000000 0.000000
vt 0.000000 1.000000
vt 0.000000 0.000000
vt 1.000000 0.000000
vt 0.000000 1.000000
vt 0.000000 0.000000
vt 1.000000 0.000000
vt 0.000000 1.000000
vt 0.000000 0.000000
vt 1.000000 0.000000
vt 0.000000 1.000000
vt 0.000000 0.000000
vt 1.000000 0.000000
vt 0.000000 1.000000
vt 0.000000 0.000000
vt 1.000000 0.000000
vt 0.000000 1.000000
vt 0.000000 0.000000
vt 1.000000 0.000000
vt 0.000000 1.000000
vt 0.000000 0.000000
vt 1.000000 0.000000
vt 0.000000 1.000000
vt 0.000000 0.000000
vt 1.000000 0.000000
vt 0.000000 1.000000
vt 0.000000 0.000000
vt 1.000000 0.000000
vt 0.000000 1.000000
vt 0.000000 0.000000
vt 1.000000 0.000000
vt 0.000000 1.000000
vt 0.000000 0.000000
vt 1.000000 0.000000
vt 0.000000 1.000000
vt 0.000000 0.000000
vt 1.000000 0.000000
vt 0.000000 1.000000
vt 0.000000 0.000000
vt 1.000000 0.000000
vt 0.000000 1.000000
vt 0.000000 0.000000
vt 1.000000 0.000000
vt 0.000000 1.000000
vt 0.000000 0.000000
vt 1.000000 0.000000
vt 0.000000 1.000000
vt 0.000000 0.000000
vt 1.000000 0.000000
vt 0.000000 1.000000
vt 0.000000 0.000000
vt 1.000000 0.000000
vt 0.000000 1.000000
vt 0.000000 0.000000
vt 1.000000 0.000000
vt 0.000000 1.000000
vt 0.000000 0.000000
vt 1.000000 0.000000
vt 0.000000 1.000000
vt 0.000000 0.000000
vt 1.000000 0.000000
vt 0.000000 1.000000
vt 0.000000 0.000000
vt 1.000000 0.000000
vt 0.000000 1.000000
vt 0.000000 0.000000
vt 1.000000 0.000000
vt 0.000000 1.000000
vt 0.000000 0.000000
vt 1.000000 0.000000
vt 0.000000 1.000000
vt 0.000000 0.000000
vt 1.000000 0.000000
vt 0.000000 1.000000
vt 0.000000 0.000000
vt 1.000000 0.000000
vt 0.000000 1.000000
vt 0.000000 0.000000
vt 1.000000 0.000000
vt 0.000000 1.000000
vt 0.000000 0.000000
vt 1.000000 0.000000
vt 0.000000 1.000000
vt 0.000000 0.000000
vt 1.000000 0.000000
vt 0.000000 1.000000
vt 0.000000 0.000000
vt 1.000000 0.000000
vt 0.000000 1.000000
vt 0.000000 0.000000
vt 1.000000 0.000000
vt 0.000000 1.000000
vt 0.000000 0.000000
vt 1.000000 0.000000
vt 0.000000 1.000000
vt 0.000000 0.000000
vt 1.000000 0.000000
vt 0.000000 1.000000
vt 0.000000 0.000000
vt 1.000000 0.000000
vt 0.000000 1.000000
vt 0.000000 0.000000
vt 1.000000 0.000000
vt 0.000000 1.000000
vt 0.000000 0.000000
vt 1.000000 0.000000
vt 0.000000 1.000000
vt 0.000000 0.000000
vt 1.000000 0.000000
vt 0.000000 1.000000
vt 0.000000 0.000000
vt 1.000000 0.000000
vt 0.000000 1.000000
vt 0.000000 0.000000
vt 1.000000 0.000000
vt 0.000000 1.000000
vt 0.000000 0.000000
vt 1.000000 0.000000
vt 0.000000 1.000000
vt 0.000000 0.000000
vt 1.000000 0.000000
vt 0.000000 1.000000
vt 0.000000 0.000000
vt 1.000000 0.000000
vt 0.000000 1.000000
vt 0.000000 0.000000
vt 1.000000 0.000000
vt 0.000000 1.000000
vt 0.000000 0.000000
vt 1.000000 0.000000
vt 0.000000 1.000000
vt 0.000000 0.000000
vt 1.000000 0.000000
vt 0.000000 1.000000
vt 0.000000 0.000000
vt 1.000000 0.000000
vt 0.000000 1.000000
vt 0.000000 0.000000
vt 1.000000 0.000000
vt 0.000000 1.000000
vt 0.000000 0.000000
vt 1.000000 0.000000
vt 0.000000 1.000000
vt 0.000000 0.000000
vt 1.000000 0.000000
vt 0.000000 1.000000
vt 0.000000 0.000000
vt 1.000000 0.000000
vt 0.000000 1.000000
vt 0.000000 0.000000
vt 1.000000 0.000000
vt 0.000000 1.000000
vt 0.000000 0.000000
vt 1.000000 0.000000
vt 0.000000 1.000000
vt 0.000000 0.000000
vt 1.000000 0.000000
vt 0.000000 1.000000
vt 0.000000 0.000000
vt 1.000000 0.000000
vt 0.000000 1.000000
vt 0.000000 0.000000
vt 1.000000 0.000000
vt 0.000000 1.000000
vt 0.000000 0.000000
vt 1.000000 0.000000
vt 0.000000 1.000000
vt 0.000000 0.000000
vt 1.000000 0.000000
vt 0.000000 1.000000
vt 0.000000 0.000000
vt 1.000000 0.000000
vt 0.000000 1.000000
vt 0.000000 0.000000
vt 1.000000 0.000000
vt 0.000000 1.000000
vt 0.000000 0.000000
vt 1.000000 0.000000
vt 0.000000 1.000000
vt 0.000000 0.000000
vt 1.000000 0.000000
vt 0.000000 1.000000
vt 0.000000 0.000000
vt 1.000000 0.000000
vt 0.000000 1.000000
vt 0.000000 0.000000
vt 1.000000 0.000000
vt 0.000000 1.000000
vt 0.000000 0.000000
vt 1.000000 0.000000
vt 0.000000 1.000000
vt 0.000000 0.000000
vt 1.000000 0.000000
vt 0.000000 1.000000
vt 0.000000 0.000000
vt 1.000000 0.000000
vt 0.000000 1.000000
vt 0.000000 0.000000
vt 1.000000 0.000000
vt 0.000000 1.000000
vt 0.000000 0.000000
vt 1.000000 0.000000
vt 0.000000 1.000000
vt 0.000000 0.000000
vt 1.000000 0.000000
vt 0.000000 1.000000
vt 0.000000 0.000000
vt 1.000000 0.000000
vt 0.000000 1.000000
vt 0.000000 0.000000
vt 1.000000 0.000000
vt 0.000000 1.000000
vt 0.000000 0.000000
vt 1.000000 0.000000
vt 0.000000 1.000000
vt 0.000000 0.000000
vt 1.000000 0.000000
vt 0.000000 1.000000
vt 0.000000 0.000000
vt 1.000000 0.000000
vt 0.000000 1.000000
vt 0.000000 0.000000
vt 1.000000 0.000000
vt 0.000000 1.000000
vt 0.000000 0.000000
vt 1.000000 0.000000
vt 0.000000 1.000000
vt 0.000000 0.000000
vt 1.000000 0.000000
vt 0.000000 1.000000
vt 0.000000 0.000000
vt 1.000000 0.000000
vt 0.000000 1.000000
vt 0.000000 0.000000
vt 1.000000 0.000000
vt 0.000000 1.000000
vt 0.000000 0.000000
vt 1.000000 0.000000
vt 0.000000 1.000000
vt 0.000000 0.000000
vt 1.000000 0.000000
vt 0.000000 1.000000
vt 0.000000 0.000000
vt 1.000000 0.000000
vt 0.000000 1.000000
vt 0.000000 0.000000
vt 1.000000 0.000000
vt 0.000000 1.000000
vt 0.000000 0.000000
vt 1.000000 0.000000
vt 0.000000 1.000000
vt 0.000000 0.000000
vt 1.000000 0.000000
vt 0.000000 1.000000
vt 0.000000 0.000000
vt 1.000000 0.000000
vt 0.000000 1.000000
vt 0.000000 0.000000
vt 1.000000 0.000000
vt 0.000000 1.000000
vt 0.000000 0.000000
vt 1.000000 0.000000
vt 0.000000 1.000000
vt 0.000000 0.000000
vt 1.000000 0.000000
vt 0.000000 1.000000
vt 0.000000 0.000000
vt 1.000000 0.000000
vt 0.000000 1.000000
vt 0.000000 0.000000
vt 1.000000 0.000000
vt 0.000000 1.000000
vt 0.000000 0.000000
vt 1.000000 0.000000
vt 0.000000 1.000000
vt 0.000000 0.000000
vt 1.000000 0.000000
vt 0.000000 1.000000
vt 0.000000 0.000000
vt 1.000000 0.000000
vt 0.000000 1.000000
vt 0.000000 0.000000
vt 1.000000 0.000000
vt 0.000000 1.000000
vt 0.000000 0.000000
vt 1.000000 0.000000
vt 0.000000 1.000000
vt 0.000000 0.000000
vt 1.000000 0.000000
vt 0.000000 1.000000
vt 0.000000 0.000000
vt 1.000000 0.000000
vt 0.000000 1.000000
vt 0.000000 0.000000
vt 1.000000 0.000000
vt 0.000000 1.000000
vt 0.000000 0.000000
vt 1.000000 0.000000
vt 0.000000 1.000000
vt 0.000000 0.000000
vt 1.000000 0.000000
vt 0.000000 1.000000
vt 0.000000 0.000000
vt 1.000000 0.000000
vt 0.000000 1.000000
vt 0.000000 0.000000
vt 1.000000 0.000000
vt 0.000000 1.000000
vt 0.000000 0.000000
vt 1.000000 0.000000
vt 0.000000 1.000000
vt 0.000000 0.000000
vt 1.000000 0.000000
vt 0.000000 1.000000
vt 0.000000 0.000000
vt 1.000000 0.000000
vt 0.000000 1.000000
vt 0.000000 0.000000
vt 1.000000 0.000000
vt 0.000000 1.000000
vt 0.000000 0.000000
vt 1.000000 0.000000
vt 0.000000 1.000000
vt 0.000000 0.000000
vt 1.000000 0.000000
vt 0.000000 1.000000
vt 0.000000 0.000000
vt 1.000000 0.000000
vt 0.000000 1.000000
vt 0.000000 0.000000
vt 1.000000 0.000000
vt 0.000000 1.000000
vt 0.000000 0.000000
vt 1.000000 0.000000
vt 0.000000 1.000000
vt 0.000000 0.000000
vt 1.000000 0.000000
vt 0.000000 1.000000
vt 0.000000 0.000000
vt 1.000000 0.000000
vt 0.000000 1.000000
vt 0.000000 0.000000
vt 1.000000 0.000000
vt 0.000000 1.000000
vt 0.000000 0.000000
vt 1.000000 0.000000
vt 0.000000 1.000000
vt 0.000000 0.000000
vt 1.000000 0.000000
vt 0.000000 1.000000
vt 0.000000 0.000000
vt 1.000000 0.000000
vt 0.000000 1.000000
vt 0.000000 0.000000
vt 1.000000 0.000000
vt 0.000000 1.000000
vt 0.000000 0.000000
vt 1.000000 0.000000
vt 0.000000 1.000000
vt 0.000000 0.000000
vt 1.000000 0.000000
vt 0.000000 1.000000
vt 0.000000 0.000000
vt 1.000000 0.000000
vt 0.000000 1.000000
vt 0.000000 0.000000
vt 1.000000 0.000000
vt 0.000000 1.000000
vt 0.000000 0.000000
vt 1.000000 0.000000
vt 0.000000 1.000000
vt 0.000000 0.000000
vt 1.000000 0.000000
vt 0.000000 1.000000
vt 0.000000 0.000000
vt 1.000000 0.000000
vt 0.000000 1.000000
vt 0.000000 0.000000
vt 1.000000 0.000000
vt 0.000000 1.000000
vt 0.000000 0.000000
vt 1.000000 0.000000
vt 0.000000 1.000000
vt 0.000000 0.000000
vt 1.000000 0.000000
vt 0.000000 1.000000
vt 0.000000 0.000000
vt 1.000000 0.000000
vt 0.000000 1.000000
vt 0.000000 0.000000
vt 1.000000 0.000000
vt 0.000000 1.000000
vt 0.000000 0.000000
vt 1.000000 0.000000
vt 0.000000 1.000000
vt 0.000000 0.000000
vt 1.000000 0.000000
vt 0.000000 1.000000
vt 0.000000 0.000000
vt 1.000000 0.000000
vt 0.000000 1.000000
vt 0.000000 0.000000
vt 1.000000 0.000000
vt 0.000000 1.000000
vt 0.000000 0.000000
vt 1.000000 0.000000
vt 0.000000 1.000000
vt 0.000000 0.000000
vt 1.000000 0.000000
vt 0.000000 1.000000
vt 0.000000 0.000000
vt 1.000000 0.000000
vt 0.000000 1.000000
vt 0.000000 0.000000
vt 1.000000 0.000000
vt 0.000000 1.000000
vt 0.000000 0.000000
vt 1.000000 0.000000
vt 0.000000 1.000000
vt 0.000000 0.000000
vt 1.000000 0.000000
vt 0.000000 1.000000
vt 0.000000 0.000000
vt 1.000000 0.000000
vt 0.000000 1.000000
vt 0.000000 0.000000
vt 1.000000 0.000000
vt 0.000000 1.000000
vt 0.000000 0.000000
vt 1.000000 0.000000
vt 0.000000 1.000000
vt 0.000000 0.000000
vt 1.000000 0.000000
vt 0.000000 1.000000
vt 0.000000 0.000000
vt 1.000000 0.000000
vt 0.000000 1.000000
vt 0.000000 0.000000
vt 1.000000 0.000000
vt 0.000000 1.000000
vt 0.000000 0.000000
vt 1.000000 0.000000
vt 0.000000 1.000000
vt 0.000000 0.000000
vt 1.000000 0.000000
vt 0.000000 1.000000
vt 0.000000 0.000000
vt 1.000000 0.000000
vt 0.000000 1.000000
vt 0.000000 0.000000
vt 1.000000 0.000000
vt 0.000000 1.000000
vt 0.000000 0.000000
vt 1.000000 0.000000
vt 0.000000 1.000000
vt 0.000000 0.000000
vt 1.000000 0.000000
vt 0.000000 1.000000
vt 0.000000 0.000000
vt 1.000000 0.000000
vt 0.000000 1.000000
vt 0.000000 0.000000
vt 1.000000 0.000000
vt 0.000000 1.000000
vt 0.000000 0.000000
vt 1.000000 0.000000
vt 0.000000 1.000000
vt 0.000000 0.000000
vt 1.000000 0.000000
vt 0.000000 1.000000
vt 0.000000 0.000000
vt 1.000000 0.000000
vt 0.000000 1.000000
vt 0.000000 0.000000
vt 1.000000 0.000000
vt 0.000000 1.000000
vt 0.000000 0.000000
vt 1.000000 0.000000
vt 0.000000 1.000000
vt 0.000000 0.000000
vt 1.000000 0.000000
vt 0.000000 1.000000
vt 0.000000 0.000000
vt 1.000000 0.000000
vt 0.000000 1.000000
vt 0.000000 0.000000
vt 1.000000 0.000000
vt 0.000000 1.000000
vt 0.000000 0.000000
vt 1.000000 0.000000
vt 0.000000 1.000000
vt 0.000000 0.000000
vt 1.000000 0.000000
vt 0.000000 1.000000
vt 0.000000 0.000000
vt 1.000000 0.000000
vt 0.000000 1.000000
vt 0.000000 0.000000
vt 1.000000 0.000000
vt 0.000000 1.000000
vt 0.000000 0.000000
vt 1.000000 0.000000
vt 0.000000 1.000000
vt 0.000000 0.000000
vt 1.000000 0.000000
vt 0.000000 1.000000
vt 0.000000 0.000000
vt 1.000000 0.000000
vt 0.000000 1.000000
vt 0.000000 0.000000
vt 1.000000 0.000000
vt 0.000000 1.000000
vt 0.000000 0.000000
vt 1.000000 0.000000
vt 0.000000 1.000000
vt 0.000000 0.000000
vt 1.000000 0.000000
vt 0.000000 1.000000
vt 0.000000 0.000000
vt 1.000000 0.000000
vt 0.000000 1.000000
vt 0.000000 0.000000
vt 1.000000 0.000000
vt 0.000000 1.000000
vt 0.000000 0.000000
vt 1.000000 0.000000
vt 0.000000 1.000000
vt 0.000000 0.000000
vt 1.000000 0.000000
vt 0.000000 1.000000
vt 0.000000 0.000000
vt 1.000000 0.000000
vt 0.000000 1.000000
vt 0.000000 0.000000
vt 1.000000 0.000000
vt 0.000000 1.000000
vt 0.000000 0.000000
vt 1.000000 0.000000
vt 0.000000 1.000000
vt 0.000000 0.000000
vt 1.000000 0.000000
vt 0.000000 1.000000
vt 0.000000 0.000000
vt 1.000000 0.000000
vt 0.000000 1.000000
vt 0.000000 0.000000
vt 1.000000 0.000000
vt 0.000000 1.000000
vt 0.000000 0.000000
vt 1.000000 0.000000
vt 0.000000 1.000000
vt 0.000000 0.000000
vt 1.000000 0.000000
vt 0.000000 1.000000
vt 0.000000 0.000000
vt 1.000000 0.000000
vt 0.000000 1.000000
vt 0.000000 0.000000
vt 1.000000 0.000000
vt 0.000000 1.000000
vt 0.000000 0.000000
vt 1.000000 0.000000
vt 0.000000 1.000000
vt 0.000000 0.000000
vt 1.000000 0.000000
vt 0.000000 1.000000
vt 0.000000 0.000000
vt 1.000000 0.000000
vt 0.000000 1.000000
vt 0.000000 0.000000
vt 1.000000 0.000000
vt 0.000000 1.000000
vt 0.000000 0.000000
vt 1.000000 0.000000
vt 0.000000 1.000000
vt 0.000000 0.000000
vt 1.000000 0.000000
vt 0.000000 1.000000
vt 0.000000 0.000000
vt 1.000000 0.000000
vt 0.000000 1.000000
vt 0.000000 0.000000
vt 1.000000 0.000000
vt 0.000000 1.000000
vt 0.000000 0.000000
vt 1.000000 0.000000
vt 0.000000 1.000000
vt 0.000000 0.000000
vt 1.000000 0.000000
vt 0.000000 1.000000
vt 0.000000 0.000000
vt 1.000000 0.000000
vt 0.000000 1.000000
vt 0.000000 0.000000
vt 1.000000 0.000000
vt 0.000000 1.000000
vt 0.000000 0.000000
vt 1.000000 0.000000
vt 0.000000 1.000000
vt 0.000000 0.000000
vt 1.000000 0.000000
vt 0.000000 1.000000
vt 0.000000 0.000000
vt 1.000000 0.000000
vt 0.000000 1.000000
vt 0.000000 0.000000
vt 1.000000 0.000000
vt 0.000000 1.000000
vt 0.000000 0.000000
vt 1.000000 0.000000
vt 0.000000 1.000000
vt 0.000000 0.000000
vt 1.000000 0.000000
vt 0.000000 1.000000
vt 0.000000 0.000000
vt 1.000000 0.000000
vt 0.000000 1.000000
vt 0.000000 0.000000
vt 1.000000 0.000000
vt 0.000000 1.000000
vt 0.000000 0.000000
vt 1.000000 0.000000
vt 0.000000 1.000000
vt 0.000000 0.000000
vt 1.000000 0.000000
vt 0.000000 1.000000
vt 0.000000 0.000000
vt 1.000000 0.000000
vt 0.000000 1.000000
vt 0.000000 0.000000
vt 1.000000 0.000000
vt 0.000000 1.000000
vt 0.000000 0.000000
vt 1.000000 0.000000
vt 0.000000 1.000000
vt 0.000000 0.000000
vt 1.000000 0.000000
vt 0.000000 1.000000
vt 0.000000 0.000000
vt 1.000000 0.000000
vt 0.000000 1.000000
vt 0.000000 0.000000
vt 1.000000 0.000000
vt 0.000000 1.000000
vt 0.000000 0.000000
vt 1.000000 0.000000
vt 0.000000 1.000000
vt 0.000000 0.000000
vt 1.000000 0.000000
vt 0.000000 1.000000
vt 0.000000 0.000000
vt 1.000000 0.000000
vt 0.000000 1.000000
vt 0.000000 0.000000
vt 1.000000 0.000000
vt 0.000000 1.000000
vt 0.000000 0.000000
vt 1.000000 0.000000
vt 0.000000 1.000000
vt 0.000000 0.000000
vt 1.000000 0.000000
vt 0.000000 1.000000
vt 0.000000 0.000000
vt 1.000000 0.000000
vt 0.000000 1.000000
vt 0.000000 0.000000
vt 1.000000 0.000000
vt 0.000000 1.000000
vt 0.000000 0.000000
vt 1.000000 0.000000
vt 0.000000 1.000000
vt 0.000000 0.000000
vt 1.000000 0.000000
vt 0.000000 1.000000
vt 0.000000 0.000000
vt 1.000000 0.000000
vt 0.000000 1.000000
vt 0.000000 0.000000
vt 1.000000 0.000000
vt 0.000000 1.000000
vt 0.000000 0.000000
vt 1.000000 0.000000
vt 0.000000 1.000000
vt 0.000000 0.000000
vt 1.000000 0.000000
vt 0.000000 1.000000
vt 0.000000 0.000000
vt 1.000000 0.000000
vt 0.000000 1.000000
vt 0.000000 0.000000
vt 1.000000 0.000000
vt 0.000000 1.000000
vt 0.000000 0.000000
vt 1.000000 0.000000
vt 0.000000 1.000000
vt 0.000000 0.000000
vt 1.000000 0.000000
vt 0.000000 1.000000
vt 0.000000 0.000000
vt 1.000000 0.000000
vt 0.000000 1.000000
vt 0.000000 0.000000
vt 1.000000 0.000000
vt 0.000000 1.000000
vt 0.000000 0.000000
vt 1.000000 0.000000
vt 0.000000 1.000000
vt 0.000000 0.000000
vt 1.000000 0.000000
vt 0.000000 1.000000
vt 0.000000 0.000000
vt 1.000000 0.000000
vt 0.000000 1.000000
vt 0.000000 0.000000
vt 1.000000 0.000000
vt 0.000000 1.000000
vt 0.000000 0.000000
vt 1.000000 0.000000
vt 0.000000 1.000000
vt 0.000000 0.000000
vt 1.000000 0.000000
vt 0.000000 1.000000
vt 0.000000 0.000000
vt 1.000000 0.000000
vt 0.000000 1.000000
vt 0.000000 0.000000
vt 1.000000 0.000000
vt 0.000000 1.000000
vt 0.000000 0.000000
vt 1.000000 0.000000
vt 0.000000 1.000000
vt 0.000000 0.000000
vt 1.000000 0.000000
vt 0.000000 1.000000
vt 0.000000 0.000000
vt 1.000000 0.000000
vt 0.000000 1.000000
vt 0.000000 0.000000
vt 1.000000 0.000000
vt 0.000000 1.000000
vt 0.000000 0.000000
vt 1.000000 0.000000
vt 0.000000 1.000000
vt 0.000000 0.000000
vt 1.000000 0.000000
vt 0.000000 1.000000
vt 0.000000 0.000000
vt 1.000000 0.000000
vt 0.000000 1.000000
vt 0.000000 0.000000
vt 1.000000 0.000000
vt 0.000000 1.000000
vt 0.000000 0.000000
vt 1.000000 0.000000
vt 0.000000 1.000000
vt 0.000000 0.000000
vt 1.000000 0.000000
vt 0.000000 1.000000
vt 0.000000 0.000000
vt 1.000000 0.000000
vt 0.000000 1.000000
vt 0.000000 0.000000
vt 1.000000 0.000000
vt 0.000000 1.000000
vt 0.000000 0.000000
vt 1.000000 0.000000
vt 0.000000 1.000000
vt 0.000000 0.000000
vt 1.000000 0.000000
vt 0.000000 1.000000
vt 0.000000 0.000000
vt 1.000000 0.000000
vt 0.000000 1.000000
vt 0.000000 0.000000
vt 1.000000 0.000000
vt 0.000000 1.000000
vt 0.000000 0.000000
vt 1.000000 0.000000
vt 0.000000 1.000000
vt 0.000000 0.000000
vt 1.000000 0.000000
vt 0.000000 1.000000
vt 0.000000 0.000000
vt 1.000000 0.000000
vt 0.000000 1.000000
vt 0.000000 0.000000
vt 1.000000 0.000000
vt 0.000000 1.000000
vt 0.000000 0.000000
vt 1.000000 0.000000
vt 0.000000 1.000000
vt 0.000000 0.000000
vt 1.000000 0.000000
vt 0.000000 1.000000
vt 0.000000 0.000000
vt 1.000000 0.000000
vt 0.000000 1.000000
vt 0.000000 0.000000
vt 1.000000 0.000000
vt 0.000000 1.000000
vt 0.000000 0.000000
vt 1.000000 0.000000
vt 0.000000 1.000000
vt 0.000000 0.000000
vt 1.000000 0.000000
vt 0.000000 1.000000
vt 0.000000 0.000000
vt 1.000000 0.000000
vt 0.000000 1.000000
vt 0.000000 0.000000
vt 1.000000 0.000000
vt 0.000000 1.000000
vt 0.000000 0.000000
vt 1.000000 0.000000
vt 0.000000 1.000000
vt 0.000000 0.000000
vt 1.000000 0.000000
vt 0.000000 1.000000
vt 0.000000 0.000000
vt 1.000000 0.000000
vt 0.000000 1.000000
vt 0.000000 0.000000
vt 1.000000 0.000000
vt 0.000000 1.000000
vt 0.000000 0.000000
vt 1.000000 0.000000
vt 0.000000 1.000000
vt 0.000000 0.000000
vt 1.000000 0.000000
vt 0.000000 1.000000
vt 0.000000 0.000000
vt 1.000000 0.000000
vt 0.000000 1.000000
vt 0.000000 0.000000
vt 1.000000 0.000000
vt 0.000000 1.000000
vt 0.000000 0.000000
vt 1.000000 0.000000
vt 0.000000 1.000000
vt 0.000000 0.000000
vt 1.000000 0.000000
vt 0.000000 1.000000
vt 0.000000 0.000000
vt 1.000000 0.000000
vt 0.000000 1.000000
vt 0.000000 0.000000
vt 1.000000 0.000000
vt 0.000000 1.000000
vt 0.000000 0.000000
vt 1.000000 0.000000
vt 0.000000 1.000000
vt 0.000000 0.000000
vt 1.000000 0.000000
vt 0.000000 1.000000
vt 0.000000 0.000000
vt 1.000000 0.000000
vt 0.000000 1.000000
vt 0.000000 0.000000
vt 1.000000 0.000000
vt 0.000000 1.000000
vt 0.000000 0.000000
vt 1.000000 0.000000
vt 0.000000 1.000000
vt 0.000000 0.000000
vt 1.000000 0.000000
vt 0.000000 1.000000
vt 0.000000 0.000000
vt 1.000000 0.000000
vt 0.000000 1.000000
vt 0.000000 0.000000
vt 1.000000 0.000000
vt 0.000000 1.000000
vt 0.000000 0.000000
vt 1.000000 0.000000
vt 0.000000 1.000000
vt 0.000000 0.000000
vt 1.000000 0.000000
vt 0.000000 1.000000
vt 0.000000 0.000000
vt 1.000000 0.000000
vt 0.000000 1.000000
vt 0.000000 0.000000
vt 1.000000 0.000000
vt 0.000000 1.000000
vt 0.000000 0.000000
vt 1.000000 0.000000
vt 0.000000 1.000000
vt 0.000000 0.000000
vt 1.000000 0.000000
vt 0.000000 1.000000
vt 0.000000 0.000000
vt 1.000000 0.000000
vt 0.000000 1.000000
vt 0.000000 0.000000
vt 1.000000 0.000000
vt 0.000000 1.000000
vt 0.000000 0.000000
vt 1.000000 0.000000
vt 0.000000 1.000000
vt 0.000000 0.000000
vt 1.000000 0.000000
vt 0.000000 1.000000
vt 0.000000 0.000000
vt 1.000000 0.000000
vt 0.000000 1.000000
vt 0.000000 0.000000
vt 1.000000 0.000000
vt 0.000000 1.000000
vt 0.000000 0.000000
vt 1.000000 0.000000
vt 0.000000 1.000000
vt 0.000000 0.000000
vt 1.000000 0.000000
vt 0.000000 1.000000
vt 0.000000 0.000000
vt 1.000000 0.000000
vt 0.000000 1.000000
vt 0.000000 0.000000
vt 1.000000 0.000000
vt 0.000000 1.000000
vt 0.000000 0.000000
vt 1.000000 0.000000
vt 0.000000 1.000000
vt 0.000000 0.000000
vt 1.000000 0.000000
vt 0.000000 1.000000
vt 0.000000 0.000000
vt 1.000000 0.000000
vt 0.000000 1.000000
vt 0.000000 0.000000
vt 1.000000 0.000000
vt 0.000000 1.000000
vt 0.000000 0.000000
vt 1.000000 0.000000
vt 0.000000 1.000000
vt 0.000000 0.000000
vt 1.000000 0.000000
vt 0.000000 1.000000
vt 0.000000 0.000000
vt 1.000000 0.000000
vt 0.000000 1.000000
vt 0.000000 0.000000
vt 1.000000 0.000000
vt 0.000000 1.000000
vt 0.000000 0.000000
vt 1.000000 0.000000
vt 0.000000 1.000000
vt 0.000000 0.000000
vt 1.000000 0.000000
vt 0.000000 1.000000
vt 0.000000 0.000000
vt 1.000000 0.000000
vt 0.000000 1.000000
vt 0.000000 0.000000
vt 1.000000 0.000000
vt 0.000000 1.000000
vt 0.000000 0.000000
vt 1.000000 0.000000
vt 0.000000 1.000000
vt 0.000000 0.000000
vt 1.000000 0.000000
vt 0.000000 1.000000
vt 0.000000 0.000000
vt 1.000000 0.000000
vt 0.000000 1.000000
vt 0.000000 0.000000
vt 1.000000 0.000000
vt 0.000000 1.000000
vt 0.000000 0.000000
vt 1.000000 0.000000
vt 0.000000 1.000000
vt 0.000000 0.000000
vt 1.000000 0.000000
vt 0.000000 1.000000
vt 0.000000 0.000000
vt 1.000000 0.000000
vt 0.000000 1.000000
vt 0.000000 0.000000
vt 1.000000 0.000000
vt 0.000000 1.000000
vt 0.000000 0.000000
vt 1.000000 0.000000
vt 0.000000 1.000000
vt 0.000000 0.000000
vt 1.000000 0.000000
vt 0.000000 1.000000
vt 0.000000 0.000000
vt 1.000000 0.000000
vt 0.000000 1.000000
vt 0.000000 0.000000
vt 1.000000 0.000000
vt 0.000000 1.000000
vt 0.000000 0.000000
vt 1.000000 0.000000
vt 0.000000 1.000000
vt 0.000000 0.000000
vt 1.000000 0.000000
vt 0.000000 1.000000
vt 0.000000 0.000000
vt 1.000000 0.000000
vt 0.000000 1.000000
vt 0.000000 0.000000
vt 1.000000 0.000000
vt 0.000000 1.000000
vt 0.000000 0.000000
vt 1.000000 0.000000
vt 0.000000 1.000000
vt 0.000000 0.000000
vt 1.000000 0.000000
vt 0.000000 1.000000
vt 0.000000 0.000000
vt 1.000000 0.000000
vt 0.000000 1.000000
vt 0.000000 0.000000
vt 1.000000 0.000000
vt 0.000000 1.000000
vt 0.000000 0.000000
vt 1.000000 0.000000
vt 0.000000 1.000000
vt 0.000000 0.000000
vt 1.000000 0.000000
vt 0.000000 1.000000
vt 0.000000 0.000000
vt 1.000000 0.000000
vt 0.000000 1.000000
vt 0.000000 0.000000
vt 1.000000 0.000000
vt 0.000000 1.000000
vt 0.000000 0.000000
vt 1.000000 0.000000
vt 0.000000 1.000000
vt 0.000000 0.000000
vt 1.000000 0.000000
vt 0.000000 1.000000
vt 0.000000 0.000000
vt 1.000000 0.000000
vt 0.000000 1.000000
vt 0.000000 0.000000
vt 1.000000 0.000000
vt 0.000000 1.000000
vt 0.000000 0.000000
vt 1.000000 0.000000
vt 0.000000 1.000000
vt 0.000000 0.000000
vt 1.000000 0.000000
vt 0.000000 1.000000
vt 0.000000 0.000000
vt 1.000000 0.000000
vt 0.000000 1.000000
vt 0.000000 0.000000
vt 1.000000 0.000000
vt 0.000000 1.000000
vt 0.000000 0.000000
vt 1.000000 0.000000
vt 0.000000 1.000000
vt 0.000000 0.000000
vt 1.000000 0.000000
vt 0.000000 1.000000
vt 0.000000 0.000000
vt 1.000000 0.000000
vt 0.000000 1.000000
vt 0.000000 0.000000
vt 1.000000 0.000000
vt 0.000000 1.000000
vt 0.000000 0.000000
vt 1.000000 0.000000
vt 0.000000 1.000000
vt 0.000000 0.000000
vt 1.000000 0.000000
vt 0.000000 1.000000
vt 0.000000 0.000000
vt 1.000000 0.000000
vt 0.000000 1.000000
vt 0.000000 0.000000
vt 1.000000 0.000000
vt 0.000000 1.000000
vt 0.000000 0.000000
vt 1.000000 0.000000
vt 0.000000 1.000000
vt 0.000000 0.000000
vt 1.000000 0.000000
vt 0.000000 1.000000
vt 0.000000 0.000000
vt 1.000000 0.000000
vt 0.000000 1.000000
vt 0.000000 0.000000
vt 1.000000 0.000000
vt 0.000000 1.000000
vt 0.000000 0.000000
vt 1.000000 0.000000
vt 0.000000 1.000000
vt 0.000000 0.000000
vt 1.000000 0.000000
vt 0.000000 1.000000
vt 0.000000 0.000000
vt 1.000000 0.000000
vt 0.000000 1.000000
vt 0.000000 0.000000
vt 1.000000 0.000000
vt 0.000000 1.000000
vt 0.000000 0.000000
vt 1.000000 0.000000
vt 0.000000 1.000000
vt 0.000000 0.000000
vt 1.000000 0.000000
vt 0.000000 1.000000
vt 0.000000 0.000000
vt 1.000000 0.000000
vt 0.000000 1.000000
vt 0.000000 0.000000
vt 1.000000 0.000000
vt 0.000000 1.000000
vt 0.000000 0.000000
vt 1.000000 0.000000
vt 0.000000 1.000000
vt 0.000000 0.000000
vt 1.000000 0.000000
vt 0.000000 1.000000
vt 0.000000 0.000000
vt 1.000000 0.000000
vt 0.000000 1.000000
vt 0.000000 0.000000
vt 1.000000 0.000000
vt 0.000000 1.000000
vt 0.000000 0.000000
vt 1.000000 0.000000
vt 0.000000 1.000000
vt 0.000000 0.000000
vt 1.000000 0.000000
vt 0.000000 1.000000
vt 0.000000 0.000000
vt 1.000000 0.000000
vt 0.000000 1.000000
vt 0.000000 0.000000
vt 1.000000 0.000000
vt 0.000000 1.000000
vt 0.000000 0.000000
vt 1.000000 0.000000
vt 0.000000 1.000000
vt 0.000000 0.000000
vt 1.000000 0.000000
vt 0.000000 1.000000
vt 0.000000 0.000000
vt 1.000000 0.000000
vt 0.000000 1.000000
vt 0.000000 0.000000
vt 1.000000 0.000000
vt 0.000000 1.000000
vt 0.000000 0.000000
vt 1.000000 0.000000
vt 0.000000 1.000000
vt 0.000000 0.000000
vt 1.000000 0.000000
vt 0.000000 1.000000
vt 0.000000 0.000000
vt 1.000000 0.000000
vt 0.000000 1.000000
vt 0.000000 0.000000
vt 1.000000 0.000000
vt 0.000000 1.000000
vt 0.000000 0.000000
vt 1.000000 0.000000
vt 0.000000 1.000000
vt 0.000000 0.000000
vt 1.000000 0.000000
vt 0.000000 1.000000
vt 0.000000 0.000000
vt 1.000000 0.000000
vt 0.000000 1.000000
vt 0.000000 0.000000
vt 1.000000 0.000000
vt 0.000000 1.000000
vt 0.000000 0.000000
vt 1.000000 0.000000
vt 0.000000 1.000000
vt 0.000000 0.000000
vt 1.000000 0.000000
vt 0.000000 1.000000
vt 0.000000 0.000000
vt 1.000000 0.000000
vt 0.000000 1.000000
vt 0.000000 0.000000
vt 1.000000 0.000000
vt 0.000000 1.000000
vt 0.000000 0.000000
vt 1.000000 0.000000
vt 0.000000 1.000000
vt 0.000000 0.000000
vt 1.000000 0.000000
vt 0.000000 1.000000
vt 0.000000 0.000000
vt 1.000000 0.000000
vt 0.000000 1.000000
vt 0.000000 0.000000
vt 1.000000 0.000000
vt 0.000000 1.000000
vt 0.000000 0.000000
vt 1.000000 0.000000
vt 0.000000 1.000000
vt 0.000000 0.000000
vt 1.000000 0.000000
vt 0.000000 1.000000
vt 0.000000 0.000000
vt 1.000000 0.000000
vt 0.000000 1.000000
vt 0.000000 0.000000
vt 1.000000 0.000000
vt 0.000000 1.000000
vt 0.000000 0.000000
vt 1.000000 0.000000
vt 0.000000 1.000000
vt 0.000000 0.000000
vt 1.000000 0.000000
vt 0.000000 1.000000
vt 0.000000 0.000000
vt 1.000000 0.000000
vt 0.000000 1.000000
vt 0.000000 0.000000
vt 1.000000 0.000000
vt 0.000000 1.000000
vt 0.000000 0.000000
vt 1.000000 0.000000
vt 0.000000 1.000000
vt 0.000000 0.000000
vt 1.000000 0.000000
vt 0.000000 1.000000
vt 0.000000 0.000000
vt 1.000000 0.000000
vt 0.000000 1.000000
vt 0.000000 0.000000
vt 1.000000 0.000000
vt 0.000000 1.000000
vt 0.000000 0.000000
vt 1.000000 0.000000
vt 0.000000 1.000000
vt 0.000000 0.000000
vt 1.000000 0.000000
vt 0.000000 1.000000
vt 0.000000 0.000000
vt 1.000000 0.000000
vt 0.000000 1.000000
vt 0.000000 0.000000
vt 1.000000 0.000000
vt 0.000000 1.000000
vt 0.000000 0.000000
vt 1.000000 0.000000
vt 0.000000 1.000000
vt 0.000000 0.000000
vt 1.000000 0.000000
vt 0.000000 1.000000
vt 0.000000 0.000000
vt 1.000000 0.000000
vt 0.000000 1.000000
vt 0.000000 0.000000
vt 1.000000 0.000000
vt 0.000000 1.000000
vt 0.000000 0.000000
vt 1.000000 0.000000
vt 0.000000 1.000000
vt 0.000000 0.000000
vt 1.000000 0.000000
vt 0.000000 1.000000
vt 0.000000 0.000000
vt 1.000000 0.000000
vt 0.000000 1.000000
vt 0.000000 0.000000
vt 1.000000 0.000000
vt 0.000000 1.000000
vt 0.000000 0.000000
vt 1.000000 0.000000
vt 0.000000 1.000000
vt 0.000000 0.000000
vt 1.000000 0.000000
vt 0.000000 1.000000
vt 0.000000 0.000000
vt 1.000000 0.000000
vt 0.000000 1.000000
vt 0.000000 0.000000
vt 1.000000 0.000000
vt 0.000000 1.000000
vt 0.000000 0.000000
vt 1.000000 0.000000
vt 0.000000 1.000000
vt 0.000000 0.000000
vt 1.000000 0.000000
vt 0.000000 1.000000
vt 0.000000 0.000000
vt 1.000000 0.000000
vt 0.000000 1.000000
vt 0.000000 0.000000
vt 1.000000 0.000000
vt 0.000000 1.000000
vt 0.000000 0.000000
vt 1.000000 0.000000
vt 0.000000 1.000000
vt 0.000000 0.000000
vt 1.000000 0.000000
vt 0.000000 1.000000
vt 0.000000 0.000000
vt 1.000000 0.000000
vt 0.000000 1.000000
vt 0.000000 0.000000
vt 1.000000 0.000000
vt 0.000000 1.000000
vt 0.000000 0.000000
vt 1.000000 0.000000
vt 0.000000 1.000000
vt 0.000000 0.000000
vt 1.000000 0.000000
vt 0.000000 1.000000
vt 0.000000 0.000000
vt 1.000000 0.000000
vt 0.000000 1.000000
vt 0.000000 0.000000
vt 1.000000 0.000000
vt 0.000000 1.000000
vt 0.000000 0.000000
vt 1.000000 0.000000
vt 0.000000 1.000000
vt 0.000000 0.000000
vt 1.000000 0.000000
vt 0.000000 1.000000
vt 0.000000 0.000000
vt 1.000000 0.000000
vt 0.000000 1.000000
vt 0.000000 0.000000
vt 1.000000 0.000000
vt 0.000000 1.000000
vt 0.000000 0.000000
vt 1.000000 0.000000
vt 0.000000 1.000000
vt 0.000000 0.000000
vt 1.000000 0.000000
vt 0.000000 1.000000
vt 0.000000 0.000000
vt 1.000000 0.000000
vt 0.000000 1.000000
vt 0.000000 0.000000
vt 1.000000 0.000000
vt 0.000000 1.000000
vt 0.000000 0.000000
vt 1.000000 0.000000
vt 0.000000 1.000000
vt 0.000000 0.000000
vt 1.000000 0.000000
vt 0.000000 1.000000
vt 0.000000 0.000000
vt 1.000000 0.000000
vt 0.000000 1.000000
vt 0.000000 0.000000
vt 1.000000 0.000000
vt 0.000000 1.000000
vt 0.000000 0.000000
vt 1.000000 0.000000
vt 0.000000 1.000000
vt 0.000000 0.000000
vt 1.000000 0.000000
vt 0.000000 1.000000
vt 0.000000 0.000000
vt 1.000000 0.000000
vt 0.000000 1.000000
vt 0.000000 0.000000
vt 1.000000 0.000000
vt 0.000000 1.000000
vt 0.000000 0.000000
vt 1.000000 0.000000
vt 0.000000 1.000000
vt 0.000000 0.000000
vt 1.000000 0.000000
vt 0.000000 1.000000
vt 0.000000 0.000000
vt 1.000000 0.000000
vt 0.000000 1.000000
vt 0.000000 0.000000
vt 1.000000 0.000000
vt 0.000000 1.000000
vt 0.000000 0.000000
vt 1.000000 0.000000
vt 0.000000 1.000000
vt 0.000000 0.000000
vt 1.000000 0.000000
vt 0.000000 1.000000
vt 0.000000 0.000000
vt 1.000000 0.000000
vt 0.000000 1.000000
vt 0.000000 0.000000
vt 1.000000 0.000000
vt 0.000000 1.000000
vt 0.000000 0.000000
vt 1.000000 0.000000
vt 0.000000 1.000000
vt 0.000000 0.000000
vt 1.000000 0.000000
vt 0.000000 1.000000
vt 0.000000 0.000000
vt 1.000000 0.000000
vt 0.000000 1.000000
vt 0.000000 0.000000
vt 1.000000 0.000000
vt 0.000000 1.000000
vt 0.000000 0.000000
vt 1.000000 0.000000
vt 0.000000 1.000000
vt 0.000000 0.000000
vt 1.000000 0.000000
vt 0.000000 1.000000
vt 0.000000 0.000000
vt 1.000000 0.000000
vt 0.000000 1.000000
vt 0.000000 0.000000
vt 1.000000 0.000000
vt 0.000000 1.000000
vt 0.000000 0.000000
vt 1.000000 0.000000
vt 0.000000 1.000000
vt 0.000000 0.000000
vt 1.000000 0.000000
vt 0.000000 1.000000
vt 0.000000 0.000000
vt 1.000000 0.000000
vt 0.000000 1.000000
vt 0.000000 0.000000
vt 1.000000 0.000000
vt 0.000000 1.000000
vt 0.000000 0.000000
vt 1.000000 0.000000
vt 0.000000 1.000000
vt 0.000000 0.000000
vt 1.000000 0.000000
vt 0.000000 1.000000
vt 0.000000 0.000000
vt 1.000000 0.000000
vt 0.000000 1.000000
vt 0.000000 0.000000
vt 1.000000 0.000000
vt 0.000000 1.000000
vt 0.000000 0.000000
vt 1.000000 0.000000
vt 0.000000 1.000000
vt 0.000000 0.000000
vt 1.000000 0.000000
vt 0.000000 1.000000
vt 0.000000 0.000000
vt 1.000000 0.000000
vt 0.000000 1.000000
vt 0.000000 0.000000
vt 1.000000 0.000000
vt 0.000000 1.000000
vt 0.000000 0.000000
vt 1.000000 0.000000
vt 0.000000 1.000000
vt 0.000000 0.000000
vt 1.000000 0.000000
vt 0.000000 1.000000
vt 0.000000 0.000000
vt 1.000000 0.000000
vt 0.000000 1.000000
vt 0.000000 0.000000
vt 1.000000 0.000000
vt 0.000000 1.000000
vt 0.000000 0.000000
vt 1.000000 0.000000
vt 0.000000 1.000000
vt 0.000000 0.000000
vt 1.000000 0.000000
vt 0.000000 1.000000
vt 0.000000 0.000000
vt 1.000000 0.000000
vt 0.000000 1.000000
vt 0.000000 0.000000
vt 1.000000 0.000000
vt 0.000000 1.000000
vt 0.000000 0.000000
vt 1.000000 0.000000
vt 0.000000 1.000000
vt 0.000000 0.000000
vt 1.000000 0.000000
vt 0.000000 1.000000
vt 0.000000 0.000000
vt 1.000000 0.000000
vt 0.000000 1.000000
vt 0.000000 0.000000
vt 1.000000 0.000000
vt 0.000000 1.000000
vt 0.000000 0.000000
vt 1.000000 0.000000
vt 0.000000 1.000000
vt 0.000000 0.000000
vt 1.000000 0.000000
vt 0.000000 1.000000
vt 0.000000 0.000000
vt 1.000000 0.000000
vt 0.000000 1.000000
vt 0.000000 0.000000
vt 1.000000 0.000000
vt 0.000000 1.000000
vt 0.000000 0.000000
vt 1.000000 0.000000
vt 0.000000 1.000000
vt 0.000000 0.000000
vt 1.000000 0.000000
vt 0.000000 1.000000
vt 0.000000 0.000000
vt 1.000000 0.000000
vt 0.000000 1.000000
vt 0.000000 0.000000
vt 1.000000 0.000000
vt 0.000000 1.000000
vt 0.000000 0.000000
vt 1.000000 0.000000
vt 0.000000 1.000000
vt 0.000000 0.000000
vt 1.000000 0.000000
vt 0.000000 1.000000
vt 0.000000 0.000000
vt 1.000000 0.000000
vt 0.000000 1.000000
vt 0.000000 0.000000
vt 1.000000 0.000000
vt 0.000000 1.000000
vt 0.000000 0.000000
vt 1.000000 0.000000
vt 0.000000 1.000000
vt 0.000000 0.000000
vt 1.000000 0.000000
vt 0.000000 1.000000
vt 0.000000 0.000000
vt 1.000000 0.000000
vt 0.000000 1.000000
vt 0.000000 0.000000
vt 1.000000 0.000000
vt 0.000000 1.000000
vt 0.000000 0.000000
vt 1.000000 0.000000
vt 0.000000 1.000000
vt 0.000000 0.000000
vt 1.000000 0.000000
vt 0.000000 1.000000
vt 0.000000 0.000000
vt 1.000000 0.000000
vt 0.000000 1.000000
vt 0.000000 0.000000
vt 1.000000 0.000000
vt 0.000000 1.000000
vt 0.000000 0.000000
vt 1.000000 0.000000
vt 0.000000 1.000000
vt 0.000000 0.000000
vt 1.000000 0.000000
vt 0.000000 1.000000
vt 0.000000 0.000000
vt 1.000000 0.000000
vt 0.000000 1.000000
vt 0.000000 0.000000
vt 1.000000 0.000000
vt 0.000000 1.000000
vt 0.000000 0.000000
vt 1.000000 0.000000
vt 0.000000 1.000000
vt 0.000000 0.000000
vt 1.000000 0.000000
vt 0.000000 1.000000
vt 0.000000 0.000000
vt 1.000000 0.000000
vt 0.000000 1.000000
vt 0.000000 0.000000
vt 1.000000 0.000000
vt 0.000000 1.000000
vt 0.000000 0.000000
vt 1.000000 0.000000
vt 0.000000 1.000000
vt 0.000000 0.000000
vt 1.000000 0.000000
vt 0.000000 1.000000
vt 0.000000 0.000000
vt 1.000000 0.000000
vt 0.000000 1.000000
vt 0.000000 0.000000
vt 1.000000 0.000000
vt 0.000000 1.000000
vt 0.000000 0.000000
vt 1.000000 0.000000
vt 0.000000 1.000000
vt 0.000000 0.000000
vt 1.000000 0.000000
vt 0.000000 1.000000
vt 0.000000 0.000000
vt 1.000000 0.000000
vt 0.000000 1.000000
vt 0.000000 0.000000
vt 1.000000 0.000000
vt 0.000000 1.000000
vt 0.000000 0.000000
vt 1.000000 0.000000
vt 0.000000 1.000000
vt 0.000000 0.000000
vt 1.000000 0.000000
vt 0.000000 1.000000
vt 0.000000 0.000000
vt 1.000000 0.000000
vt 0.000000 1.000000
vt 0.000000 0.000000
vt 1.000000 0.000000
vt 0.000000 1.000000
vt 0.000000 0.000000
vt 1.000000 0.000000
vt 0.000000 1.000000
vt 0.000000 0.000000
vt 1.000000 0.000000
vt 0.000000 1.000000
vt 0.000000 0.000000
vt 1.000000 0.000000
vt 0.000000 1.000000
vt 0.000000 0.000000
vt 1.000000 0.000000
vt 0.000000 1.000000
vt 0.000000 0.000000
vt 1.000000 0.000000
vt 0.000000 1.000000
vt 0.000000 0.000000
vt 1.000000 0.000000
vt 0.000000 1.000000
vt 0.000000 0.000000
vt 1.000000 0.000000
vt 0.000000 1.000000
vt 0.000000 0.000000
vt 1.000000 0.000000
vt 0.000000 1.000000
vt 0.000000 0.000000
vt 1.000000 0.000000
vt 0.000000 1.000000
vt 0.000000 0.000000
vt 1.000000 0.000000
vt 0.000000 1.000000
vt 0.000000 0.000000
vt 1.000000 0.000000
vt 0.000000 1.000000
vt 0.000000 0.000000
vt 1.000000 0.000000
vt 0.000000 1.000000
vt 0.000000 0.000000
vt 1.000000 0.000000
vt 0.000000 1.000000
vt 0.000000 0.000000
vt 1.000000 0.000000
vt 0.000000 1.000000
vt 0.000000 0.000000
vt 1.000000 0.000000
vt 0.000000 1.000000
vt 0.000000 0.000000
vt 1.000000 0.000000
vt 0.000000 1.000000
vt 0.000000 0.000000
vt 1.000000 0.000000
vt 0.000000 1.000000
vt 0.000000 0.000000
vt 1.000000 0.000000
vt 0.000000 1.000000
vt 0.000000 0.000000
vt 1.000000 0.000000
vt 0.000000 1.000000
vt 0.000000 0.000000
vt 1.000000 0.000000
vt 0.000000 1.000000
vt 0.000000 0.000000
vt 1.000000 0.000000
vt 0.000000 1.000000
vt 0.000000 0.000000
vt 1.000000 0.000000
vt 0.000000 1.000000
vt 0.000000 0.000000
vt 1.000000 0.000000
vt 0.000000 1.000000
vt 0.000000 0.000000
vt 1.000000 0.000000
vt 0.000000 1.000000
vt 0.000000 0.000000
vt 1.000000 0.000000
vt 0.000000 1.000000
vt 0.000000 0.000000
vt 1.000000 0.000000
vt 0.000000 1.000000
vt 0.000000 0.000000
vt 1.000000 0.000000
vt 0.000000 1.000000
vt 0.000000 0.000000
vt 1.000000 0.000000
vt 0.000000 1.000000
vt 0.000000 0.000000
vt 1.000000 0.000000
vt 0.000000 1.000000
vt 0.000000 0.000000
vt 1.000000 0.000000
vt 0.000000 1.000000
vt 0.000000 0.000000
vt 1.000000 0.000000
vt 0.000000 1.000000
vt 0.000000 0.000000
vt 1.000000 0.000000
vt 0.000000 1.000000
vt 0.000000 0.000000
vt 1.000000 0.000000
vt 0.000000 1.000000
vt 0.000000 0.000000
vt 1.000000 0.000000
vt 0.000000 1.000000
vt 0.000000 0.000000
vt 1.000000 0.000000
vt 0.000000 1.000000
vt 0.000000 0.000000
vt 1.000000 0.000000
vt 0.000000 1.000000
vt 0.000000 0.000000
vt 1.000000 0.000000
vt 0.000000 1.000000
vt 0.000000 0.000000
vt 1.000000 0.000000
vt 0.000000 1.000000
vt 0.000000 0.000000
vt 1.000000 0.000000
vt 0.000000 1.000000
vt 0.000000 0.000000
vt 1.000000 0.000000
vt 0.000000 1.000000
vt 0.000000 0.000000
vt 1.000000 0.000000
vt 0.000000 1.000000
vt 0.000000 0.000000
vt 1.000000 0.000000
vt 0.000000 1.000000
vt 0.000000 0.000000
vt 1.000000 0.000000
vt 0.000000 1.000000
vt 0.000000 0.000000
vt 1.000000 0.000000
vt 0.000000 1.000000
vt 0.000000 0.000000
vt 1.000000 0.000000
vt 0.000000 1.000000
vt 0.000000 0.000000
vt 1.000000 0.000000
vt 0.000000 1.000000
vt 0.000000 0.000000
vt 1.000000 0.000000
vt 0.000000 1.000000
vt 0.000000 0.000000
vt 1.000000 0.000000
vt 0.000000 1.000000
vt 0.000000 0.000000
vt 1.000000 0.000000
vt 0.000000 1.000000
vt 0.000000 0.000000
vt 1.000000 0.000000
vt 0.000000 1.000000
vt 0.000000 0.000000
vt 1.000000 0.000000
vt 0.000000 1.000000
vt 0.000000 0.000000
vt 1.000000 0.000000
vt 0.000000 1.000000
vt 0.000000 0.000000
vt 1.000000 0.000000
vt 0.000000 1.000000
vt 0.000000 0.000000
vt 1.000000 0.000000
vt 0.000000 1.000000
vt 0.000000 0.000000
vt 1.000000 0.000000
vt 0.000000 1.000000
vt 0.000000 0.000000
vt 1.000000 0.000000
vt 0.000000 1.000000
vt 0.000000 0.000000
vt 1.000000 0.000000
vt 0.000000 1.000000
vt 0.000000 0.000000
vt 1.000000 0.000000
vt 0.000000 1.000000
vt 0.000000 0.000000
vt 1.000000 0.000000
vt 0.000000 1.000000
vt 0.000000 0.000000
vt 1.000000 0.000000
vt 0.000000 1.000000
vt 0.000000 0.000000
vt 1.000000 0.000000
vt 0.000000 1.000000
vt 0.000000 0.000000
vt 1.000000 0.000000
vt 0.000000 1.000000
vt 0.000000 0.000000
vt 1.000000 0.000000
vt 0.000000 1.000000
vt 0.000000 0.000000
vt 1.000000 0.000000
vt 0.000000 1.000000
vt 0.000000 0.000000
vt 1.000000 0.000000
vt 0.000000 1.000000
vt 0.000000 0.000000
vt 1.000000 0.000000
vt 0.000000 1.000000
vt 0.000000 0.000000
vt 1.000000 0.000000
vt 0.000000 1.000000
vt 0.000000 0.000000
vt 1.000000 0.000000
vt 0.000000 1.000000
vt 0.000000 0.000000
vt 1.000000 0.000000
vt 0.000000 1.000000
vt 0.000000 0.000000
vt 1.000000 0.000000
vt 0.000000 1.000000
vt 0.000000 0.000000
vt 1.000000 0.000000
vt 0.000000 1.000000
vt 0.000000 0.000000
vt 1.000000 0.000000
vt 0.000000 1.000000
vt 0.000000 0.000000
vt 1.000000 0.000000
vt 0.000000 1.000000
vt 0.000000 0.000000
vt 1.000000 0.000000
vt 0.000000 1.000000
vt 0.000000 0.000000
vt 1.000000 0.000000
vt 0.000000 1.000000
vt 0.000000 0.000000
vt 1.000000 0.000000
vt 0.000000 1.000000
vt 0.000000 0.000000
vt 1.000000 0.000000
vt 0.000000 1.000000
vt 0.000000 0.000000
vt 1.000000 0.000000
vt 0.000000 1.000000
vt 0.000000 0.000000
vt 1.000000 0.000000
vt 0.000000 1.000000
vt 0.000000 0.000000
vt 1.000000 0.000000
vt 0.000000 1.000000
vt 0.000000 0.000000
vt 1.000000 0.000000
vt 0.000000 1.000000
vt 0.000000 0.000000
vt 1.000000 0.000000
vt 0.000000 1.000000
vt 0.000000 0.000000
vt 1.000000 0.000000
vt 0.000000 1.000000
vt 0.000000 0.000000
vt 1.000000 0.000000
vt 0.000000 1.000000
vt 0.000000 0.000000
vt 1.000000 0.000000
vt 0.000000 1.000000
vt 0.000000 0.000000
vt 1.000000 0.000000
vt 0.000000 1.000000
vt 0.000000 0.000000
vt 1.000000 0.000000
vt 0.000000 1.000000
vt 0.000000 0.000000
vt 1.000000 0.000000
vt 0.000000 1.000000
vt 0.000000 0.000000
vt 1.000000 0.000000
vt 0.000000 1.000000
vt 0.000000 0.000000
vt 1.000000 0.000000
vt 0.000000 1.000000
vt 0.000000 0.000000
vt 1.000000 0.000000
vt 0.000000 1.000000
vt 0.000000 0.000000
vt 1.000000 0.000000
vt 0.000000 1.000000
vt 0.000000 0.000000
vt 1.000000 0.000000
vt 0.000000 1.000000
vt 0.000000 0.000000
vt 1.000000 0.000000
vt 0.000000 1.000000
vt 0.000000 0.000000
vt 1.000000 0.000000
vt 0.000000 1.000000
vt 0.000000 0.000000
vt 1.000000 0.000000
vt 0.000000 1.000000
vt 0.000000 0.000000
vt 1.000000 0.000000
vt 0.000000 1.000000
vt 0.000000 0.000000
vt 1.000000 0.000000
vt 0.000000 1.000000
vt 0.000000 0.000000
vt 1.000000 0.000000
vt 0.000000 1.000000
vt 0.000000 0.000000
vt 1.000000 0.000000
vt 0.000000 1.000000
vt 0.000000 0.000000
vt 1.000000 0.000000
vt 0.000000 1.000000
vt 0.000000 0.000000
vt 1.000000 0.000000
vt 0.000000 1.000000
vt 0.000000 0.000000
vt 1.000000 0.000000
vt 0.000000 1.000000
vt 0.000000 0.000000
vt 1.000000 0.000000
vt 0.000000 1.000000
vt 0.000000 0.000000
vt 1.000000 0.000000
vt 0.000000 1.000000
vt 0.000000 0.000000
vt 1.000000 0.000000
vt 0.000000 1.000000
vt 0.000000 0.000000
vt 1.000000 0.000000
vt 0.000000 1.000000
vt 0.000000 0.000000
vt 1.000000 0.000000
vt 0.000000 1.000000
vt 0.000000 0.000000
vt 1.000000 0.000000
vt 0.000000 1.000000
vt 0.000000 0.000000
vt 1.000000 0.000000
vt 0.000000 1.000000
vt 0.000000 0.000000
vt 1.000000 0.000000
vt 0.000000 1.000000
vt 0.000000 0.000000
vt 1.000000 0.000000
vt 0.000000 1.000000
vt 0.000000 0.000000
vt 1.000000 0.000000
vt 0.000000 1.000000
vt 0.000000 0.000000
vt 1.000000 0.000000
vt 0.000000 1.000000
vt 0.000000 0.000000
vt 1.000000 0.000000
vt 0.000000 1.000000
vt 0.000000 0.000000
vt 1.000000 0.000000
vt 0.000000 1.000000
vt 0.000000 0.000000
vt 1.000000 0.000000
vt 0.000000 1.000000
vt 0.000000 0.000000
vt 1.000000 0.000000
vt 0.000000 1.000000
vt 0.000000 0.000000
vt 1.000000 0.000000
vt 0.000000 1.000000
vt 0.000000 0.000000
vt 1.000000 0.000000
vt 0.000000 1.000000
vt 0.000000 0.000000
vt 1.000000 0.000000
vt 0.000000 1.000000
vt 0.000000 0.000000
vt 1.000000 0.000000
vt 0.000000 1.000000
vt 0.000000 0.000000
vt 1.000000 0.000000
vt 0.000000 1.000000
vt 0.000000 0.000000
vt 1.000000 0.000000
vt 0.000000 1.000000
vt 0.000000 0.000000
vt 1.000000 0.000000
vt 0.000000 1.000000
vt 0.000000 0.000000
vt 1.000000 0.000000
vt 0.000000 1.000000
vt 0.000000 0.000000
vt 1.000000 0.000000
vt 0.000000 1.000000
vt 0.000000 0.000000
vt 1.000000 0.000000
vt 0.000000 1.000000
vt 0.000000 0.000000
vt 1.000000 0.000000
vt 0.000000 1.000000
vt 0.000000 0.000000
vt 1.000000 0.000000
vt 0.000000 1.000000
vt 0.000000 0.000000
vt 1.000000 0.000000
vt 0.000000 1.000000
vt 0.000000 0.000000
vt 1.000000 0.000000
vt 0.000000 1.000000
vt 0.000000 0.000000
vt 1.000000 0.000000
vt 0.000000 1.000000
vt 0.000000 0.000000
vt 1.000000 0.000000
vt 0.000000 1.000000
vt 0.000000 0.000000
vt 1.000000 0.000000
vt 0.000000 1.000000
vt 0.000000 0.000000
vt 1.000000 0.000000
vt 0.000000 1.000000
vt 0.000000 0.000000
vt 1.000000 0.000000
vt 0.000000 1.000000
vt 0.000000 0.000000
vt 1.000000 0.000000
vt 0.000000 1.000000
vt 0.000000 0.000000
vt 1.000000 0.000000
vt 0.000000 1.000000
vt 0.000000 0.000000
vt 1.000000 0.000000
vt 0.000000 1.000000
vt 0.000000 0.000000
vt 1.000000 0.000000
vt 0.000000 1.000000
vt 0.000000 0.000000
vt 1.000000 0.000000
vt 0.000000 1.000000
vt 0.000000 0.000000
vt 1.000000 0.000000
vt 0.000000 1.000000
vt 0.000000 0.000000
vt 1.000000 0.000000
vt 0.000000 1.000000
vt 0.000000 0.000000
vt 1.000000 0.000000
vt 0.000000 1.000000
vt 0.000000 0.000000
vt 1.000000 0.000000
vt 0.000000 1.000000
vt 0.000000 0.000000
vt 1.000000 0.000000
vt 0.000000 1.000000
vt 0.000000 0.000000
vt 1.000000 0.000000
vt 0.000000 1.000000
vt 0.000000 0.000000
vt 1.000000 0.000000
vt 0.000000 1.000000
vt 0.000000 0.000000
vt 1.000000 0.000000
vt 0.000000 1.000000
vt 0.000000 0.000000
vt 1.000000 0.000000
vt 0.000000 1.000000
vt 0.000000 0.000000
vt 1.000000 0.000000
vt 0.000000 1.000000
vt 0.000000 0.000000
vt 1.000000 0.000000
vt 0.000000 1.000000
vt 0.000000 0.000000
vt 1.000000 0.000000
vt 0.000000 1.000000
vt 0.000000 0.000000
vt 1.000000 0.000000
vt 0.000000 1.000000
vt 0.000000 0.000000
vt 1.000000 0.000000
vt 0.000000 1.000000
vt 0.000000 0.000000
vt 1.000000 0.000000
vt 0.000000 1.000000
vt 0.000000 0.000000
vt 1.000000 0.000000
vt 0.000000 1.000000
vt 0.000000 0.000000
vt 1.000000 0.000000
vt 0.000000 1.000000
vt 0.000000 0.000000
vt 1.000000 0.000000
vt 0.000000 1.000000
vt 0.000000 0.000000
vt 1.000000 0.000000
vt 0.000000 1.000000
vt 0.000000 0.000000
vt 1.000000 0.000000
vt 0.000000 1.000000
vt 0.000000 0.000000
vt 1.000000 0.000000
vt 0.000000 1.000000
vt 0.000000 0.000000
vt 1.000000 0.000000
vt 0.000000 1.000000
vt 0.000000 0.000000
vt 1.000000 0.000000
vt 0.000000 1.000000
vt 0.000000 0.000000
vt 1.000000 0.000000
vt 0.000000 1.000000
vt 0.000000 0.000000
vt 1.000000 0.000000
vt 0.000000 1.000000
vt 0.000000 0.000000
vt 1.000000 0.000000
vt 0.000000 1.000000
vt 0.000000 0.000000
vt 1.000000 0.000000
vt 0.000000 1.000000
vt 0.000000 0.000000
vt 1.000000 0.000000
vt 0.000000 1.000000
vt 0.000000 0.000000
vt 1.000000 0.000000
vt 0.000000 1.000000
vt 0.000000 0.000000
vt 1.000000 0.000000
vt 0.000000 1.000000
vt 0.000000 0.000000
vt 1.000000 0.000000
vt 0.000000 1.000000
vt 0.000000 0.000000
vt 1.000000 0.000000
vt 0.000000 1.000000
vt 0.000000 0.000000
vt 1.000000 0.000000
vt 0.000000 1.000000
vt 0.000000 0.000000
vt 1.000000 0.000000
vt 0.000000 1.000000
vt 0.000000 0.000000
vt 1.000000 0.000000
vt 0.000000 1.000000
vt 0.000000 0.000000
vt 1.000000 0.000000
vt 0.000000 1.000000
vt 0.000000 0.000000
vt 1.000000 0.000000
vt 0.000000 1.000000
vt 0.000000 0.000000
vt 1.000000 0.000000
vt 0.000000 1.000000
vt 0.000000 0.000000
vt 1.000000 0.000000
vt 0.000000 1.000000
vt 0.000000 0.000000
vt 1.000000 0.000000
vt 0.000000 1.000000
vt 0.000000 0.000000
vt 1.000000 0.000000
vt 0.000000 1.000000
vt 0.000000 0.000000
vt 1.000000 0.000000
vt 0.000000 1.000000
vt 0.000000 0.000000
vt 1.000000 0.000000
vt 0.000000 1.000000
vt 0.000000 0.000000
vt 1.000000 0.000000
vt 0.000000 1.000000
vt 0.000000 0.000000
vt 1.000000 0.000000
vt 0.000000 1.000000
vt 0.000000 0.000000
vt 1.000000 0.000000
vt 0.000000 1.000000
vt 0.000000 0.000000
vt 1.000000 0.000000
vt 0.000000 1.000000
vt 0.000000 0.000000
vt 1.000000 0.000000
vt 0.000000 1.000000
vt 0.000000 0.000000
vt 1.000000 0.000000
vt 0.000000 1.000000
vt 0.000000 0.000000
vt 1.000000 0.000000
vt 0.000000 1.000000
vt 0.000000 0.000000
vt 1.000000 0.000000
vt 0.000000 1.000000
vt 0.000000 0.000000
vt 1.000000 0.000000
vt 0.000000 1.000000
vt 0.000000 0.000000
vt 1.000000 0.000000
vt 0.000000 1.000000
vt 0.000000 0.000000
vt 1.000000 0.000000
vt 0.000000 1.000000
vt 0.000000 0.000000
vt 1.000000 0.000000
vt 0.000000 1.000000
vt 0.000000 0.000000
vt 1.000000 0.000000
vt 0.000000 1.000000
vt 0.000000 0.000000
vt 1.000000 0.000000
vt 0.000000 1.000000
vt 0.000000 0.000000
vt 1.000000 0.000000
vt 0.000000 1.000000
vt 0.000000 0.000000
vt 1.000000 0.000000
vt 0.000000 1.000000
vt 0.000000 0.000000
vt 1.000000 0.000000
vt 0.000000 1.000000
vt 0.000000 0.000000
vt 1.000000 0.000000
vt 0.000000 1.000000
vt 0.000000 0.000000
vt 1.000000 0.000000
vt 0.000000 1.000000
vt 0.000000 0.000000
vt 1.000000 0.000000
vt 0.000000 1.000000
vt 0.000000 0.000000
vt 1.000000 0.000000
vt 0.000000 1.000000
vt 0.000000 0.000000
vt 1.000000 0.000000
vt 0.000000 1.000000
vt 0.000000 0.000000
vt 1.000000 0.000000
vt 0.000000 1.000000
vt 0.000000 0.000000
vt 1.000000 0.000000
vt 0.000000 1.000000
vt 0.000000 0.000000
vt 1.000000 0.000000
vt 0.000000 1.000000
vt 0.000000 0.000000
vt 1.000000 0.000000
vt 0.000000 1.000000
vt 0.000000 0.000000
vt 1.000000 0.000000
vt 0.000000 1.000000
vt 0.000000 0.000000
vt 1.000000 0.000000
vt 0.000000 1.000000
vt 0.000000 0.000000
vt 1.000000 0.000000
vt 0.000000 1.000000
vt 0.000000 0.000000
vt 1.000000 0.000000
vt 0.000000 1.000000
vt 0.000000 0.000000
vt 1.000000 0.000000
vt 0.000000 1.000000
vt 0.000000 0.000000
vt 1.000000 0.000000
vt 0.000000 1.000000
vt 0.000000 0.000000
vt 1.000000 0.000000
vt 0.000000 1.000000
vt 0.000000 0.000000
vt 1.000000 0.000000
vt 0.000000 1.000000
vt 0.000000 0.000000
vt 1.000000 0.000000
vt 0.000000 1.000000
vt 0.000000 0.000000
vt 1.000000 0.000000
vt 0.000000 1.000000
vt 0.000000 0.000000
vt 1.000000 0.000000
vt 0.000000 1.000000
vt 0.000000 0.000000
vt 1.000000 0.000000
vt 0.000000 1.000000
vt 0.000000 0.000000
vt 1.000000 0.000000
vt 0.000000 1.000000
vt 0.000000 0.000000
vt 1.000000 0.000000
vt 0.000000 1.000000
vt 0.000000 0.000000
vt 1.000000 0.000000
vt 0.000000 1.000000
vt 0.000000 0.000000
vt 1.000000 0.000000
vt 0.000000 1.000000
vt 0.000000 0.000000
vt 1.000000 0.000000
vt 0.000000 1.000000
vt 0.000000 0.000000
vt 1.000000 0.000000
vt 0.000000 1.000000
vt 0.000000 0.000000
vt 1.000000 0.000000
vt 0.000000 1.000000
vt 0.000000 0.000000
vt 1.000000 0.000000
vt 0.000000 1.000000
vt 0.000000 0.000000
vt 1.000000 0.000000
vt 0.000000 1.000000
vt 0.000000 0.000000
vt 1.000000 0.000000
vt 0.000000 1.000000
vt 0.000000 0.000000
vt 1.000000 0.000000
vt 0.000000 1.000000
vt 0.000000 0.000000
vt 1.000000 0.000000
vt 0.000000 1.000000
vt 0.000000 0.000000
vt 1.000000 0.000000
vt 0.000000 1.000000
vt 0.000000 0.000000
vt 1.000000 0.000000
vt 0.000000 1.000000
vt 0.000000 0.000000
vt 1.000000 0.000000
vt 0.000000 1.000000
vt 0.000000 0.000000
vt 1.000000 0.000000
vt 0.000000 1.000000
vt 0.000000 0.000000
vt 1.000000 0.000000
vt 0.000000 1.000000
vt 0.000000 0.000000
vt 1.000000 0.000000
vt 0.000000 1.000000
vt 0.000000 0.000000
vt 1.000000 0.000000
vt 0.000000 1.000000
vt 0.000000 0.000000
vt 1.000000 0.000000
vt 0.000000 1.000000
vt 0.000000 0.000000
vt 1.000000 0.000000
vt 0.000000 1.000000
vt 0.000000 0.000000
vt 1.000000 0.000000
vt 0.000000 1.000000
vt 0.000000 0.000000
vt 1.000000 0.000000
vt 0.000000 1.000000
vt 0.000000 0.000000
vt 1.000000 0.000000
vt 0.000000 1.000000
vt 0.000000 0.000000
vt 1.000000 0.000000
vt 0.000000 1.000000
vt 0.000000 0.000000
vt 1.000000 0.000000
vt 0.000000 1.000000
vt 0.000000 0.000000
vt 1.000000 0.000000
vt 0.000000 1.000000
vt 0.000000 0.000000
vt 1.000000 0.000000
vt 0.000000 1.000000
vt 0.000000 0.000000
vt 1.000000 0.000000
vt 0.000000 1.000000
vt 0.000000 0.000000
vt 1.000000 0.000000
vt 0.000000 1.000000
vt 0.000000 0.000000
vt 1.000000 0.000000
vt 0.000000 1.000000
vt 0.000000 0.000000
vt 1.000000 0.000000
vt 0.000000 1.000000
vt 0.000000 0.000000
vt 1.000000 0.000000
vt 0.000000 1.000000
vt 0.000000 0.000000
vt 1.000000 0.000000
vt 0.000000 1.000000
vt 0.000000 0.000000
vt 1.000000 0.000000
vt 0.000000 1.000000
vt 0.000000 0.000000
vt 1.000000 0.000000
vt 0.000000 1.000000
vt 0.000000 0.000000
vt 1.000000 0.000000
vt 0.000000 1.000000
vt 0.000000 0.000000
vt 1.000000 0.000000
vt 0.000000 1.000000
vt 0.000000 0.000000
vt 1.000000 0.000000
vt 0.000000 1.000000
vt 0.000000 0.000000
vt 1.000000 0.000000
vt 0.000000 1.000000
vt 0.000000 0.000000
vt 1.000000 0.000000
vt 0.000000 1.000000
vt 0.000000 0.000000
vt 1.000000 0.000000
vt 0.000000 1.000000
vt 0.000000 0.000000
vt 1.000000 0.000000
vt 0.000000 1.000000
vt 0.000000 0.000000
vt 1.000000 0.000000
vt 0.000000 1.000000
vt 0.000000 0.000000
vt 1.000000 0.000000
vt 0.000000 1.000000
vt 0.000000 0.000000
vt 1.000000 0.000000
vt 0.000000 1.000000
vt 0.000000 0.000000
vt 1.000000 0.000000
vt 0.000000 1.000000
vt 0.000000 0.000000
vt 1.000000 0.000000
vt 0.000000 1.000000
vt 0.000000 0.000000
vt 1.000000 0.000000
vt 0.000000 1.000000
vt 0.000000 0.000000
vt 1.000000 0.000000
vt 0.000000 1.000000
vt 0.000000 0.000000
vt 1.000000 0.000000
vt 0.000000 1.000000
vt 0.000000 0.000000
vt 1.000000 0.000000
vt 0.000000 1.000000
vt 0.000000 0.000000
vt 1.000000 0.000000
vt 0.000000 1.000000
vt 0.000000 0.000000
vt 1.000000 0.000000
vt 0.000000 1.000000
vt 0.000000 0.000000
vt 1.000000 0.000000
vt 0.000000 1.000000
vt 0.000000 0.000000
vt 1.000000 0.000000
vt 0.000000 1.000000
vt 0.000000 0.000000
vt 1.000000 0.000000
vt 0.000000 1.000000
vt 0.000000 0.000000
vt 1.000000 0.000000
vt 0.000000 1.000000
vt 0.000000 0.000000
vt 1.000000 0.000000
vt 0.000000 1.000000
vt 0.000000 0.000000
vt 1.000000 0.000000
vt 0.000000 1.000000
vt 0.000000 0.000000
vt 1.000000 0.000000
vt 0.000000 1.000000
vt 0.000000 0.000000
vt 1.000000 0.000000
vt 0.000000 1.000000
vt 0.000000 0.000000
vt 1.000000 0.000000
vt 0.000000 1.000000
vt 0.000000 0.000000
vt 1.000000 0.000000
vt 0.000000 1.000000
vt 0.000000 0.000000
vt 1.000000 0.000000
vt 0.000000 1.000000
vt 0.000000 0.000000
vt 1.000000 0.000000
vt 0.000000 1.000000
vt 0.000000 0.000000
vt 1.000000 0.000000
vt 0.000000 1.000000
vt 0.000000 0.000000
vt 1.000000 0.000000
vt 0.000000 1.000000
vt 0.000000 0.000000
vt 1.000000 0.000000
vt 0.000000 1.000000
vt 0.000000 0.000000
vt 1.000000 0.000000
vt 0.000000 1.000000
vt 0.000000 0.000000
vt 1.000000 0.000000
vt 0.000000 1.000000
vt 0.000000 0.000000
vt 1.000000 0.000000
vt 0.000000 1.000000
vt 0.000000 0.000000
vt 1.000000 0.000000
vt 0.000000 1.000000
vt 0.000000 0.000000
vt 1.000000 0.000000
vt 0.000000 1.000000
vt 0.000000 0.000000
vt 1.000000 0.000000
vt 0.000000 1.000000
vt 0.000000 0.000000
vt 1.000000 0.000000
vt 0.000000 1.000000
vt 0.000000 0.000000
vt 1.000000 0.000000
vt 0.000000 1.000000
vt 0.000000 0.000000
vt 1.000000 0.000000
vt 0.000000 1.000000
vt 0.000000 0.000000
vt 1.000000 0.000000
vt 0.000000 1.000000
vt 0.000000 0.000000
vt 1.000000 0.000000
vt 0.000000 1.000000
vt 0.000000 0.000000
vt 1.000000 0.000000
vt 0.000000 1.000000
vt 0.000000 0.000000
vt 1.000000 0.000000
vt 0.000000 1.000000
vt 0.000000 0.000000
vt 1.000000 0.000000
vt 0.000000 1.000000
vt 0.000000 0.000000
vt 1.000000 0.000000
vt 0.000000 1.000000
vt 0.000000 0.000000
vt 1.000000 0.000000
vt 0.000000 1.000000
vt 0.000000 0.000000
vt 1.000000 0.000000
vt 0.000000 1.000000
vt 0.000000 0.000000
vt 1.000000 0.000000
vt 0.000000 1.000000
vt 0.000000 0.000000
vt 1.000000 0.000000
vt 0.000000 1.000000
vt 0.000000 0.000000
vt 1.000000 0.000000
vt 0.000000 1.000000
vt 0.000000 0.000000
vt 1.000000 0.000000
vt 0.000000 1.000000
vt 0.000000 0.000000
vt 1.000000 0.000000
vt 0.000000 1.000000
vt 0.000000 0.000000
vt 1.000000 0.000000
vt 0.000000 1.000000
vt 0.000000 0.000000
vt 1.000000 0.000000
vt 0.000000 1.000000
vt 0.000000 0.000000
vt 1.000000 0.000000
vt 0.000000 1.000000
vt 0.000000 0.000000
vt 1.000000 0.000000
vt 0.000000 1.000000
vt 0.000000 0.000000
vt 1.000000 0.000000
vt 0.000000 1.000000
vt 0.000000 0.000000
vt 1.000000 0.000000
vt 0.000000 1.000000
vt 0.000000 0.000000
vt 1.000000 0.000000
vt 0.000000 1.000000
vt 0.000000 0.000000
vt 1.000000 0.000000
vt 0.000000 1.000000
vt 0.000000 0.000000
vt 1.000000 0.000000
vt 0.000000 1.000000
vt 0.000000 0.000000
vt 1.000000 0.000000
vt 0.000000 1.000000
vt 0.000000 0.000000
vt 1.000000 0.000000
vt 0.000000 1.000000
vt 0.000000 0.000000
vt 1.000000 0.000000
vt 0.000000 1.000000
vt 0.000000 0.000000
vt 1.000000 0.000000
vt 0.000000 1.000000
vt 0.000000 0.000000
vt 1.000000 0.000000
vt 0.000000 1.000000
vt 0.000000 0.000000
vt 1.000000 0.000000
vt 0.000000 1.000000
vt 0.000000 0.000000
vt 1.000000 0.000000
vt 0.000000 1.000000
vt 0.000000 0.000000
vt 1.000000 0.000000
vt 0.000000 1.000000
vt 0.000000 0.000000
vt 1.000000 0.000000
vt 0.000000 1.000000
vt 0.000000 0.000000
vt 1.000000 0.000000
vt 0.000000 1.000000
vt 0.000000 0.000000
vt 1.000000 0.000000
vt 0.000000 1.000000
vt 0.000000 0.000000
vt 1.000000 0.000000
vt 0.000000 1.000000
vt 0.000000 0.000000
vt 1.000000 0.000000
vt 0.000000 1.000000
vt 0.000000 0.000000
vt 1.000000 0.000000
vt 0.000000 1.000000
vt 0.000000 0.000000
vt 1.000000 0.000000
vt 0.000000 1.000000
vt 0.000000 0.000000
vt 1.000000 0.000000
vt 0.000000 1.000000
vt 0.000000 0.000000
vt 1.000000 0.000000
vt 0.000000 1.000000
vt 0.000000 0.000000
vt 1.000000 0.000000
vt 0.000000 1.000000
vt 0.000000 0.000000
vt 1.000000 0.000000
vt 0.000000 1.000000
vt 0.000000 0.000000
vt 1.000000 0.000000
vt 0.000000 1.000000
vt 0.000000 0.000000
vt 1.000000 0.000000
vt 0.000000 1.000000
vt 0.000000 0.000000
vt 1.000000 0.000000
vt 0.000000 1.000000
vt 0.000000 0.000000
vt 1.000000 0.000000
vt 0.000000 1.000000
vt 0.000000 0.000000
vt 1.000000 0.000000
vt 0.000000 1.000000
vt 0.000000 0.000000
vt 1.000000 0.000000
vt 0.000000 1.000000
vt 0.000000 0.000000
vt 1.000000 0.000000
vt 0.000000 1.000000
vt 0.000000 0.000000
vt 1.000000 0.000000
vt 0.000000 1.000000
vt 0.000000 0.000000
vt 1.000000 0.000000
vt 0.000000 1.000000
vt 0.000000 0.000000
vt 1.000000 0.000000
vt 0.000000 1.000000
vt 0.000000 0.000000
vt 1.000000 0.000000
vt 0.000000 1.000000
vt 0.000000 0.000000
vt 1.000000 0.000000
vt 0.000000 1.000000
vt 0.000000 0.000000
vt 1.000000 0.000000
vt 0.000000 1.000000
vt 0.000000 0.000000
vt 1.000000 0.000000
vt 0.000000 1.000000
vt 0.000000 0.000000
vt 1.000000 0.000000
vt 0.000000 1.000000
vt 0.000000 0.000000
vt 1.000000 0.000000
vt 0.000000 1.000000
vt 0.000000 0.000000
vt 1.000000 0.000000
vt 0.000000 1.000000
vt 0.000000 0.000000
vt 1.000000 0.000000
vt 0.000000 1.000000
vt 0.000000 0.000000
vt 1.000000 0.000000
vt 0.000000 1.000000
vt 0.000000 0.000000
vt 1.000000 0.000000
vt 0.000000 1.000000
vt 0.000000 0.000000
vt 1.000000 0.000000
vt 0.000000 1.000000
vt 0.000000 0.000000
vt 1.000000 0.000000
vt 0.000000 1.000000
vt 0.000000 0.000000
vt 1.000000 0.000000
vt 0.000000 1.000000
vt 0.000000 0.000000
vt 1.000000 0.000000
vt 0.000000 1.000000
vt 0.000000 0.000000
vt 1.000000 0.000000
vt 0.000000 1.000000
vt 0.000000 0.000000
vt 1.000000 0.000000
vt 0.000000 1.000000
vt 0.000000 0.000000
vt 1.000000 0.000000
vt 0.000000 1.000000
vt 0.000000 0.000000
vt 1.000000 0.000000
vt 0.000000 1.000000
vt 0.000000 0.000000
vt 1.000000 0.000000
vt 0.000000 1.000000
vt 0.000000 0.000000
vt 1.000000 0.000000
vt 0.000000 1.000000
vt 0.000000 0.000000
vt 1.000000 0.000000
vt 0.000000 1.000000
vt 0.000000 0.000000
vt 1.000000 0.000000
vt 0.000000 1.000000
vt 0.000000 0.000000
vt 1.000000 0.000000
vt 0.000000 1.000000
vt 0.000000 0.000000
vt 1.000000 0.000000
vt 0.000000 1.000000
vt 0.000000 0.000000
vt 1.000000 0.000000
vt 0.000000 1.000000
vt 0.000000 0.000000
vt 1.000000 0.000000
vt 0.000000 1.000000
vt 0.000000 0.000000
vt 1.000000 0.000000
vt 0.000000 1.000000
vt 0.000000 0.000000
vt 1.000000 0.000000
vt 0.000000 1.000000
vt 0.000000 0.000000
vt 1.000000 0.000000
vt 0.000000 1.000000
vt 0.000000 0.000000
vt 1.000000 0.000000
vt 0.000000 1.000000
vt 0.000000 0.000000
vt 1.000000 0.000000
vt 0.000000 1.000000
vt 0.000000 0.000000
vt 1.000000 0.000000
vt 0.000000 1.000000
vt 0.000000 0.000000
vt 1.000000 0.000000
vt 0.000000 1.000000
vt 0.000000 0.000000
vt 1.000000 0.000000
vt 0.000000 1.000000
vt 0.000000 0.000000
vt 1.000000 0.000000
vt 0.000000 1.000000
vt 0.000000 0.000000
vt 1.000000 0.000000
vt 0.000000 1.000000
vt 0.000000 0.000000
vt 1.000000 0.000000
vt 0.000000 1.000000
vt 0.000000 0.000000
vt 1.000000 0.000000
vt 0.000000 1.000000
vt 0.000000 0.000000
vt 1.000000 0.000000
vt 0.000000 1.000000
vt 0.000000 0.000000
vt 1.000000 0.000000
vt 0.000000 1.000000
vt 0.000000 0.000000
vt 1.000000 0.000000
vt 0.000000 1.000000
vt 0.000000 0.000000
vt 1.000000 0.000000
vt 0.000000 1.000000
vt 0.000000 0.000000
vt 1.000000 0.000000
vt 0.000000 1.000000
vt 0.000000 0.000000
vt 1.000000 0.000000
vt 0.000000 1.000000
vt 0.000000 0.000000
vt 1.000000 0.000000
vt 0.000000 1.000000
vt 0.000000 0.000000
vt 1.000000 0.000000
vt 0.000000 1.000000
vt 0.000000 0.000000
vt 1.000000 0.000000
vt 0.000000 1.000000
vt 0.000000 0.000000
vt 1.000000 0.000000
vt 0.000000 1.000000
vt 0.000000 0.000000
vt 1.000000 0.000000
vt 0.000000 1.000000
vt 0.000000 0.000000
vt 1.000000 0.000000
vt 0.000000 1.000000
vt 0.000000 0.000000
vt 1.000000 0.000000
vt 0.000000 1.000000
vt 0.000000 0.000000
vt 1.000000 0.000000
vt 0.000000 1.000000
vt 0.000000 0.000000
vt 1.000000 0.000000
vt 0.000000 1.000000
vt 0.000000 0.000000
vt 1.000000 0.000000
vt 0.000000 1.000000
vt 0.000000 0.000000
vt 1.000000 0.000000
vt 0.000000 1.000000
vt 0.000000 0.000000
vt 1.000000 0.000000
vt 0.000000 1.000000
vt 0.000000 0.000000
vt 1.000000 0.000000
vt 0.000000 1.000000
vt 0.000000 0.000000
vt 1.000000 0.000000
vt 0.000000 1.000000
vt 0.000000 0.000000
vt 1.000000 0.000000
vt 0.000000 1.000000
vt 0.000000 0.000000
vt 1.000000 0.000000
vt 0.000000 1.000000
vt 0.000000 0.000000
vt 1.000000 0.000000
vt 0.000000 1.000000
vt 0.000000 0.000000
vt 1.000000 0.000000
vt 0.000000 1.000000
vt 0.000000 0.000000
vt 1.000000 0.000000
vt 0.000000 1.000000
vt 0.000000 0.000000
vt 1.000000 0.000000
vt 0.000000 1.000000
vt 0.000000 0.000000
vt 1.000000 0.000000
vt 0.000000 1.000000
vt 0.000000 0.000000
vt 1.000000 0.000000
vt 0.000000 1.000000
vt 0.000000 0.000000
vt 1.000000 0.000000
vt 0.000000 1.000000
vt 0.000000 0.000000
vt 1.000000 0.000000
vt 0.000000 1.000000
vt 0.000000 0.000000
vt 1.000000 0.000000
vt 0.000000 1.000000
vt 0.000000 0.000000
vt 1.000000 0.000000
vt 0.000000 1.000000
vt 0.000000 0.000000
vt 1.000000 0.000000
vt 0.000000 1.000000
vt 0.000000 0.000000
vt 1.000000 0.000000
vt 0.000000 1.000000
vt 0.000000 0.000000
vt 1.000000 0.000000
vt 0.000000 1.000000
vt 0.000000 0.000000
vt 1.000000 0.000000
vt 0.000000 1.000000
vt 0.000000 0.000000
vt 1.000000 0.000000
vt 0.000000 1.000000
vt 0.000000 0.000000
vt 1.000000 0.000000
vt 0.000000 1.000000
vt 0.000000 0.000000
vt 1.000000 0.000000
vt 0.000000 1.000000
vt 0.000000 0.000000
vt 1.000000 0.000000
vt 0.000000 1.000000
vt 0.000000 0.000000
vt 1.000000 0.000000
vt 0.000000 1.000000
vt 0.000000 0.000000
vt 1.000000 0.000000
vt 0.000000 1.000000
vt 0.000000 0.000000
vt 1.000000 0.000000
vt 0.000000 1.000000
vt 0.000000 0.000000
vt 1.000000 0.000000
vt 0.000000 1.000000
vt 0.000000 0.000000
vt 1.000000 0.000000
vt 0.000000 1.000000
vt 0.000000 0.000000
vt 1.000000 0.000000
vt 0.000000 1.000000
vt 0.000000 0.000000
vt 1.000000 0.000000
vt 0.000000 1.000000
vt 0.000000 0.000000
vt 1.000000 0.000000
vt 0.000000 1.000000
vt 0.000000 0.000000
vt 1.000000 0.000000
vt 0.000000 1.000000
vt 0.000000 0.000000
vt 1.000000 0.000000
vt 0.000000 1.000000
vt 0.000000 0.000000
vt 1.000000 0.000000
vt 0.000000 1.000000
vt 0.000000 0.000000
vt 1.000000 0.000000
vt 0.000000 1.000000
vt 0.000000 0.000000
vt 1.000000 0.000000
vt 0.000000 1.000000
vt 0.000000 0.000000
vt 1.000000 0.000000
vt 0.000000 1.000000
vt 0.000000 0.000000
vt 1.000000 0.000000
vt 0.000000 1.000000
vt 0.000000 0.000000
vt 1.000000 0.000000
vt 0.000000 1.000000
vt 0.000000 0.000000
vt 1.000000 0.000000
vt 0.000000 1.000000
vt 0.000000 0.000000
vt 1.000000 0.000000
vt 0.000000 1.000000
vt 0.000000 0.000000
vt 1.000000 0.000000
vt 0.000000 1.000000
vt 0.000000 0.000000
vt 1.000000 0.000000
vt 0.000000 1.000000
vt 0.000000 0.000000
vt 1.000000 0.000000
vt 0.000000 1.000000
vt 0.000000 0.000000
vt 1.000000 0.000000
vt 0.000000 1.000000
vt 0.000000 0.000000
vt 1.000000 0.000000
vt 0.000000 1.000000
vt 0.000000 0.000000
vt 1.000000 0.000000
vt 0.000000 1.000000
vt 0.000000 0.000000
vt 1.000000 0.000000
vt 0.000000 1.000000
vt 0.000000 0.000000
vt 1.000000 0.000000
vt 0.000000 1.000000
vt 0.000000 0.000000
vt 1.000000 0.000000
vt 0.000000 1.000000
vt 0.000000 0.000000
vt 1.000000 0.000000
vt 0.000000 1.000000
vt 0.000000 0.000000
vt 1.000000 0.000000
vt 0.000000 1.000000
vt 0.000000 0.000000
vt 1.000000 0.000000
vt 0.000000 1.000000
vt 0.000000 0.000000
vt 1.000000 0.000000
vt 0.000000 1.000000
vt 0.000000 0.000000
vt 1.000000 0.000000
vt 0.000000 1.000000
vt 0.000000 0.000000
vt 1.000000 0.000000
vt 0.000000 1.000000
vt 0.000000 0.000000
vt 1.000000 0.000000
vt 0.000000 1.000000
vt 0.000000 0.000000
vt 1.000000 0.000000
vt 0.000000 1.000000
vt 0.000000 0.000000
vt 1.000000 0.000000
vt 0.000000 1.000000
vt 0.000000 0.000000
vt 1.000000 0.000000
vt 0.000000 1.000000
vt 0.000000 0.000000
vt 1.000000 0.000000
vt 0.000000 1.000000
vt 0.000000 0.000000
vt 1.000000 0.000000
vt 0.000000 1.000000
vt 0.000000 0.000000
vt 1.000000 0.000000
vt 0.000000 1.000000
vt 0.000000 0.000000
vt 1.000000 0.000000
vt 0.000000 1.000000
vt 0.000000 0.000000
vt 1.000000 0.000000
vt 0.000000 1.000000
vt 0.000000 0.000000
vt 1.000000 0.000000
vt 0.000000 1.000000
vt 0.000000 0.000000
vt 1.000000 0.000000
vt 0.000000 1.000000
vt 0.000000 0.000000
vt 1.000000 0.000000
vt 0.000000 1.000000
vt 0.000000 0.000000
vt 1.000000 0.000000
vt 0.000000 1.000000
vt 0.000000 0.000000
vt 1.000000 0.000000
vt 0.000000 1.000000
vt 0.000000 0.000000
vt 1.000000 0.000000
vt 0.000000 1.000000
vt 0.000000 0.000000
vt 1.000000 0.000000
vt 0.000000 1.000000
vt 0.000000 0.000000
vt 1.000000 0.000000
vt 0.000000 1.000000
vt 0.000000 0.000000
vt 1.000000 0.000000
vt 0.000000 1.000000
vt 0.000000 0.000000
vt 1.000000 0.000000
vt 0.000000 1.000000
vt 0.000000 0.000000
vt 1.000000 0.000000
vt 0.000000 1.000000
vt 0.000000 0.000000
vt 1.000000 0.000000
vt 0.000000 1.000000
vt 0.000000 0.000000
vt 1.000000 0.000000
vt 0.000000 1.000000
vt 0.000000 0.000000
vt 1.000000 0.000000
vt 0.000000 1.000000
vt 0.000000 0.000000
vt 1.000000 0.000000
vt 0.000000 1.000000
vt 0.000000 0.000000
vt 1.000000 0.000000
vt 0.000000 1.000000
vt 0.000000 0.000000
vt 1.000000 0.000000
vt 0.000000 1.000000
vt 0.000000 0.000000
vt 1.000000 0.000000
vt 0.000000 1.000000
vt 0.000000 0.000000
vt 1.000000 0.000000
vt 0.000000 1.000000
vt 0.000000 0.000000
vt 1.000000 0.000000
vt 0.000000 1.000000
vt 0.000000 0.000000
vt 1.000000 0.000000
vt 0.000000 1.000000
vt 0.000000 0.000000
vt 1.000000 0.000000
vt 0.000000 1.000000
vt 0.000000 0.000000
vt 1.000000 0.000000
vt 0.000000 1.000000
vt 0.000000 0.000000
vt 1.000000 0.000000
vt 0.000000 1.000000
vt 0.000000 0.000000
vt 1.000000 0.000000
vt 0.000000 1.000000
vt 0.000000 0.000000
vt 1.000000 0.000000
vt 0.000000 1.000000
vt 0.000000 0.000000
vt 1.000000 0.000000
vt 0.000000 1.000000
vt 0.000000 0.000000
vt 1.000000 0.000000
vt 0.000000 1.000000
vt 0.000000 0.000000
vt 1.000000 0.000000
vt 0.000000 1.000000
vt 0.000000 0.000000
vt 1.000000 0.000000
vt 0.000000 1.000000
vt 0.000000 0.000000
vt 1.000000 0.000000
vt 0.000000 1.000000
vt 0.000000 0.000000
vt 1.000000 0.000000
vt 0.000000 1.000000
vt 0.000000 0.000000
vt 1.000000 0.000000
vt 0.000000 1.000000
vt 0.000000 0.000000
vt 1.000000 0.000000
vt 0.000000 1.000000
vt 0.000000 0.000000
vt 1.000000 0.000000
vt 0.000000 1.000000
vt 0.000000 0.000000
vt 1.000000 0.000000
vt 0.000000 1.000000
vt 0.000000 0.000000
vt 1.000000 0.000000
vt 0.000000 1.000000
vt 0.000000 0.000000
vt 1.000000 0.000000
vt 0.000000 1.000000
vt 0.000000 0.000000
vt 1.000000 0.000000
vt 0.000000 1.000000
vt 0.000000 0.000000
vt 1.000000 0.000000
vt 0.000000 1.000000
vt 0.000000 0.000000
vt 1.000000 0.000000
vt 0.000000 1.000000
vt 0.000000 0.000000
vt 1.000000 0.000000
vt 0.000000 1.000000
vt 0.000000 0.000000
vt 1.000000 0.000000
vt 0.000000 1.000000
vt 0.000000 0.000000
vt 1.000000 0.000000
vt 0.000000 1.000000
vt 0.000000 0.000000
vt 1.000000 0.000000
vt 0.000000 1.000000
vt 0.000000 0.000000
vt 1.000000 0.000000
vt 0.000000 1.000000
vt 0.000000 0.000000
vt 1.000000 0.000000
vt 0.000000 1.000000
vt 0.000000 0.000000
vt 1.000000 0.000000
vt 0.000000 1.000000
vt 0.000000 0.000000
vt 1.000000 0.000000
vt 0.000000 1.000000
vt 0.000000 0.000000
vt 1.000000 0.000000
vt 0.000000 1.000000
vt 0.000000 0.000000
vt 1.000000 0.000000
vt 0.000000 1.000000
vt 0.000000 0.000000
vt 1.000000 0.000000
vt 0.000000 1.000000
vt 0.000000 0.000000
vt 1.000000 0.000000
vt 0.000000 1.000000
vt 0.000000 0.000000
vt 1.000000 0.000000
vt 0.000000 1.000000
vt 0.000000 0.000000
vt 1.000000 0.000000
vt 0.000000 1.000000
vt 0.000000 0.000000
vt 1.000000 0.000000
vt 0.000000 1.000000
vt 0.000000 0.000000
vt 1.000000 0.000000
vt 0.000000 1.000000
vt 0.000000 0.000000
vt 1.000000 0.000000
vt 0.000000 1.000000
vt 0.000000 0.000000
vt 1.000000 0.000000
vt 0.000000 1.000000
vt 0.000000 0.000000
vt 1.000000 0.000000
vt 0.000000 1.000000
vt 0.000000 0.000000
vt 1.000000 0.000000
vt 0.000000 1.000000
vt 0.000000 0.000000
vt 1.000000 0.000000
vt 0.000000 1.000000
vt 0.000000 0.000000
vt 1.000000 0.000000
vt 0.000000 1.000000
vt 0.000000 0.000000
vt 1.000000 0.000000
vt 0.000000 1.000000
vt 0.000000 0.000000
vt 1.000000 0.000000
vt 0.000000 1.000000
vt 0.000000 0.000000
vt 1.000000 0.000000
vt 0.000000 1.000000
vt 0.000000 0.000000
vt 1.000000 0.000000
vt 0.000000 1.000000
vt 0.000000 0.000000
vt 1.000000 0.000000
vt 0.000000 1.000000
vt 0.000000 0.000000
vt 1.000000 0.000000
vt 0.000000 1.000000
vt 0.000000 0.000000
vt 1.000000 0.000000
vt 0.000000 1.000000
vt 0.000000 0.000000
vt 1.000000 0.000000
vt 0.000000 1.000000
vt 0.000000 0.000000
vt 1.000000 0.000000
vt 0.000000 1.000000
vt 0.000000 0.000000
vt 1.000000 0.000000
vt 0.000000 1.000000
vt 0.000000 0.000000
vt 1.000000 0.000000
vt 0.000000 1.000000
vt 0.000000 0.000000
vt 1.000000 0.000000
vt 0.000000 1.000000
vt 0.000000 0.000000
vt 1.000000 0.000000
vt 0.000000 1.000000
vt 0.000000 0.000000
vt 1.000000 0.000000
vt 0.000000 1.000000
vt 0.000000 0.000000
vt 1.000000 0.000000
vt 0.000000 1.000000
vt 0.000000 0.000000
vt 1.000000 0.000000
vt 0.000000 1.000000
vt 0.000000 0.000000
vt 1.000000 0.000000
vt 0.000000 1.000000
vt 0.000000 0.000000
vt 1.000000 0.000000
vt 0.000000 1.000000
vt 0.000000 0.000000
vt 1.000000 0.000000
vt 0.000000 1.000000
vt 0.000000 0.000000
vt 1.000000 0.000000
vt 0.000000 1.000000
vt 0.000000 0.000000
vt 1.000000 0.000000
vt 0.000000 1.000000
vt 0.000000 0.000000
vt 1.000000 0.000000
vt 0.000000 1.000000
vt 0.000000 0.000000
vt 1.000000 0.000000
vt 0.000000 1.000000
vt 0.000000 0.000000
vt 1.000000 0.000000
vt 0.000000 1.000000
vt 0.000000 0.000000
vt 1.000000 0.000000
vt 0.000000 1.000000
vt 0.000000 0.000000
vt 1.000000 0.000000
vt 0.000000 1.000000
vt 0.000000 0.000000
vt 1.000000 0.000000
vt 0.000000 1.000000
vt 0.000000 0.000000
vt 1.000000 0.000000
vt 0.000000 1.000000
vt 0.000000 0.000000
vt 1.000000 0.000000
vt 0.000000 1.000000
vt 0.000000 0.000000
vt 1.000000 0.000000
vt 0.000000 1.000000
vt 0.000000 0.000000
vt 1.000000 0.000000
vt 0.000000 1.000000
vt 0.000000 0.000000
vt 1.000000 0.000000
vt 0.000000 1.000000
vt 0.000000 0.000000
vt 1.000000 0.000000
vt 0.000000 1.000000
vt 0.000000 0.000000
vt 1.000000 0.000000
vt 0.000000 1.000000
vt 0.000000 0.000000
vt 1.000000 0.000000
vt 0.000000 1.000000
vt 0.000000 0.000000
vt 1.000000 0.000000
vt 0.000000 1.000000
vt 0.000000 0.000000
vt 1.000000 0.000000
vt 0.000000 1.000000
vt 0.000000 0.000000
vt 1.000000 0.000000
vt 0.000000 1.000000
vt 0.000000 0.000000
vt 1.000000 0.000000
vt 0.000000 1.000000
vt 0.000000 0.000000
vt 1.000000 0.000000
vt 0.000000 1.000000
vt 0.000000 0.000000
vt 1.000000 0.000000
vt 0.000000 1.000000
vt 0.000000 0.000000
vt 1.000000 0.000000
vt 0.000000 1.000000
vt 0.000000 0.000000
vt 1.000000 0.000000
vt 0.000000 1.000000
vt 0.000000 0.000000
vt 1.000000 0.000000
vt 0.000000 1.000000
vt 0.000000 0.000000
vt 1.000000 0.000000
vt 0.000000 1.000000
vt 0.000000 0.000000
vt 1.000000 0.000000
vt 0.000000 1.000000
vt 0.000000 0.000000
vt 1.000000 0.000000
vt 0.000000 1.000000
vt 0.000000 0.000000
vt 1.000000 0.000000
vt 0.000000 1.000000
vt 0.000000 0.000000
vt 1.000000 0.000000
vt 0.000000 1.000000
vt 0.000000 0.000000
vt 1.000000 0.000000
vt 0.000000 1.000000
vt 0.000000 0.000000
vt 1.000000 0.000000
vt 0.000000 1.000000
vt 0.000000 0.000000
vt 1.000000 0.000000
vt 0.000000 1.000000
vt 0.000000 0.000000
vt 1.000000 0.000000
vt 0.000000 1.000000
vt 0.000000 0.000000
vt 1.000000 0.000000
vt 0.000000 1.000000
vt 0.000000 0.000000
vt 1.000000 0.000000
vt 0.000000 1.000000
vt 0.000000 0.000000
vt 1.000000 0.000000
vt 0.000000 1.000000
vt 0.000000 0.000000
vt 1.000000 0.000000
vt 0.000000 1.000000
vt 0.000000 0.000000
vt 1.000000 0.000000
vt 0.000000 1.000000
vt 0.000000 0.000000
vt 1.000000 0.000000
vt 0.000000 1.000000
vt 0.000000 0.000000
vt 1.000000 0.000000
vt 0.000000 1.000000
vt 0.000000 0.000000
vt 1.000000 0.000000
vt 0.000000 1.000000
vt 0.000000 0.000000
vt 1.000000 0.000000
vt 0.000000 1.000000
vt 0.000000 0.000000
vt 1.000000 0.000000
vt 0.000000 1.000000
vt 0.000000 0.000000
vt 1.000000 0.000000
vt 0.000000 1.000000
vt 0.000000 0.000000
vt 1.000000 0.000000
vt 0.000000 1.000000
vt 0.000000 0.000000
vt 1.000000 0.000000
vt 0.000000 1.000000
vt 0.000000 0.000000
vt 1.000000 0.000000
vt 0.000000 1.000000
vt 0.000000 0.000000
vt 1.000000 0.000000
vt 0.000000 1.000000
vt 0.000000 0.000000
vt 1.000000 0.000000
vt 0.000000 1.000000
vt 0.000000 0.000000
vt 1.000000 0.000000
vt 0.000000 1.000000
vt 0.000000 0.000000
vt 1.000000 0.000000
vt 0.000000 1.000000
vt 0.000000 0.000000
vt 1.000000 0.000000
vt 0.000000 1.000000
vt 0.000000 0.000000
vt 1.000000 0.000000
vt 0.000000 1.000000
vt 0.000000 0.000000
vt 1.000000 0.000000
vt 0.000000 1.000000
vt 0.000000 0.000000
vt 1.000000 0.000000
vt 0.000000 1.000000
vt 0.000000 0.000000
vt 1.000000 0.000000
vt 0.000000 1.000000
vt 0.000000 0.000000
vt 1.000000 0.000000
vt 0.000000 1.000000
vt 0.000000 0.000000
vt 1.000000 0.000000
vt 0.000000 1.000000
vt 0.000000 0.000000
vt 1.000000 0.000000
vt 0.000000 1.000000
vt 0.000000 0.000000
vt 1.000000 0.000000
vt 0.000000 1.000000
vt 0.000000 0.000000
vt 1.000000 0.000000
vt 0.000000 1.000000
vt 0.000000 0.000000
vt 1.000000 0.000000
vt 0.000000 1.000000
vt 0.000000 0.000000
vt 1.000000 0.000000
vt 0.000000 1.000000
vt 0.000000 0.000000
vt 1.000000 0.000000
vt 0.000000 1.000000
vt 0.000000 0.000000
vt 1.000000 0.000000
vt 0.000000 1.000000
vt 0.000000 0.000000
vt 1.000000 0.000000
vt 0.000000 1.000000
vt 0.000000 0.000000
vt 1.000000 0.000000
vt 0.000000 1.000000
vt 0.000000 0.000000
vt 1.000000 0.000000
vt 0.000000 1.000000
vt 0.000000 0.000000
vt 1.000000 0.000000
vt 0.000000 1.000000
vt 0.000000 0.000000
vt 1.000000 0.000000
vt 0.000000 1.000000
vt 0.000000 0.000000
vt 1.000000 0.000000
vt 0.000000 1.000000
vt 0.000000 0.000000
vt 1.000000 0.000000
vt 0.000000 1.000000
vt 0.000000 0.000000
vt 1.000000 0.000000
vt 0.000000 1.000000
vt 0.000000 0.000000
vt 1.000000 0.000000
vt 0.000000 1.000000
vt 0.000000 0.000000
vt 1.000000 0.000000
vt 0.000000 1.000000
vt 0.000000 0.000000
vt 1.000000 0.000000
vt 0.000000 1.000000
vt 0.000000 0.000000
vt 1.000000 0.000000
vt 0.000000 1.000000
vt 0.000000 0.000000
vt 1.000000 0.000000
vt 0.000000 1.000000
vt 0.000000 0.000000
vt 1.000000 0.000000
vt 0.000000 1.000000
vt 0.000000 0.000000
vt 1.000000 0.000000
vt 0.000000 1.000000
vt 0.000000 0.000000
vt 1.000000 0.000000
vt 0.000000 1.000000
vt 0.000000 0.000000
vt 1.000000 0.000000
vt 0.000000 1.000000
vt 0.000000 0.000000
vt 1.000000 0.000000
vt 0.000000 1.000000
vt 0.000000 0.000000
vt 1.000000 0.000000
vt 0.000000 1.000000
vt 0.000000 0.000000
vt 1.000000 0.000000
vt 0.000000 1.000000
vt 0.000000 0.000000
vt 1.000000 0.000000
vt 0.000000 1.000000
vt 0.000000 0.000000
vt 1.000000 0.000000
vt 0.000000 1.000000
vt 0.000000 0.000000
vt 1.000000 0.000000
vt 0.000000 1.000000
vt 0.000000 0.000000
vt 1.000000 0.000000
vt 0.000000 1.000000
vt 0.000000 0.000000
vt 1.000000 0.000000
vt 0.000000 1.000000
vt 0.000000 0.000000
vt 1.000000 0.000000
vt 0.000000 1.000000
vt 0.000000 0.000000
vt 1.000000 0.000000
vt 0.000000 1.000000
vt 0.000000 0.000000
vt 1.000000 0.000000
vt 0.000000 1.000000
vt 0.000000 0.000000
vt 1.000000 0.000000
vt 0.000000 1.000000
vt 0.000000 0.000000
vt 1.000000 0.000000
vt 0.000000 1.000000
vt 0.000000 0.000000
vt 1.000000 0.000000
vt 0.000000 1.000000
vt 0.000000 0.000000
vt 1.000000 0.000000
vt 0.000000 1.000000
vt 0.000000 0.000000
vt 1.000000 0.000000
vt 0.000000 1.000000
vt 0.000000 0.000000
vt 1.000000 0.000000
vt 0.000000 1.000000
vt 0.000000 0.000000
vt 1.000000 0.000000
vt 0.000000 1.000000
vt 0.000000 0.000000
vt 1.000000 0.000000
vt 0.000000 1.000000
vt 0.000000 0.000000
vt 1.000000 0.000000
vt 0.000000 1.000000
vt 0.000000 0.000000
vt 1.000000 0.000000
vt 0.000000 1.000000
vt 0.000000 0.000000
vt 1.000000 0.000000
vt 0.000000 1.000000
vt 0.000000 0.000000
vt 1.000000 0.000000
vt 0.000000 1.000000
vt 0.000000 0.000000
vt 1.000000 0.000000
vt 0.000000 1.000000
vt 0.000000 0.000000
vt 1.000000 0.000000
vt 0.000000 1.000000
vt 0.000000 0.000000
vt 1.000000 0.000000
vt 0.000000 1.000000
vt 0.000000 0.000000
vt 1.000000 0.000000
vt 0.000000 1.000000
vt 0.000000 0.000000
vt 1.000000 0.000000
vt 0.000000 1.000000
vt 0.000000 0.000000
vt 1.000000 0.000000
vt 0.000000 1.000000
vt 0.000000 0.000000
vt 1.000000 0.000000
vt 0.000000 1.000000
vt 0.000000 0.000000
vt 1.000000 0.000000
vt 0.000000 1.000000
vt 0.000000 0.000000
vt 1.000000 0.000000
vt 0.000000 1.000000
vt 0.000000 0.000000
vt 1.000000 0.000000
vt 0.000000 1.000000
vt 0.000000 0.000000
vt 1.000000 0.000000
vt 0.000000 1.000000
vt 0.000000 0.000000
vt 1.000000 0.000000
vt 0.000000 1.000000
vt 0.000000 0.000000
vt 1.000000 0.000000
vt 0.000000 1.000000
vt 0.000000 0.000000
vt 1.000000 0.000000
vt 0.000000 1.000000
vt 0.000000 0.000000
vt 1.000000 0.000000
vt 0.000000 1.000000
vt 0.000000 0.000000
vt 1.000000 0.000000
vt 0.000000 1.000000
vt 0.000000 0.000000
vt 1.000000 0.000000
vt 0.000000 1.000000
vt 0.000000 0.000000
vt 1.000000 0.000000
vt 0.000000 1.000000
vt 0.000000 0.000000
vt 1.000000 0.000000
vt 0.000000 1.000000
vt 0.000000 0.000000
vt 1.000000 0.000000
vt 0.000000 1.000000
vt 0.000000 0.000000
vt 1.000000 0.000000
vt 0.000000 1.000000
vt 0.000000 0.000000
vt 1.000000 0.000000
vt 0.000000 1.000000
vt 0.000000 0.000000
vt 1.000000 0.000000
vt 0.000000 1.000000
vt 0.000000 0.000000
vt 1.000000 0.000000
vt 0.000000 1.000000
vt 0.000000 0.000000
vt 1.000000 0.000000
vt 0.000000 1.000000
vt 0.000000 0.000000
vt 1.000000 0.000000
vt 0.000000 1.000000
vt 0.000000 0.000000
vt 1.000000 0.000000
vt 0.000000 1.000000
vt 0.000000 0.000000
vt 1.000000 0.000000
vt 0.000000 1.000000
vt 0.000000 0.000000
vt 1.000000 0.000000
vt 0.000000 1.000000
vt 0.000000 0.000000
vt 1.000000 0.000000
vt 0.000000 1.000000
vt 0.000000 0.000000
vt 1.000000 0.000000
vt 0.000000 1.000000
vt 0.000000 0.000000
vt 1.000000 0.000000
vt 0.000000 1.000000
vt 0.000000 0.000000
vt 1.000000 0.000000
vt 0.000000 1.000000
vt 0.000000 0.000000
vt 1.000000 0.000000
vt 0.000000 1.000000
vt 0.000000 0.000000
vt 1.000000 0.000000
vt 0.000000 1.000000
vt 0.000000 0.000000
vt 1.000000 0.000000
vt 0.000000 1.000000
vt 0.000000 0.000000
vt 1.000000 0.000000
vt 0.000000 1.000000
vt 0.000000 0.000000
vt 1.000000 0.000000
vt 0.000000 1.000000
vt 0.000000 0.000000
vt 1.000000 0.000000
vt 0.000000 1.000000
vt 0.000000 0.000000
vt 1.000000 0.000000
vt 0.000000 1.000000
vt 0.000000 0.000000
vt 1.000000 0.000000
vt 0.000000 1.000000
vt 0.000000 0.000000
vt 1.000000 0.000000
vt 0.000000 1.000000
vt 0.000000 0.000000
vt 1.000000 0.000000
vt 0.000000 1.000000
vt 0.000000 0.000000
vt 1.000000 0.000000
vt 0.000000 1.000000
vt 0.000000 0.000000
vt 1.000000 0.000000
vt 0.000000 1.000000
vt 0.000000 0.000000
vt 1.000000 0.000000
vt 0.000000 1.000000
vt 0.000000 0.000000
vt 1.000000 0.000000
vt 0.000000 1.000000
vt 0.000000 0.000000
vt 1.000000 0.000000
vt 0.000000 1.000000
vt 0.000000 0.000000
vt 1.000000 0.000000
vt 0.000000 1.000000
vt 0.000000 0.000000
vt 1.000000 0.000000
vt 0.000000 1.000000
vt 0.000000 0.000000
vt 1.000000 0.000000
vt 0.000000 1.000000
vt 0.000000 0.000000
vt 1.000000 0.000000
vt 0.000000 1.000000
vt 0.000000 0.000000
vt 1.000000 0.000000
vt 0.000000 1.000000
vt 0.000000 0.000000
vt 1.000000 0.000000
vt 0.000000 1.000000
vt 0.000000 0.000000
vt 1.000000 0.000000
vt 0.000000 1.000000
vt 0.000000 0.000000
vt 1.000000 0.000000
vt 0.000000 1.000000
vt 0.000000 0.000000
vt 1.000000 0.000000
vt 0.000000 1.000000
vt 0.000000 0.000000
vt 1.000000 0.000000
vt 0.000000 1.000000
vt 0.000000 0.000000
vt 1.000000 0.000000
vt 0.000000 1.000000
vt 0.000000 0.000000
vt 1.000000 0.000000
vt 0.000000 1.000000
vt 0.000000 0.000000
vt 1.000000 0.000000
vt 0.000000 1.000000
vt 0.000000 0.000000
vt 1.000000 0.000000
vt 0.000000 1.000000
vt 0.000000 0.000000
vt 1.000000 0.000000
vt 0.000000 1.000000
vt 0.000000 0.000000
vt 1.000000 0.000000
vt 0.000000 1.000000
vt 0.000000 0.000000
vt 1.000000 0.000000
vt 0.000000 1.000000
vt 0.000000 0.000000
vt 1.000000 0.000000
vt 0.000000 1.000000
vt 0.000000 0.000000
vt 1.000000 0.000000
vt 0.000000 1.000000
vt 0.000000 0.000000
vt 1.000000 0.000000
vt 0.000000 1.000000
vt 0.000000 0.000000
vt 1.000000 0.000000
vt 0.000000 1.000000
vt 0.000000 0.000000
vt 1.000000 0.000000
vt 0.000000 1.000000
vt 0.000000 0.000000
vt 1.000000 0.000000
vt 0.000000 1.000000
vt 0.000000 0.000000
vt 1.000000 0.000000
vt 0.000000 1.000000
vt 0.000000 0.000000
vt 1.000000 0.000000
vt 0.000000 1.000000
vt 0.000000 0.000000
vt 1.000000 0.000000
vt 0.000000 1.000000
vt 0.000000 0.000000
vt 1.000000 0.000000
vt 0.000000 1.000000
vt 0.000000 0.000000
vt 1.000000 0.000000
vt 0.000000 1.000000
vt 0.000000 0.000000
vt 1.000000 0.000000
vt 0.000000 1.000000
vt 0.000000 0.000000
vt 1.000000 0.000000
vt 0.000000 1.000000
vt 0.000000 0.000000
vt 1.000000 0.000000
vt 0.000000 1.000000
vt 0.000000 0.000000
vt 1.000000 0.000000
vt 0.000000 1.000000
vt 0.000000 0.000000
vt 1.000000 0.000000
vt 0.000000 1.000000
vt 0.000000 0.000000
vt 1.000000 0.000000
vt 0.000000 1.000000
vt 0.000000 0.000000
vt 1.000000 0.000000
vt 0.000000 1.000000
vt 0.000000 0.000000
vt 1.000000 0.000000
vt 0.000000 1.000000
vt 0.000000 0.000000
vt 1.000000 0.000000
vt 0.000000 1.000000
vt 0.000000 0.000000
vt 1.000000 0.000000
vt 0.000000 1.000000
vt 0.000000 0.000000
vt 1.000000 0.000000
vt 0.000000 1.000000
vt 0.000000 0.000000
vt 1.000000 0.000000
vt 0.000000 1.000000
vt 0.000000 0.000000
vt 1.000000 0.000000
vt 0.000000 1.000000
vt 0.000000 0.000000
vt 1.000000 0.000000
vt 0.000000 1.000000
vt 0.000000 0.000000
vt 1.000000 0.000000
vt 0.000000 1.000000
vt 0.000000 0.000000
vt 1.000000 0.000000
vt 0.000000 1.000000
vt 0.000000 0.000000
vt 1.000000 0.000000
vt 0.000000 1.000000
vt 0.000000 0.000000
vt 1.000000 0.000000
vt 0.000000 1.000000
vt 0.000000 0.000000
vt 1.000000 0.000000
vt 0.000000 1.000000
vt 0.000000 0.000000
vt 1.000000 0.000000
vt 0.000000 1.000000
vt 0.000000 0.000000
vt 1.000000 0.000000
vt 0.000000 1.000000
vt 0.000000 0.000000
vt 1.000000 0.000000
vt 0.000000 1.000000
vt 0.000000 0.000000
vt 1.000000 0.000000
vt 0.000000 1.000000
vt 0.000000 0.000000
vt 1.000000 0.000000
vt 0.000000 1.000000
vt 0.000000 0.000000
vt 1.000000 0.000000
vt 0.000000 1.000000
vt 0.000000 0.000000
vt 1.000000 0.000000
vt 0.000000 1.000000
vt 0.000000 0.000000
vt 1.000000 0.000000
vt 0.000000 1.000000
vt 0.000000 0.000000
vt 1.000000 0.000000
vt 0.000000 1.000000
vt 0.000000 0.000000
vt 1.000000 0.000000
vt 0.000000 1.000000
vt 0.000000 0.000000
vt 1.000000 0.000000
vt 0.000000 1.000000
vt 0.000000 0.000000
vt 1.000000 0.000000
vt 0.000000 1.000000
vt 0.000000 0.000000
vt 1.000000 0.000000
vt 0.000000 1.000000
vt 0.000000 0.000000
vt 1.000000 0.000000
vt 0.000000 1.000000
vt 0.000000 0.000000
vt 1.000000 0.000000
vt 0.000000 1.000000
vt 0.000000 0.000000
vt 1.000000 0.000000
vt 0.000000 1.000000
vt 0.000000 0.000000
vt 1.000000 0.000000
vt 0.000000 1.000000
vt 0.000000 0.000000
vt 1.000000 0.000000
vt 0.000000 1.000000
vt 0.000000 0.000000
vt 1.000000 0.000000
vt 0.000000 1.000000
vt 0.000000 0.000000
vt 1.000000 0.000000
vt 0.000000 1.000000
vt 0.000000 0.000000
vt 1.000000 0.000000
vt 0.000000 1.000000
vt 0.000000 0.000000
vt 1.000000 0.000000
vt 0.000000 1.000000
vt 0.000000 0.000000
vt 1.000000 0.000000
vt 0.000000 1.000000
vt 0.000000 0.000000
vt 1.000000 0.000000
vt 0.000000 1.000000
vt 0.000000 0.000000
vt 1.000000 0.000000
vt 0.000000 1.000000
vt 0.000000 0.000000
vt 1.000000 0.000000
vt 0.000000 1.000000
vt 0.000000 0.000000
vt 1.000000 0.000000
vt 0.000000 1.000000
vt 0.000000 0.000000
vt 1.000000 0.000000
vt 0.000000 1.000000
usemtl Mechanism
f 1/1 3/2 4/3
f 1/4 4/5 2/6
f 3/7 5/8 6/9
f 3/10 6/11 4/12
f 5/13 7/14 8/15
f 5/16 8/17 6/18
f 7/19 9/20 10/21
f 7/22 10/23 8/24
f 9/25 11/26 12/27
f 9/28 12/29 10/30
f 11/31 13/32 14/33
f 11/34 14/35 12/36
f 13/37 15/38 16/39
f 13/40 16/41 14/42
f 15/43 17/44 18/45
f 15/46 18/47 16/48
f 17/49 19/50 20/51
f 17/52 20/53 18/54
f 19/55 21/56 22/57
f 19/58 22/59 20/60
f 21/61 23/62 24/63
f 21/64 24/65 22/66
f 23/67 25/68 26/69
f 23/70 26/71 24/72
f 25/73 27/74 28/75
f 25/76 28/77 26/78
f 27/79 29/80 30/81
f 27/82 30/83 28/84
f 29/85 31/86 32/87
f 29/88 32/89 30/90
f 31/91 33/92 34/93
f 31/94 34/95 32/96
f 33/97 35/98 36/99
f 33/100 36/101 34/102
f 35/103 37/104 38/105
f 35/106 38/107 36/108
f 37/109 39/110 40/111
f 37/112 40/113 38/114
f 39/115 41/116 42/117
f 39/118 42/119 40/120
f 41/121 43/122 44/123
f 41/124 44/125 42/126
f 43/127 45/128 46/129
f 43/130 46/131 44/132
f 45/133 47/134 48/135
f 45/136 48/137 46/138
f 47/139 49/140 50/141
f 47/142 50/143 48/144
f 49/145 51/146 52/147
f 49/148 52/149 50/150
f 51/151 53/152 54/153
f 51/154 54/155 52/156
f 53/157 55/158 56/159
f 53/160 56/161 54/162
f 55/163 57/164 58/165
f 55/166 58/167 56/168
f 57/169 59/170 60/171
f 57/172 60/173 58/174
f 59/175 61/176 62/177
f 59/178 62/179 60/180
f 61/181 63/182 64/183
f 61/184 64/185 62/186
f 63/187 65/188 66/189
f 63/190 66/191 64/192
f 65/193 67/194 68/195
f 65/196 68/197 66/198
f 67/199 69/200 70/201
f 67/202 70/203 68/204
f 69/205 71/206 72/207
f 69/208 72/209 70/210
f 71/211 73/212 74/213
f 71/214 74/215 72/216
f 73/217 75/218 76/219
f 73/220 76/221 74/222
f 75/223 77/224 78/225
f 75/226 78/227 76/228
f 77/229 79/230 80/231
f 77/232 80/233 78/234
f 79/235 1/236 2/237
f 79/238 2/239 80/240
f 81/241 3/242 1/243
f 82/244 2/245 4/246
f 81/247 5/248 3/249
f 82/250 4/251 6/252
f 81/253 7/254 5/255
f 82/256 6/257 8/258
f 81/259 9/260 7/261
f 82/262 8/263 10/264
f 81/265 11/266 9/267
f 82/268 10/269 12/270
f 81/271 13/272 11/273
f 82/274 12/275 14/276
f 81/277 15/278 13/279
f 82/280 14/281 16/282
f 81/283 17/284 15/285
f 82/286 16/287 18/288
f 81/289 19/290 17/291
f 82/292 18/293 20/294
f 81/295 21/296 19/297
f 82/298 20/299 22/300
f 81/301 23/302 21/303
f 82/304 22/305 24/306
f 81/307 25/308 23/309
f 82/310 24/311 26/312
f 81/313 27/314 25/315
f 82/316 26/317 28/318
f 81/319 29/320 27/321
f 82/322 28/323 30/324
f 81/325 31/326 29/327
f 82/328 30/329 32/330
f 81/331 33/332 31/333
f 82/334 32/335 34/336
f 81/337 35/338 33/339
f 82/340 34/341 36/342
f 81/343 37/344 35/345
f 82/346 36/347 38/348
f 81/349 39/350 37/351
f 82/352 38/353 40/354
f 81/355 41/356 39/357
f 82/358 40/359 42/360
f 81/361 43/362 41/363
f 82/364 42/365 44/366
f 81/367 45/368 43/369
f 82/370 44/371 46/372
f 81/373 47/374 45/375
f 82/376 46/377 48/378
f 81/379 49/380 47/381
f 82/382 48/383 50/384
f 81/385 51/386 49/387
f 82/388 50/389 52/390
f 81/391 53/392 51/393
f 82/394 52/395 54/396
f 81/397 55/398 53/399
f 82/400 54/401 56/402
f 81/403 57/404 55/405
f 82/406 56/407 58/408
f 81/409 59/410 57/411
f 82/412 58/413 60/414
f 81/415 61/416 59/417
f 82/418 60/419 62/420
f 81/421 63/422 61/423
f 82/424 62/425 64/426
f 81/427 65/428 63/429
f 82/430 64/431 66/432
f 81/433 67/434 65/435
f 82/436 66/437 68/438
f 81/439 69/440 67/441
f 82/442 68/443 70/444
f 81/445 71/446 69/447
f 82/448 70/449 72/450
f 81/451 73/452 71/453
f 82/454 72/455 74/456
f 81/457 75/458 73/459
f 82/460 74/461 76/462
f 81/463 77/464 75/465
f 82/466 76/467 78/468
f 81/469 79/470 77/471
f 82/472 78/473 80/474
f 81/475 1/476 79/477
f 82/478 80/479 2/480
f 83/481 91/482 92/483
f 83/484 92/485 84/486
f 84/487 92/488 93/489
f 84/490 93/491 85/492
f 85/493 93/494 94/495
f 85/496 94/497 86/498
f 86/499 94/500 95/501
f 86/502 95/503 87/504
f 87/505 95/506 96/507
f 87/508 96/509 88/510
f 88/511 96/512 97/513
f 88/514 97/515 89/516
f 89/517 97/518 98/519
f 89/520 98/521 90/522
f 90/523 98/524 91/525
f 90/526 91/527 83/528
f 91/529 99/530 100/531
f 91/532 100/533 92/534
f 92/535 100/536 101/537
f 92/538 101/539 93/540
f 93/541 101/542 102/543
f 93/544 102/545 94/546
f 94/547 102/548 103/549
f 94/550 103/551 95/552
f 95/553 103/554 104/555
f 95/556 104/557 96/558
f 96/559 104/560 105/561
f 96/562 105/563 97/564
f 97/565 105/566 106/567
f 97/568 106/569 98/570
f 98/571 106/572 99/573
f 98/574 99/575 91/576
f 99/577 107/578 108/579
f 99/580 108/581 100/582
f 100/583 108/584 109/585
f 100/586 109/587 101/588
f 101/589 109/590 110/591
f 101/592 110/593 102/594
f 102/595 110/596 111/597
f 102/598 111/599 103/600
f 103/601 111/602 112/603
f 103/604 112/605 104/606
f 104/607 112/608 113/609
f 104/610 113/611 105/612
f 105/613 113/614 114/615
f 105/616 114/617 106/618
f 106/619 114/620 107/621
f 106/622 107/623 99/624
f 107/625 115/626 116/627
f 107/628 116/629 108/630
f 108/631 116/632 117/633
f 108/634 117/635 109/636
f 109/637 117/638 118/639
f 109/640 118/641 110/642
f 110/643 118/644 119/645
f 110/646 119/647 111/648
f 111/649 119/650 120/651
f 111/652 120/653 112/654
f 112/655 120/656 121/657
f 112/658 121/659 113/660
f 113/661 121/662 122/663
f 113/664 122/665 114/666
f 114/667 122/668 115/669
f 114/670 115/671 107/672
f 115/673 123/674 124/675
f 115/676 124/677 116/678
f 116/679 124/680 125/681
f 116/682 125/683 117/684
f 117/685 125/686 126/687
f 117/688 126/689 118/690
f 118/691 126/692 127/693
f 118/694 127/695 119/696
f 119/697 127/698 128/699
f 119/700 128/701 120/702
f 120/703 128/704 129/705
f 120/706 129/707 121/708
f 121/709 129/710 130/711
f 121/712 130/713 122/714
f 122/715 130/716 123/717
f 122/718 123/719 115/720
f 123/721 131/722 132/723
f 123/724 132/725 124/726
f 124/727 132/728 133/729
f 124/730 133/731 125/732
f 125/733 133/734 134/735
f 125/736 134/737 126/738
f 126/739 134/740 135/741
f 126/742 135/743 127/744
f 127/745 135/746 136/747
f 127/748 136/749 128/750
f 128/751 136/752 137/753
f 128/754 137/755 129/756
f 129/757 137/758 138/759
f 129/760 138/761 130/762
f 130/763 138/764 131/765
f 130/766 131/767 123/768
f 131/769 139/770 140/771
f 131/772 140/773 132/774
f 132/775 140/776 141/777
f 132/778 141/779 133/780
f 133/781 141/782 142/783
f 133/784 142/785 134/786
f 134/787 142/788 143/789
f 134/790 143/791 135/792
f 135/793 143/794 144/795
f 135/796 144/797 136/798
f 136/799 144/800 145/801
f 136/802 145/803 137/804
f 137/805 145/806 146/807
f 137/808 146/809 138/810
f 138/811 146/812 139/813
f 138/814 139/815 131/816
f 139/817 147/818 148/819
f 139/820 148/821 140/822
f 140/823 148/824 149/825
f 140/826 149/827 141/828
f 141/829 149/830 150/831
f 141/832 150/833 142/834
f 142/835 150/836 151/837
f 142/838 151/839 143/840
f 143/841 151/842 152/843
f 143/844 152/845 144/846
f 144/847 152/848 153/849
f 144/850 153/851 145/852
f 145/853 153/854 154/855
f 145/856 154/857 146/858
f 146/859 154/860 147/861
f 146/862 147/863 139/864
f 147/865 155/866 156/867
f 147/868 156/869 148/870
f 148/871 156/872 157/873
f 148/874 157/875 149/876
f 149/877 157/878 158/879
f 149/880 158/881 150/882
f 150/883 158/884 159/885
f 150/886 159/887 151/888
f 151/889 159/890 160/891
f 151/892 160/893 152/894
f 152/895 160/896 161/897
f 152/898 161/899 153/900
f 153/901 161/902 162/903
f 153/904 162/905 154/906
f 154/907 162/908 155/909
f 154/910 155/911 147/912
f 155/913 163/914 164/915
f 155/916 164/917 156/918
f 156/919 164/920 165/921
f 156/922 165/923 157/924
f 157/925 165/926 166/927
f 157/928 166/929 158/930
f 158/931 166/932 167/933
f 158/934 167/935 159/936
f 159/937 167/938 168/939
f 159/940 168/941 160/942
f 160/943 168/944 169/945
f 160/946 169/947 161/948
f 161/949 169/950 170/951
f 161/952 170/953 162/954
f 162/955 170/956 163/957
f 162/958 163/959 155/960
f 163/961 171/962 172/963
f 163/964 172/965 164/966
f 164/967 172/968 173/969
f 164/970 173/971 165/972
f 165/973 173/974 174/975
f 165/976 174/977 166/978
f 166/979 174/980 175/981
f 166/982 175/983 167/984
f 167/985 175/986 176/987
f 167/988 176/989 168/990
f 168/991 176/992 177/993
f 168/994 177/995 169/996
f 169/997 177/998 178/999
f 169/1000 178/1001 170/1002
f 170/1003 178/1004 171/1005
f 170/1006 171/1007 163/1008
f 171/1009 179/1010 180/1011
f 171/1012 180/1013 172/1014
f 172/1015 180/1016 181/1017
f 172/1018 181/1019 173/1020
f 173/1021 181/1022 182/1023
f 173/1024 182/1025 174/1026
f 174/1027 182/1028 183/1029
f 174/1030 183/1031 175/1032
f 175/1033 183/1034 184/1035
f 175/1036 184/1037 176/1038
f 176/1039 184/1040 185/1041
f 176/1042 185/1043 177/1044
f 177/1045 185/1046 186/1047
f 177/1048 186/1049 178/1050
f 178/1051 186/1052 179/1053
f 178/1054 179/1055 171/1056
f 179/1057 187/1058 188/1059
f 179/1060 188/1061 180/1062
f 180/1063 188/1064 189/1065
f 180/1066 189/1067 181/1068
f 181/1069 189/1070 190/1071
f 181/1072 190/1073 182/1074
f 182/1075 190/1076 191/1077
f 182/1078 191/1079 183/1080
f 183/1081 191/1082 192/1083
f 183/1084 192/1085 184/1086
f 184/1087 192/1088 193/1089
f 184/1090 193/1091 185/1092
f 185/1093 193/1094 194/1095
f 185/1096 194/1097 186/1098
f 186/1099 194/1100 187/1101
f 186/1102 187/1103 179/1104
f 187/1105 195/1106 196/1107
f 187/1108 196/1109 188/1110
f 188/1111 196/1112 197/1113
f 188/1114 197/1115 189/1116
f 189/1117 197/1118 198/1119
f 189/1120 198/1121 190/1122
f 190/1123 198/1124 199/1125
f 190/1126 199/1127 191/1128
f 191/1129 199/1130 200/1131
f 191/1132 200/1133 192/1134
f 192/1135 200/1136 201/1137
f 192/1138 201/1139 193/1140
f 193/1141 201/1142 202/1143
f 193/1144 202/1145 194/1146
f 194/1147 202/1148 195/1149
f 194/1150 195/1151 187/1152
f 195/1153 203/1154 204/1155
f 195/1156 204/1157 196/1158
f 196/1159 204/1160 205/1161
f 196/1162 205/1163 197/1164
f 197/1165 205/1166 206/1167
f 197/1168 206/1169 198/1170
f 198/1171 206/1172 207/1173
f 198/1174 207/1175 199/1176
f 199/1177 207/1178 208/1179
f 199/1180 208/1181 200/1182
f 200/1183 208/1184 209/1185
f 200/1186 209/1187 201/1188
f 201/1189 209/1190 210/1191
f 201/1192 210/1193 202/1194
f 202/1195 210/1196 203/1197
f 202/1198 203/1199 195/1200
f 203/1201 211/1202 212/1203
f 203/1204 212/1205 204/1206
f 204/1207 212/1208 213/1209
f 204/1210 213/1211 205/1212
f 205/1213 213/1214 214/1215
f 205/1216 214/1217 206/1218
f 206/1219 214/1220 215/1221
f 206/1222 215/1223 207/1224
f 207/1225 215/1226 216/1227
f 207/1228 216/1229 208/1230
f 208/1231 216/1232 217/1233
f 208/1234 217/1235 209/1236
f 209/1237 217/1238 218/1239
f 209/1240 218/1241 210/1242
f 210/1243 218/1244 211/1245
f 210/1246 211/1247 203/1248
f 211/1249 219/1250 220/1251
f 211/1252 220/1253 212/1254
f 212/1255 220/1256 221/1257
f 212/1258 221/1259 213/1260
f 213/1261 221/1262 222/1263
f 213/1264 222/1265 214/1266
f 214/1267 222/1268 223/1269
f 214/1270 223/1271 215/1272
f 215/1273 223/1274 224/1275
f 215/1276 224/1277 216/1278
f 216/1279 224/1280 225/1281
f 216/1282 225/1283 217/1284
f 217/1285 225/1286 226/1287
f 217/1288 226/1289 218/1290
f 218/1291 226/1292 219/1293
f 218/1294 219/1295 211/1296
f 219/1297 227/1298 228/1299
f 219/1300 228/1301 220/1302
f 220/1303 228/1304 229/1305
f 220/1306 229/1307 221/1308
f 221/1309 229/1310 230/1311
f 221/1312 230/1313 222/1314
f 222/1315 230/1316 231/1317
f 222/1318 231/1319 223/1320
f 223/1321 231/1322 232/1323
f 223/1324 232/1325 224/1326
f 224/1327 232/1328 233/1329
f 224/1330 233/1331 225/1332
f 225/1333 233/1334 234/1335
f 225/1336 234/1337 226/1338
f 226/1339 234/1340 227/1341
f 226/1342 227/1343 219/1344
f 227/1345 235/1346 236/1347
f 227/1348 236/1349 228/1350
f 228/1351 236/1352 237/1353
f 228/1354 237/1355 229/1356
f 229/1357 237/1358 238/1359
f 229/1360 238/1361 230/1362
f 230/1363 238/1364 239/1365
f 230/1366 239/1367 231/1368
f 231/1369 239/1370 240/1371
f 231/1372 240/1373 232/1374
f 232/1375 240/1376 241/1377
f 232/1378 241/1379 233/1380
f 233/1381 241/1382 242/1383
f 233/1384 242/1385 234/1386
f 234/1387 242/1388 235/1389
f 234/1390 235/1391 227/1392
f 235/1393 243/1394 244/1395
f 235/1396 244/1397 236/1398
f 236/1399 244/1400 245/1401
f 236/1402 245/1403 237/1404
f 237/1405 245/1406 246/1407
f 237/1408 246/1409 238/1410
f 238/1411 246/1412 247/1413
f 238/1414 247/1415 239/1416
f 239/1417 247/1418 248/1419
f 239/1420 248/1421 240/1422
f 240/1423 248/1424 249/1425
f 240/1426 249/1427 241/1428
f 241/1429 249/1430 250/1431
f 241/1432 250/1433 242/1434
f 242/1435 250/1436 243/1437
f 242/1438 243/1439 235/1440
f 243/1441 251/1442 252/1443
f 243/1444 252/1445 244/1446
f 244/1447 252/1448 253/1449
f 244/1450 253/1451 245/1452
f 245/1453 253/1454 254/1455
f 245/1456 254/1457 246/1458
f 246/1459 254/1460 255/1461
f 246/1462 255/1463 247/1464
f 247/1465 255/1466 256/1467
f 247/1468 256/1469 248/1470
f 248/1471 256/1472 257/1473
f 248/1474 257/1475 249/1476
f 249/1477 257/1478 258/1479
f 249/1480 258/1481 250/1482
f 250/1483 258/1484 251/1485
f 250/1486 251/1487 243/1488
f 251/1489 259/1490 260/1491
f 251/1492 260/1493 252/1494
f 252/1495 260/1496 261/1497
f 252/1498 261/1499 253/1500
f 253/1501 261/1502 262/1503
f 253/1504 262/1505 254/1506
f 254/1507 262/1508 263/1509
f 254/1510 263/1511 255/1512
f 255/1513 263/1514 264/1515
f 255/1516 264/1517 256/1518
f 256/1519 264/1520 265/1521
f 256/1522 265/1523 257/1524
f 257/1525 265/1526 266/1527
f 257/1528 266/1529 258/1530
f 258/1531 266/1532 259/1533
f 258/1534 259/1535 251/1536
f 259/1537 267/1538 268/1539
f 259/1540 268/1541 260/1542
f 260/1543 268/1544 269/1545
f 260/1546 269/1547 261/1548
f 261/1549 269/1550 270/1551
f 261/1552 270/1553 262/1554
f 262/1555 270/1556 271/1557
f 262/1558 271/1559 263/1560
f 263/1561 271/1562 272/1563
f 263/1564 272/1565 264/1566
f 264/1567 272/1568 273/1569
f 264/1570 273/1571 265/1572
f 265/1573 273/1574 274/1575
f 265/1576 274/1577 266/1578
f 266/1579 274/1580 267/1581
f 266/1582 267/1583 259/1584
f 267/1585 275/1586 276/1587
f 267/1588 276/1589 268/1590
f 268/1591 276/1592 277/1593
f 268/1594 277/1595 269/1596
f 269/1597 277/1598 278/1599
f 269/1600 278/1601 270/1602
f 270/1603 278/1604 279/1605
f 270/1606 279/1607 271/1608
f 271/1609 279/1610 280/1611
f 271/1612 280/1613 272/1614
f 272/1615 280/1616 281/1617
f 272/1618 281/1619 273/1620
f 273/1621 281/1622 282/1623
f 273/1624 282/1625 274/1626
f 274/1627 282/1628 275/1629
f 274/1630 275/1631 267/1632
f 275/1633 283/1634 284/1635
f 275/1636 284/1637 276/1638
f 276/1639 284/1640 285/1641
f 276/1642 285/1643 277/1644
f 277/1645 285/1646 286/1647
f 277/1648 286/1649 278/1650
f 278/1651 286/1652 287/1653
f 278/1654 287/1655 279/1656
f 279/1657 287/1658 288/1659
f 279/1660 288/1661 280/1662
f 280/1663 288/1664 289/1665
f 280/1666 289/1667 281/1668
f 281/1669 289/1670 290/1671
f 281/1672 290/1673 282/1674
f 282/1675 290/1676 283/1677
f 282/1678 283/1679 275/1680
f 283/1681 291/1682 292/1683
f 283/1684 292/1685 284/1686
f 284/1687 292/1688 293/1689
f 284/1690 293/1691 285/1692
f 285/1693 293/1694 294/1695
f 285/1696 294/1697 286/1698
f 286/1699 294/1700 295/1701
f 286/1702 295/1703 287/1704
f 287/1705 295/1706 296/1707
f 287/1708 296/1709 288/1710
f 288/1711 296/1712 297/1713
f 288/1714 297/1715 289/1716
f 289/1717 297/1718 298/1719
f 289/1720 298/1721 290/1722
f 290/1723 298/1724 291/1725
f 290/1726 291/1727 283/1728
f 291/1729 299/1730 300/1731
f 291/1732 300/1733 292/1734
f 292/1735 300/1736 301/1737
f 292/1738 301/1739 293/1740
f 293/1741 301/1742 302/1743
f 293/1744 302/1745 294/1746
f 294/1747 302/1748 303/1749
f 294/1750 303/1751 295/1752
f 295/1753 303/1754 304/1755
f 295/1756 304/1757 296/1758
f 296/1759 304/1760 305/1761
f 296/1762 305/1763 297/1764
f 297/1765 305/1766 306/1767
f 297/1768 306/1769 298/1770
f 298/1771 306/1772 299/1773
f 298/1774 299/1775 291/1776
f 299/1777 307/1778 308/1779
f 299/1780 308/1781 300/1782
f 300/1783 308/1784 309/1785
f 300/1786 309/1787 301/1788
f 301/1789 309/1790 310/1791
f 301/1792 310/1793 302/1794
f 302/1795 310/1796 311/1797
f 302/1798 311/1799 303/1800
f 303/1801 311/1802 312/1803
f 303/1804 312/1805 304/1806
f 304/1807 312/1808 313/1809
f 304/1810 313/1811 305/1812
f 305/1813 313/1814 314/1815
f 305/1816 314/1817 306/1818
f 306/1819 314/1820 307/1821
f 306/1822 307/1823 299/1824
f 307/1825 315/1826 316/1827
f 307/1828 316/1829 308/1830
f 308/1831 316/1832 317/1833
f 308/1834 317/1835 309/1836
f 309/1837 317/1838 318/1839
f 309/1840 318/1841 310/1842
f 310/1843 318/1844 319/1845
f 310/1846 319/1847 311/1848
f 311/1849 319/1850 320/1851
f 311/1852 320/1853 312/1854
f 312/1855 320/1856 321/1857
f 312/1858 321/1859 313/1860
f 313/1861 321/1862 322/1863
f 313/1864 322/1865 314/1866
f 314/1867 322/1868 315/1869
f 314/1870 315/1871 307/1872
f 315/1873 323/1874 324/1875
f 315/1876 324/1877 316/1878
f 316/1879 324/1880 325/1881
f 316/1882 325/1883 317/1884
f 317/1885 325/1886 326/1887
f 317/1888 326/1889 318/1890
f 318/1891 326/1892 327/1893
f 318/1894 327/1895 319/1896
f 319/1897 327/1898 328/1899
f 319/1900 328/1901 320/1902
f 320/1903 328/1904 329/1905
f 320/1906 329/1907 321/1908
f 321/1909 329/1910 330/1911
f 321/1912 330/1913 322/1914
f 322/1915 330/1916 323/1917
f 322/1918 323/1919 315/1920
f 323/1921 331/1922 332/1923
f 323/1924 332/1925 324/1926
f 324/1927 332/1928 333/1929
f 324/1930 333/1931 325/1932
f 325/1933 333/1934 334/1935
f 325/1936 334/1937 326/1938
f 326/1939 334/1940 335/1941
f 326/1942 335/1943 327/1944
f 327/1945 335/1946 336/1947
f 327/1948 336/1949 328/1950
f 328/1951 336/1952 337/1953
f 328/1954 337/1955 329/1956
f 329/1957 337/1958 338/1959
f 329/1960 338/1961 330/1962
f 330/1963 338/1964 331/1965
f 330/1966 331/1967 323/1968
f 331/1969 339/1970 340/1971
f 331/1972 340/1973 332/1974
f 332/1975 340/1976 341/1977
f 332/1978 341/1979 333/1980
f 333/1981 341/1982 342/1983
f 333/1984 342/1985 334/1986
f 334/1987 342/1988 343/1989
f 334/1990 343/1991 335/1992
f 335/1993 343/1994 344/1995
f 335/1996 344/1997 336/1998
f 336/1999 344/2000 345/2001
f 336/2002 345/2003 337/2004
f 337/2005 345/2006 346/2007
f 337/2008 346/2009 338/2010
f 338/2011 346/2012 339/2013
f 338/2014 339/2015 331/2016
f 339/2017 347/2018 348/2019
f 339/2020 348/2021 340/2022
f 340/2023 348/2024 349/2025
f 340/2026 349/2027 341/2028
f 341/2029 349/2030 350/2031
f 341/2032 350/2033 342/2034
f 342/2035 350/2036 351/2037
f 342/2038 351/2039 343/2040
f 343/2041 351/2042 352/2043
f 343/2044 352/2045 344/2046
f 344/2047 352/2048 353/2049
f 344/2050 353/2051 345/2052
f 345/2053 353/2054 354/2055
f 345/2056 354/2057 346/2058
f 346/2059 354/2060 347/2061
f 346/2062 347/2063 339/2064
f 347/2065 355/2066 356/2067
f 347/2068 356/2069 348/2070
f 348/2071 356/2072 357/2073
f 348/2074 357/2075 349/2076
f 349/2077 357/2078 358/2079
f 349/2080 358/2081 350/2082
f 350/2083 358/2084 359/2085
f 350/2086 359/2087 351/2088
f 351/2089 359/2090 360/2091
f 351/2092 360/2093 352/2094
f 352/2095 360/2096 361/2097
f 352/2098 361/2099 353/2100
f 353/2101 361/2102 362/2103
f 353/2104 362/2105 354/2106
f 354/2107 362/2108 355/2109
f 354/2110 355/2111 347/2112
f 355/2113 363/2114 364/2115
f 355/2116 364/2117 356/2118
f 356/2119 364/2120 365/2121
f 356/2122 365/2123 357/2124
f 357/2125 365/2126 366/2127
f 357/2128 366/2129 358/2130
f 358/2131 366/2132 367/2133
f 358/2134 367/2135 359/2136
f 359/2137 367/2138 368/2139
f 359/2140 368/2141 360/2142
f 360/2143 368/2144 369/2145
f 360/2146 369/2147 361/2148
f 361/2149 369/2150 370/2151
f 361/2152 370/2153 362/2154
f 362/2155 370/2156 363/2157
f 362/2158 363/2159 355/2160
f 363/2161 371/2162 372/2163
f 363/2164 372/2165 364/2166
f 364/2167 372/2168 373/2169
f 364/2170 373/2171 365/2172
f 365/2173 373/2174 374/2175
f 365/2176 374/2177 366/2178
f 366/2179 374/2180 375/2181
f 366/2182 375/2183 367/2184
f 367/2185 375/2186 376/2187
f 367/2188 376/2189 368/2190
f 368/2191 376/2192 377/2193
f 368/2194 377/2195 369/2196
f 369/2197 377/2198 378/2199
f 369/2200 378/2201 370/2202
f 370/2203 378/2204 371/2205
f 370/2206 371/2207 363/2208
f 371/2209 379/2210 380/2211
f 371/2212 380/2213 372/2214
f 372/2215 380/2216 381/2217
f 372/2218 381/2219 373/2220
f 373/2221 381/2222 382/2223
f 373/2224 382/2225 374/2226
f 374/2227 382/2228 383/2229
f 374/2230 383/2231 375/2232
f 375/2233 383/2234 384/2235
f 375/2236 384/2237 376/2238
f 376/2239 384/2240 385/2241
f 376/2242 385/2243 377/2244
f 377/2245 385/2246 386/2247
f 377/2248 386/2249 378/2250
f 378/2251 386/2252 379/2253
f 378/2254 379/2255 371/2256
f 379/2257 387/2258 388/2259
f 379/2260 388/2261 380/2262
f 380/2263 388/2264 389/2265
f 380/2266 389/2267 381/2268
f 381/2269 389/2270 390/2271
f 381/2272 390/2273 382/2274
f 382/2275 390/2276 391/2277
f 382/2278 391/2279 383/2280
f 383/2281 391/2282 392/2283
f 383/2284 392/2285 384/2286
f 384/2287 392/2288 393/2289
f 384/2290 393/2291 385/2292
f 385/2293 393/2294 394/2295
f 385/2296 394/2297 386/2298
f 386/2299 394/2300 387/2301
f 386/2302 387/2303 379/2304
f 387/2305 395/2306 396/2307
f 387/2308 396/2309 388/2310
f 388/2311 396/2312 397/2313
f 388/2314 397/2315 389/2316
f 389/2317 397/2318 398/2319
f 389/2320 398/2321 390/2322
f 390/2323 398/2324 399/2325
f 390/2326 399/2327 391/2328
f 391/2329 399/2330 400/2331
f 391/2332 400/2333 392/2334
f 392/2335 400/2336 401/2337
f 392/2338 401/2339 393/2340
f 393/2341 401/2342 402/2343
f 393/2344 402/2345 394/2346
f 394/2347 402/2348 395/2349
f 394/2350 395/2351 387/2352
f 395/2353 83/2354 84/2355
f 395/2356 84/2357 396/2358
f 396/2359 84/2360 85/2361
f 396/2362 85/2363 397/2364
f 397/2365 85/2366 86/2367
f 397/2368 86/2369 398/2370
f 398/2371 86/2372 87/2373
f 398/2374 87/2375 399/2376
f 399/2377 87/2378 88/2379
f 399/2380 88/2381 400/2382
f 400/2383 88/2384 89/2385
f 400/2386 89/2387 401/2388
f 401/2389 89/2390 90/2391
f 401/2392 90/2393 402/2394
f 402/2395 90/2396 83/2397
f 402/2398 83/2399 395/2400
f 403/2401 405/2402 406/2403
f 403/2404 406/2405 404/2406
f 405/2407 407/2408 408/2409
f 405/2410 408/2411 406/2412
f 407/2413 409/2414 410/2415
f 407/2416 410/2417 408/2418
f 409/2419 411/2420 412/2421
f 409/2422 412/2423 410/2424
f 411/2425 413/2426 414/2427
f 411/2428 414/2429 412/2430
f 413/2431 415/2432 416/2433
f 413/2434 416/2435 414/2436
f 415/2437 417/2438 418/2439
f 415/2440 418/2441 416/2442
f 417/2443 419/2444 420/2445
f 417/2446 420/2447 418/2448
f 419/2449 421/2450 422/2451
f 419/2452 422/2453 420/2454
f 421/2455 423/2456 424/2457
f 421/2458 424/2459 422/2460
f 423/2461 425/2462 426/2463
f 423/2464 426/2465 424/2466
f 425/2467 427/2468 428/2469
f 425/2470 428/2471 426/2472
f 427/2473 429/2474 430/2475
f 427/2476 430/2477 428/2478
f 429/2479 431/2480 432/2481
f 429/2482 432/2483 430/2484
f 431/2485 433/2486 434/2487
f 431/2488 434/2489 432/2490
f 433/2491 435/2492 436/2493
f 433/2494 436/2495 434/2496
f 435/2497 437/2498 438/2499
f 435/2500 438/2501 436/2502
f 437/2503 439/2504 440/2505
f 437/2506 440/2507 438/2508
f 439/2509 441/2510 442/2511
f 439/2512 442/2513 440/2514
f 441/2515 443/2516 444/2517
f 441/2518 444/2519 442/2520
f 443/2521 445/2522 446/2523
f 443/2524 446/2525 444/2526
f 445/2527 447/2528 448/2529
f 445/2530 448/2531 446/2532
f 447/2533 449/2534 450/2535
f 447/2536 450/2537 448/2538
f 449/2539 451/2540 452/2541
f 449/2542 452/2543 450/2544
f 451/2545 453/2546 454/2547
f 451/2548 454/2549 452/2550
f 453/2551 455/2552 456/2553
f 453/2554 456/2555 454/2556
f 455/2557 457/2558 458/2559
f 455/2560 458/2561 456/2562
f 457/2563 459/2564 460/2565
f 457/2566 460/2567 458/2568
f 459/2569 461/2570 462/2571
f 459/2572 462/2573 460/2574
f 461/2575 463/2576 464/2577
f 461/2578 464/2579 462/2580
f 463/2581 465/2582 466/2583
f 463/2584 466/2585 464/2586
f 465/2587 467/2588 468/2589
f 465/2590 468/2591 466/2592
f 467/2593 469/2594 470/2595
f 467/2596 470/2597 468/2598
f 469/2599 471/2600 472/2601
f 469/2602 472/2603 470/2604
f 471/2605 473/2606 474/2607
f 471/2608 474/2609 472/2610
f 473/2611 475/2612 476/2613
f 473/2614 476/2615 474/2616
f 475/2617 477/2618 478/2619
f 475/2620 478/2621 476/2622
f 477/2623 479/2624 480/2625
f 477/2626 480/2627 478/2628
f 479/2629 481/2630 482/2631
f 479/2632 482/2633 480/2634
f 481/2635 403/2636 404/2637
f 481/2638 404/2639 482/2640
f 483/2641 405/2642 403/2643
f 484/2644 404/2645 406/2646
f 483/2647 407/2648 405/2649
f 484/2650 406/2651 408/2652
f 483/2653 409/2654 407/2655
f 484/2656 408/2657 410/2658
f 483/2659 411/2660 409/2661
f 484/2662 410/2663 412/2664
f 483/2665 413/2666 411/2667
f 484/2668 412/2669 414/2670
f 483/2671 415/2672 413/2673
f 484/2674 414/2675 416/2676
f 483/2677 417/2678 415/2679
f 484/2680 416/2681 418/2682
f 483/2683 419/2684 417/2685
f 484/2686 418/2687 420/2688
f 483/2689 421/2690 419/2691
f 484/2692 420/2693 422/2694
f 483/2695 423/2696 421/2697
f 484/2698 422/2699 424/2700
f 483/2701 425/2702 423/2703
f 484/2704 424/2705 426/2706
f 483/2707 427/2708 425/2709
f 484/2710 426/2711 428/2712
f 483/2713 429/2714 427/2715
f 484/2716 428/2717 430/2718
f 483/2719 431/2720 429/2721
f 484/2722 430/2723 432/2724
f 483/2725 433/2726 431/2727
f 484/2728 432/2729 434/2730
f 483/2731 435/2732 433/2733
f 484/2734 434/2735 436/2736
f 483/2737 437/2738 435/2739
f 484/2740 436/2741 438/2742
f 483/2743 439/2744 437/2745
f 484/2746 438/2747 440/2748
f 483/2749 441/2750 439/2751
f 484/2752 440/2753 442/2754
f 483/2755 443/2756 441/2757
f 484/2758 442/2759 444/2760
f 483/2761 445/2762 443/2763
f 484/2764 444/2765 446/2766
f 483/2767 447/2768 445/2769
f 484/2770 446/2771 448/2772
f 483/2773 449/2774 447/2775
f 484/2776 448/2777 450/2778
f 483/2779 451/2780 449/2781
f 484/2782 450/2783 452/2784
f 483/2785 453/2786 451/2787
f 484/2788 452/2789 454/2790
f 483/2791 455/2792 453/2793
f 484/2794 454/2795 456/2796
f 483/2797 457/2798 455/2799
f 484/2800 456/2801 458/2802
f 483/2803 459/2804 457/2805
f 484/2806 458/2807 460/2808
f 483/2809 461/2810 459/2811
f 484/2812 460/2813 462/2814
f 483/2815 463/2816 461/2817
f 484/2818 462/2819 464/2820
f 483/2821 465/2822 463/2823
f 484/2824 464/2825 466/2826
f 483/2827 467/2828 465/2829
f 484/2830 466/2831 468/2832
f 483/2833 469/2834 467/2835
f 484/2836 468/2837 470/2838
f 483/2839 471/2840 469/2841
f 484/2842 470/2843 472/2844
f 483/2845 473/2846 471/2847
f 484/2848 472/2849 474/2850
f 483/2851 475/2852 473/2853
f 484/2854 474/2855 476/2856
f 483/2857 477/2858 475/2859
f 484/2860 476/2861 478/2862
f 483/2863 479/2864 477/2865
f 484/2866 478/2867 480/2868
f 483/2869 481/2870 479/2871
f 484/2872 480/2873 482/2874
f 483/2875 403/2876 481/2877
f 484/2878 482/2879 404/2880
f 485/2881 487/2882 488/2883
f 485/2884 488/2885 486/2886
f 487/2887 489/2888 490/2889
f 487/2890 490/2891 488/2892
f 489/2893 491/2894 492/2895
f 489/2896 492/2897 490/2898
f 491/2899 493/2900 494/2901
f 491/2902 494/2903 492/2904
f 493/2905 495/2906 496/2907
f 493/2908 496/2909 494/2910
f 495/2911 497/2912 498/2913
f 495/2914 498/2915 496/2916
f 497/2917 499/2918 500/2919
f 497/2920 500/2921 498/2922
f 499/2923 501/2924 502/2925
f 499/2926 502/2927 500/2928
f 501/2929 503/2930 504/2931
f 501/2932 504/2933 502/2934
f 503/2935 505/2936 506/2937
f 503/2938 506/2939 504/2940
f 505/2941 507/2942 508/2943
f 505/2944 508/2945 506/2946
f 507/2947 509/2948 510/2949
f 507/2950 510/2951 508/2952
f 509/2953 511/2954 512/2955
f 509/2956 512/2957 510/2958
f 511/2959 513/2960 514/2961
f 511/2962 514/2963 512/2964
f 513/2965 515/2966 516/2967
f 513/2968 516/2969 514/2970
f 515/2971 517/2972 518/2973
f 515/2974 518/2975 516/2976
f 517/2977 519/2978 520/2979
f 517/2980 520/2981 518/2982
f 519/2983 521/2984 522/2985
f 519/2986 522/2987 520/2988
f 521/2989 523/2990 524/2991
f 521/2992 524/2993 522/2994
f 523/2995 525/2996 526/2997
f 523/2998 526/2999 524/3000
f 525/3001 527/3002 528/3003
f 525/3004 528/3005 526/3006
f 527/3007 529/3008 530/3009
f 527/3010 530/3011 528/3012
f 529/3013 531/3014 532/3015
f 529/3016 532/3017 530/3018
f 531/3019 533/3020 534/3021
f 531/3022 534/3023 532/3024
f 533/3025 535/3026 536/3027
f 533/3028 536/3029 534/3030
f 535/3031 537/3032 538/3033
f 535/3034 538/3035 536/3036
f 537/3037 539/3038 540/3039
f 537/3040 540/3041 538/3042
f 539/3043 541/3044 542/3045
f 539/3046 542/3047 540/3048
f 541/3049 543/3050 544/3051
f 541/3052 544/3053 542/3054
f 543/3055 545/3056 546/3057
f 543/3058 546/3059 544/3060
f 545/3061 547/3062 548/3063
f 545/3064 548/3065 546/3066
f 547/3067 485/3068 486/3069
f 547/3070 486/3071 548/3072
f 549/3073 487/3074 485/3075
f 550/3076 486/3077 488/3078
f 549/3079 489/3080 487/3081
f 550/3082 488/3083 490/3084
f 549/3085 491/3086 489/3087
f 550/3088 490/3089 492/3090
f 549/3091 493/3092 491/3093
f 550/3094 492/3095 494/3096
f 549/3097 495/3098 493/3099
f 550/3100 494/3101 496/3102
f 549/3103 497/3104 495/3105
f 550/3106 496/3107 498/3108
f 549/3109 499/3110 497/3111
f 550/3112 498/3113 500/3114
f 549/3115 501/3116 499/3117
f 550/3118 500/3119 502/3120
f 549/3121 503/3122 501/3123
f 550/3124 502/3125 504/3126
f 549/3127 505/3128 503/3129
f 550/3130 504/3131 506/3132
f 549/3133 507/3134 505/3135
f 550/3136 506/3137 508/3138
f 549/3139 509/3140 507/3141
f 550/3142 508/3143 510/3144
f 549/3145 511/3146 509/3147
f 550/3148 510/3149 512/3150
f 549/3151 513/3152 511/3153
f 550/3154 512/3155 514/3156
f 549/3157 515/3158 513/3159
f 550/3160 514/3161 516/3162
f 549/3163 517/3164 515/3165
f 550/3166 516/3167 518/3168
f 549/3169 519/3170 517/3171
f 550/3172 518/3173 520/3174
f 549/3175 521/3176 519/3177
f 550/3178 520/3179 522/3180
f 549/3181 523/3182 521/3183
f 550/3184 522/3185 524/3186
f 549/3187 525/3188 523/3189
f 550/3190 524/3191 526/3192
f 549/3193 527/3194 525/3195
f 550/3196 526/3197 528/3198
f 549/3199 529/3200 527/3201
f 550/3202 528/3203 530/3204
f 549/3205 531/3206 529/3207
f 550/3208 530/3209 532/3210
f 549/3211 533/3212 531/3213
f 550/3214 532/3215 534/3216
f 549/3217 535/3218 533/3219
f 550/3220 534/3221 536/3222
f 549/3223 537/3224 535/3225
f 550/3226 536/3227 538/3228
f 549/3229 539/3230 537/3231
f 550/3232 538/3233 540/3234
f 549/3235 541/3236 539/3237
f 550/3238 540/3239 542/3240
f 549/3241 543/3242 541/3243
f 550/3244 542/3245 544/3246
f 549/3247 545/3248 543/3249
f 550/3250 544/3251 546/3252
f 549/3253 547/3254 545/3255
f 550/3256 546/3257 548/3258
f 549/3259 485/3260 547/3261
f 550/3262 548/3263 486/3264
f 551/3265 559/3266 560/3267
f 551/3268 560/3269 552/3270
f 552/3271 560/3272 561/3273
f 552/3274 561/3275 553/3276
f 553/3277 561/3278 562/3279
f 553/3280 562/3281 554/3282
f 554/3283 562/3284 563/3285
f 554/3286 563/3287 555/3288
f 555/3289 563/3290 564/3291
f 555/3292 564/3293 556/3294
f 556/3295 564/3296 565/3297
f 556/3298 565/3299 557/3300
f 557/3301 565/3302 566/3303
f 557/3304 566/3305 558/3306
f 558/3307 566/3308 559/3309
f 558/3310 559/3311 551/3312
f 559/3313 567/3314 568/3315
f 559/3316 568/3317 560/3318
f 560/3319 568/3320 569/3321
f 560/3322 569/3323 561/3324
f 561/3325 569/3326 570/3327
f 561/3328 570/3329 562/3330
f 562/3331 570/3332 571/3333
f 562/3334 571/3335 563/3336
f 563/3337 571/3338 572/3339
f 563/3340 572/3341 564/3342
f 564/3343 572/3344 573/3345
f 564/3346 573/3347 565/3348
f 565/3349 573/3350 574/3351
f 565/3352 574/3353 566/3354
f 566/3355 574/3356 567/3357
f 566/3358 567/3359 559/3360
f 567/3361 575/3362 576/3363
f 567/3364 576/3365 568/3366
f 568/3367 576/3368 577/3369
f 568/3370 577/3371 569/3372
f 569/3373 577/3374 578/3375
f 569/3376 578/3377 570/3378
f 570/3379 578/3380 579/3381
f 570/3382 579/3383 571/3384
f 571/3385 579/3386 580/3387
f 571/3388 580/3389 572/3390
f 572/3391 580/3392 581/3393
f 572/3394 581/3395 573/3396
f 573/3397 581/3398 582/3399
f 573/3400 582/3401 574/3402
f 574/3403 582/3404 575/3405
f 574/3406 575/3407 567/3408
f 575/3409 583/3410 584/3411
f 575/3412 584/3413 576/3414
f 576/3415 584/3416 585/3417
f 576/3418 585/3419 577/3420
f 577/3421 585/3422 586/3423
f 577/3424 586/3425 578/3426
f 578/3427 586/3428 587/3429
f 578/3430 587/3431 579/3432
f 579/3433 587/3434 588/3435
f 579/3436 588/3437 580/3438
f 580/3439 588/3440 589/3441
f 580/3442 589/3443 581/3444
f 581/3445 589/3446 590/3447
f 581/3448 590/3449 582/3450
f 582/3451 590/3452 583/3453
f 582/3454 583/3455 575/3456
f 583/3457 591/3458 592/3459
f 583/3460 592/3461 584/3462
f 584/3463 592/3464 593/3465
f 584/3466 593/3467 585/3468
f 585/3469 593/3470 594/3471
f 585/3472 594/3473 586/3474
f 586/3475 594/3476 595/3477
f 586/3478 595/3479 587/3480
f 587/3481 595/3482 596/3483
f 587/3484 596/3485 588/3486
f 588/3487 596/3488 597/3489
f 588/3490 597/3491 589/3492
f 589/3493 597/3494 598/3495
f 589/3496 598/3497 590/3498
f 590/3499 598/3500 591/3501
f 590/3502 591/3503 583/3504
f 591/3505 599/3506 600/3507
f 591/3508 600/3509 592/3510
f 592/3511 600/3512 601/3513
f 592/3514 601/3515 593/3516
f 593/3517 601/3518 602/3519
f 593/3520 602/3521 594/3522
f 594/3523 602/3524 603/3525
f 594/3526 603/3527 595/3528
f 595/3529 603/3530 604/3531
f 595/3532 604/3533 596/3534
f 596/3535 604/3536 605/3537
f 596/3538 605/3539 597/3540
f 597/3541 605/3542 606/3543
f 597/3544 606/3545 598/3546
f 598/3547 606/3548 599/3549
f 598/3550 599/3551 591/3552
f 599/3553 607/3554 608/3555
f 599/3556 608/3557 600/3558
f 600/3559 608/3560 609/3561
f 600/3562 609/3563 601/3564
f 601/3565 609/3566 610/3567
f 601/3568 610/3569 602/3570
f 602/3571 610/3572 611/3573
f 602/3574 611/3575 603/3576
f 603/3577 611/3578 612/3579
f 603/3580 612/3581 604/3582
f 604/3583 612/3584 613/3585
f 604/3586 613/3587 605/3588
f 605/3589 613/3590 614/3591
f 605/3592 614/3593 606/3594
f 606/3595 614/3596 607/3597
f 606/3598 607/3599 599/3600
f 607/3601 615/3602 616/3603
f 607/3604 616/3605 608/3606
f 608/3607 616/3608 617/3609
f 608/3610 617/3611 609/3612
f 609/3613 617/3614 618/3615
f 609/3616 618/3617 610/3618
f 610/3619 618/3620 619/3621
f 610/3622 619/3623 611/3624
f 611/3625 619/3626 620/3627
f 611/3628 620/3629 612/3630
f 612/3631 620/3632 621/3633
f 612/3634 621/3635 613/3636
f 613/3637 621/3638 622/3639
f 613/3640 622/3641 614/3642
f 614/3643 622/3644 615/3645
f 614/3646 615/3647 607/3648
f 615/3649 623/3650 624/3651
f 615/3652 624/3653 616/3654
f 616/3655 624/3656 625/3657
f 616/3658 625/3659 617/3660
f 617/3661 625/3662 626/3663
f 617/3664 626/3665 618/3666
f 618/3667 626/3668 627/3669
f 618/3670 627/3671 619/3672
f 619/3673 627/3674 628/3675
f 619/3676 628/3677 620/3678
f 620/3679 628/3680 629/3681
f 620/3682 629/3683 621/3684
f 621/3685 629/3686 630/3687
f 621/3688 630/3689 622/3690
f 622/3691 630/3692 623/3693
f 622/3694 623/3695 615/3696
f 623/3697 631/3698 632/3699
f 623/3700 632/3701 624/3702
f 624/3703 632/3704 633/3705
f 624/3706 633/3707 625/3708
f 625/3709 633/3710 634/3711
f 625/3712 634/3713 626/3714
f 626/3715 634/3716 635/3717
f 626/3718 635/3719 627/3720
f 627/3721 635/3722 636/3723
f 627/3724 636/3725 628/3726
f 628/3727 636/3728 637/3729
f 628/3730 637/3731 629/3732
f 629/3733 637/3734 638/3735
f 629/3736 638/3737 630/3738
f 630/3739 638/3740 631/3741
f 630/3742 631/3743 623/3744
f 631/3745 639/3746 640/3747
f 631/3748 640/3749 632/3750
f 632/3751 640/3752 641/3753
f 632/3754 641/3755 633/3756
f 633/3757 641/3758 642/3759
f 633/3760 642/3761 634/3762
f 634/3763 642/3764 643/3765
f 634/3766 643/3767 635/3768
f 635/3769 643/3770 644/3771
f 635/3772 644/3773 636/3774
f 636/3775 644/3776 645/3777
f 636/3778 645/3779 637/3780
f 637/3781 645/3782 646/3783
f 637/3784 646/3785 638/3786
f 638/3787 646/3788 639/3789
f 638/3790 639/3791 631/3792
f 639/3793 647/3794 648/3795
f 639/3796 648/3797 640/3798
f 640/3799 648/3800 649/3801
f 640/3802 649/3803 641/3804
f 641/3805 649/3806 650/3807
f 641/3808 650/3809 642/3810
f 642/3811 650/3812 651/3813
f 642/3814 651/3815 643/3816
f 643/3817 651/3818 652/3819
f 643/3820 652/3821 644/3822
f 644/3823 652/3824 653/3825
f 644/3826 653/3827 645/3828
f 645/3829 653/3830 654/3831
f 645/3832 654/3833 646/3834
f 646/3835 654/3836 647/3837
f 646/3838 647/3839 639/3840
f 647/3841 655/3842 656/3843
f 647/3844 656/3845 648/3846
f 648/3847 656/3848 657/3849
f 648/3850 657/3851 649/3852
f 649/3853 657/3854 658/3855
f 649/3856 658/3857 650/3858
f 650/3859 658/3860 659/3861
f 650/3862 659/3863 651/3864
f 651/3865 659/3866 660/3867
f 651/3868 660/3869 652/3870
f 652/3871 660/3872 661/3873
f 652/3874 661/3875 653/3876
f 653/3877 661/3878 662/3879
f 653/3880 662/3881 654/3882
f 654/3883 662/3884 655/3885
f 654/3886 655/3887 647/3888
f 655/3889 663/3890 664/3891
f 655/3892 664/3893 656/3894
f 656/3895 664/3896 665/3897
f 656/3898 665/3899 657/3900
f 657/3901 665/3902 666/3903
f 657/3904 666/3905 658/3906
f 658/3907 666/3908 667/3909
f 658/3910 667/3911 659/3912
f 659/3913 667/3914 668/3915
f 659/3916 668/3917 660/3918
f 660/3919 668/3920 669/3921
f 660/3922 669/3923 661/3924
f 661/3925 669/3926 670/3927
f 661/3928 670/3929 662/3930
f 662/3931 670/3932 663/3933
f 662/3934 663/3935 655/3936
f 663/3937 671/3938 672/3939
f 663/3940 672/3941 664/3942
f 664/3943 672/3944 673/3945
f 664/3946 673/3947 665/3948
f 665/3949 673/3950 674/3951
f 665/3952 674/3953 666/3954
f 666/3955 674/3956 675/3957
f 666/3958 675/3959 667/3960
f 667/3961 675/3962 676/3963
f 667/3964 676/3965 668/3966
f 668/3967 676/3968 677/3969
f 668/3970 677/3971 669/3972
f 669/3973 677/3974 678/3975
f 669/3976 678/3977 670/3978
f 670/3979 678/3980 671/3981
f 670/3982 671/3983 663/3984
f 671/3985 679/3986 680/3987
f 671/3988 680/3989 672/3990
f 672/3991 680/3992 681/3993
f 672/3994 681/3995 673/3996
f 673/3997 681/3998 682/3999
f 673/4000 682/4001 674/4002
f 674/4003 682/4004 683/4005
f 674/4006 683/4007 675/4008
f 675/4009 683/4010 684/4011
f 675/4012 684/4013 676/4014
f 676/4015 684/4016 685/4017
f 676/4018 685/4019 677/4020
f 677/4021 685/4022 686/4023
f 677/4024 686/4025 678/4026
f 678/4027 686/4028 679/4029
f 678/4030 679/4031 671/4032
f 679/4033 687/4034 688/4035
f 679/4036 688/4037 680/4038
f 680/4039 688/4040 689/4041
f 680/4042 689/4043 681/4044
f 681/4045 689/4046 690/4047
f 681/4048 690/4049 682/4050
f 682/4051 690/4052 691/4053
f 682/4054 691/4055 683/4056
f 683/4057 691/4058 692/4059
f 683/4060 692/4061 684/4062
f 684/4063 692/4064 693/4065
f 684/4066 693/4067 685/4068
f 685/4069 693/4070 694/4071
f 685/4072 694/4073 686/4074
f 686/4075 694/4076 687/4077
f 686/4078 687/4079 679/4080
f 687/4081 695/4082 696/4083
f 687/4084 696/4085 688/4086
f 688/4087 696/4088 697/4089
f 688/4090 697/4091 689/4092
f 689/4093 697/4094 698/4095
f 689/4096 698/4097 690/4098
f 690/4099 698/4100 699/4101
f 690/4102 699/4103 691/4104
f 691/4105 699/4106 700/4107
f 691/4108 700/4109 692/4110
f 692/4111 700/4112 701/4113
f 692/4114 701/4115 693/4116
f 693/4117 701/4118 702/4119
f 693/4120 702/4121 694/4122
f 694/4123 702/4124 695/4125
f 694/4126 695/4127 687/4128
f 695/4129 703/4130 704/4131
f 695/4132 704/4133 696/4134
f 696/4135 704/4136 705/4137
f 696/4138 705/4139 697/4140
f 697/4141 705/4142 706/4143
f 697/4144 706/4145 698/4146
f 698/4147 706/4148 707/4149
f 698/4150 707/4151 699/4152
f 699/4153 707/4154 708/4155
f 699/4156 708/4157 700/4158
f 700/4159 708/4160 709/4161
f 700/4162 709/4163 701/4164
f 701/4165 709/4166 710/4167
f 701/4168 710/4169 702/4170
f 702/4171 710/4172 703/4173
f 702/4174 703/4175 695/4176
f 703/4177 711/4178 712/4179
f 703/4180 712/4181 704/4182
f 704/4183 712/4184 713/4185
f 704/4186 713/4187 705/4188
f 705/4189 713/4190 714/4191
f 705/4192 714/4193 706/4194
f 706/4195 714/4196 715/4197
f 706/4198 715/4199 707/4200
f 707/4201 715/4202 716/4203
f 707/4204 716/4205 708/4206
f 708/4207 716/4208 717/4209
f 708/4210 717/4211 709/4212
f 709/4213 717/4214 718/4215
f 709/4216 718/4217 710/4218
f 710/4219 718/4220 711/4221
f 710/4222 711/4223 703/4224
f 711/4225 719/4226 720/4227
f 711/4228 720/4229 712/4230
f 712/4231 720/4232 721/4233
f 712/4234 721/4235 713/4236
f 713/4237 721/4238 722/4239
f 713/4240 722/4241 714/4242
f 714/4243 722/4244 723/4245
f 714/4246 723/4247 715/4248
f 715/4249 723/4250 724/4251
f 715/4252 724/4253 716/4254
f 716/4255 724/4256 725/4257
f 716/4258 725/4259 717/4260
f 717/4261 725/4262 726/4263
f 717/4264 726/4265 718/4266
f 718/4267 726/4268 719/4269
f 718/4270 719/4271 711/4272
f 719/4273 727/4274 728/4275
f 719/4276 728/4277 720/4278
f 720/4279 728/4280 729/4281
f 720/4282 729/4283 721/4284
f 721/4285 729/4286 730/4287
f 721/4288 730/4289 722/4290
f 722/4291 730/4292 731/4293
f 722/4294 731/4295 723/4296
f 723/4297 731/4298 732/4299
f 723/4300 732/4301 724/4302
f 724/4303 732/4304 733/4305
f 724/4306 733/4307 725/4308
f 725/4309 733/4310 734/4311
f 725/4312 734/4313 726/4314
f 726/4315 734/4316 727/4317
f 726/4318 727/4319 719/4320
f 727/4321 735/4322 736/4323
f 727/4324 736/4325 728/4326
f 728/4327 736/4328 737/4329
f 728/4330 737/4331 729/4332
f 729/4333 737/4334 738/4335
f 729/4336 738/4337 730/4338
f 730/4339 738/4340 739/4341
f 730/4342 739/4343 731/4344
f 731/4345 739/4346 740/4347
f 731/4348 740/4349 732/4350
f 732/4351 740/4352 741/4353
f 732/4354 741/4355 733/4356
f 733/4357 741/4358 742/4359
f 733/4360 742/4361 734/4362
f 734/4363 742/4364 735/4365
f 734/4366 735/4367 727/4368
f 735/4369 743/4370 744/4371
f 735/4372 744/4373 736/4374
f 736/4375 744/4376 745/4377
f 736/4378 745/4379 737/4380
f 737/4381 745/4382 746/4383
f 737/4384 746/4385 738/4386
f 738/4387 746/4388 747/4389
f 738/4390 747/4391 739/4392
f 739/4393 747/4394 748/4395
f 739/4396 748/4397 740/4398
f 740/4399 748/4400 749/4401
f 740/4402 749/4403 741/4404
f 741/4405 749/4406 750/4407
f 741/4408 750/4409 742/4410
f 742/4411 750/4412 743/4413
f 742/4414 743/4415 735/4416
f 743/4417 751/4418 752/4419
f 743/4420 752/4421 744/4422
f 744/4423 752/4424 753/4425
f 744/4426 753/4427 745/4428
f 745/4429 753/4430 754/4431
f 745/4432 754/4433 746/4434
f 746/4435 754/4436 755/4437
f 746/4438 755/4439 747/4440
f 747/4441 755/4442 756/4443
f 747/4444 756/4445 748/4446
f 748/4447 756/4448 757/4449
f 748/4450 757/4451 749/4452
f 749/4453 757/4454 758/4455
f 749/4456 758/4457 750/4458
f 750/4459 758/4460 751/4461
f 750/4462 751/4463 743/4464
f 751/4465 759/4466 760/4467
f 751/4468 760/4469 752/4470
f 752/4471 760/4472 761/4473
f 752/4474 761/4475 753/4476
f 753/4477 761/4478 762/4479
f 753/4480 762/4481 754/4482
f 754/4483 762/4484 763/4485
f 754/4486 763/4487 755/4488
f 755/4489 763/4490 764/4491
f 755/4492 764/4493 756/4494
f 756/4495 764/4496 765/4497
f 756/4498 765/4499 757/4500
f 757/4501 765/4502 766/4503
f 757/4504 766/4505 758/4506
f 758/4507 766/4508 759/4509
f 758/4510 759/4511 751/4512
f 759/4513 767/4514 768/4515
f 759/4516 768/4517 760/4518
f 760/4519 768/4520 769/4521
f 760/4522 769/4523 761/4524
f 761/4525 769/4526 770/4527
f 761/4528 770/4529 762/4530
f 762/4531 770/4532 771/4533
f 762/4534 771/4535 763/4536
f 763/4537 771/4538 772/4539
f 763/4540 772/4541 764/4542
f 764/4543 772/4544 773/4545
f 764/4546 773/4547 765/4548
f 765/4549 773/4550 774/4551
f 765/4552 774/4553 766/4554
f 766/4555 774/4556 767/4557
f 766/4558 767/4559 759/4560
f 767/4561 775/4562 776/4563
f 767/4564 776/4565 768/4566
f 768/4567 776/4568 777/4569
f 768/4570 777/4571 769/4572
f 769/4573 777/4574 778/4575
f 769/4576 778/4577 770/4578
f 770/4579 778/4580 779/4581
f 770/4582 779/4583 771/4584
f 771/4585 779/4586 780/4587
f 771/4588 780/4589 772/4590
f 772/4591 780/4592 781/4593
f 772/4594 781/4595 773/4596
f 773/4597 781/4598 782/4599
f 773/4600 782/4601 774/4602
f 774/4603 782/4604 775/4605
f 774/4606 775/4607 767/4608
f 775/4609 783/4610 784/4611
f 775/4612 784/4613 776/4614
f 776/4615 784/4616 785/4617
f 776/4618 785/4619 777/4620
f 777/4621 785/4622 786/4623
f 777/4624 786/4625 778/4626
f 778/4627 786/4628 787/4629
f 778/4630 787/4631 779/4632
f 779/4633 787/4634 788/4635
f 779/4636 788/4637 780/4638
f 780/4639 788/4640 789/4641
f 780/4642 789/4643 781/4644
f 781/4645 789/4646 790/4647
f 781/4648 790/4649 782/4650
f 782/4651 790/4652 783/4653
f 782/4654 783/4655 775/4656
f 783/4657 791/4658 792/4659
f 783/4660 792/4661 784/4662
f 784/4663 792/4664 793/4665
f 784/4666 793/4667 785/4668
f 785/4669 793/4670 794/4671
f 785/4672 794/4673 786/4674
f 786/4675 794/4676 795/4677
f 786/4678 795/4679 787/4680
f 787/4681 795/4682 796/4683
f 787/4684 796/4685 788/4686
f 788/4687 796/4688 797/4689
f 788/4690 797/4691 789/4692
f 789/4693 797/4694 798/4695
f 789/4696 798/4697 790/4698
f 790/4699 798/4700 791/4701
f 790/4702 791/4703 783/4704
f 791/4705 799/4706 800/4707
f 791/4708 800/4709 792/4710
f 792/4711 800/4712 801/4713
f 792/4714 801/4715 793/4716
f 793/4717 801/4718 802/4719
f 793/4720 802/4721 794/4722
f 794/4723 802/4724 803/4725
f 794/4726 803/4727 795/4728
f 795/4729 803/4730 804/4731
f 795/4732 804/4733 796/4734
f 796/4735 804/4736 805/4737
f 796/4738 805/4739 797/4740
f 797/4741 805/4742 806/4743
f 797/4744 806/4745 798/4746
f 798/4747 806/4748 799/4749
f 798/4750 799/4751 791/4752
f 799/4753 551/4754 552/4755
f 799/4756 552/4757 800/4758
f 800/4759 552/4760 553/4761
f 800/4762 553/4763 801/4764
f 801/4765 553/4766 554/4767
f 801/4768 554/4769 802/4770
f 802/4771 554/4772 555/4773
f 802/4774 555/4775 803/4776
f 803/4777 555/4778 556/4779
f 803/4780 556/4781 804/4782
f 804/4783 556/4784 557/4785
f 804/4786 557/4787 805/4788
f 805/4789 557/4790 558/4791
f 805/4792 558/4793 806/4794
f 806/4795 558/4796 551/4797
f 806/4798 551/4799 799/4800
usemtl Shell
f 807/4801 810/4802 809/4803
f 807/4804 809/4805 808/4806
f 811/4807 812/4808 813/4809
f 811/4810 813/4811 814/4812
f 807/4813 808/4814 812/4815
f 807/4816 812/4817 811/4818
f 810/4819 814/4820 813/4821
f 810/4822 813/4823 809/4824
f 807/4825 811/4826 814/4827
f 807/4828 814/4829 810/4830
f 808/4831 809/4832 813/4833
f 808/4834 813/4835 812/4836
f 815/4837 818/4838 817/4839
f 815/4840 817/4841 816/4842
f 819/4843 820/4844 821/4845
f 819/4846 821/4847 822/4848
f 815/4849 816/4850 820/4851
f 815/4852 820/4853 819/4854
f 818/4855 822/4856 821/4857
f 818/4858 821/4859 817/4860
f 815/4861 819/4862 822/4863
f 815/4864 822/4865 818/4866
f 816/4867 817/4868 821/4869
f 816/4870 821/4871 820/4872
f 823/4873 826/4874 825/4875
f 823/4876 825/4877 824/4878
f 827/4879 828/4880 829/4881
f 827/4882 829/4883 830/4884
f 823/4885 824/4886 828/4887
f 823/4888 828/4889 827/4890
f 826/4891 830/4892 829/4893
f 826/4894 829/4895 825/4896
f 823/4897 827/4898 830/4899
f 823/4900 830/4901 826/4902
f 824/4903 825/4904 829/4905
f 824/4906 829/4907 828/4908
f 831/4909 834/4910 833/4911
f 831/4912 833/4913 832/4914
f 835/4915 836/4916 837/4917
f 835/4918 837/4919 838/4920
f 831/4921 832/4922 836/4923
f 831/4924 836/4925 835/4926
f 834/4927 838/4928 837/4929
f 834/4930 837/4931 833/4932
f 831/4933 835/4934 838/4935
f 831/4936 838/4937 834/4938
f 832/4939 833/4940 837/4941
f 832/4942 837/4943 836/4944
f 839/4945 842/4946 841/4947
f 839/4948 841/4949 840/4950
f 843/4951 844/4952 845/4953
f 843/4954 845/4955 846/4956
f 839/4957 840/4958 844/4959
f 839/4960 844/4961 843/4962
f 842/4963 846/4964 845/4965
f 842/4966 845/4967 841/4968
f 839/4969 843/4970 846/4971
f 839/4972 846/4973 842/4974
f 840/4975 841/4976 845/4977
f 840/4978 845/4979 844/4980
f 847/4981 850/4982 849/4983
f 847/4984 849/4985 848/4986
f 851/4987 852/4988 853/4989
f 851/4990 853/4991 854/4992
f 847/4993 848/4994 852/4995
f 847/4996 852/4997 851/4998
f 850/4999 854/5000 853/5001
f 850/5002 853/5003 849/5004
f 847/5005 851/5006 854/5007
f 847/5008 854/5009 850/5010
f 848/5011 849/5012 853/5013
f 848/5014 853/5015 852/5016
usemtl Mechanism
f 855/5017 857/5018 858/5019
f 855/5020 858/5021 856/5022
f 857/5023 859/5024 860/5025
f 857/5026 860/5027 858/5028
f 859/5029 861/5030 862/5031
f 859/5032 862/5033 860/5034
f 861/5035 863/5036 864/5037
f 861/5038 864/5039 862/5040
f 863/5041 865/5042 866/5043
f 863/5044 866/5045 864/5046
f 865/5047 867/5048 868/5049
f 865/5050 868/5051 866/5052
f 867/5053 869/5054 870/5055
f 867/5056 870/5057 868/5058
f 869/5059 871/5060 872/5061
f 869/5062 872/5063 870/5064
f 871/5065 873/5066 874/5067
f 871/5068 874/5069 872/5070
f 873/5071 875/5072 876/5073
f 873/5074 876/5075 874/5076
f 875/5077 877/5078 878/5079
f 875/5080 878/5081 876/5082
f 877/5083 879/5084 880/5085
f 877/5086 880/5087 878/5088
f 879/5089 881/5090 882/5091
f 879/5092 882/5093 880/5094
f 881/5095 883/5096 884/5097
f 881/5098 884/5099 882/5100
f 883/5101 885/5102 886/5103
f 883/5104 886/5105 884/5106
f 885/5107 887/5108 888/5109
f 885/5110 888/5111 886/5112
f 887/5113 889/5114 890/5115
f 887/5116 890/5117 888/5118
f 889/5119 891/5120 892/5121
f 889/5122 892/5123 890/5124
f 891/5125 893/5126 894/5127
f 891/5128 894/5129 892/5130
f 893/5131 895/5132 896/5133
f 893/5134 896/5135 894/5136
f 895/5137 897/5138 898/5139
f 895/5140 898/5141 896/5142
f 897/5143 899/5144 900/5145
f 897/5146 900/5147 898/5148
f 899/5149 901/5150 902/5151
f 899/5152 902/5153 900/5154
f 901/5155 903/5156 904/5157
f 901/5158 904/5159 902/5160
f 903/5161 905/5162 906/5163
f 903/5164 906/5165 904/5166
f 905/5167 907/5168 908/5169
f 905/5170 908/5171 906/5172
f 907/5173 909/5174 910/5175
f 907/5176 910/5177 908/5178
f 909/5179 911/5180 912/5181
f 909/5182 912/5183 910/5184
f 911/5185 913/5186 914/5187
f 911/5188 914/5189 912/5190
f 913/5191 915/5192 916/5193
f 913/5194 916/5195 914/5196
f 915/5197 917/5198 918/5199
f 915/5200 918/5201 916/5202
f 917/5203 855/5204 856/5205
f 917/5206 856/5207 918/5208
f 919/5209 857/5210 855/5211
f 920/5212 856/5213 858/5214
f 919/5215 859/5216 857/5217
f 920/5218 858/5219 860/5220
f 919/5221 861/5222 859/5223
f 920/5224 860/5225 862/5226
f 919/5227 863/5228 861/5229
f 920/5230 862/5231 864/5232
f 919/5233 865/5234 863/5235
f 920/5236 864/5237 866/5238
f 919/5239 867/5240 865/5241
f 920/5242 866/5243 868/5244
f 919/5245 869/5246 867/5247
f 920/5248 868/5249 870/5250
f 919/5251 871/5252 869/5253
f 920/5254 870/5255 872/5256
f 919/5257 873/5258 871/5259
f 920/5260 872/5261 874/5262
f 919/5263 875/5264 873/5265
f 920/5266 874/5267 876/5268
f 919/5269 877/5270 875/5271
f 920/5272 876/5273 878/5274
f 919/5275 879/5276 877/5277
f 920/5278 878/5279 880/5280
f 919/5281 881/5282 879/5283
f 920/5284 880/5285 882/5286
f 919/5287 883/5288 881/5289
f 920/5290 882/5291 884/5292
f 919/5293 885/5294 883/5295
f 920/5296 884/5297 886/5298
f 919/5299 887/5300 885/5301
f 920/5302 886/5303 888/5304
f 919/5305 889/5306 887/5307
f 920/5308 888/5309 890/5310
f 919/5311 891/5312 889/5313
f 920/5314 890/5315 892/5316
f 919/5317 893/5318 891/5319
f 920/5320 892/5321 894/5322
f 919/5323 895/5324 893/5325
f 920/5326 894/5327 896/5328
f 919/5329 897/5330 895/5331
f 920/5332 896/5333 898/5334
f 919/5335 899/5336 897/5337
f 920/5338 898/5339 900/5340
f 919/5341 901/5342 899/5343
f 920/5344 900/5345 902/5346
f 919/5347 903/5348 901/5349
f 920/5350 902/5351 904/5352
f 919/5353 905/5354 903/5355
f 920/5356 904/5357 906/5358
f 919/5359 907/5360 905/5361
f 920/5362 906/5363 908/5364
f 919/5365 909/5366 907/5367
f 920/5368 908/5369 910/5370
f 919/5371 911/5372 909/5373
f 920/5374 910/5375 912/5376
f 919/5377 913/5378 911/5379
f 920/5380 912/5381 914/5382
f 919/5383 915/5384 913/5385
f 920/5386 914/5387 916/5388
f 919/5389 917/5390 915/5391
f 920/5392 916/5393 918/5394
f 919/5395 855/5396 917/5397
f 920/5398 918/5399 856/5400
usemtl Optic
f 921/5401 923/5402 924/5403
f 921/5404 924/5405 922/5406
f 923/5407 925/5408 926/5409
f 923/5410 926/5411 924/5412
f 925/5413 927/5414 928/5415
f 925/5416 928/5417 926/5418
f 927/5419 929/5420 930/5421
f 927/5422 930/5423 928/5424
f 929/5425 931/5426 932/5427
f 929/5428 932/5429 930/5430
f 931/5431 933/5432 934/5433
f 931/5434 934/5435 932/5436
f 933/5437 935/5438 936/5439
f 933/5440 936/5441 934/5442
f 935/5443 937/5444 938/5445
f 935/5446 938/5447 936/5448
f 937/5449 939/5450 940/5451
f 937/5452 940/5453 938/5454
f 939/5455 941/5456 942/5457
f 939/5458 942/5459 940/5460
f 941/5461 943/5462 944/5463
f 941/5464 944/5465 942/5466
f 943/5467 945/5468 946/5469
f 943/5470 946/5471 944/5472
f 945/5473 947/5474 948/5475
f 945/5476 948/5477 946/5478
f 947/5479 949/5480 950/5481
f 947/5482 950/5483 948/5484
f 949/5485 951/5486 952/5487
f 949/5488 952/5489 950/5490
f 951/5491 953/5492 954/5493
f 951/5494 954/5495 952/5496
f 953/5497 955/5498 956/5499
f 953/5500 956/5501 954/5502
f 955/5503 957/5504 958/5505
f 955/5506 958/5507 956/5508
f 957/5509 959/5510 960/5511
f 957/5512 960/5513 958/5514
f 959/5515 961/5516 962/5517
f 959/5518 962/5519 960/5520
f 961/5521 963/5522 964/5523
f 961/5524 964/5525 962/5526
f 963/5527 965/5528 966/5529
f 963/5530 966/5531 964/5532
f 965/5533 967/5534 968/5535
f 965/5536 968/5537 966/5538
f 967/5539 969/5540 970/5541
f 967/5542 970/5543 968/5544
f 969/5545 971/5546 972/5547
f 969/5548 972/5549 970/5550
f 971/5551 973/5552 974/5553
f 971/5554 974/5555 972/5556
f 973/5557 975/5558 976/5559
f 973/5560 976/5561 974/5562
f 975/5563 977/5564 978/5565
f 975/5566 978/5567 976/5568
f 977/5569 979/5570 980/5571
f 977/5572 980/5573 978/5574
f 979/5575 981/5576 982/5577
f 979/5578 982/5579 980/5580
f 981/5581 983/5582 984/5583
f 981/5584 984/5585 982/5586
f 983/5587 921/5588 922/5589
f 983/5590 922/5591 984/5592
f 985/5593 923/5594 921/5595
f 986/5596 922/5597 924/5598
f 985/5599 925/5600 923/5601
f 986/5602 924/5603 926/5604
f 985/5605 927/5606 925/5607
f 986/5608 926/5609 928/5610
f 985/5611 929/5612 927/5613
f 986/5614 928/5615 930/5616
f 985/5617 931/5618 929/5619
f 986/5620 930/5621 932/5622
f 985/5623 933/5624 931/5625
f 986/5626 932/5627 934/5628
f 985/5629 935/5630 933/5631
f 986/5632 934/5633 936/5634
f 985/5635 937/5636 935/5637
f 986/5638 936/5639 938/5640
f 985/5641 939/5642 937/5643
f 986/5644 938/5645 940/5646
f 985/5647 941/5648 939/5649
f 986/5650 940/5651 942/5652
f 985/5653 943/5654 941/5655
f 986/5656 942/5657 944/5658
f 985/5659 945/5660 943/5661
f 986/5662 944/5663 946/5664
f 985/5665 947/5666 945/5667
f 986/5668 946/5669 948/5670
f 985/5671 949/5672 947/5673
f 986/5674 948/5675 950/5676
f 985/5677 951/5678 949/5679
f 986/5680 950/5681 952/5682
f 985/5683 953/5684 951/5685
f 986/5686 952/5687 954/5688
f 985/5689 955/5690 953/5691
f 986/5692 954/5693 956/5694
f 985/5695 957/5696 955/5697
f 986/5698 956/5699 958/5700
f 985/5701 959/5702 957/5703
f 986/5704 958/5705 960/5706
f 985/5707 961/5708 959/5709
f 986/5710 960/5711 962/5712
f 985/5713 963/5714 961/5715
f 986/5716 962/5717 964/5718
f 985/5719 965/5720 963/5721
f 986/5722 964/5723 966/5724
f 985/5725 967/5726 965/5727
f 986/5728 966/5729 968/5730
f 985/5731 969/5732 967/5733
f 986/5734 968/5735 970/5736
f 985/5737 971/5738 969/5739
f 986/5740 970/5741 972/5742
f 985/5743 973/5744 971/5745
f 986/5746 972/5747 974/5748
f 985/5749 975/5750 973/5751
f 986/5752 974/5753 976/5754
f 985/5755 977/5756 975/5757
f 986/5758 976/5759 978/5760
f 985/5761 979/5762 977/5763
f 986/5764 978/5765 980/5766
f 985/5767 981/5768 979/5769
f 986/5770 980/5771 982/5772
f 985/5773 983/5774 981/5775
f 986/5776 982/5777 984/5778
f 985/5779 921/5780 983/5781
f 986/5782 984/5783 922/5784
f 1275/5785 988/5786 987/5787
f 1243/5788 1244/5789 1276/5790
f 1275/5791 989/5792 988/5793
f 1244/5794 1245/5795 1276/5796
f 1275/5797 990/5798 989/5799
f 1245/5800 1246/5801 1276/5802
f 1275/5803 991/5804 990/5805
f 1246/5806 1247/5807 1276/5808
f 1275/5809 992/5810 991/5811
f 1247/5812 1248/5813 1276/5814
f 1275/5815 993/5816 992/5817
f 1248/5818 1249/5819 1276/5820
f 1275/5821 994/5822 993/5823
f 1249/5824 1250/5825 1276/5826
f 1275/5827 995/5828 994/5829
f 1250/5830 1251/5831 1276/5832
f 1275/5833 996/5834 995/5835
f 1251/5836 1252/5837 1276/5838
f 1275/5839 997/5840 996/5841
f 1252/5842 1253/5843 1276/5844
f 1275/5845 998/5846 997/5847
f 1253/5848 1254/5849 1276/5850
f 1275/5851 999/5852 998/5853
f 1254/5854 1255/5855 1276/5856
f 1275/5857 1000/5858 999/5859
f 1255/5860 1256/5861 1276/5862
f 1275/5863 1001/5864 1000/5865
f 1256/5866 1257/5867 1276/5868
f 1275/5869 1002/5870 1001/5871
f 1257/5872 1258/5873 1276/5874
f 1275/5875 1003/5876 1002/5877
f 1258/5878 1259/5879 1276/5880
f 1275/5881 1004/5882 1003/5883
f 1259/5884 1260/5885 1276/5886
f 1275/5887 1005/5888 1004/5889
f 1260/5890 1261/5891 1276/5892
f 1275/5893 1006/5894 1005/5895
f 1261/5896 1262/5897 1276/5898
f 1275/5899 1007/5900 1006/5901
f 1262/5902 1263/5903 1276/5904
f 1275/5905 1008/5906 1007/5907
f 1263/5908 1264/5909 1276/5910
f 1275/5911 1009/5912 1008/5913
f 1264/5914 1265/5915 1276/5916
f 1275/5917 1010/5918 1009/5919
f 1265/5920 1266/5921 1276/5922
f 1275/5923 1011/5924 1010/5925
f 1266/5926 1267/5927 1276/5928
f 1275/5929 1012/5930 1011/5931
f 1267/5932 1268/5933 1276/5934
f 1275/5935 1013/5936 1012/5937
f 1268/5938 1269/5939 1276/5940
f 1275/5941 1014/5942 1013/5943
f 1269/5944 1270/5945 1276/5946
f 1275/5947 1015/5948 1014/5949
f 1270/5950 1271/5951 1276/5952
f 1275/5953 1016/5954 1015/5955
f 1271/5956 1272/5957 1276/5958
f 1275/5959 1017/5960 1016/5961
f 1272/5962 1273/5963 1276/5964
f 1275/5965 1018/5966 1017/5967
f 1273/5968 1274/5969 1276/5970
f 1275/5971 987/5972 1018/5973
f 1274/5974 1243/5975 1276/5976
f 987/5977 988/5978 1020/5979
f 987/5980 1020/5981 1019/5982
f 988/5983 989/5984 1021/5985
f 988/5986 1021/5987 1020/5988
f 989/5989 990/5990 1022/5991
f 989/5992 1022/5993 1021/5994
f 990/5995 991/5996 1023/5997
f 990/5998 1023/5999 1022/6000
f 991/6001 992/6002 1024/6003
f 991/6004 1024/6005 1023/6006
f 992/6007 993/6008 1025/6009
f 992/6010 1025/6011 1024/6012
f 993/6013 994/6014 1026/6015
f 993/6016 1026/6017 1025/6018
f 994/6019 995/6020 1027/6021
f 994/6022 1027/6023 1026/6024
f 995/6025 996/6026 1028/6027
f 995/6028 1028/6029 1027/6030
f 996/6031 997/6032 1029/6033
f 996/6034 1029/6035 1028/6036
f 997/6037 998/6038 1030/6039
f 997/6040 1030/6041 1029/6042
f 998/6043 999/6044 1031/6045
f 998/6046 1031/6047 1030/6048
f 999/6049 1000/6050 1032/6051
f 999/6052 1032/6053 1031/6054
f 1000/6055 1001/6056 1033/6057
f 1000/6058 1033/6059 1032/6060
f 1001/6061 1002/6062 1034/6063
f 1001/6064 1034/6065 1033/6066
f 1002/6067 1003/6068 1035/6069
f 1002/6070 1035/6071 1034/6072
f 1003/6073 1004/6074 1036/6075
f 1003/6076 1036/6077 1035/6078
f 1004/6079 1005/6080 1037/6081
f 1004/6082 1037/6083 1036/6084
f 1005/6085 1006/6086 1038/6087
f 1005/6088 1038/6089 1037/6090
f 1006/6091 1007/6092 1039/6093
f 1006/6094 1039/6095 1038/6096
f 1007/6097 1008/6098 1040/6099
f 1007/6100 1040/6101 1039/6102
f 1008/6103 1009/6104 1041/6105
f 1008/6106 1041/6107 1040/6108
f 1009/6109 1010/6110 1042/6111
f 1009/6112 1042/6113 1041/6114
f 1010/6115 1011/6116 1043/6117
f 1010/6118 1043/6119 1042/6120
f 1011/6121 1012/6122 1044/6123
f 1011/6124 1044/6125 1043/6126
f 1012/6127 1013/6128 1045/6129
f 1012/6130 1045/6131 1044/6132
f 1013/6133 1014/6134 1046/6135
f 1013/6136 1046/6137 1045/6138
f 1014/6139 1015/6140 1047/6141
f 1014/6142 1047/6143 1046/6144
f 1015/6145 1016/6146 1048/6147
f 1015/6148 1048/6149 1047/6150
f 1016/6151 1017/6152 1049/6153
f 1016/6154 1049/6155 1048/6156
f 1017/6157 1018/6158 1050/6159
f 1017/6160 1050/6161 1049/6162
f 1018/6163 987/6164 1019/6165
f 1018/6166 1019/6167 1050/6168
f 1019/6169 1020/6170 1052/6171
f 1019/6172 1052/6173 1051/6174
f 1020/6175 1021/6176 1053/6177
f 1020/6178 1053/6179 1052/6180
f 1021/6181 1022/6182 1054/6183
f 1021/6184 1054/6185 1053/6186
f 1022/6187 1023/6188 1055/6189
f 1022/6190 1055/6191 1054/6192
f 1023/6193 1024/6194 1056/6195
f 1023/6196 1056/6197 1055/6198
f 1024/6199 1025/6200 1057/6201
f 1024/6202 1057/6203 1056/6204
f 1025/6205 1026/6206 1058/6207
f 1025/6208 1058/6209 1057/6210
f 1026/6211 1027/6212 1059/6213
f 1026/6214 1059/6215 1058/6216
f 1027/6217 1028/6218 1060/6219
f 1027/6220 1060/6221 1059/6222
f 1028/6223 1029/6224 1061/6225
f 1028/6226 1061/6227 1060/6228
f 1029/6229 1030/6230 1062/6231
f 1029/6232 1062/6233 1061/6234
f 1030/6235 1031/6236 1063/6237
f 1030/6238 1063/6239 1062/6240
f 1031/6241 1032/6242 1064/6243
f 1031/6244 1064/6245 1063/6246
f 1032/6247 1033/6248 1065/6249
f 1032/6250 1065/6251 1064/6252
f 1033/6253 1034/6254 1066/6255
f 1033/6256 1066/6257 1065/6258
f 1034/6259 1035/6260 1067/6261
f 1034/6262 1067/6263 1066/6264
f 1035/6265 1036/6266 1068/6267
f 1035/6268 1068/6269 1067/6270
f 1036/6271 1037/6272 1069/6273
f 1036/6274 1069/6275 1068/6276
f 1037/6277 1038/6278 1070/6279
f 1037/6280 1070/6281 1069/6282
f 1038/6283 1039/6284 1071/6285
f 1038/6286 1071/6287 1070/6288
f 1039/6289 1040/6290 1072/6291
f 1039/6292 1072/6293 1071/6294
f 1040/6295 1041/6296 1073/6297
f 1040/6298 1073/6299 1072/6300
f 1041/6301 1042/6302 1074/6303
f 1041/6304 1074/6305 1073/6306
f 1042/6307 1043/6308 1075/6309
f 1042/6310 1075/6311 1074/6312
f 1043/6313 1044/6314 1076/6315
f 1043/6316 1076/6317 1075/6318
f 1044/6319 1045/6320 1077/6321
f 1044/6322 1077/6323 1076/6324
f 1045/6325 1046/6326 1078/6327
f 1045/6328 1078/6329 1077/6330
f 1046/6331 1047/6332 1079/6333
f 1046/6334 1079/6335 1078/6336
f 1047/6337 1048/6338 1080/6339
f 1047/6340 1080/6341 1079/6342
f 1048/6343 1049/6344 1081/6345
f 1048/6346 1081/6347 1080/6348
f 1049/6349 1050/6350 1082/6351
f 1049/6352 1082/6353 1081/6354
f 1050/6355 1019/6356 1051/6357
f 1050/6358 1051/6359 1082/6360
f 1051/6361 1052/6362 1084/6363
f 1051/6364 1084/6365 1083/6366
f 1052/6367 1053/6368 1085/6369
f 1052/6370 1085/6371 1084/6372
f 1053/6373 1054/6374 1086/6375
f 1053/6376 1086/6377 1085/6378
f 1054/6379 1055/6380 1087/6381
f 1054/6382 1087/6383 1086/6384
f 1055/6385 1056/6386 1088/6387
f 1055/6388 1088/6389 1087/6390
f 1056/6391 1057/6392 1089/6393
f 1056/6394 1089/6395 1088/6396
f 1057/6397 1058/6398 1090/6399
f 1057/6400 1090/6401 1089/6402
f 1058/6403 1059/6404 1091/6405
f 1058/6406 1091/6407 1090/6408
f 1059/6409 1060/6410 1092/6411
f 1059/6412 1092/6413 1091/6414
f 1060/6415 1061/6416 1093/6417
f 1060/6418 1093/6419 1092/6420
f 1061/6421 1062/6422 1094/6423
f 1061/6424 1094/6425 1093/6426
f 1062/6427 1063/6428 1095/6429
f 1062/6430 1095/6431 1094/6432
f 1063/6433 1064/6434 1096/6435
f 1063/6436 1096/6437 1095/6438
f 1064/6439 1065/6440 1097/6441
f 1064/6442 1097/6443 1096/6444
f 1065/6445 1066/6446 1098/6447
f 1065/6448 1098/6449 1097/6450
f 1066/6451 1067/6452 1099/6453
f 1066/6454 1099/6455 1098/6456
f 1067/6457 1068/6458 1100/6459
f 1067/6460 1100/6461 1099/6462
f 1068/6463 1069/6464 1101/6465
f 1068/6466 1101/6467 1100/6468
f 1069/6469 1070/6470 1102/6471
f 1069/6472 1102/6473 1101/6474
f 1070/6475 1071/6476 1103/6477
f 1070/6478 1103/6479 1102/6480
f 1071/6481 1072/6482 1104/6483
f 1071/6484 1104/6485 1103/6486
f 1072/6487 1073/6488 1105/6489
f 1072/6490 1105/6491 1104/6492
f 1073/6493 1074/6494 1106/6495
f 1073/6496 1106/6497 1105/6498
f 1074/6499 1075/6500 1107/6501
f 1074/6502 1107/6503 1106/6504
f 1075/6505 1076/6506 1108/6507
f 1075/6508 1108/6509 1107/6510
f 1076/6511 1077/6512 1109/6513
f 1076/6514 1109/6515 1108/6516
f 1077/6517 1078/6518 1110/6519
f 1077/6520 1110/6521 1109/6522
f 1078/6523 1079/6524 1111/6525
f 1078/6526 1111/6527 1110/6528
f 1079/6529 1080/6530 1112/6531
f 1079/6532 1112/6533 1111/6534
f 1080/6535 1081/6536 1113/6537
f 1080/6538 1113/6539 1112/6540
f 1081/6541 1082/6542 1114/6543
f 1081/6544 1114/6545 1113/6546
f 1082/6547 1051/6548 1083/6549
f 1082/6550 1083/6551 1114/6552
f 1083/6553 1084/6554 1116/6555
f 1083/6556 1116/6557 1115/6558
f 1084/6559 1085/6560 1117/6561
f 1084/6562 1117/6563 1116/6564
f 1085/6565 1086/6566 1118/6567
f 1085/6568 1118/6569 1117/6570
f 1086/6571 1087/6572 1119/6573
f 1086/6574 1119/6575 1118/6576
f 1087/6577 1088/6578 1120/6579
f 1087/6580 1120/6581 1119/6582
f 1088/6583 1089/6584 1121/6585
f 1088/6586 1121/6587 1120/6588
f 1089/6589 1090/6590 1122/6591
f 1089/6592 1122/6593 1121/6594
f 1090/6595 1091/6596 1123/6597
f 1090/6598 1123/6599 1122/6600
f 1091/6601 1092/6602 1124/6603
f 1091/6604 1124/6605 1123/6606
f 1092/6607 1093/6608 1125/6609
f 1092/6610 1125/6611 1124/6612
f 1093/6613 1094/6614 1126/6615
f 1093/6616 1126/6617 1125/6618
f 1094/6619 1095/6620 1127/6621
f 1094/6622 1127/6623 1126/6624
f 1095/6625 1096/6626 1128/6627
f 1095/6628 1128/6629 1127/6630
f 1096/6631 1097/6632 1129/6633
f 1096/6634 1129/6635 1128/6636
f 1097/6637 1098/6638 1130/6639
f 1097/6640 1130/6641 1129/6642
f 1098/6643 1099/6644 1131/6645
f 1098/6646 1131/6647 1130/6648
f 1099/6649 1100/6650 1132/6651
f 1099/6652 1132/6653 1131/6654
f 1100/6655 1101/6656 1133/6657
f 1100/6658 1133/6659 1132/6660
f 1101/6661 1102/6662 1134/6663
f 1101/6664 1134/6665 1133/6666
f 1102/6667 1103/6668 1135/6669
f 1102/6670 1135/6671 1134/6672
f 1103/6673 1104/6674 1136/6675
f 1103/6676 1136/6677 1135/6678
f 1104/6679 1105/6680 1137/6681
f 1104/6682 1137/6683 1136/6684
f 1105/6685 1106/6686 1138/6687
f 1105/6688 1138/6689 1137/6690
f 1106/6691 1107/6692 1139/6693
f 1106/6694 1139/6695 1138/6696
f 1107/6697 1108/6698 1140/6699
f 1107/6700 1140/6701 1139/6702
f 1108/6703 1109/6704 1141/6705
f 1108/6706 1141/6707 1140/6708
f 1109/6709 1110/6710 1142/6711
f 1109/6712 1142/6713 1141/6714
f 1110/6715 1111/6716 1143/6717
f 1110/6718 1143/6719 1142/6720
f 1111/6721 1112/6722 1144/6723
f 1111/6724 1144/6725 1143/6726
f 1112/6727 1113/6728 1145/6729
f 1112/6730 1145/6731 1144/6732
f 1113/6733 1114/6734 1146/6735
f 1113/6736 1146/6737 1145/6738
f 1114/6739 1083/6740 1115/6741
f 1114/6742 1115/6743 1146/6744
f 1115/6745 1116/6746 1148/6747
f 1115/6748 1148/6749 1147/6750
f 1116/6751 1117/6752 1149/6753
f 1116/6754 1149/6755 1148/6756
f 1117/6757 1118/6758 1150/6759
f 1117/6760 1150/6761 1149/6762
f 1118/6763 1119/6764 1151/6765
f 1118/6766 1151/6767 1150/6768
f 1119/6769 1120/6770 1152/6771
f 1119/6772 1152/6773 1151/6774
f 1120/6775 1121/6776 1153/6777
f 1120/6778 1153/6779 1152/6780
f 1121/6781 1122/6782 1154/6783
f 1121/6784 1154/6785 1153/6786
f 1122/6787 1123/6788 1155/6789
f 1122/6790 1155/6791 1154/6792
f 1123/6793 1124/6794 1156/6795
f 1123/6796 1156/6797 1155/6798
f 1124/6799 1125/6800 1157/6801
f 1124/6802 1157/6803 1156/6804
f 1125/6805 1126/6806 1158/6807
f 1125/6808 1158/6809 1157/6810
f 1126/6811 1127/6812 1159/6813
f 1126/6814 1159/6815 1158/6816
f 1127/6817 1128/6818 1160/6819
f 1127/6820 1160/6821 1159/6822
f 1128/6823 1129/6824 1161/6825
f 1128/6826 1161/6827 1160/6828
f 1129/6829 1130/6830 1162/6831
f 1129/6832 1162/6833 1161/6834
f 1130/6835 1131/6836 1163/6837
f 1130/6838 1163/6839 1162/6840
f 1131/6841 1132/6842 1164/6843
f 1131/6844 1164/6845 1163/6846
f 1132/6847 1133/6848 1165/6849
f 1132/6850 1165/6851 1164/6852
f 1133/6853 1134/6854 1166/6855
f 1133/6856 1166/6857 1165/6858
f 1134/6859 1135/6860 1167/6861
f 1134/6862 1167/6863 1166/6864
f 1135/6865 1136/6866 1168/6867
f 1135/6868 1168/6869 1167/6870
f 1136/6871 1137/6872 1169/6873
f 1136/6874 1169/6875 1168/6876
f 1137/6877 1138/6878 1170/6879
f 1137/6880 1170/6881 1169/6882
f 1138/6883 1139/6884 1171/6885
f 1138/6886 1171/6887 1170/6888
f 1139/6889 1140/6890 1172/6891
f 1139/6892 1172/6893 1171/6894
f 1140/6895 1141/6896 1173/6897
f 1140/6898 1173/6899 1172/6900
f 1141/6901 1142/6902 1174/6903
f 1141/6904 1174/6905 1173/6906
f 1142/6907 1143/6908 1175/6909
f 1142/6910 1175/6911 1174/6912
f 1143/6913 1144/6914 1176/6915
f 1143/6916 1176/6917 1175/6918
f 1144/6919 1145/6920 1177/6921
f 1144/6922 1177/6923 1176/6924
f 1145/6925 1146/6926 1178/6927
f 1145/6928 1178/6929 1177/6930
f 1146/6931 1115/6932 1147/6933
f 1146/6934 1147/6935 1178/6936
f 1147/6937 1148/6938 1180/6939
f 1147/6940 1180/6941 1179/6942
f 1148/6943 1149/6944 1181/6945
f 1148/6946 1181/6947 1180/6948
f 1149/6949 1150/6950 1182/6951
f 1149/6952 1182/6953 1181/6954
f 1150/6955 1151/6956 1183/6957
f 1150/6958 1183/6959 1182/6960
f 1151/6961 1152/6962 1184/6963
f 1151/6964 1184/6965 1183/6966
f 1152/6967 1153/6968 1185/6969
f 1152/6970 1185/6971 1184/6972
f 1153/6973 1154/6974 1186/6975
f 1153/6976 1186/6977 1185/6978
f 1154/6979 1155/6980 1187/6981
f 1154/6982 1187/6983 1186/6984
f 1155/6985 1156/6986 1188/6987
f 1155/6988 1188/6989 1187/6990
f 1156/6991 1157/6992 1189/6993
f 1156/6994 1189/6995 1188/6996
f 1157/6997 1158/6998 1190/6999
f 1157/7000 1190/7001 1189/7002
f 1158/7003 1159/7004 1191/7005
f 1158/7006 1191/7007 1190/7008
f 1159/7009 1160/7010 1192/7011
f 1159/7012 1192/7013 1191/7014
f 1160/7015 1161/7016 1193/7017
f 1160/7018 1193/7019 1192/7020
f 1161/7021 1162/7022 1194/7023
f 1161/7024 1194/7025 1193/7026
f 1162/7027 1163/7028 1195/7029
f 1162/7030 1195/7031 1194/7032
f 1163/7033 1164/7034 1196/7035
f 1163/7036 1196/7037 1195/7038
f 1164/7039 1165/7040 1197/7041
f 1164/7042 1197/7043 1196/7044
f 1165/7045 1166/7046 1198/7047
f 1165/7048 1198/7049 1197/7050
f 1166/7051 1167/7052 1199/7053
f 1166/7054 1199/7055 1198/7056
f 1167/7057 1168/7058 1200/7059
f 1167/7060 1200/7061 1199/7062
f 1168/7063 1169/7064 1201/7065
f 1168/7066 1201/7067 1200/7068
f 1169/7069 1170/7070 1202/7071
f 1169/7072 1202/7073 1201/7074
f 1170/7075 1171/7076 1203/7077
f 1170/7078 1203/7079 1202/7080
f 1171/7081 1172/7082 1204/7083
f 1171/7084 1204/7085 1203/7086
f 1172/7087 1173/7088 1205/7089
f 1172/7090 1205/7091 1204/7092
f 1173/7093 1174/7094 1206/7095
f 1173/7096 1206/7097 1205/7098
f 1174/7099 1175/7100 1207/7101
f 1174/7102 1207/7103 1206/7104
f 1175/7105 1176/7106 1208/7107
f 1175/7108 1208/7109 1207/7110
f 1176/7111 1177/7112 1209/7113
f 1176/7114 1209/7115 1208/7116
f 1177/7117 1178/7118 1210/7119
f 1177/7120 1210/7121 1209/7122
f 1178/7123 1147/7124 1179/7125
f 1178/7126 1179/7127 1210/7128
f 1179/7129 1180/7130 1212/7131
f 1179/7132 1212/7133 1211/7134
f 1180/7135 1181/7136 1213/7137
f 1180/7138 1213/7139 1212/7140
f 1181/7141 1182/7142 1214/7143
f 1181/7144 1214/7145 1213/7146
f 1182/7147 1183/7148 1215/7149
f 1182/7150 1215/7151 1214/7152
f 1183/7153 1184/7154 1216/7155
f 1183/7156 1216/7157 1215/7158
f 1184/7159 1185/7160 1217/7161
f 1184/7162 1217/7163 1216/7164
f 1185/7165 1186/7166 1218/7167
f 1185/7168 1218/7169 1217/7170
f 1186/7171 1187/7172 1219/7173
f 1186/7174 1219/7175 1218/7176
f 1187/7177 1188/7178 1220/7179
f 1187/7180 1220/7181 1219/7182
f 1188/7183 1189/7184 1221/7185
f 1188/7186 1221/7187 1220/7188
f 1189/7189 1190/7190 1222/7191
f 1189/7192 1222/7193 1221/7194
f 1190/7195 1191/7196 1223/7197
f 1190/7198 1223/7199 1222/7200
f 1191/7201 1192/7202 1224/7203
f 1191/7204 1224/7205 1223/7206
f 1192/7207 1193/7208 1225/7209
f 1192/7210 1225/7211 1224/7212
f 1193/7213 1194/7214 1226/7215
f 1193/7216 1226/7217 1225/7218
f 1194/7219 1195/7220 1227/7221
f 1194/7222 1227/7223 1226/7224
f 1195/7225 1196/7226 1228/7227
f 1195/7228 1228/7229 1227/7230
f 1196/7231 1197/7232 1229/7233
f 1196/7234 1229/7235 1228/7236
f 1197/7237 1198/7238 1230/7239
f 1197/7240 1230/7241 1229/7242
f 1198/7243 1199/7244 1231/7245
f 1198/7246 1231/7247 1230/7248
f 1199/7249 1200/7250 1232/7251
f 1199/7252 1232/7253 1231/7254
f 1200/7255 1201/7256 1233/7257
f 1200/7258 1233/7259 1232/7260
f 1201/7261 1202/7262 1234/7263
f 1201/7264 1234/7265 1233/7266
f 1202/7267 1203/7268 1235/7269
f 1202/7270 1235/7271 1234/7272
f 1203/7273 1204/7274 1236/7275
f 1203/7276 1236/7277 1235/7278
f 1204/7279 1205/7280 1237/7281
f 1204/7282 1237/7283 1236/7284
f 1205/7285 1206/7286 1238/7287
f 1205/7288 1238/7289 1237/7290
f 1206/7291 1207/7292 1239/7293
f 1206/7294 1239/7295 1238/7296
f 1207/7297 1208/7298 1240/7299
f 1207/7300 1240/7301 1239/7302
f 1208/7303 1209/7304 1241/7305
f 1208/7306 1241/7307 1240/7308
f 1209/7309 1210/7310 1242/7311
f 1209/7312 1242/7313 1241/7314
f 1210/7315 1179/7316 1211/7317
f 1210/7318 1211/7319 1242/7320
f 1211/7321 1212/7322 1244/7323
f 1211/7324 1244/7325 1243/7326
f 1212/7327 1213/7328 1245/7329
f 1212/7330 1245/7331 1244/7332
f 1213/7333 1214/7334 1246/7335
f 1213/7336 1246/7337 1245/7338
f 1214/7339 1215/7340 1247/7341
f 1214/7342 1247/7343 1246/7344
f 1215/7345 1216/7346 1248/7347
f 1215/7348 1248/7349 1247/7350
f 1216/7351 1217/7352 1249/7353
f 1216/7354 1249/7355 1248/7356
f 1217/7357 1218/7358 1250/7359
f 1217/7360 1250/7361 1249/7362
f 1218/7363 1219/7364 1251/7365
f 1218/7366 1251/7367 1250/7368
f 1219/7369 1220/7370 1252/7371
f 1219/7372 1252/7373 1251/7374
f 1220/7375 1221/7376 1253/7377
f 1220/7378 1253/7379 1252/7380
f 1221/7381 1222/7382 1254/7383
f 1221/7384 1254/7385 1253/7386
f 1222/7387 1223/7388 1255/7389
f 1222/7390 1255/7391 1254/7392
f 1223/7393 1224/7394 1256/7395
f 1223/7396 1256/7397 1255/7398
f 1224/7399 1225/7400 1257/7401
f 1224/7402 1257/7403 1256/7404
f 1225/7405 1226/7406 1258/7407
f 1225/7408 1258/7409 1257/7410
f 1226/7411 1227/7412 1259/7413
f 1226/7414 1259/7415 1258/7416
f 1227/7417 1228/7418 1260/7419
f 1227/7420 1260/7421 1259/7422
f 1228/7423 1229/7424 1261/7425
f 1228/7426 1261/7427 1260/7428
f 1229/7429 1230/7430 1262/7431
f 1229/7432 1262/7433 1261/7434
f 1230/7435 1231/7436 1263/7437
f 1230/7438 1263/7439 1262/7440
f 1231/7441 1232/7442 1264/7443
f 1231/7444 1264/7445 1263/7446
f 1232/7447 1233/7448 1265/7449
f 1232/7450 1265/7451 1264/7452
f 1233/7453 1234/7454 1266/7455
f 1233/7456 1266/7457 1265/7458
f 1234/7459 1235/7460 1267/7461
f 1234/7462 1267/7463 1266/7464
f 1235/7465 1236/7466 1268/7467
f 1235/7468 1268/7469 1267/7470
f 1236/7471 1237/7472 1269/7473
f 1236/7474 1269/7475 1268/7476
f 1237/7477 1238/7478 1270/7479
f 1237/7480 1270/7481 1269/7482
f 1238/7483 1239/7484 1271/7485
f 1238/7486 1271/7487 1270/7488
f 1239/7489 1240/7490 1272/7491
f 1239/7492 1272/7493 1271/7494
f 1240/7495 1241/7496 1273/7497
f 1240/7498 1273/7499 1272/7500
f 1241/7501 1242/7502 1274/7503
f 1241/7504 1274/7505 1273/7506
f 1242/7507 1211/7508 1243/7509
f 1242/7510 1243/7511 1274/7512
